{
  "type": "FeatureCollection",
  "metadata": {
    "retailer": "Independent / Other optical",
    "source": "OpenStreetMap contributors",
    "source_url": "https://www.openstreetmap.org/copyright",
    "license": "ODbL 1.0",
    "fetched_at": "2026-09-01T07:48:20.085579Z",
    "store_count": 383,
    "coverage": "Community-mapped and non-exhaustive"
  },
  "features": [
    {
      "type": "Feature",
      "geometry": {
        "type": "Point",
        "coordinates": [
          149.131408,
          -35.279148
        ]
      },
      "properties": {
        "id": "osm-au-node-2161974913",
        "name": "Arcidiacono",
        "status": "Mapped",
        "country": "Australia",
        "state": "ACT",
        "city": "",
        "postal_code": "",
        "full_address": "Australia",
        "phone": "",
        "official_url": "https://www.openstreetmap.org/node/2161974913",
        "services": "Optical / optician listing",
        "audiology": "false",
        "source_url": "https://www.openstreetmap.org/node/2161974913",
        "source_confidence": "Community-mapped"
      }
    },
    {
      "type": "Feature",
      "geometry": {
        "type": "Point",
        "coordinates": [
          149.0669499,
          -35.2380552
        ]
      },
      "properties": {
        "id": "osm-au-node-11974077342",
        "name": "Bupa Optical",
        "status": "Mapped",
        "country": "Australia",
        "state": "ACT",
        "city": "",
        "postal_code": "",
        "full_address": "Benjamin Way, Australia",
        "phone": "",
        "official_url": "https://www.openstreetmap.org/node/11974077342",
        "services": "Optical / optician listing",
        "audiology": "false",
        "source_url": "https://www.openstreetmap.org/node/11974077342",
        "source_confidence": "Community-mapped"
      }
    },
    {
      "type": "Feature",
      "geometry": {
        "type": "Point",
        "coordinates": [
          149.1331551,
          -35.2725291
        ]
      },
      "properties": {
        "id": "osm-au-node-8515803402",
        "name": "Eye Candy",
        "status": "Mapped",
        "country": "Australia",
        "state": "ACT",
        "city": "",
        "postal_code": "",
        "full_address": "Australia",
        "phone": "",
        "official_url": "https://www.openstreetmap.org/node/8515803402",
        "services": "Optical / optician listing",
        "audiology": "false",
        "source_url": "https://www.openstreetmap.org/node/8515803402",
        "source_confidence": "Community-mapped"
      }
    },
    {
      "type": "Feature",
      "geometry": {
        "type": "Point",
        "coordinates": [
          149.131668,
          -35.2794781
        ]
      },
      "properties": {
        "id": "osm-au-node-2161972681",
        "name": "MacKinley Optical",
        "status": "Mapped",
        "country": "Australia",
        "state": "ACT",
        "city": "",
        "postal_code": "",
        "full_address": "Australia",
        "phone": "",
        "official_url": "https://www.openstreetmap.org/node/2161972681",
        "services": "Optical / optician listing",
        "audiology": "false",
        "source_url": "https://www.openstreetmap.org/node/2161972681",
        "source_confidence": "Community-mapped"
      }
    },
    {
      "type": "Feature",
      "geometry": {
        "type": "Point",
        "coordinates": [
          149.0521684,
          -35.3397802
        ]
      },
      "properties": {
        "id": "osm-au-node-1896332017",
        "name": "Optorica",
        "status": "Mapped",
        "country": "Australia",
        "state": "ACT",
        "city": "",
        "postal_code": "",
        "full_address": "Australia",
        "phone": "",
        "official_url": "https://www.openstreetmap.org/node/1896332017",
        "services": "Optical / optician listing",
        "audiology": "false",
        "source_url": "https://www.openstreetmap.org/node/1896332017",
        "source_confidence": "Community-mapped"
      }
    },
    {
      "type": "Feature",
      "geometry": {
        "type": "Point",
        "coordinates": [
          151.2063955,
          -33.8766872
        ]
      },
      "properties": {
        "id": "osm-au-node-3981216558",
        "name": "1001 Optical",
        "status": "Mapped",
        "country": "Australia",
        "state": "NSW",
        "city": "",
        "postal_code": "",
        "full_address": "Australia",
        "phone": "",
        "official_url": "https://www.openstreetmap.org/node/3981216558",
        "services": "Optical / optician listing",
        "audiology": "false",
        "source_url": "https://www.openstreetmap.org/node/3981216558",
        "source_confidence": "Community-mapped"
      }
    },
    {
      "type": "Feature",
      "geometry": {
        "type": "Point",
        "coordinates": [
          141.4659196,
          -31.9578837
        ]
      },
      "properties": {
        "id": "osm-au-node-12769119364",
        "name": "Blue Frog Optics",
        "status": "Mapped",
        "country": "Australia",
        "state": "NSW",
        "city": "",
        "postal_code": "",
        "full_address": "Australia",
        "phone": "",
        "official_url": "https://www.openstreetmap.org/node/12769119364",
        "services": "Optical / optician listing",
        "audiology": "false",
        "source_url": "https://www.openstreetmap.org/node/12769119364",
        "source_confidence": "Community-mapped"
      }
    },
    {
      "type": "Feature",
      "geometry": {
        "type": "Point",
        "coordinates": [
          151.6658708,
          -30.513573
        ]
      },
      "properties": {
        "id": "osm-au-way-566960696",
        "name": "Brennan & Smith Optometrists",
        "status": "Mapped",
        "country": "Australia",
        "state": "NSW",
        "city": "",
        "postal_code": "",
        "full_address": "180 Beardy Street, Australia",
        "phone": "",
        "official_url": "https://www.openstreetmap.org/way/566960696",
        "services": "Optical / optician listing",
        "audiology": "false",
        "source_url": "https://www.openstreetmap.org/way/566960696",
        "source_confidence": "Community-mapped"
      }
    },
    {
      "type": "Feature",
      "geometry": {
        "type": "Point",
        "coordinates": [
          151.2661442,
          -33.768156
        ]
      },
      "properties": {
        "id": "osm-au-node-12803835793",
        "name": "Bupa Optical",
        "status": "Mapped",
        "country": "Australia",
        "state": "NSW",
        "city": "",
        "postal_code": "",
        "full_address": "Australia",
        "phone": "",
        "official_url": "https://www.openstreetmap.org/node/12803835793",
        "services": "Optical / optician listing",
        "audiology": "false",
        "source_url": "https://www.openstreetmap.org/node/12803835793",
        "source_confidence": "Community-mapped"
      }
    },
    {
      "type": "Feature",
      "geometry": {
        "type": "Point",
        "coordinates": [
          151.7111788,
          -32.9429091
        ]
      },
      "properties": {
        "id": "osm-au-way-496416221",
        "name": "Bupa Optical",
        "status": "Mapped",
        "country": "Australia",
        "state": "NSW",
        "city": "",
        "postal_code": "",
        "full_address": "Australia",
        "phone": "",
        "official_url": "https://www.openstreetmap.org/way/496416221",
        "services": "Optical / optician listing",
        "audiology": "false",
        "source_url": "https://www.openstreetmap.org/way/496416221",
        "source_confidence": "Community-mapped"
      }
    },
    {
      "type": "Feature",
      "geometry": {
        "type": "Point",
        "coordinates": [
          151.1851698,
          -33.7955379
        ]
      },
      "properties": {
        "id": "osm-au-node-4491736791",
        "name": "Bupa Optical & Hearing",
        "status": "Mapped",
        "country": "Australia",
        "state": "NSW",
        "city": "",
        "postal_code": "",
        "full_address": "Australia",
        "phone": "",
        "official_url": "https://www.openstreetmap.org/node/4491736791",
        "services": "Optical / optician listing",
        "audiology": "false",
        "source_url": "https://www.openstreetmap.org/node/4491736791",
        "source_confidence": "Community-mapped"
      }
    },
    {
      "type": "Feature",
      "geometry": {
        "type": "Point",
        "coordinates": [
          150.9989612,
          -33.883048
        ]
      },
      "properties": {
        "id": "osm-au-node-4547826400",
        "name": "Chestr Hill Optical",
        "status": "Mapped",
        "country": "Australia",
        "state": "NSW",
        "city": "",
        "postal_code": "",
        "full_address": "Australia",
        "phone": "",
        "official_url": "https://www.openstreetmap.org/node/4547826400",
        "services": "Optical / optician listing",
        "audiology": "false",
        "source_url": "https://www.openstreetmap.org/node/4547826400",
        "source_confidence": "Community-mapped"
      }
    },
    {
      "type": "Feature",
      "geometry": {
        "type": "Point",
        "coordinates": [
          150.9241635,
          -33.9210628
        ]
      },
      "properties": {
        "id": "osm-au-node-4546298895",
        "name": "City Specs",
        "status": "Mapped",
        "country": "Australia",
        "state": "NSW",
        "city": "",
        "postal_code": "",
        "full_address": "Australia",
        "phone": "",
        "official_url": "https://www.openstreetmap.org/node/4546298895",
        "services": "Optical / optician listing",
        "audiology": "false",
        "source_url": "https://www.openstreetmap.org/node/4546298895",
        "source_confidence": "Community-mapped"
      }
    },
    {
      "type": "Feature",
      "geometry": {
        "type": "Point",
        "coordinates": [
          151.180773,
          -33.8962627
        ]
      },
      "properties": {
        "id": "osm-au-way-423230858",
        "name": "Dresden Vision",
        "status": "Mapped",
        "country": "Australia",
        "state": "NSW",
        "city": "",
        "postal_code": "",
        "full_address": "278 King Street, Australia",
        "phone": "+61 2 5300 3003",
        "official_url": "https://dresden.vision/au/stores/newtown",
        "services": "Optical / optician listing",
        "audiology": "false",
        "source_url": "https://www.openstreetmap.org/way/423230858",
        "source_confidence": "Community-mapped"
      }
    },
    {
      "type": "Feature",
      "geometry": {
        "type": "Point",
        "coordinates": [
          153.0453362,
          -28.8642438
        ]
      },
      "properties": {
        "id": "osm-au-node-11106950103",
        "name": "Eye Care Casino",
        "status": "Mapped",
        "country": "Australia",
        "state": "NSW",
        "city": "",
        "postal_code": "",
        "full_address": "76 Barker Street, Australia",
        "phone": "",
        "official_url": "https://www.openstreetmap.org/node/11106950103",
        "services": "Optical / optician listing",
        "audiology": "false",
        "source_url": "https://www.openstreetmap.org/node/11106950103",
        "source_confidence": "Community-mapped"
      }
    },
    {
      "type": "Feature",
      "geometry": {
        "type": "Point",
        "coordinates": [
          151.1853505,
          -33.7952636
        ]
      },
      "properties": {
        "id": "osm-au-node-8512027148",
        "name": "Eye Catchers",
        "status": "Mapped",
        "country": "Australia",
        "state": "NSW",
        "city": "",
        "postal_code": "",
        "full_address": "Australia",
        "phone": "",
        "official_url": "https://www.openstreetmap.org/node/8512027148",
        "services": "Optical / optician listing",
        "audiology": "false",
        "source_url": "https://www.openstreetmap.org/node/8512027148",
        "source_confidence": "Community-mapped"
      }
    },
    {
      "type": "Feature",
      "geometry": {
        "type": "Point",
        "coordinates": [
          151.151824,
          -34.0546197
        ]
      },
      "properties": {
        "id": "osm-au-node-2613244951",
        "name": "Eye care Optometrist",
        "status": "Mapped",
        "country": "Australia",
        "state": "NSW",
        "city": "",
        "postal_code": "",
        "full_address": "Australia",
        "phone": "",
        "official_url": "https://www.openstreetmap.org/node/2613244951",
        "services": "Optical / optician listing",
        "audiology": "false",
        "source_url": "https://www.openstreetmap.org/node/2613244951",
        "source_confidence": "Community-mapped"
      }
    },
    {
      "type": "Feature",
      "geometry": {
        "type": "Point",
        "coordinates": [
          148.0246682,
          -34.6383705
        ]
      },
      "properties": {
        "id": "osm-au-node-12706665276",
        "name": "EyeQ",
        "status": "Mapped",
        "country": "Australia",
        "state": "NSW",
        "city": "",
        "postal_code": "",
        "full_address": "Australia",
        "phone": "",
        "official_url": "https://www.openstreetmap.org/node/12706665276",
        "services": "Optical / optician listing",
        "audiology": "false",
        "source_url": "https://www.openstreetmap.org/node/12706665276",
        "source_confidence": "Community-mapped"
      }
    },
    {
      "type": "Feature",
      "geometry": {
        "type": "Point",
        "coordinates": [
          149.2331395,
          -35.3512981
        ]
      },
      "properties": {
        "id": "osm-au-node-4678091420",
        "name": "Eyecare on Q",
        "status": "Mapped",
        "country": "Australia",
        "state": "NSW",
        "city": "",
        "postal_code": "",
        "full_address": "Australia",
        "phone": "+61 2 6299 2020",
        "official_url": "https://www.openstreetmap.org/node/4678091420",
        "services": "Optical / optician listing",
        "audiology": "false",
        "source_url": "https://www.openstreetmap.org/node/4678091420",
        "source_confidence": "Community-mapped"
      }
    },
    {
      "type": "Feature",
      "geometry": {
        "type": "Point",
        "coordinates": [
          151.1530678,
          -33.9142715
        ]
      },
      "properties": {
        "id": "osm-au-node-11898341739",
        "name": "Eyedealeyes Optometrist",
        "status": "Mapped",
        "country": "Australia",
        "state": "NSW",
        "city": "",
        "postal_code": "",
        "full_address": "Australia",
        "phone": "",
        "official_url": "https://www.openstreetmap.org/node/11898341739",
        "services": "Optical / optician listing",
        "audiology": "false",
        "source_url": "https://www.openstreetmap.org/node/11898341739",
        "source_confidence": "Community-mapped"
      }
    },
    {
      "type": "Feature",
      "geometry": {
        "type": "Point",
        "coordinates": [
          151.2733351,
          -33.8861234
        ]
      },
      "properties": {
        "id": "osm-au-node-5893744923",
        "name": "Eyes in Design",
        "status": "Mapped",
        "country": "Australia",
        "state": "NSW",
        "city": "",
        "postal_code": "",
        "full_address": "Australia",
        "phone": "",
        "official_url": "https://www.openstreetmap.org/node/5893744923",
        "services": "Optical / optician listing",
        "audiology": "false",
        "source_url": "https://www.openstreetmap.org/node/5893744923",
        "source_confidence": "Community-mapped"
      }
    },
    {
      "type": "Feature",
      "geometry": {
        "type": "Point",
        "coordinates": [
          148.2993861,
          -34.3139009
        ]
      },
      "properties": {
        "id": "osm-au-node-4996717724",
        "name": "Flanders and Smith",
        "status": "Mapped",
        "country": "Australia",
        "state": "NSW",
        "city": "",
        "postal_code": "",
        "full_address": "Australia",
        "phone": "",
        "official_url": "https://www.openstreetmap.org/node/4996717724",
        "services": "Optical / optician listing",
        "audiology": "false",
        "source_url": "https://www.openstreetmap.org/node/4996717724",
        "source_confidence": "Community-mapped"
      }
    },
    {
      "type": "Feature",
      "geometry": {
        "type": "Point",
        "coordinates": [
          150.9212848,
          -33.9081277
        ]
      },
      "properties": {
        "id": "osm-au-node-10866980758",
        "name": "Florentine Eyewear",
        "status": "Mapped",
        "country": "Australia",
        "state": "NSW",
        "city": "",
        "postal_code": "",
        "full_address": "Australia",
        "phone": "",
        "official_url": "https://www.openstreetmap.org/node/10866980758",
        "services": "Optical / optician listing",
        "audiology": "false",
        "source_url": "https://www.openstreetmap.org/node/10866980758",
        "source_confidence": "Community-mapped"
      }
    },
    {
      "type": "Feature",
      "geometry": {
        "type": "Point",
        "coordinates": [
          151.2101153,
          -33.7388677
        ]
      },
      "properties": {
        "id": "osm-au-node-7176563988",
        "name": "Forestway Optometry",
        "status": "Mapped",
        "country": "Australia",
        "state": "NSW",
        "city": "",
        "postal_code": "",
        "full_address": "Australia",
        "phone": "",
        "official_url": "https://www.openstreetmap.org/node/7176563988",
        "services": "Optical / optician listing",
        "audiology": "false",
        "source_url": "https://www.openstreetmap.org/node/7176563988",
        "source_confidence": "Community-mapped"
      }
    },
    {
      "type": "Feature",
      "geometry": {
        "type": "Point",
        "coordinates": [
          151.2434838,
          -33.8772797
        ]
      },
      "properties": {
        "id": "osm-au-node-11751506894",
        "name": "George & Matilda Eyecare for Optique",
        "status": "Mapped",
        "country": "Australia",
        "state": "NSW",
        "city": "",
        "postal_code": "",
        "full_address": "Australia",
        "phone": "",
        "official_url": "https://www.openstreetmap.org/node/11751506894",
        "services": "Optical / optician listing",
        "audiology": "false",
        "source_url": "https://www.openstreetmap.org/node/11751506894",
        "source_confidence": "Community-mapped"
      }
    },
    {
      "type": "Feature",
      "geometry": {
        "type": "Point",
        "coordinates": [
          151.2255679,
          -33.8713691
        ]
      },
      "properties": {
        "id": "osm-au-node-2755159686",
        "name": "George & Matilda Eyecare for Optique",
        "status": "Mapped",
        "country": "Australia",
        "state": "NSW",
        "city": "",
        "postal_code": "",
        "full_address": "Australia",
        "phone": "",
        "official_url": "https://georgeandmatilda.com.au/stores/george-and-matilda-eyecare-for-optique-potts-point/",
        "services": "Optical / optician listing",
        "audiology": "false",
        "source_url": "https://www.openstreetmap.org/node/2755159686",
        "source_confidence": "Community-mapped"
      }
    },
    {
      "type": "Feature",
      "geometry": {
        "type": "Point",
        "coordinates": [
          151.1942819,
          -33.8232525
        ]
      },
      "properties": {
        "id": "osm-au-node-9894830475",
        "name": "George and Matilda Eyecare",
        "status": "Mapped",
        "country": "Australia",
        "state": "NSW",
        "city": "",
        "postal_code": "",
        "full_address": "Australia",
        "phone": "",
        "official_url": "https://www.openstreetmap.org/node/9894830475",
        "services": "Optical / optician listing",
        "audiology": "false",
        "source_url": "https://www.openstreetmap.org/node/9894830475",
        "source_confidence": "Community-mapped"
      }
    },
    {
      "type": "Feature",
      "geometry": {
        "type": "Point",
        "coordinates": [
          150.6929493,
          -33.7570576
        ]
      },
      "properties": {
        "id": "osm-au-node-9318665504",
        "name": "Glamoureyes",
        "status": "Mapped",
        "country": "Australia",
        "state": "NSW",
        "city": "",
        "postal_code": "",
        "full_address": "Australia",
        "phone": "",
        "official_url": "https://www.openstreetmap.org/node/9318665504",
        "services": "Optical / optician listing",
        "audiology": "false",
        "source_url": "https://www.openstreetmap.org/node/9318665504",
        "source_confidence": "Community-mapped"
      }
    },
    {
      "type": "Feature",
      "geometry": {
        "type": "Point",
        "coordinates": [
          151.0008465,
          -33.8165647
        ]
      },
      "properties": {
        "id": "osm-au-node-8460982632",
        "name": "HCF Eyecare Centres",
        "status": "Mapped",
        "country": "Australia",
        "state": "NSW",
        "city": "",
        "postal_code": "",
        "full_address": "Australia",
        "phone": "",
        "official_url": "https://www.openstreetmap.org/node/8460982632",
        "services": "Optical / optician listing",
        "audiology": "false",
        "source_url": "https://www.openstreetmap.org/node/8460982632",
        "source_confidence": "Community-mapped"
      }
    },
    {
      "type": "Feature",
      "geometry": {
        "type": "Point",
        "coordinates": [
          151.1015408,
          -33.704036
        ]
      },
      "properties": {
        "id": "osm-au-node-4353406489",
        "name": "Hornsby Optical",
        "status": "Mapped",
        "country": "Australia",
        "state": "NSW",
        "city": "",
        "postal_code": "",
        "full_address": "Australia",
        "phone": "",
        "official_url": "https://www.openstreetmap.org/node/4353406489",
        "services": "Optical / optician listing",
        "audiology": "false",
        "source_url": "https://www.openstreetmap.org/node/4353406489",
        "source_confidence": "Community-mapped"
      }
    },
    {
      "type": "Feature",
      "geometry": {
        "type": "Point",
        "coordinates": [
          151.5910751,
          -32.7606645
        ]
      },
      "properties": {
        "id": "osm-au-node-13889357142",
        "name": "Hunter Eye Surgeons",
        "status": "Mapped",
        "country": "Australia",
        "state": "NSW",
        "city": "",
        "postal_code": "",
        "full_address": "Australia",
        "phone": "",
        "official_url": "https://www.openstreetmap.org/node/13889357142",
        "services": "Optical / optician listing",
        "audiology": "false",
        "source_url": "https://www.openstreetmap.org/node/13889357142",
        "source_confidence": "Community-mapped"
      }
    },
    {
      "type": "Feature",
      "geometry": {
        "type": "Point",
        "coordinates": [
          151.5900137,
          -32.7613793
        ]
      },
      "properties": {
        "id": "osm-au-node-13670708403",
        "name": "J & J Optical",
        "status": "Mapped",
        "country": "Australia",
        "state": "NSW",
        "city": "",
        "postal_code": "",
        "full_address": "Australia",
        "phone": "+61 2 4933 0055",
        "official_url": "https://www.openstreetmap.org/node/13670708403",
        "services": "Optical / optician listing",
        "audiology": "false",
        "source_url": "https://www.openstreetmap.org/node/13670708403",
        "source_confidence": "Community-mapped"
      }
    },
    {
      "type": "Feature",
      "geometry": {
        "type": "Point",
        "coordinates": [
          150.9718462,
          -33.7132082
        ]
      },
      "properties": {
        "id": "osm-au-node-4789534885",
        "name": "Kellyville Optical",
        "status": "Mapped",
        "country": "Australia",
        "state": "NSW",
        "city": "",
        "postal_code": "",
        "full_address": "Australia",
        "phone": "",
        "official_url": "https://www.openstreetmap.org/node/4789534885",
        "services": "Optical / optician listing",
        "audiology": "false",
        "source_url": "https://www.openstreetmap.org/node/4789534885",
        "source_confidence": "Community-mapped"
      }
    },
    {
      "type": "Feature",
      "geometry": {
        "type": "Point",
        "coordinates": [
          151.2693489,
          -33.8701345
        ]
      },
      "properties": {
        "id": "osm-au-node-4945481391",
        "name": "Kofsky Optometry",
        "status": "Mapped",
        "country": "Australia",
        "state": "NSW",
        "city": "",
        "postal_code": "",
        "full_address": "Australia",
        "phone": "+61 2 9371 0093",
        "official_url": "https://www.openstreetmap.org/node/4945481391",
        "services": "Optical / optician listing",
        "audiology": "false",
        "source_url": "https://www.openstreetmap.org/node/4945481391",
        "source_confidence": "Community-mapped"
      }
    },
    {
      "type": "Feature",
      "geometry": {
        "type": "Point",
        "coordinates": [
          153.0484871,
          -28.8633178
        ]
      },
      "properties": {
        "id": "osm-au-node-11115368664",
        "name": "Lamas + Brown Optometrists",
        "status": "Mapped",
        "country": "Australia",
        "state": "NSW",
        "city": "",
        "postal_code": "",
        "full_address": "Australia",
        "phone": "",
        "official_url": "https://www.openstreetmap.org/node/11115368664",
        "services": "Optical / optician listing",
        "audiology": "false",
        "source_url": "https://www.openstreetmap.org/node/11115368664",
        "source_confidence": "Community-mapped"
      }
    },
    {
      "type": "Feature",
      "geometry": {
        "type": "Point",
        "coordinates": [
          151.2075863,
          -33.8725169
        ]
      },
      "properties": {
        "id": "osm-au-node-3981230962",
        "name": "Lifestyle Optical",
        "status": "Mapped",
        "country": "Australia",
        "state": "NSW",
        "city": "",
        "postal_code": "",
        "full_address": "Australia",
        "phone": "",
        "official_url": "https://www.openstreetmap.org/node/3981230962",
        "services": "Optical / optician listing",
        "audiology": "false",
        "source_url": "https://www.openstreetmap.org/node/3981230962",
        "source_confidence": "Community-mapped"
      }
    },
    {
      "type": "Feature",
      "geometry": {
        "type": "Point",
        "coordinates": [
          151.0038399,
          -33.8134329
        ]
      },
      "properties": {
        "id": "osm-au-node-12818552017",
        "name": "MaxMara",
        "status": "Mapped",
        "country": "Australia",
        "state": "NSW",
        "city": "",
        "postal_code": "",
        "full_address": "Australia",
        "phone": "",
        "official_url": "https://www.openstreetmap.org/node/12818552017",
        "services": "Optical / optician listing",
        "audiology": "false",
        "source_url": "https://www.openstreetmap.org/node/12818552017",
        "source_confidence": "Community-mapped"
      }
    },
    {
      "type": "Feature",
      "geometry": {
        "type": "Point",
        "coordinates": [
          151.1716967,
          -33.9070638
        ]
      },
      "properties": {
        "id": "osm-au-way-605984555",
        "name": "Metro Specs",
        "status": "Mapped",
        "country": "Australia",
        "state": "NSW",
        "city": "",
        "postal_code": "",
        "full_address": "Australia",
        "phone": "",
        "official_url": "https://www.openstreetmap.org/way/605984555",
        "services": "Optical / optician listing",
        "audiology": "false",
        "source_url": "https://www.openstreetmap.org/way/605984555",
        "source_confidence": "Community-mapped"
      }
    },
    {
      "type": "Feature",
      "geometry": {
        "type": "Point",
        "coordinates": [
          151.2237196,
          -33.9094152
        ]
      },
      "properties": {
        "id": "osm-au-way-1025379188",
        "name": "Michael Michael Optometrist",
        "status": "Mapped",
        "country": "Australia",
        "state": "NSW",
        "city": "",
        "postal_code": "",
        "full_address": "166 Anzac Parade, Australia",
        "phone": "+61 2 9697 9044",
        "official_url": "https://michaelmichael.com.au/",
        "services": "Optical / optician listing",
        "audiology": "false",
        "source_url": "https://www.openstreetmap.org/way/1025379188",
        "source_confidence": "Community-mapped"
      }
    },
    {
      "type": "Feature",
      "geometry": {
        "type": "Point",
        "coordinates": [
          149.5882087,
          -32.591925
        ]
      },
      "properties": {
        "id": "osm-au-node-7730212701",
        "name": "Mudgee Eyecare",
        "status": "Mapped",
        "country": "Australia",
        "state": "NSW",
        "city": "",
        "postal_code": "",
        "full_address": "Australia",
        "phone": "",
        "official_url": "https://www.openstreetmap.org/node/7730212701",
        "services": "Optical / optician listing",
        "audiology": "false",
        "source_url": "https://www.openstreetmap.org/node/7730212701",
        "source_confidence": "Community-mapped"
      }
    },
    {
      "type": "Feature",
      "geometry": {
        "type": "Point",
        "coordinates": [
          151.2027077,
          -33.8787049
        ]
      },
      "properties": {
        "id": "osm-au-node-10689683737",
        "name": "Myspec",
        "status": "Mapped",
        "country": "Australia",
        "state": "NSW",
        "city": "",
        "postal_code": "",
        "full_address": "Australia",
        "phone": "",
        "official_url": "https://www.openstreetmap.org/node/10689683737",
        "services": "Optical / optician listing",
        "audiology": "false",
        "source_url": "https://www.openstreetmap.org/node/10689683737",
        "source_confidence": "Community-mapped"
      }
    },
    {
      "type": "Feature",
      "geometry": {
        "type": "Point",
        "coordinates": [
          150.1327024,
          -36.2197148
        ]
      },
      "properties": {
        "id": "osm-au-node-11425010142",
        "name": "Narooma Vision",
        "status": "Mapped",
        "country": "Australia",
        "state": "NSW",
        "city": "",
        "postal_code": "",
        "full_address": "Australia",
        "phone": "",
        "official_url": "https://www.openstreetmap.org/node/11425010142",
        "services": "Optical / optician listing",
        "audiology": "false",
        "source_url": "https://www.openstreetmap.org/node/11425010142",
        "source_confidence": "Community-mapped"
      }
    },
    {
      "type": "Feature",
      "geometry": {
        "type": "Point",
        "coordinates": [
          151.0817945,
          -33.7739991
        ]
      },
      "properties": {
        "id": "osm-au-node-3248721542",
        "name": "Neil Anderson Optometrist",
        "status": "Mapped",
        "country": "Australia",
        "state": "NSW",
        "city": "",
        "postal_code": "",
        "full_address": "1 Bridge Street, Australia",
        "phone": "",
        "official_url": "https://www.openstreetmap.org/node/3248721542",
        "services": "Optical / optician listing",
        "audiology": "false",
        "source_url": "https://www.openstreetmap.org/node/3248721542",
        "source_confidence": "Community-mapped"
      }
    },
    {
      "type": "Feature",
      "geometry": {
        "type": "Point",
        "coordinates": [
          151.2068043,
          -33.8697257
        ]
      },
      "properties": {
        "id": "osm-au-node-9892744780",
        "name": "Oakley",
        "status": "Mapped",
        "country": "Australia",
        "state": "NSW",
        "city": "",
        "postal_code": "",
        "full_address": "Australia",
        "phone": "",
        "official_url": "https://www.openstreetmap.org/node/9892744780",
        "services": "Optical / optician listing",
        "audiology": "false",
        "source_url": "https://www.openstreetmap.org/node/9892744780",
        "source_confidence": "Community-mapped"
      }
    },
    {
      "type": "Feature",
      "geometry": {
        "type": "Point",
        "coordinates": [
          151.1566629,
          -33.9108368
        ]
      },
      "properties": {
        "id": "osm-au-way-1104859305",
        "name": "Optica Eyewear & Eyecare",
        "status": "Mapped",
        "country": "Australia",
        "state": "NSW",
        "city": "",
        "postal_code": "",
        "full_address": "Australia",
        "phone": "",
        "official_url": "https://www.openstreetmap.org/way/1104859305",
        "services": "Optical / optician listing",
        "audiology": "false",
        "source_url": "https://www.openstreetmap.org/way/1104859305",
        "source_confidence": "Community-mapped"
      }
    },
    {
      "type": "Feature",
      "geometry": {
        "type": "Point",
        "coordinates": [
          151.1855917,
          -33.7953551
        ]
      },
      "properties": {
        "id": "osm-au-node-10578256822",
        "name": "Optical 88",
        "status": "Mapped",
        "country": "Australia",
        "state": "NSW",
        "city": "",
        "postal_code": "",
        "full_address": "Australia",
        "phone": "",
        "official_url": "https://www.openstreetmap.org/node/10578256822",
        "services": "Optical / optician listing",
        "audiology": "false",
        "source_url": "https://www.openstreetmap.org/node/10578256822",
        "source_confidence": "Community-mapped"
      }
    },
    {
      "type": "Feature",
      "geometry": {
        "type": "Point",
        "coordinates": [
          152.9081115,
          -31.4318977
        ]
      },
      "properties": {
        "id": "osm-au-node-8639150772",
        "name": "Optical Store",
        "status": "Mapped",
        "country": "Australia",
        "state": "NSW",
        "city": "",
        "postal_code": "",
        "full_address": "Australia",
        "phone": "",
        "official_url": "https://www.openstreetmap.org/node/8639150772",
        "services": "Optical / optician listing",
        "audiology": "false",
        "source_url": "https://www.openstreetmap.org/node/8639150772",
        "source_confidence": "Community-mapped"
      }
    },
    {
      "type": "Feature",
      "geometry": {
        "type": "Point",
        "coordinates": [
          150.9241029,
          -33.9213668
        ]
      },
      "properties": {
        "id": "osm-au-node-4546327090",
        "name": "Optometrists",
        "status": "Mapped",
        "country": "Australia",
        "state": "NSW",
        "city": "",
        "postal_code": "",
        "full_address": "Australia",
        "phone": "",
        "official_url": "https://www.openstreetmap.org/node/4546327090",
        "services": "Optical / optician listing",
        "audiology": "false",
        "source_url": "https://www.openstreetmap.org/node/4546327090",
        "source_confidence": "Community-mapped"
      }
    },
    {
      "type": "Feature",
      "geometry": {
        "type": "Point",
        "coordinates": [
          150.9198852,
          -31.092165
        ]
      },
      "properties": {
        "id": "osm-au-way-1301075399",
        "name": "Paul Harvey Optometrist",
        "status": "Mapped",
        "country": "Australia",
        "state": "NSW",
        "city": "",
        "postal_code": "",
        "full_address": "Australia",
        "phone": "",
        "official_url": "https://www.openstreetmap.org/way/1301075399",
        "services": "Optical / optician listing",
        "audiology": "false",
        "source_url": "https://www.openstreetmap.org/way/1301075399",
        "source_confidence": "Community-mapped"
      }
    },
    {
      "type": "Feature",
      "geometry": {
        "type": "Point",
        "coordinates": [
          150.6937738,
          -33.7523535
        ]
      },
      "properties": {
        "id": "osm-au-node-9354608723",
        "name": "Penrith Spectacles",
        "status": "Mapped",
        "country": "Australia",
        "state": "NSW",
        "city": "",
        "postal_code": "",
        "full_address": "Australia",
        "phone": "",
        "official_url": "https://www.openstreetmap.org/node/9354608723",
        "services": "Optical / optician listing",
        "audiology": "false",
        "source_url": "https://www.openstreetmap.org/node/9354608723",
        "source_confidence": "Community-mapped"
      }
    },
    {
      "type": "Feature",
      "geometry": {
        "type": "Point",
        "coordinates": [
          150.774663,
          -33.764115
        ]
      },
      "properties": {
        "id": "osm-au-node-9365266935",
        "name": "Precision Specs",
        "status": "Mapped",
        "country": "Australia",
        "state": "NSW",
        "city": "",
        "postal_code": "",
        "full_address": "Australia",
        "phone": "",
        "official_url": "https://www.openstreetmap.org/node/9365266935",
        "services": "Optical / optician listing",
        "audiology": "false",
        "source_url": "https://www.openstreetmap.org/node/9365266935",
        "source_confidence": "Community-mapped"
      }
    },
    {
      "type": "Feature",
      "geometry": {
        "type": "Point",
        "coordinates": [
          151.1835031,
          -33.7962505
        ]
      },
      "properties": {
        "id": "osm-au-node-5072911675",
        "name": "Proview",
        "status": "Mapped",
        "country": "Australia",
        "state": "NSW",
        "city": "",
        "postal_code": "",
        "full_address": "Australia",
        "phone": "",
        "official_url": "https://www.openstreetmap.org/node/5072911675",
        "services": "Optical / optician listing",
        "audiology": "false",
        "source_url": "https://www.openstreetmap.org/node/5072911675",
        "source_confidence": "Community-mapped"
      }
    },
    {
      "type": "Feature",
      "geometry": {
        "type": "Point",
        "coordinates": [
          151.7255916,
          -32.9348715
        ]
      },
      "properties": {
        "id": "osm-au-node-4505475885",
        "name": "Rodgers Optical Services",
        "status": "Mapped",
        "country": "Australia",
        "state": "NSW",
        "city": "",
        "postal_code": "",
        "full_address": "Australia",
        "phone": "",
        "official_url": "https://www.openstreetmap.org/node/4505475885",
        "services": "Optical / optician listing",
        "audiology": "false",
        "source_url": "https://www.openstreetmap.org/node/4505475885",
        "source_confidence": "Community-mapped"
      }
    },
    {
      "type": "Feature",
      "geometry": {
        "type": "Point",
        "coordinates": [
          151.2691806,
          -33.8698944
        ]
      },
      "properties": {
        "id": "osm-au-node-4945481560",
        "name": "Rose Bay Eyecare Centre",
        "status": "Mapped",
        "country": "Australia",
        "state": "NSW",
        "city": "",
        "postal_code": "",
        "full_address": "New South Head Road, Australia",
        "phone": "+61 2 9371 8002",
        "official_url": "https://www.eyecarecentre.net.au/",
        "services": "Optical / optician listing",
        "audiology": "false",
        "source_url": "https://www.openstreetmap.org/node/4945481560",
        "source_confidence": "Community-mapped"
      }
    },
    {
      "type": "Feature",
      "geometry": {
        "type": "Point",
        "coordinates": [
          151.152706,
          -34.052316
        ]
      },
      "properties": {
        "id": "osm-au-node-2613244961",
        "name": "Shire Optometrists",
        "status": "Mapped",
        "country": "Australia",
        "state": "NSW",
        "city": "",
        "postal_code": "",
        "full_address": "23 Cronulla Mall, Australia",
        "phone": "",
        "official_url": "https://www.openstreetmap.org/node/2613244961",
        "services": "Optical / optician listing",
        "audiology": "false",
        "source_url": "https://www.openstreetmap.org/node/2613244961",
        "source_confidence": "Community-mapped"
      }
    },
    {
      "type": "Feature",
      "geometry": {
        "type": "Point",
        "coordinates": [
          151.0070179,
          -33.812843
        ]
      },
      "properties": {
        "id": "osm-au-node-10624370751",
        "name": "Teachers Health Centre Parramatta",
        "status": "Mapped",
        "country": "Australia",
        "state": "NSW",
        "city": "",
        "postal_code": "",
        "full_address": "Australia",
        "phone": "",
        "official_url": "https://www.openstreetmap.org/node/10624370751",
        "services": "Optical / optician listing",
        "audiology": "false",
        "source_url": "https://www.openstreetmap.org/node/10624370751",
        "source_confidence": "Community-mapped"
      }
    },
    {
      "type": "Feature",
      "geometry": {
        "type": "Point",
        "coordinates": [
          150.9496906,
          -33.7880479
        ]
      },
      "properties": {
        "id": "osm-au-node-13911331068",
        "name": "ThankUOptics",
        "status": "Mapped",
        "country": "Australia",
        "state": "NSW",
        "city": "",
        "postal_code": "",
        "full_address": "Australia",
        "phone": "",
        "official_url": "https://www.openstreetmap.org/node/13911331068",
        "services": "Optical / optician listing",
        "audiology": "false",
        "source_url": "https://www.openstreetmap.org/node/13911331068",
        "source_confidence": "Community-mapped"
      }
    },
    {
      "type": "Feature",
      "geometry": {
        "type": "Point",
        "coordinates": [
          151.2424125,
          -33.8769922
        ]
      },
      "properties": {
        "id": "osm-au-node-11751506892",
        "name": "The Eye Scene",
        "status": "Mapped",
        "country": "Australia",
        "state": "NSW",
        "city": "",
        "postal_code": "",
        "full_address": "Australia",
        "phone": "",
        "official_url": "https://www.openstreetmap.org/node/11751506892",
        "services": "Optical / optician listing",
        "audiology": "false",
        "source_url": "https://www.openstreetmap.org/node/11751506892",
        "source_confidence": "Community-mapped"
      }
    },
    {
      "type": "Feature",
      "geometry": {
        "type": "Point",
        "coordinates": [
          151.1235161,
          -34.044437
        ]
      },
      "properties": {
        "id": "osm-au-node-8228920367",
        "name": "The Eye-Site",
        "status": "Mapped",
        "country": "Australia",
        "state": "NSW",
        "city": "",
        "postal_code": "",
        "full_address": "Australia",
        "phone": "",
        "official_url": "https://www.openstreetmap.org/node/8228920367",
        "services": "Optical / optician listing",
        "audiology": "false",
        "source_url": "https://www.openstreetmap.org/node/8228920367",
        "source_confidence": "Community-mapped"
      }
    },
    {
      "type": "Feature",
      "geometry": {
        "type": "Point",
        "coordinates": [
          150.9240376,
          -33.9183968
        ]
      },
      "properties": {
        "id": "osm-au-node-4547827590",
        "name": "The Eyecare",
        "status": "Mapped",
        "country": "Australia",
        "state": "NSW",
        "city": "",
        "postal_code": "",
        "full_address": "Australia",
        "phone": "",
        "official_url": "https://www.openstreetmap.org/node/4547827590",
        "services": "Optical / optician listing",
        "audiology": "false",
        "source_url": "https://www.openstreetmap.org/node/4547827590",
        "source_confidence": "Community-mapped"
      }
    },
    {
      "type": "Feature",
      "geometry": {
        "type": "Point",
        "coordinates": [
          153.3978416,
          -28.3265354
        ]
      },
      "properties": {
        "id": "osm-au-node-11059373801",
        "name": "The Optical Co",
        "status": "Mapped",
        "country": "Australia",
        "state": "NSW",
        "city": "",
        "postal_code": "",
        "full_address": "47 Murwillumbah Street, Australia",
        "phone": "+61 2 6672 1400",
        "official_url": "https://theopticalco.com.au",
        "services": "Optical / optician listing",
        "audiology": "false",
        "source_url": "https://www.openstreetmap.org/node/11059373801",
        "source_confidence": "Community-mapped"
      }
    },
    {
      "type": "Feature",
      "geometry": {
        "type": "Point",
        "coordinates": [
          151.2076306,
          -33.8721489
        ]
      },
      "properties": {
        "id": "osm-au-node-6461153274",
        "name": "The Optical Co",
        "status": "Mapped",
        "country": "Australia",
        "state": "NSW",
        "city": "",
        "postal_code": "",
        "full_address": "Australia",
        "phone": "",
        "official_url": "https://www.openstreetmap.org/node/6461153274",
        "services": "Optical / optician listing",
        "audiology": "false",
        "source_url": "https://www.openstreetmap.org/node/6461153274",
        "source_confidence": "Community-mapped"
      }
    },
    {
      "type": "Feature",
      "geometry": {
        "type": "Point",
        "coordinates": [
          153.131089,
          -30.2838676
        ]
      },
      "properties": {
        "id": "osm-au-way-1019628539",
        "name": "The Optical Superstore",
        "status": "Mapped",
        "country": "Australia",
        "state": "NSW",
        "city": "",
        "postal_code": "",
        "full_address": "Australia",
        "phone": "",
        "official_url": "https://www.openstreetmap.org/way/1019628539",
        "services": "Optical / optician listing",
        "audiology": "false",
        "source_url": "https://www.openstreetmap.org/way/1019628539",
        "source_confidence": "Community-mapped"
      }
    },
    {
      "type": "Feature",
      "geometry": {
        "type": "Point",
        "coordinates": [
          151.003612,
          -33.8183914
        ]
      },
      "properties": {
        "id": "osm-au-node-5421723042",
        "name": "View Optometrist",
        "status": "Mapped",
        "country": "Australia",
        "state": "NSW",
        "city": "",
        "postal_code": "",
        "full_address": "Australia",
        "phone": "",
        "official_url": "https://www.openstreetmap.org/node/5421723042",
        "services": "Optical / optician listing",
        "audiology": "false",
        "source_url": "https://www.openstreetmap.org/node/5421723042",
        "source_confidence": "Community-mapped"
      }
    },
    {
      "type": "Feature",
      "geometry": {
        "type": "Point",
        "coordinates": [
          151.1053584,
          -33.9675717
        ]
      },
      "properties": {
        "id": "osm-au-node-1081203615",
        "name": "Viewpoint Optical",
        "status": "Mapped",
        "country": "Australia",
        "state": "NSW",
        "city": "",
        "postal_code": "2220",
        "full_address": "179 Forest Road, 2220, Australia",
        "phone": "",
        "official_url": "https://viewpoint-optical.com.au",
        "services": "Optical / optician listing",
        "audiology": "false",
        "source_url": "https://www.openstreetmap.org/node/1081203615",
        "source_confidence": "Community-mapped"
      }
    },
    {
      "type": "Feature",
      "geometry": {
        "type": "Point",
        "coordinates": [
          148.2950229,
          -34.3129797
        ]
      },
      "properties": {
        "id": "osm-au-node-13343526524",
        "name": "Young Eyes",
        "status": "Mapped",
        "country": "Australia",
        "state": "NSW",
        "city": "",
        "postal_code": "",
        "full_address": "Australia",
        "phone": "",
        "official_url": "https://www.openstreetmap.org/node/13343526524",
        "services": "Optical / optician listing",
        "audiology": "false",
        "source_url": "https://www.openstreetmap.org/node/13343526524",
        "source_confidence": "Community-mapped"
      }
    },
    {
      "type": "Feature",
      "geometry": {
        "type": "Point",
        "coordinates": [
          151.1940062,
          -33.8838293
        ]
      },
      "properties": {
        "id": "osm-au-node-3977545466",
        "name": "Zoom",
        "status": "Mapped",
        "country": "Australia",
        "state": "NSW",
        "city": "",
        "postal_code": "",
        "full_address": "Australia",
        "phone": "",
        "official_url": "https://www.openstreetmap.org/node/3977545466",
        "services": "Optical / optician listing",
        "audiology": "false",
        "source_url": "https://www.openstreetmap.org/node/3977545466",
        "source_confidence": "Community-mapped"
      }
    },
    {
      "type": "Feature",
      "geometry": {
        "type": "Point",
        "coordinates": [
          151.194206,
          -33.8231438
        ]
      },
      "properties": {
        "id": "osm-au-node-3991780847",
        "name": "avian eyecare",
        "status": "Mapped",
        "country": "Australia",
        "state": "NSW",
        "city": "",
        "postal_code": "",
        "full_address": "Australia",
        "phone": "",
        "official_url": "https://www.openstreetmap.org/node/3991780847",
        "services": "Optical / optician listing",
        "audiology": "false",
        "source_url": "https://www.openstreetmap.org/node/3991780847",
        "source_confidence": "Community-mapped"
      }
    },
    {
      "type": "Feature",
      "geometry": {
        "type": "Point",
        "coordinates": [
          151.1000669,
          -33.7038165
        ]
      },
      "properties": {
        "id": "osm-au-node-10930812225",
        "name": "icontact",
        "status": "Mapped",
        "country": "Australia",
        "state": "NSW",
        "city": "",
        "postal_code": "",
        "full_address": "Australia",
        "phone": "",
        "official_url": "https://www.openstreetmap.org/node/10930812225",
        "services": "Optical / optician listing",
        "audiology": "false",
        "source_url": "https://www.openstreetmap.org/node/10930812225",
        "source_confidence": "Community-mapped"
      }
    },
    {
      "type": "Feature",
      "geometry": {
        "type": "Point",
        "coordinates": [
          151.3280654,
          -33.6380911
        ]
      },
      "properties": {
        "id": "osm-au-node-12547015064",
        "name": "Beckenham Optometrist",
        "status": "Mapped",
        "country": "Australia",
        "state": "NSW",
        "city": "Avalon Beach",
        "postal_code": "2107",
        "full_address": "15 Old Barrenjoey Road, Avalon Beach, 2107, Australia",
        "phone": "",
        "official_url": "https://www.beckenhamoptometrist.com.au/",
        "services": "Optical / optician listing",
        "audiology": "false",
        "source_url": "https://www.openstreetmap.org/node/12547015064",
        "source_confidence": "Community-mapped"
      }
    },
    {
      "type": "Feature",
      "geometry": {
        "type": "Point",
        "coordinates": [
          151.3282042,
          -33.6355252
        ]
      },
      "properties": {
        "id": "osm-au-node-12556385824",
        "name": "Eyecare Plus Optometrists",
        "status": "Mapped",
        "country": "Australia",
        "state": "NSW",
        "city": "Avalon Beach",
        "postal_code": "2107",
        "full_address": "Bowling Green Lane, Avalon Beach, 2107, Australia",
        "phone": "",
        "official_url": "https://www.eyecareplus.com.au/avalonbeach/",
        "services": "Optical / optician listing",
        "audiology": "false",
        "source_url": "https://www.openstreetmap.org/node/12556385824",
        "source_confidence": "Community-mapped"
      }
    },
    {
      "type": "Feature",
      "geometry": {
        "type": "Point",
        "coordinates": [
          149.7834456,
          -30.326314
        ]
      },
      "properties": {
        "id": "osm-au-node-6859346009",
        "name": "Narrabri Vision Splendid Optometrist",
        "status": "Mapped",
        "country": "Australia",
        "state": "NSW",
        "city": "Narrabri",
        "postal_code": "2390",
        "full_address": "99 Maitland Street, Narrabri, 2390, Australia",
        "phone": "",
        "official_url": "https://www.openstreetmap.org/node/6859346009",
        "services": "Optical / optician listing",
        "audiology": "false",
        "source_url": "https://www.openstreetmap.org/node/6859346009",
        "source_confidence": "Community-mapped"
      }
    },
    {
      "type": "Feature",
      "geometry": {
        "type": "Point",
        "coordinates": [
          150.5930696,
          -34.2232672
        ]
      },
      "properties": {
        "id": "osm-au-way-697930957",
        "name": "Eyepower",
        "status": "Mapped",
        "country": "Australia",
        "state": "NSW",
        "city": "Tahmoor",
        "postal_code": "2573",
        "full_address": "111-117 Remembrance Driveway, Tahmoor, 2573, Australia",
        "phone": "+61 2 4683 1249",
        "official_url": "https://www.openstreetmap.org/way/697930957",
        "services": "Optical / optician listing",
        "audiology": "false",
        "source_url": "https://www.openstreetmap.org/way/697930957",
        "source_confidence": "Community-mapped"
      }
    },
    {
      "type": "Feature",
      "geometry": {
        "type": "Point",
        "coordinates": [
          150.9720166,
          -33.8151984
        ]
      },
      "properties": {
        "id": "osm-au-node-10820638609",
        "name": "Factory Direct Spectacles",
        "status": "Mapped",
        "country": "Australia",
        "state": "NSW",
        "city": "Wentworthville",
        "postal_code": "2145",
        "full_address": "326-336 Great Western Highway, Wentworthville, 2145, Australia",
        "phone": "",
        "official_url": "https://www.openstreetmap.org/node/10820638609",
        "services": "Optical / optician listing",
        "audiology": "false",
        "source_url": "https://www.openstreetmap.org/node/10820638609",
        "source_confidence": "Community-mapped"
      }
    },
    {
      "type": "Feature",
      "geometry": {
        "type": "Point",
        "coordinates": [
          151.4244309,
          -33.2853964
        ]
      },
      "properties": {
        "id": "osm-au-way-655284178",
        "name": "Carl Emerton Optometrist",
        "status": "Mapped",
        "country": "Australia",
        "state": "NSW",
        "city": "Wyong",
        "postal_code": "",
        "full_address": "70 Pacific Highway, Wyong, Australia",
        "phone": "+61 2 4352 1298",
        "official_url": "https://www.carlemertonoptometrist.com.au/",
        "services": "Optical / optician listing",
        "audiology": "false",
        "source_url": "https://www.openstreetmap.org/way/655284178",
        "source_confidence": "Community-mapped"
      }
    },
    {
      "type": "Feature",
      "geometry": {
        "type": "Point",
        "coordinates": [
          130.9158862,
          -12.4010018
        ]
      },
      "properties": {
        "id": "osm-au-node-5720362545",
        "name": "NT Optometrists",
        "status": "Mapped",
        "country": "Australia",
        "state": "NT",
        "city": "",
        "postal_code": "",
        "full_address": "Australia",
        "phone": "+61 8 8945 1111",
        "official_url": "https://www.openstreetmap.org/node/5720362545",
        "services": "Optical / optician listing",
        "audiology": "false",
        "source_url": "https://www.openstreetmap.org/node/5720362545",
        "source_confidence": "Community-mapped"
      }
    },
    {
      "type": "Feature",
      "geometry": {
        "type": "Point",
        "coordinates": [
          130.9836592,
          -12.4713315
        ]
      },
      "properties": {
        "id": "osm-au-node-6267324335",
        "name": "Optical Superstore",
        "status": "Mapped",
        "country": "Australia",
        "state": "NT",
        "city": "",
        "postal_code": "",
        "full_address": "Australia",
        "phone": "",
        "official_url": "https://www.openstreetmap.org/node/6267324335",
        "services": "Optical / optician listing",
        "audiology": "false",
        "source_url": "https://www.openstreetmap.org/node/6267324335",
        "source_confidence": "Community-mapped"
      }
    },
    {
      "type": "Feature",
      "geometry": {
        "type": "Point",
        "coordinates": [
          130.8808922,
          -12.3752341
        ]
      },
      "properties": {
        "id": "osm-au-way-1250385845",
        "name": "Optical Superstore",
        "status": "Mapped",
        "country": "Australia",
        "state": "NT",
        "city": "",
        "postal_code": "",
        "full_address": "Australia",
        "phone": "",
        "official_url": "https://www.openstreetmap.org/way/1250385845",
        "services": "Optical / optician listing",
        "audiology": "false",
        "source_url": "https://www.openstreetmap.org/way/1250385845",
        "source_confidence": "Community-mapped"
      }
    },
    {
      "type": "Feature",
      "geometry": {
        "type": "Point",
        "coordinates": [
          152.9753332,
          -27.1549277
        ]
      },
      "properties": {
        "id": "osm-au-node-12785778224",
        "name": "20/20 Eyewear",
        "status": "Mapped",
        "country": "Australia",
        "state": "QLD",
        "city": "",
        "postal_code": "",
        "full_address": "Australia",
        "phone": "",
        "official_url": "https://www.openstreetmap.org/node/12785778224",
        "services": "Optical / optician listing",
        "audiology": "false",
        "source_url": "https://www.openstreetmap.org/node/12785778224",
        "source_confidence": "Community-mapped"
      }
    },
    {
      "type": "Feature",
      "geometry": {
        "type": "Point",
        "coordinates": [
          152.9031516,
          -27.6776221
        ]
      },
      "properties": {
        "id": "osm-au-node-5471854202",
        "name": "About Specs",
        "status": "Mapped",
        "country": "Australia",
        "state": "QLD",
        "city": "",
        "postal_code": "",
        "full_address": "Australia",
        "phone": "",
        "official_url": "https://www.openstreetmap.org/node/5471854202",
        "services": "Optical / optician listing",
        "audiology": "false",
        "source_url": "https://www.openstreetmap.org/node/5471854202",
        "source_confidence": "Community-mapped"
      }
    },
    {
      "type": "Feature",
      "geometry": {
        "type": "Point",
        "coordinates": [
          152.96078,
          -26.6269208
        ]
      },
      "properties": {
        "id": "osm-au-node-7600973401",
        "name": "Absolute Vision Optometrist",
        "status": "Mapped",
        "country": "Australia",
        "state": "QLD",
        "city": "",
        "postal_code": "",
        "full_address": "Australia",
        "phone": "",
        "official_url": "https://www.openstreetmap.org/node/7600973401",
        "services": "Optical / optician listing",
        "audiology": "false",
        "source_url": "https://www.openstreetmap.org/node/7600973401",
        "source_confidence": "Community-mapped"
      }
    },
    {
      "type": "Feature",
      "geometry": {
        "type": "Point",
        "coordinates": [
          153.0119154,
          -27.4810574
        ]
      },
      "properties": {
        "id": "osm-au-node-2798570622",
        "name": "Andrew Angeli - Vision Optics",
        "status": "Mapped",
        "country": "Australia",
        "state": "QLD",
        "city": "",
        "postal_code": "",
        "full_address": "95 Vulture Street, Australia",
        "phone": "",
        "official_url": "https://www.visionoptics.com.au/",
        "services": "Optical / optician listing",
        "audiology": "false",
        "source_url": "https://www.openstreetmap.org/node/2798570622",
        "source_confidence": "Community-mapped"
      }
    },
    {
      "type": "Feature",
      "geometry": {
        "type": "Point",
        "coordinates": [
          148.7190543,
          -20.2688623
        ]
      },
      "properties": {
        "id": "osm-au-node-2079907028",
        "name": "BrightEyes",
        "status": "Mapped",
        "country": "Australia",
        "state": "QLD",
        "city": "",
        "postal_code": "",
        "full_address": "Australia",
        "phone": "",
        "official_url": "https://www.openstreetmap.org/node/2079907028",
        "services": "Optical / optician listing",
        "audiology": "false",
        "source_url": "https://www.openstreetmap.org/node/2079907028",
        "source_confidence": "Community-mapped"
      }
    },
    {
      "type": "Feature",
      "geometry": {
        "type": "Point",
        "coordinates": [
          146.7904875,
          -19.2719712
        ]
      },
      "properties": {
        "id": "osm-au-node-4772042225",
        "name": "BrightEyes",
        "status": "Mapped",
        "country": "Australia",
        "state": "QLD",
        "city": "",
        "postal_code": "",
        "full_address": "Australia",
        "phone": "",
        "official_url": "https://www.openstreetmap.org/node/4772042225",
        "services": "Optical / optician listing",
        "audiology": "false",
        "source_url": "https://www.openstreetmap.org/node/4772042225",
        "source_confidence": "Community-mapped"
      }
    },
    {
      "type": "Feature",
      "geometry": {
        "type": "Point",
        "coordinates": [
          153.0179376,
          -27.2420602
        ]
      },
      "properties": {
        "id": "osm-au-node-10272461284",
        "name": "BrightEyes Sunglasses",
        "status": "Mapped",
        "country": "Australia",
        "state": "QLD",
        "city": "",
        "postal_code": "",
        "full_address": "Australia",
        "phone": "",
        "official_url": "https://www.openstreetmap.org/node/10272461284",
        "services": "Optical / optician listing",
        "audiology": "false",
        "source_url": "https://www.openstreetmap.org/node/10272461284",
        "source_confidence": "Community-mapped"
      }
    },
    {
      "type": "Feature",
      "geometry": {
        "type": "Point",
        "coordinates": [
          152.9729507,
          -27.4994029
        ]
      },
      "properties": {
        "id": "osm-au-way-1254252545",
        "name": "Bupa",
        "status": "Mapped",
        "country": "Australia",
        "state": "QLD",
        "city": "",
        "postal_code": "",
        "full_address": "Australia",
        "phone": "",
        "official_url": "https://www.openstreetmap.org/way/1254252545",
        "services": "Optical / optician listing",
        "audiology": "false",
        "source_url": "https://www.openstreetmap.org/way/1254252545",
        "source_confidence": "Community-mapped"
      }
    },
    {
      "type": "Feature",
      "geometry": {
        "type": "Point",
        "coordinates": [
          152.3488694,
          -24.8667
        ]
      },
      "properties": {
        "id": "osm-au-node-3616959074",
        "name": "Christensen Harbison",
        "status": "Mapped",
        "country": "Australia",
        "state": "QLD",
        "city": "",
        "postal_code": "",
        "full_address": "Australia",
        "phone": "",
        "official_url": "https://www.openstreetmap.org/node/3616959074",
        "services": "Optical / optician listing",
        "audiology": "false",
        "source_url": "https://www.openstreetmap.org/node/3616959074",
        "source_confidence": "Community-mapped"
      }
    },
    {
      "type": "Feature",
      "geometry": {
        "type": "Point",
        "coordinates": [
          152.463415,
          -24.8147707
        ]
      },
      "properties": {
        "id": "osm-au-node-3641965394",
        "name": "Clear Optometry",
        "status": "Mapped",
        "country": "Australia",
        "state": "QLD",
        "city": "",
        "postal_code": "",
        "full_address": "Australia",
        "phone": "",
        "official_url": "https://www.openstreetmap.org/node/3641965394",
        "services": "Optical / optician listing",
        "audiology": "false",
        "source_url": "https://www.openstreetmap.org/node/3641965394",
        "source_confidence": "Community-mapped"
      }
    },
    {
      "type": "Feature",
      "geometry": {
        "type": "Point",
        "coordinates": [
          152.8864782,
          -27.3718924
        ]
      },
      "properties": {
        "id": "osm-au-node-615108303",
        "name": "Emphasis on Eyecare",
        "status": "Mapped",
        "country": "Australia",
        "state": "QLD",
        "city": "",
        "postal_code": "",
        "full_address": "Australia",
        "phone": "",
        "official_url": "https://www.openstreetmap.org/node/615108303",
        "services": "Optical / optician listing",
        "audiology": "false",
        "source_url": "https://www.openstreetmap.org/node/615108303",
        "source_confidence": "Community-mapped"
      }
    },
    {
      "type": "Feature",
      "geometry": {
        "type": "Point",
        "coordinates": [
          153.4247078,
          -28.1001233
        ]
      },
      "properties": {
        "id": "osm-au-node-11267057796",
        "name": "Envision Optical",
        "status": "Mapped",
        "country": "Australia",
        "state": "QLD",
        "city": "",
        "postal_code": "",
        "full_address": "Australia",
        "phone": "+61 7 5593 7844",
        "official_url": "https://envisionoptical.com.au",
        "services": "Optical / optician listing",
        "audiology": "false",
        "source_url": "https://www.openstreetmap.org/node/11267057796",
        "source_confidence": "Community-mapped"
      }
    },
    {
      "type": "Feature",
      "geometry": {
        "type": "Point",
        "coordinates": [
          145.7537766,
          -16.8765092
        ]
      },
      "properties": {
        "id": "osm-au-node-11984932693",
        "name": "Eye Love",
        "status": "Mapped",
        "country": "Australia",
        "state": "QLD",
        "city": "",
        "postal_code": "",
        "full_address": "Australia",
        "phone": "",
        "official_url": "https://www.openstreetmap.org/node/11984932693",
        "services": "Optical / optician listing",
        "audiology": "false",
        "source_url": "https://www.openstreetmap.org/node/11984932693",
        "source_confidence": "Community-mapped"
      }
    },
    {
      "type": "Feature",
      "geometry": {
        "type": "Point",
        "coordinates": [
          153.0146216,
          -27.2407089
        ]
      },
      "properties": {
        "id": "osm-au-node-4845383785",
        "name": "Eye to Eye",
        "status": "Mapped",
        "country": "Australia",
        "state": "QLD",
        "city": "",
        "postal_code": "",
        "full_address": "Australia",
        "phone": "",
        "official_url": "https://www.openstreetmap.org/node/4845383785",
        "services": "Optical / optician listing",
        "audiology": "false",
        "source_url": "https://www.openstreetmap.org/node/4845383785",
        "source_confidence": "Community-mapped"
      }
    },
    {
      "type": "Feature",
      "geometry": {
        "type": "Point",
        "coordinates": [
          151.2674278,
          -27.1812905
        ]
      },
      "properties": {
        "id": "osm-au-node-2812592887",
        "name": "Eyecare Eyewear",
        "status": "Mapped",
        "country": "Australia",
        "state": "QLD",
        "city": "",
        "postal_code": "",
        "full_address": "Australia",
        "phone": "",
        "official_url": "https://www.openstreetmap.org/node/2812592887",
        "services": "Optical / optician listing",
        "audiology": "false",
        "source_url": "https://www.openstreetmap.org/node/2812592887",
        "source_confidence": "Community-mapped"
      }
    },
    {
      "type": "Feature",
      "geometry": {
        "type": "Point",
        "coordinates": [
          153.4438519,
          -28.0741296
        ]
      },
      "properties": {
        "id": "osm-au-node-5267197634",
        "name": "Eyecare Plus",
        "status": "Mapped",
        "country": "Australia",
        "state": "QLD",
        "city": "",
        "postal_code": "",
        "full_address": "Australia",
        "phone": "+61 7 5535 1121",
        "official_url": "https://eyecareplus.com.au/miami",
        "services": "Optical / optician listing",
        "audiology": "false",
        "source_url": "https://www.openstreetmap.org/node/5267197634",
        "source_confidence": "Community-mapped"
      }
    },
    {
      "type": "Feature",
      "geometry": {
        "type": "Point",
        "coordinates": [
          148.7006022,
          -20.2772966
        ]
      },
      "properties": {
        "id": "osm-au-node-4435526091",
        "name": "EyecarePlus",
        "status": "Mapped",
        "country": "Australia",
        "state": "QLD",
        "city": "",
        "postal_code": "",
        "full_address": "Australia",
        "phone": "",
        "official_url": "https://www.openstreetmap.org/node/4435526091",
        "services": "Optical / optician listing",
        "audiology": "false",
        "source_url": "https://www.openstreetmap.org/node/4435526091",
        "source_confidence": "Community-mapped"
      }
    },
    {
      "type": "Feature",
      "geometry": {
        "type": "Point",
        "coordinates": [
          153.3005885,
          -27.8518285
        ]
      },
      "properties": {
        "id": "osm-au-node-735998260",
        "name": "Eyes On U Optical",
        "status": "Mapped",
        "country": "Australia",
        "state": "QLD",
        "city": "",
        "postal_code": "",
        "full_address": "Australia",
        "phone": "",
        "official_url": "https://www.openstreetmap.org/node/735998260",
        "services": "Optical / optician listing",
        "audiology": "false",
        "source_url": "https://www.openstreetmap.org/node/735998260",
        "source_confidence": "Community-mapped"
      }
    },
    {
      "type": "Feature",
      "geometry": {
        "type": "Point",
        "coordinates": [
          153.0118667,
          -27.4776022
        ]
      },
      "properties": {
        "id": "osm-au-way-1347944904",
        "name": "For Eyes Only",
        "status": "Mapped",
        "country": "Australia",
        "state": "QLD",
        "city": "",
        "postal_code": "",
        "full_address": "Australia",
        "phone": "",
        "official_url": "https://www.openstreetmap.org/way/1347944904",
        "services": "Optical / optician listing",
        "audiology": "false",
        "source_url": "https://www.openstreetmap.org/way/1347944904",
        "source_confidence": "Community-mapped"
      }
    },
    {
      "type": "Feature",
      "geometry": {
        "type": "Point",
        "coordinates": [
          152.0321745,
          -28.2159878
        ]
      },
      "properties": {
        "id": "osm-au-node-11383213002",
        "name": "G&M My Optical",
        "status": "Mapped",
        "country": "Australia",
        "state": "QLD",
        "city": "",
        "postal_code": "",
        "full_address": "Australia",
        "phone": "",
        "official_url": "https://www.openstreetmap.org/node/11383213002",
        "services": "Optical / optician listing",
        "audiology": "false",
        "source_url": "https://www.openstreetmap.org/node/11383213002",
        "source_confidence": "Community-mapped"
      }
    },
    {
      "type": "Feature",
      "geometry": {
        "type": "Point",
        "coordinates": [
          153.0174839,
          -27.241537
        ]
      },
      "properties": {
        "id": "osm-au-node-4845383813",
        "name": "George & Matilda Eyecare",
        "status": "Mapped",
        "country": "Australia",
        "state": "QLD",
        "city": "",
        "postal_code": "",
        "full_address": "Australia",
        "phone": "",
        "official_url": "https://www.openstreetmap.org/node/4845383813",
        "services": "Optical / optician listing",
        "audiology": "false",
        "source_url": "https://www.openstreetmap.org/node/4845383813",
        "source_confidence": "Community-mapped"
      }
    },
    {
      "type": "Feature",
      "geometry": {
        "type": "Point",
        "coordinates": [
          152.9392126,
          -27.5065365
        ]
      },
      "properties": {
        "id": "osm-au-node-5589514647",
        "name": "Greg Bowyer Eyeware",
        "status": "Mapped",
        "country": "Australia",
        "state": "QLD",
        "city": "",
        "postal_code": "",
        "full_address": "Australia",
        "phone": "",
        "official_url": "https://www.openstreetmap.org/node/5589514647",
        "services": "Optical / optician listing",
        "audiology": "false",
        "source_url": "https://www.openstreetmap.org/node/5589514647",
        "source_confidence": "Community-mapped"
      }
    },
    {
      "type": "Feature",
      "geometry": {
        "type": "Point",
        "coordinates": [
          152.9604114,
          -26.6260426
        ]
      },
      "properties": {
        "id": "osm-au-way-889998872",
        "name": "Hammond Optometry",
        "status": "Mapped",
        "country": "Australia",
        "state": "QLD",
        "city": "",
        "postal_code": "",
        "full_address": "Australia",
        "phone": "",
        "official_url": "https://www.openstreetmap.org/way/889998872",
        "services": "Optical / optician listing",
        "audiology": "false",
        "source_url": "https://www.openstreetmap.org/way/889998872",
        "source_confidence": "Community-mapped"
      }
    },
    {
      "type": "Feature",
      "geometry": {
        "type": "Point",
        "coordinates": [
          153.0169499,
          -27.5165998
        ]
      },
      "properties": {
        "id": "osm-au-node-12319824788",
        "name": "Image Eyewear",
        "status": "Mapped",
        "country": "Australia",
        "state": "QLD",
        "city": "",
        "postal_code": "",
        "full_address": "Australia",
        "phone": "",
        "official_url": "https://www.openstreetmap.org/node/12319824788",
        "services": "Optical / optician listing",
        "audiology": "false",
        "source_url": "https://www.openstreetmap.org/node/12319824788",
        "source_confidence": "Community-mapped"
      }
    },
    {
      "type": "Feature",
      "geometry": {
        "type": "Point",
        "coordinates": [
          153.2028958,
          -27.7185248
        ]
      },
      "properties": {
        "id": "osm-au-node-5631549727",
        "name": "Knights & Associates Eyecare",
        "status": "Mapped",
        "country": "Australia",
        "state": "QLD",
        "city": "",
        "postal_code": "",
        "full_address": "Australia",
        "phone": "",
        "official_url": "https://www.openstreetmap.org/node/5631549727",
        "services": "Optical / optician listing",
        "audiology": "false",
        "source_url": "https://www.openstreetmap.org/node/5631549727",
        "source_confidence": "Community-mapped"
      }
    },
    {
      "type": "Feature",
      "geometry": {
        "type": "Point",
        "coordinates": [
          153.1912362,
          -27.5246861
        ]
      },
      "properties": {
        "id": "osm-au-node-10104842037",
        "name": "Laubman & Pank",
        "status": "Mapped",
        "country": "Australia",
        "state": "QLD",
        "city": "",
        "postal_code": "",
        "full_address": "Australia",
        "phone": "",
        "official_url": "https://www.openstreetmap.org/node/10104842037",
        "services": "Optical / optician listing",
        "audiology": "false",
        "source_url": "https://www.openstreetmap.org/node/10104842037",
        "source_confidence": "Community-mapped"
      }
    },
    {
      "type": "Feature",
      "geometry": {
        "type": "Point",
        "coordinates": [
          152.9726376,
          -27.4993334
        ]
      },
      "properties": {
        "id": "osm-au-way-1254545304",
        "name": "Laubman & Pank",
        "status": "Mapped",
        "country": "Australia",
        "state": "QLD",
        "city": "",
        "postal_code": "",
        "full_address": "Australia",
        "phone": "",
        "official_url": "https://www.openstreetmap.org/way/1254545304",
        "services": "Optical / optician listing",
        "audiology": "false",
        "source_url": "https://www.openstreetmap.org/way/1254545304",
        "source_confidence": "Community-mapped"
      }
    },
    {
      "type": "Feature",
      "geometry": {
        "type": "Point",
        "coordinates": [
          152.9499623,
          -27.1034723
        ]
      },
      "properties": {
        "id": "osm-au-node-7634594301",
        "name": "Laubman and Pank",
        "status": "Mapped",
        "country": "Australia",
        "state": "QLD",
        "city": "",
        "postal_code": "",
        "full_address": "Australia",
        "phone": "",
        "official_url": "https://www.openstreetmap.org/node/7634594301",
        "services": "Optical / optician listing",
        "audiology": "false",
        "source_url": "https://www.openstreetmap.org/node/7634594301",
        "source_confidence": "Community-mapped"
      }
    },
    {
      "type": "Feature",
      "geometry": {
        "type": "Point",
        "coordinates": [
          153.1947463,
          -27.5233789
        ]
      },
      "properties": {
        "id": "osm-au-node-7092641917",
        "name": "Lense Pro Optometrists",
        "status": "Mapped",
        "country": "Australia",
        "state": "QLD",
        "city": "",
        "postal_code": "",
        "full_address": "Australia",
        "phone": "",
        "official_url": "https://www.openstreetmap.org/node/7092641917",
        "services": "Optical / optician listing",
        "audiology": "false",
        "source_url": "https://www.openstreetmap.org/node/7092641917",
        "source_confidence": "Community-mapped"
      }
    },
    {
      "type": "Feature",
      "geometry": {
        "type": "Point",
        "coordinates": [
          152.9512255,
          -27.0938237
        ]
      },
      "properties": {
        "id": "osm-au-node-8969261058",
        "name": "Morayfield Eyewear",
        "status": "Mapped",
        "country": "Australia",
        "state": "QLD",
        "city": "",
        "postal_code": "",
        "full_address": "Australia",
        "phone": "",
        "official_url": "https://www.openstreetmap.org/node/8969261058",
        "services": "Optical / optician listing",
        "audiology": "false",
        "source_url": "https://www.openstreetmap.org/node/8969261058",
        "source_confidence": "Community-mapped"
      }
    },
    {
      "type": "Feature",
      "geometry": {
        "type": "Point",
        "coordinates": [
          153.0122943,
          -27.524313
        ]
      },
      "properties": {
        "id": "osm-au-node-12310587681",
        "name": "My2020",
        "status": "Mapped",
        "country": "Australia",
        "state": "QLD",
        "city": "",
        "postal_code": "",
        "full_address": "Australia",
        "phone": "",
        "official_url": "https://www.openstreetmap.org/node/12310587681",
        "services": "Optical / optician listing",
        "audiology": "false",
        "source_url": "https://www.openstreetmap.org/node/12310587681",
        "source_confidence": "Community-mapped"
      }
    },
    {
      "type": "Feature",
      "geometry": {
        "type": "Point",
        "coordinates": [
          153.028975,
          -27.1942502
        ]
      },
      "properties": {
        "id": "osm-au-node-10698432114",
        "name": "Optical Superstore",
        "status": "Mapped",
        "country": "Australia",
        "state": "QLD",
        "city": "",
        "postal_code": "",
        "full_address": "Australia",
        "phone": "",
        "official_url": "https://www.openstreetmap.org/node/10698432114",
        "services": "Optical / optician listing",
        "audiology": "false",
        "source_url": "https://www.openstreetmap.org/node/10698432114",
        "source_confidence": "Community-mapped"
      }
    },
    {
      "type": "Feature",
      "geometry": {
        "type": "Point",
        "coordinates": [
          150.7371563,
          -23.1322285
        ]
      },
      "properties": {
        "id": "osm-au-node-12958128048",
        "name": "Optical Superstore",
        "status": "Mapped",
        "country": "Australia",
        "state": "QLD",
        "city": "",
        "postal_code": "",
        "full_address": "Australia",
        "phone": "",
        "official_url": "https://www.openstreetmap.org/node/12958128048",
        "services": "Optical / optician listing",
        "audiology": "false",
        "source_url": "https://www.openstreetmap.org/node/12958128048",
        "source_confidence": "Community-mapped"
      }
    },
    {
      "type": "Feature",
      "geometry": {
        "type": "Point",
        "coordinates": [
          153.4682478,
          -28.1334017
        ]
      },
      "properties": {
        "id": "osm-au-node-13987432119",
        "name": "Optical Superstore",
        "status": "Mapped",
        "country": "Australia",
        "state": "QLD",
        "city": "",
        "postal_code": "",
        "full_address": "Australia",
        "phone": "",
        "official_url": "https://www.openstreetmap.org/node/13987432119",
        "services": "Optical / optician listing",
        "audiology": "false",
        "source_url": "https://www.openstreetmap.org/node/13987432119",
        "source_confidence": "Community-mapped"
      }
    },
    {
      "type": "Feature",
      "geometry": {
        "type": "Point",
        "coordinates": [
          145.7533825,
          -16.9338926
        ]
      },
      "properties": {
        "id": "osm-au-node-14091699299",
        "name": "Optical Superstore",
        "status": "Mapped",
        "country": "Australia",
        "state": "QLD",
        "city": "",
        "postal_code": "",
        "full_address": "Australia",
        "phone": "",
        "official_url": "https://www.openstreetmap.org/node/14091699299",
        "services": "Optical / optician listing",
        "audiology": "false",
        "source_url": "https://www.openstreetmap.org/node/14091699299",
        "source_confidence": "Community-mapped"
      }
    },
    {
      "type": "Feature",
      "geometry": {
        "type": "Point",
        "coordinates": [
          152.349098,
          -24.8658168
        ]
      },
      "properties": {
        "id": "osm-au-node-3616959028",
        "name": "Optical Superstore",
        "status": "Mapped",
        "country": "Australia",
        "state": "QLD",
        "city": "",
        "postal_code": "",
        "full_address": "Australia",
        "phone": "",
        "official_url": "https://www.openstreetmap.org/node/3616959028",
        "services": "Optical / optician listing",
        "audiology": "false",
        "source_url": "https://www.openstreetmap.org/node/3616959028",
        "source_confidence": "Community-mapped"
      }
    },
    {
      "type": "Feature",
      "geometry": {
        "type": "Point",
        "coordinates": [
          153.0870308,
          -26.6517292
        ]
      },
      "properties": {
        "id": "osm-au-node-9406577080",
        "name": "Optical Superstore",
        "status": "Mapped",
        "country": "Australia",
        "state": "QLD",
        "city": "",
        "postal_code": "",
        "full_address": "Australia",
        "phone": "",
        "official_url": "https://www.openstreetmap.org/node/9406577080",
        "services": "Optical / optician listing",
        "audiology": "false",
        "source_url": "https://www.openstreetmap.org/node/9406577080",
        "source_confidence": "Community-mapped"
      }
    },
    {
      "type": "Feature",
      "geometry": {
        "type": "Point",
        "coordinates": [
          152.3494223,
          -24.8670186
        ]
      },
      "properties": {
        "id": "osm-au-node-3612643660",
        "name": "Outlook",
        "status": "Mapped",
        "country": "Australia",
        "state": "QLD",
        "city": "",
        "postal_code": "",
        "full_address": "Australia",
        "phone": "",
        "official_url": "https://www.openstreetmap.org/node/3612643660",
        "services": "Optical / optician listing",
        "audiology": "false",
        "source_url": "https://www.openstreetmap.org/node/3612643660",
        "source_confidence": "Community-mapped"
      }
    },
    {
      "type": "Feature",
      "geometry": {
        "type": "Point",
        "coordinates": [
          152.3598261,
          -24.8770067
        ]
      },
      "properties": {
        "id": "osm-au-node-3808231195",
        "name": "Queensland Eye Specialists",
        "status": "Mapped",
        "country": "Australia",
        "state": "QLD",
        "city": "",
        "postal_code": "",
        "full_address": "Australia",
        "phone": "",
        "official_url": "https://www.openstreetmap.org/node/3808231195",
        "services": "Optical / optician listing",
        "audiology": "false",
        "source_url": "https://www.openstreetmap.org/node/3808231195",
        "source_confidence": "Community-mapped"
      }
    },
    {
      "type": "Feature",
      "geometry": {
        "type": "Point",
        "coordinates": [
          152.7582933,
          -27.6081169
        ]
      },
      "properties": {
        "id": "osm-au-node-12254014860",
        "name": "Sunny Line",
        "status": "Mapped",
        "country": "Australia",
        "state": "QLD",
        "city": "",
        "postal_code": "",
        "full_address": "Australia",
        "phone": "",
        "official_url": "https://www.openstreetmap.org/node/12254014860",
        "services": "Optical / optician listing",
        "audiology": "false",
        "source_url": "https://www.openstreetmap.org/node/12254014860",
        "source_confidence": "Community-mapped"
      }
    },
    {
      "type": "Feature",
      "geometry": {
        "type": "Point",
        "coordinates": [
          153.2075336,
          -27.7177721
        ]
      },
      "properties": {
        "id": "osm-au-node-9789479039",
        "name": "Taylor Eyeware",
        "status": "Mapped",
        "country": "Australia",
        "state": "QLD",
        "city": "",
        "postal_code": "",
        "full_address": "Australia",
        "phone": "",
        "official_url": "https://www.openstreetmap.org/node/9789479039",
        "services": "Optical / optician listing",
        "audiology": "false",
        "source_url": "https://www.openstreetmap.org/node/9789479039",
        "source_confidence": "Community-mapped"
      }
    },
    {
      "type": "Feature",
      "geometry": {
        "type": "Point",
        "coordinates": [
          153.1905165,
          -27.5249777
        ]
      },
      "properties": {
        "id": "osm-au-node-10566668350",
        "name": "The Optical Superstore",
        "status": "Mapped",
        "country": "Australia",
        "state": "QLD",
        "city": "",
        "postal_code": "",
        "full_address": "Australia",
        "phone": "",
        "official_url": "https://www.openstreetmap.org/node/10566668350",
        "services": "Optical / optician listing",
        "audiology": "false",
        "source_url": "https://www.openstreetmap.org/node/10566668350",
        "source_confidence": "Community-mapped"
      }
    },
    {
      "type": "Feature",
      "geometry": {
        "type": "Point",
        "coordinates": [
          146.762051,
          -19.2979068
        ]
      },
      "properties": {
        "id": "osm-au-node-5590821334",
        "name": "The Optical Superstore",
        "status": "Mapped",
        "country": "Australia",
        "state": "QLD",
        "city": "",
        "postal_code": "",
        "full_address": "Australia",
        "phone": "",
        "official_url": "https://www.openstreetmap.org/node/5590821334",
        "services": "Optical / optician listing",
        "audiology": "false",
        "source_url": "https://www.openstreetmap.org/node/5590821334",
        "source_confidence": "Community-mapped"
      }
    },
    {
      "type": "Feature",
      "geometry": {
        "type": "Point",
        "coordinates": [
          153.018153,
          -27.2421027
        ]
      },
      "properties": {
        "id": "osm-au-node-10272461271",
        "name": "Torga Optical",
        "status": "Mapped",
        "country": "Australia",
        "state": "QLD",
        "city": "",
        "postal_code": "",
        "full_address": "Australia",
        "phone": "",
        "official_url": "https://www.openstreetmap.org/node/10272461271",
        "services": "Optical / optician listing",
        "audiology": "false",
        "source_url": "https://www.openstreetmap.org/node/10272461271",
        "source_confidence": "Community-mapped"
      }
    },
    {
      "type": "Feature",
      "geometry": {
        "type": "Point",
        "coordinates": [
          153.2930614,
          -27.8134596
        ]
      },
      "properties": {
        "id": "osm-au-node-9787115074",
        "name": "Vision Precinct",
        "status": "Mapped",
        "country": "Australia",
        "state": "QLD",
        "city": "",
        "postal_code": "",
        "full_address": "Australia",
        "phone": "",
        "official_url": "https://www.openstreetmap.org/node/9787115074",
        "services": "Optical / optician listing",
        "audiology": "false",
        "source_url": "https://www.openstreetmap.org/node/9787115074",
        "source_confidence": "Community-mapped"
      }
    },
    {
      "type": "Feature",
      "geometry": {
        "type": "Point",
        "coordinates": [
          152.9726807,
          -27.4993549
        ]
      },
      "properties": {
        "id": "osm-au-way-1241866996",
        "name": "icontact",
        "status": "Mapped",
        "country": "Australia",
        "state": "QLD",
        "city": "",
        "postal_code": "",
        "full_address": "Australia",
        "phone": "",
        "official_url": "https://www.openstreetmap.org/way/1241866996",
        "services": "Optical / optician listing",
        "audiology": "false",
        "source_url": "https://www.openstreetmap.org/way/1241866996",
        "source_confidence": "Community-mapped"
      }
    },
    {
      "type": "Feature",
      "geometry": {
        "type": "Point",
        "coordinates": [
          153.0583213,
          -27.4510863
        ]
      },
      "properties": {
        "id": "osm-au-node-4797976138",
        "name": "Clarity Optometrists",
        "status": "Mapped",
        "country": "Australia",
        "state": "QLD",
        "city": "Bulimba",
        "postal_code": "4171",
        "full_address": "134 Oxford Street, Bulimba, 4171, Australia",
        "phone": "+61 7 3899 4044",
        "official_url": "https://www.clarityoptom.com.au/",
        "services": "Optical / optician listing",
        "audiology": "false",
        "source_url": "https://www.openstreetmap.org/node/4797976138",
        "source_confidence": "Community-mapped"
      }
    },
    {
      "type": "Feature",
      "geometry": {
        "type": "Point",
        "coordinates": [
          153.0606021,
          -27.4934487
        ]
      },
      "properties": {
        "id": "osm-au-node-5738744123",
        "name": "Trevor Williams Optometry",
        "status": "Mapped",
        "country": "Australia",
        "state": "QLD",
        "city": "Coorparoo",
        "postal_code": "4151",
        "full_address": "358 Old Cleveland Road, Coorparoo, 4151, Australia",
        "phone": "",
        "official_url": "https://trevorwilliamsoptometry.com.au/",
        "services": "Optical / optician listing",
        "audiology": "false",
        "source_url": "https://www.openstreetmap.org/node/5738744123",
        "source_confidence": "Community-mapped"
      }
    },
    {
      "type": "Feature",
      "geometry": {
        "type": "Point",
        "coordinates": [
          153.0362223,
          -27.4578189
        ]
      },
      "properties": {
        "id": "osm-au-node-3006156291",
        "name": "Core Optics",
        "status": "Mapped",
        "country": "Australia",
        "state": "QLD",
        "city": "Fortitude Valley",
        "postal_code": "4006",
        "full_address": "5K Winn Street, Fortitude Valley, 4006, Australia",
        "phone": "+61 402 363 138",
        "official_url": "http://www.winnlane.com.au/shop_details/shop/core_optics/section/shop",
        "services": "Optical / optician listing",
        "audiology": "false",
        "source_url": "https://www.openstreetmap.org/node/3006156291",
        "source_confidence": "Community-mapped"
      }
    },
    {
      "type": "Feature",
      "geometry": {
        "type": "Point",
        "coordinates": [
          152.6993733,
          -25.5397579
        ]
      },
      "properties": {
        "id": "osm-au-node-4076324335",
        "name": "Optical Warehouse",
        "status": "Mapped",
        "country": "Australia",
        "state": "QLD",
        "city": "Maryborough",
        "postal_code": "4650",
        "full_address": "133 Lennox Street, Maryborough, 4650, Australia",
        "phone": "",
        "official_url": "https://www.openstreetmap.org/node/4076324335",
        "services": "Optical / optician listing",
        "audiology": "false",
        "source_url": "https://www.openstreetmap.org/node/4076324335",
        "source_confidence": "Community-mapped"
      }
    },
    {
      "type": "Feature",
      "geometry": {
        "type": "Point",
        "coordinates": [
          153.4154742,
          -27.9674438
        ]
      },
      "properties": {
        "id": "osm-au-node-13300409376",
        "name": "iKANDi Sunglasses",
        "status": "Mapped",
        "country": "Australia",
        "state": "QLD",
        "city": "Southport",
        "postal_code": "",
        "full_address": "49 Marine Parade, Southport, Australia",
        "phone": "",
        "official_url": "https://www.openstreetmap.org/node/13300409376",
        "services": "Optical / optician listing",
        "audiology": "false",
        "source_url": "https://www.openstreetmap.org/node/13300409376",
        "source_confidence": "Community-mapped"
      }
    },
    {
      "type": "Feature",
      "geometry": {
        "type": "Point",
        "coordinates": [
          138.6037824,
          -34.9236253
        ]
      },
      "properties": {
        "id": "osm-au-node-13067885816",
        "name": "Aryoo Eyewear",
        "status": "Mapped",
        "country": "Australia",
        "state": "SA",
        "city": "",
        "postal_code": "",
        "full_address": "Australia",
        "phone": "+61 8 8396 8629",
        "official_url": "https://www.aryooeyewear.com.au/",
        "services": "Optical / optician listing",
        "audiology": "false",
        "source_url": "https://www.openstreetmap.org/node/13067885816",
        "source_confidence": "Community-mapped"
      }
    },
    {
      "type": "Feature",
      "geometry": {
        "type": "Point",
        "coordinates": [
          138.5220285,
          -35.1125379
        ]
      },
      "properties": {
        "id": "osm-au-node-13315387402",
        "name": "Eyemedics",
        "status": "Mapped",
        "country": "Australia",
        "state": "SA",
        "city": "",
        "postal_code": "5162",
        "full_address": "279 Main South Road, 5162, Australia",
        "phone": "",
        "official_url": "https://eyemedics.com.au/",
        "services": "Optical / optician listing",
        "audiology": "false",
        "source_url": "https://www.openstreetmap.org/node/13315387402",
        "source_confidence": "Community-mapped"
      }
    },
    {
      "type": "Feature",
      "geometry": {
        "type": "Point",
        "coordinates": [
          138.6020334,
          -34.9236835
        ]
      },
      "properties": {
        "id": "osm-au-node-2402171927",
        "name": "Ken Chenery",
        "status": "Mapped",
        "country": "Australia",
        "state": "SA",
        "city": "",
        "postal_code": "",
        "full_address": "66 a, Australia",
        "phone": "",
        "official_url": "https://www.openstreetmap.org/node/2402171927",
        "services": "Optical / optician listing",
        "audiology": "false",
        "source_url": "https://www.openstreetmap.org/node/2402171927",
        "source_confidence": "Community-mapped"
      }
    },
    {
      "type": "Feature",
      "geometry": {
        "type": "Point",
        "coordinates": [
          138.616705,
          -35.0204536
        ]
      },
      "properties": {
        "id": "osm-au-node-5977220533",
        "name": "National Pharmacies Optical",
        "status": "Mapped",
        "country": "Australia",
        "state": "SA",
        "city": "",
        "postal_code": "",
        "full_address": "Australia",
        "phone": "",
        "official_url": "https://www.openstreetmap.org/node/5977220533",
        "services": "Optical / optician listing",
        "audiology": "false",
        "source_url": "https://www.openstreetmap.org/node/5977220533",
        "source_confidence": "Community-mapped"
      }
    },
    {
      "type": "Feature",
      "geometry": {
        "type": "Point",
        "coordinates": [
          138.6348318,
          -34.9213578
        ]
      },
      "properties": {
        "id": "osm-au-node-8783937933",
        "name": "National Pharmacies Optical",
        "status": "Mapped",
        "country": "Australia",
        "state": "SA",
        "city": "",
        "postal_code": "",
        "full_address": "Australia",
        "phone": "",
        "official_url": "https://www.openstreetmap.org/node/8783937933",
        "services": "Optical / optician listing",
        "audiology": "false",
        "source_url": "https://www.openstreetmap.org/node/8783937933",
        "source_confidence": "Community-mapped"
      }
    },
    {
      "type": "Feature",
      "geometry": {
        "type": "Point",
        "coordinates": [
          138.6052741,
          -34.9228148
        ]
      },
      "properties": {
        "id": "osm-au-node-6389827386",
        "name": "Opt Shop",
        "status": "Mapped",
        "country": "Australia",
        "state": "SA",
        "city": "",
        "postal_code": "",
        "full_address": "155 Rundle Mall, Australia",
        "phone": "",
        "official_url": "https://www.openstreetmap.org/node/6389827386",
        "services": "Optical / optician listing",
        "audiology": "false",
        "source_url": "https://www.openstreetmap.org/node/6389827386",
        "source_confidence": "Community-mapped"
      }
    },
    {
      "type": "Feature",
      "geometry": {
        "type": "Point",
        "coordinates": [
          138.5730914,
          -34.9632672
        ]
      },
      "properties": {
        "id": "osm-au-node-11103983492",
        "name": "Optical Superstore",
        "status": "Mapped",
        "country": "Australia",
        "state": "SA",
        "city": "",
        "postal_code": "",
        "full_address": "Australia",
        "phone": "",
        "official_url": "https://opticalsuperstore.com.au/",
        "services": "Optical / optician listing",
        "audiology": "false",
        "source_url": "https://www.openstreetmap.org/node/11103983492",
        "source_confidence": "Community-mapped"
      }
    },
    {
      "type": "Feature",
      "geometry": {
        "type": "Point",
        "coordinates": [
          138.5617437,
          -34.9316107
        ]
      },
      "properties": {
        "id": "osm-au-node-13174858453",
        "name": "Optical Superstore",
        "status": "Mapped",
        "country": "Australia",
        "state": "SA",
        "city": "",
        "postal_code": "",
        "full_address": "Australia",
        "phone": "",
        "official_url": "https://www.openstreetmap.org/node/13174858453",
        "services": "Optical / optician listing",
        "audiology": "false",
        "source_url": "https://www.openstreetmap.org/node/13174858453",
        "source_confidence": "Community-mapped"
      }
    },
    {
      "type": "Feature",
      "geometry": {
        "type": "Point",
        "coordinates": [
          138.6550234,
          -34.8554983
        ]
      },
      "properties": {
        "id": "osm-au-node-13189720700",
        "name": "Optical Superstore",
        "status": "Mapped",
        "country": "Australia",
        "state": "SA",
        "city": "",
        "postal_code": "5086",
        "full_address": "5086, Australia",
        "phone": "+61 8 8261 2711",
        "official_url": "https://opticalsuperstore.com.au/",
        "services": "Optical / optician listing",
        "audiology": "false",
        "source_url": "https://www.openstreetmap.org/node/13189720700",
        "source_confidence": "Community-mapped"
      }
    },
    {
      "type": "Feature",
      "geometry": {
        "type": "Point",
        "coordinates": [
          138.6480254,
          -34.830364
        ]
      },
      "properties": {
        "id": "osm-au-node-13253287112",
        "name": "Optical Superstore",
        "status": "Mapped",
        "country": "Australia",
        "state": "SA",
        "city": "",
        "postal_code": "",
        "full_address": "Australia",
        "phone": "",
        "official_url": "https://www.openstreetmap.org/node/13253287112",
        "services": "Optical / optician listing",
        "audiology": "false",
        "source_url": "https://www.openstreetmap.org/node/13253287112",
        "source_confidence": "Community-mapped"
      }
    },
    {
      "type": "Feature",
      "geometry": {
        "type": "Point",
        "coordinates": [
          138.5044317,
          -34.8449717
        ]
      },
      "properties": {
        "id": "osm-au-node-4744133082",
        "name": "Port Adelaide Eyewear",
        "status": "Mapped",
        "country": "Australia",
        "state": "SA",
        "city": "",
        "postal_code": "",
        "full_address": "Australia",
        "phone": "",
        "official_url": "https://www.openstreetmap.org/node/4744133082",
        "services": "Optical / optician listing",
        "audiology": "false",
        "source_url": "https://www.openstreetmap.org/node/4744133082",
        "source_confidence": "Community-mapped"
      }
    },
    {
      "type": "Feature",
      "geometry": {
        "type": "Point",
        "coordinates": [
          140.5697924,
          -34.4516536
        ]
      },
      "properties": {
        "id": "osm-au-way-320606401",
        "name": "Riverland Optical",
        "status": "Mapped",
        "country": "Australia",
        "state": "SA",
        "city": "",
        "postal_code": "",
        "full_address": "19 East Terrace, Australia",
        "phone": "+61 8 8584 5131",
        "official_url": "https://www.openstreetmap.org/way/320606401",
        "services": "Optical / optician listing",
        "audiology": "false",
        "source_url": "https://www.openstreetmap.org/way/320606401",
        "source_confidence": "Community-mapped"
      }
    },
    {
      "type": "Feature",
      "geometry": {
        "type": "Point",
        "coordinates": [
          138.5466883,
          -35.0179889
        ]
      },
      "properties": {
        "id": "osm-au-node-4837914521",
        "name": "The Optical Superstore",
        "status": "Mapped",
        "country": "Australia",
        "state": "SA",
        "city": "",
        "postal_code": "",
        "full_address": "Australia",
        "phone": "",
        "official_url": "https://www.openstreetmap.org/node/4837914521",
        "services": "Optical / optician listing",
        "audiology": "false",
        "source_url": "https://www.openstreetmap.org/node/4837914521",
        "source_confidence": "Community-mapped"
      }
    },
    {
      "type": "Feature",
      "geometry": {
        "type": "Point",
        "coordinates": [
          138.6363504,
          -34.9212803
        ]
      },
      "properties": {
        "id": "osm-au-node-7571950286",
        "name": "Thomas & Mackay",
        "status": "Mapped",
        "country": "Australia",
        "state": "SA",
        "city": "",
        "postal_code": "",
        "full_address": "194 The Parade, Australia",
        "phone": "",
        "official_url": "https://www.openstreetmap.org/node/7571950286",
        "services": "Optical / optician listing",
        "audiology": "false",
        "source_url": "https://www.openstreetmap.org/node/7571950286",
        "source_confidence": "Community-mapped"
      }
    },
    {
      "type": "Feature",
      "geometry": {
        "type": "Point",
        "coordinates": [
          138.7357668,
          -35.0154136
        ]
      },
      "properties": {
        "id": "osm-au-node-4671719161",
        "name": "Thomas & Mackay Optometrists",
        "status": "Mapped",
        "country": "Australia",
        "state": "SA",
        "city": "",
        "postal_code": "",
        "full_address": "Australia",
        "phone": "",
        "official_url": "https://www.openstreetmap.org/node/4671719161",
        "services": "Optical / optician listing",
        "audiology": "false",
        "source_url": "https://www.openstreetmap.org/node/4671719161",
        "source_confidence": "Community-mapped"
      }
    },
    {
      "type": "Feature",
      "geometry": {
        "type": "Point",
        "coordinates": [
          138.6038582,
          -33.2050922
        ]
      },
      "properties": {
        "id": "osm-au-node-8019782385",
        "name": "JM Optical",
        "status": "Mapped",
        "country": "Australia",
        "state": "SA",
        "city": "Jamestown",
        "postal_code": "5491",
        "full_address": "82 Ayr Street, Jamestown, 5491, Australia",
        "phone": "",
        "official_url": "https://www.openstreetmap.org/node/8019782385",
        "services": "Optical / optician listing",
        "audiology": "false",
        "source_url": "https://www.openstreetmap.org/node/8019782385",
        "source_confidence": "Community-mapped"
      }
    },
    {
      "type": "Feature",
      "geometry": {
        "type": "Point",
        "coordinates": [
          138.5965148,
          -34.9083352
        ]
      },
      "properties": {
        "id": "osm-au-node-2415680869",
        "name": "Optometrists on O'Connell",
        "status": "Mapped",
        "country": "Australia",
        "state": "SA",
        "city": "North Adelaide",
        "postal_code": "5006",
        "full_address": "27 O'Connell Street, North Adelaide, 5006, Australia",
        "phone": "",
        "official_url": "https://www.openstreetmap.org/node/2415680869",
        "services": "Optical / optician listing",
        "audiology": "false",
        "source_url": "https://www.openstreetmap.org/node/2415680869",
        "source_confidence": "Community-mapped"
      }
    },
    {
      "type": "Feature",
      "geometry": {
        "type": "Point",
        "coordinates": [
          138.6238155,
          -35.5502539
        ]
      },
      "properties": {
        "id": "osm-au-node-949241785",
        "name": "See Optometry",
        "status": "Mapped",
        "country": "Australia",
        "state": "SA",
        "city": "Victor Harbor",
        "postal_code": "5211",
        "full_address": "157 Hindmarsh Road, Victor Harbor, 5211, Australia",
        "phone": "+61 8 8552 9055",
        "official_url": "https://www.openstreetmap.org/node/949241785",
        "services": "Optical / optician listing",
        "audiology": "false",
        "source_url": "https://www.openstreetmap.org/node/949241785",
        "source_confidence": "Community-mapped"
      }
    },
    {
      "type": "Feature",
      "geometry": {
        "type": "Point",
        "coordinates": [
          147.3262385,
          -42.8823153
        ]
      },
      "properties": {
        "id": "osm-au-node-12319412167",
        "name": "Bupa",
        "status": "Mapped",
        "country": "Australia",
        "state": "TAS",
        "city": "",
        "postal_code": "",
        "full_address": "Australia",
        "phone": "",
        "official_url": "https://www.openstreetmap.org/node/12319412167",
        "services": "Optical / optician listing",
        "audiology": "false",
        "source_url": "https://www.openstreetmap.org/node/12319412167",
        "source_confidence": "Community-mapped"
      }
    },
    {
      "type": "Feature",
      "geometry": {
        "type": "Point",
        "coordinates": [
          147.3263596,
          -42.8822524
        ]
      },
      "properties": {
        "id": "osm-au-node-10657322959",
        "name": "Bupa Optical",
        "status": "Mapped",
        "country": "Australia",
        "state": "TAS",
        "city": "",
        "postal_code": "",
        "full_address": "Australia",
        "phone": "",
        "official_url": "https://www.openstreetmap.org/node/10657322959",
        "services": "Optical / optician listing",
        "audiology": "false",
        "source_url": "https://www.openstreetmap.org/node/10657322959",
        "source_confidence": "Community-mapped"
      }
    },
    {
      "type": "Feature",
      "geometry": {
        "type": "Point",
        "coordinates": [
          146.5405804,
          -41.1601507
        ]
      },
      "properties": {
        "id": "osm-au-node-2597738483",
        "name": "Davis Eye Care",
        "status": "Mapped",
        "country": "Australia",
        "state": "TAS",
        "city": "",
        "postal_code": "",
        "full_address": "Australia",
        "phone": "",
        "official_url": "https://www.openstreetmap.org/node/2597738483",
        "services": "Optical / optician listing",
        "audiology": "false",
        "source_url": "https://www.openstreetmap.org/node/2597738483",
        "source_confidence": "Community-mapped"
      }
    },
    {
      "type": "Feature",
      "geometry": {
        "type": "Point",
        "coordinates": [
          146.3614967,
          -41.180158
        ]
      },
      "properties": {
        "id": "osm-au-node-9988342653",
        "name": "Davis Eyecare",
        "status": "Mapped",
        "country": "Australia",
        "state": "TAS",
        "city": "",
        "postal_code": "",
        "full_address": "Australia",
        "phone": "",
        "official_url": "https://www.openstreetmap.org/node/9988342653",
        "services": "Optical / optician listing",
        "audiology": "false",
        "source_url": "https://www.openstreetmap.org/node/9988342653",
        "source_confidence": "Community-mapped"
      }
    },
    {
      "type": "Feature",
      "geometry": {
        "type": "Point",
        "coordinates": [
          147.0428287,
          -41.3645699
        ]
      },
      "properties": {
        "id": "osm-au-node-1808405751",
        "name": "Eyelines",
        "status": "Mapped",
        "country": "Australia",
        "state": "TAS",
        "city": "",
        "postal_code": "",
        "full_address": "Australia",
        "phone": "",
        "official_url": "https://www.eyelines.com.au/",
        "services": "Optical / optician listing",
        "audiology": "false",
        "source_url": "https://www.openstreetmap.org/node/1808405751",
        "source_confidence": "Community-mapped"
      }
    },
    {
      "type": "Feature",
      "geometry": {
        "type": "Point",
        "coordinates": [
          145.9052447,
          -41.0521419
        ]
      },
      "properties": {
        "id": "osm-au-node-2678282621",
        "name": "Eyelines",
        "status": "Mapped",
        "country": "Australia",
        "state": "TAS",
        "city": "",
        "postal_code": "",
        "full_address": "Australia",
        "phone": "",
        "official_url": "https://www.openstreetmap.org/node/2678282621",
        "services": "Optical / optician listing",
        "audiology": "false",
        "source_url": "https://www.openstreetmap.org/node/2678282621",
        "source_confidence": "Community-mapped"
      }
    },
    {
      "type": "Feature",
      "geometry": {
        "type": "Point",
        "coordinates": [
          147.3294074,
          -42.8986159
        ]
      },
      "properties": {
        "id": "osm-au-node-9882917847",
        "name": "Optometry Tasmania",
        "status": "Mapped",
        "country": "Australia",
        "state": "TAS",
        "city": "",
        "postal_code": "",
        "full_address": "Australia",
        "phone": "",
        "official_url": "https://www.openstreetmap.org/node/9882917847",
        "services": "Optical / optician listing",
        "audiology": "false",
        "source_url": "https://www.openstreetmap.org/node/9882917847",
        "source_confidence": "Community-mapped"
      }
    },
    {
      "type": "Feature",
      "geometry": {
        "type": "Point",
        "coordinates": [
          147.3285659,
          -42.8958234
        ]
      },
      "properties": {
        "id": "osm-au-node-2376749009",
        "name": "Optomeyes",
        "status": "Mapped",
        "country": "Australia",
        "state": "TAS",
        "city": "",
        "postal_code": "",
        "full_address": "Australia",
        "phone": "",
        "official_url": "https://www.openstreetmap.org/node/2376749009",
        "services": "Optical / optician listing",
        "audiology": "false",
        "source_url": "https://www.openstreetmap.org/node/2376749009",
        "source_confidence": "Community-mapped"
      }
    },
    {
      "type": "Feature",
      "geometry": {
        "type": "Point",
        "coordinates": [
          145.7254755,
          -40.9900644
        ]
      },
      "properties": {
        "id": "osm-au-node-3148788170",
        "name": "Optomeyes",
        "status": "Mapped",
        "country": "Australia",
        "state": "TAS",
        "city": "",
        "postal_code": "",
        "full_address": "Australia",
        "phone": "",
        "official_url": "https://www.openstreetmap.org/node/3148788170",
        "services": "Optical / optician listing",
        "audiology": "false",
        "source_url": "https://www.openstreetmap.org/node/3148788170",
        "source_confidence": "Community-mapped"
      }
    },
    {
      "type": "Feature",
      "geometry": {
        "type": "Point",
        "coordinates": [
          147.0617806,
          -42.7811602
        ]
      },
      "properties": {
        "id": "osm-au-node-3919500461",
        "name": "Total Eyecare",
        "status": "Mapped",
        "country": "Australia",
        "state": "TAS",
        "city": "",
        "postal_code": "",
        "full_address": "Australia",
        "phone": "",
        "official_url": "https://www.openstreetmap.org/node/3919500461",
        "services": "Optical / optician listing",
        "audiology": "false",
        "source_url": "https://www.openstreetmap.org/node/3919500461",
        "source_confidence": "Community-mapped"
      }
    },
    {
      "type": "Feature",
      "geometry": {
        "type": "Point",
        "coordinates": [
          147.3297125,
          -42.8828832
        ]
      },
      "properties": {
        "id": "osm-au-node-4613613189",
        "name": "Total Eyecare",
        "status": "Mapped",
        "country": "Australia",
        "state": "TAS",
        "city": "",
        "postal_code": "",
        "full_address": "Australia",
        "phone": "",
        "official_url": "https://www.openstreetmap.org/node/4613613189",
        "services": "Optical / optician listing",
        "audiology": "false",
        "source_url": "https://www.openstreetmap.org/node/4613613189",
        "source_confidence": "Community-mapped"
      }
    },
    {
      "type": "Feature",
      "geometry": {
        "type": "Point",
        "coordinates": [
          145.9058352,
          -41.0510045
        ]
      },
      "properties": {
        "id": "osm-au-node-2746896734",
        "name": "Chris Dobson Optometrist",
        "status": "Mapped",
        "country": "Australia",
        "state": "TAS",
        "city": "Burnie",
        "postal_code": "7320",
        "full_address": "29 Wilmot Street, Burnie, 7320, Australia",
        "phone": "+61 3 6431 3422",
        "official_url": "https://www.openstreetmap.org/node/2746896734",
        "services": "Optical / optician listing",
        "audiology": "false",
        "source_url": "https://www.openstreetmap.org/node/2746896734",
        "source_confidence": "Community-mapped"
      }
    },
    {
      "type": "Feature",
      "geometry": {
        "type": "Point",
        "coordinates": [
          146.3604964,
          -41.1794864
        ]
      },
      "properties": {
        "id": "osm-au-node-9983421754",
        "name": "Eyelines",
        "status": "Mapped",
        "country": "Australia",
        "state": "TAS",
        "city": "Devonport",
        "postal_code": "7310",
        "full_address": "Rooke Street, Devonport, 7310, Australia",
        "phone": "",
        "official_url": "https://www.openstreetmap.org/node/9983421754",
        "services": "Optical / optician listing",
        "audiology": "false",
        "source_url": "https://www.openstreetmap.org/node/9983421754",
        "source_confidence": "Community-mapped"
      }
    },
    {
      "type": "Feature",
      "geometry": {
        "type": "Point",
        "coordinates": [
          147.3276045,
          -42.8948109
        ]
      },
      "properties": {
        "id": "osm-au-node-2365319231",
        "name": "Total Eyecare Optometrists",
        "status": "Mapped",
        "country": "Australia",
        "state": "TAS",
        "city": "Sandy Bay",
        "postal_code": "7005",
        "full_address": "9 Magnet Court, Sandy Bay, 7005, Australia",
        "phone": "+61 3 6223 5940",
        "official_url": "https://totaleyecare.com.au/",
        "services": "Optical / optician listing",
        "audiology": "false",
        "source_url": "https://www.openstreetmap.org/node/2365319231",
        "source_confidence": "Community-mapped"
      }
    },
    {
      "type": "Feature",
      "geometry": {
        "type": "Point",
        "coordinates": [
          146.1717468,
          -41.1566572
        ]
      },
      "properties": {
        "id": "osm-au-node-6057522187",
        "name": "Ian Liley Optometrist",
        "status": "Mapped",
        "country": "Australia",
        "state": "TAS",
        "city": "Ulverstone",
        "postal_code": "7315",
        "full_address": "32 King Edward Street, Ulverstone, 7315, Australia",
        "phone": "",
        "official_url": "https://www.openstreetmap.org/node/6057522187",
        "services": "Optical / optician listing",
        "audiology": "false",
        "source_url": "https://www.openstreetmap.org/node/6057522187",
        "source_confidence": "Community-mapped"
      }
    },
    {
      "type": "Feature",
      "geometry": {
        "type": "Point",
        "coordinates": [
          145.1208408,
          -37.8196033
        ]
      },
      "properties": {
        "id": "osm-au-node-12121721359",
        "name": "1001 Optical",
        "status": "Mapped",
        "country": "Australia",
        "state": "VIC",
        "city": "",
        "postal_code": "",
        "full_address": "Australia",
        "phone": "",
        "official_url": "https://www.openstreetmap.org/node/12121721359",
        "services": "Optical / optician listing",
        "audiology": "false",
        "source_url": "https://www.openstreetmap.org/node/12121721359",
        "source_confidence": "Community-mapped"
      }
    },
    {
      "type": "Feature",
      "geometry": {
        "type": "Point",
        "coordinates": [
          145.5902248,
          -38.6051338
        ]
      },
      "properties": {
        "id": "osm-au-node-10774441654",
        "name": "Akers Eyewear",
        "status": "Mapped",
        "country": "Australia",
        "state": "VIC",
        "city": "",
        "postal_code": "",
        "full_address": "19 Murray Street, Australia",
        "phone": "",
        "official_url": "https://www.openstreetmap.org/node/10774441654",
        "services": "Optical / optician listing",
        "audiology": "false",
        "source_url": "https://www.openstreetmap.org/node/10774441654",
        "source_confidence": "Community-mapped"
      }
    },
    {
      "type": "Feature",
      "geometry": {
        "type": "Point",
        "coordinates": [
          145.1107427,
          -37.837465
        ]
      },
      "properties": {
        "id": "osm-au-node-4066348933",
        "name": "Amca",
        "status": "Mapped",
        "country": "Australia",
        "state": "VIC",
        "city": "",
        "postal_code": "",
        "full_address": "Australia",
        "phone": "",
        "official_url": "https://www.openstreetmap.org/node/4066348933",
        "services": "Optical / optician listing",
        "audiology": "false",
        "source_url": "https://www.openstreetmap.org/node/4066348933",
        "source_confidence": "Community-mapped"
      }
    },
    {
      "type": "Feature",
      "geometry": {
        "type": "Point",
        "coordinates": [
          142.1618395,
          -34.1841549
        ]
      },
      "properties": {
        "id": "osm-au-node-6457257749",
        "name": "Blue Frog Optics",
        "status": "Mapped",
        "country": "Australia",
        "state": "VIC",
        "city": "",
        "postal_code": "",
        "full_address": "Australia",
        "phone": "",
        "official_url": "https://www.openstreetmap.org/node/6457257749",
        "services": "Optical / optician listing",
        "audiology": "false",
        "source_url": "https://www.openstreetmap.org/node/6457257749",
        "source_confidence": "Community-mapped"
      }
    },
    {
      "type": "Feature",
      "geometry": {
        "type": "Point",
        "coordinates": [
          144.9868245,
          -37.8032684
        ]
      },
      "properties": {
        "id": "osm-au-node-2310667483",
        "name": "Boll\u00e9 Factory Outlet",
        "status": "Mapped",
        "country": "Australia",
        "state": "VIC",
        "city": "",
        "postal_code": "",
        "full_address": "172 Wellington Street, Australia",
        "phone": "",
        "official_url": "https://www.openstreetmap.org/node/2310667483",
        "services": "Optical / optician listing",
        "audiology": "false",
        "source_url": "https://www.openstreetmap.org/node/2310667483",
        "source_confidence": "Community-mapped"
      }
    },
    {
      "type": "Feature",
      "geometry": {
        "type": "Point",
        "coordinates": [
          145.0930959,
          -37.7921923
        ]
      },
      "properties": {
        "id": "osm-au-node-5152973323",
        "name": "Boroondara Eye Care",
        "status": "Mapped",
        "country": "Australia",
        "state": "VIC",
        "city": "",
        "postal_code": "",
        "full_address": "Australia",
        "phone": "",
        "official_url": "https://www.openstreetmap.org/node/5152973323",
        "services": "Optical / optician listing",
        "audiology": "false",
        "source_url": "https://www.openstreetmap.org/node/5152973323",
        "source_confidence": "Community-mapped"
      }
    },
    {
      "type": "Feature",
      "geometry": {
        "type": "Point",
        "coordinates": [
          144.9943682,
          -37.9136739
        ]
      },
      "properties": {
        "id": "osm-au-way-1031903263",
        "name": "Brighton Eyewear",
        "status": "Mapped",
        "country": "Australia",
        "state": "VIC",
        "city": "",
        "postal_code": "",
        "full_address": "49 Church Street, Australia",
        "phone": "+61 3 9592 4267",
        "official_url": "https://www.openstreetmap.org/way/1031903263",
        "services": "Optical / optician listing",
        "audiology": "false",
        "source_url": "https://www.openstreetmap.org/way/1031903263",
        "source_confidence": "Community-mapped"
      }
    },
    {
      "type": "Feature",
      "geometry": {
        "type": "Point",
        "coordinates": [
          145.0918238,
          -37.7658978
        ]
      },
      "properties": {
        "id": "osm-au-way-1550521169",
        "name": "Bulleen Eyecare",
        "status": "Mapped",
        "country": "Australia",
        "state": "VIC",
        "city": "",
        "postal_code": "",
        "full_address": "Australia",
        "phone": "",
        "official_url": "https://www.openstreetmap.org/way/1550521169",
        "services": "Optical / optician listing",
        "audiology": "false",
        "source_url": "https://www.openstreetmap.org/way/1550521169",
        "source_confidence": "Community-mapped"
      }
    },
    {
      "type": "Feature",
      "geometry": {
        "type": "Point",
        "coordinates": [
          144.9594299,
          -37.6875166
        ]
      },
      "properties": {
        "id": "osm-au-node-3953229690",
        "name": "Campbellfield Eyecare",
        "status": "Mapped",
        "country": "Australia",
        "state": "VIC",
        "city": "",
        "postal_code": "",
        "full_address": "Shop 1B1 Hume Highway, Australia",
        "phone": "+61 3 9357 4428",
        "official_url": "https://www.openstreetmap.org/node/3953229690",
        "services": "Optical / optician listing",
        "audiology": "false",
        "source_url": "https://www.openstreetmap.org/node/3953229690",
        "source_confidence": "Community-mapped"
      }
    },
    {
      "type": "Feature",
      "geometry": {
        "type": "Point",
        "coordinates": [
          145.1493893,
          -37.7888524
        ]
      },
      "properties": {
        "id": "osm-au-node-11145701652",
        "name": "Care4eyes",
        "status": "Mapped",
        "country": "Australia",
        "state": "VIC",
        "city": "",
        "postal_code": "",
        "full_address": "44 Jackson Court, Australia",
        "phone": "+61 3 9848 2766",
        "official_url": "https://www.openstreetmap.org/node/11145701652",
        "services": "Optical / optician listing",
        "audiology": "false",
        "source_url": "https://www.openstreetmap.org/node/11145701652",
        "source_confidence": "Community-mapped"
      }
    },
    {
      "type": "Feature",
      "geometry": {
        "type": "Point",
        "coordinates": [
          144.9775973,
          -37.7814719
        ]
      },
      "properties": {
        "id": "osm-au-way-771544870",
        "name": "Carlton Eyecare Consultants",
        "status": "Mapped",
        "country": "Australia",
        "state": "VIC",
        "city": "",
        "postal_code": "3054",
        "full_address": "761 Nicholson Street, 3054, Australia",
        "phone": "",
        "official_url": "https://carltoneyecare.com.au/",
        "services": "Optical / optician listing",
        "audiology": "false",
        "source_url": "https://www.openstreetmap.org/way/771544870",
        "source_confidence": "Community-mapped"
      }
    },
    {
      "type": "Feature",
      "geometry": {
        "type": "Point",
        "coordinates": [
          145.0655454,
          -37.7423645
        ]
      },
      "properties": {
        "id": "osm-au-node-4060966864",
        "name": "Collin & kirk",
        "status": "Mapped",
        "country": "Australia",
        "state": "VIC",
        "city": "",
        "postal_code": "",
        "full_address": "Australia",
        "phone": "",
        "official_url": "https://www.openstreetmap.org/node/4060966864",
        "services": "Optical / optician listing",
        "audiology": "false",
        "source_url": "https://www.openstreetmap.org/node/4060966864",
        "source_confidence": "Community-mapped"
      }
    },
    {
      "type": "Feature",
      "geometry": {
        "type": "Point",
        "coordinates": [
          145.1127807,
          -37.7732982
        ]
      },
      "properties": {
        "id": "osm-au-node-12418114627",
        "name": "Complete Optical",
        "status": "Mapped",
        "country": "Australia",
        "state": "VIC",
        "city": "",
        "postal_code": "",
        "full_address": "325 Manningham Road, Australia",
        "phone": "",
        "official_url": "https://www.openstreetmap.org/node/12418114627",
        "services": "Optical / optician listing",
        "audiology": "false",
        "source_url": "https://www.openstreetmap.org/node/12418114627",
        "source_confidence": "Community-mapped"
      }
    },
    {
      "type": "Feature",
      "geometry": {
        "type": "Point",
        "coordinates": [
          145.282986,
          -38.1101879
        ]
      },
      "properties": {
        "id": "osm-au-way-637166859",
        "name": "Cranbourne Vision Care",
        "status": "Mapped",
        "country": "Australia",
        "state": "VIC",
        "city": "",
        "postal_code": "",
        "full_address": "111 High Street, Australia",
        "phone": "",
        "official_url": "https://www.openstreetmap.org/way/637166859",
        "services": "Optical / optician listing",
        "audiology": "false",
        "source_url": "https://www.openstreetmap.org/way/637166859",
        "source_confidence": "Community-mapped"
      }
    },
    {
      "type": "Feature",
      "geometry": {
        "type": "Point",
        "coordinates": [
          145.1512461,
          -37.9513399
        ]
      },
      "properties": {
        "id": "osm-au-node-5203746943",
        "name": "Crystal Eyecare",
        "status": "Mapped",
        "country": "Australia",
        "state": "VIC",
        "city": "",
        "postal_code": "",
        "full_address": "Australia",
        "phone": "",
        "official_url": "https://www.openstreetmap.org/node/5203746943",
        "services": "Optical / optician listing",
        "audiology": "false",
        "source_url": "https://www.openstreetmap.org/node/5203746943",
        "source_confidence": "Community-mapped"
      }
    },
    {
      "type": "Feature",
      "geometry": {
        "type": "Point",
        "coordinates": [
          143.8307864,
          -37.5404695
        ]
      },
      "properties": {
        "id": "osm-au-way-148877743",
        "name": "Darryl Wilson & Associates",
        "status": "Mapped",
        "country": "Australia",
        "state": "VIC",
        "city": "",
        "postal_code": "3355",
        "full_address": "1201B Howitt Street, 3355, Australia",
        "phone": "+61 3 5339 4561",
        "official_url": "https://www.darrylwilson.com.au/",
        "services": "Optical / optician listing",
        "audiology": "false",
        "source_url": "https://www.openstreetmap.org/way/148877743",
        "source_confidence": "Community-mapped"
      }
    },
    {
      "type": "Feature",
      "geometry": {
        "type": "Point",
        "coordinates": [
          145.1700793,
          -37.7919663
        ]
      },
      "properties": {
        "id": "osm-au-node-493891538",
        "name": "Donvale Optical",
        "status": "Mapped",
        "country": "Australia",
        "state": "VIC",
        "city": "",
        "postal_code": "",
        "full_address": "Australia",
        "phone": "+61 3 9842 8442",
        "official_url": "https://www.openstreetmap.org/node/493891538",
        "services": "Optical / optician listing",
        "audiology": "false",
        "source_url": "https://www.openstreetmap.org/node/493891538",
        "source_confidence": "Community-mapped"
      }
    },
    {
      "type": "Feature",
      "geometry": {
        "type": "Point",
        "coordinates": [
          145.1507984,
          -37.9506545
        ]
      },
      "properties": {
        "id": "osm-au-node-5402564830",
        "name": "Dream Eyes",
        "status": "Mapped",
        "country": "Australia",
        "state": "VIC",
        "city": "",
        "postal_code": "",
        "full_address": "F13, Australia",
        "phone": "",
        "official_url": "https://www.openstreetmap.org/node/5402564830",
        "services": "Optical / optician listing",
        "audiology": "false",
        "source_url": "https://www.openstreetmap.org/node/5402564830",
        "source_confidence": "Community-mapped"
      }
    },
    {
      "type": "Feature",
      "geometry": {
        "type": "Point",
        "coordinates": [
          144.9834796,
          -37.8024607
        ]
      },
      "properties": {
        "id": "osm-au-node-1077951944",
        "name": "Dresden Optics",
        "status": "Mapped",
        "country": "Australia",
        "state": "VIC",
        "city": "",
        "postal_code": "",
        "full_address": "225 Smith Street, Australia",
        "phone": "+61 3 9417 0527",
        "official_url": "https://dresden.com.au/",
        "services": "Optical / optician listing",
        "audiology": "false",
        "source_url": "https://www.openstreetmap.org/node/1077951944",
        "source_confidence": "Community-mapped"
      }
    },
    {
      "type": "Feature",
      "geometry": {
        "type": "Point",
        "coordinates": [
          145.1488002,
          -37.7142819
        ]
      },
      "properties": {
        "id": "osm-au-node-10814212741",
        "name": "Eltham Eyecare",
        "status": "Mapped",
        "country": "Australia",
        "state": "VIC",
        "city": "",
        "postal_code": "",
        "full_address": "Australia",
        "phone": "+61 3 9439 1311",
        "official_url": "https://www.elthameyecare.com.au/",
        "services": "Optical / optician listing",
        "audiology": "false",
        "source_url": "https://www.openstreetmap.org/node/10814212741",
        "source_confidence": "Community-mapped"
      }
    },
    {
      "type": "Feature",
      "geometry": {
        "type": "Point",
        "coordinates": [
          145.1487028,
          -37.7140522
        ]
      },
      "properties": {
        "id": "osm-au-node-10814212736",
        "name": "Eltham Optical",
        "status": "Mapped",
        "country": "Australia",
        "state": "VIC",
        "city": "",
        "postal_code": "",
        "full_address": "Australia",
        "phone": "",
        "official_url": "https://www.openstreetmap.org/node/10814212736",
        "services": "Optical / optician listing",
        "audiology": "false",
        "source_url": "https://www.openstreetmap.org/node/10814212736",
        "source_confidence": "Community-mapped"
      }
    },
    {
      "type": "Feature",
      "geometry": {
        "type": "Point",
        "coordinates": [
          145.0585292,
          -37.8843847
        ]
      },
      "properties": {
        "id": "osm-au-node-5341866324",
        "name": "Evergreen Optical",
        "status": "Mapped",
        "country": "Australia",
        "state": "VIC",
        "city": "",
        "postal_code": "",
        "full_address": "Australia",
        "phone": "",
        "official_url": "https://www.openstreetmap.org/node/5341866324",
        "services": "Optical / optician listing",
        "audiology": "false",
        "source_url": "https://www.openstreetmap.org/node/5341866324",
        "source_confidence": "Community-mapped"
      }
    },
    {
      "type": "Feature",
      "geometry": {
        "type": "Point",
        "coordinates": [
          144.8991381,
          -37.8003511
        ]
      },
      "properties": {
        "id": "osm-au-way-636860762",
        "name": "Eye & I",
        "status": "Mapped",
        "country": "Australia",
        "state": "VIC",
        "city": "",
        "postal_code": "",
        "full_address": "102 Nicholson Street, Australia",
        "phone": "",
        "official_url": "https://www.openstreetmap.org/way/636860762",
        "services": "Optical / optician listing",
        "audiology": "false",
        "source_url": "https://www.openstreetmap.org/way/636860762",
        "source_confidence": "Community-mapped"
      }
    },
    {
      "type": "Feature",
      "geometry": {
        "type": "Point",
        "coordinates": [
          145.0577162,
          -37.8871944
        ]
      },
      "properties": {
        "id": "osm-au-way-631561723",
        "name": "Eye Dentity",
        "status": "Mapped",
        "country": "Australia",
        "state": "VIC",
        "city": "",
        "postal_code": "",
        "full_address": "80B Koornang Road, Australia",
        "phone": "",
        "official_url": "https://www.openstreetmap.org/way/631561723",
        "services": "Optical / optician listing",
        "audiology": "false",
        "source_url": "https://www.openstreetmap.org/way/631561723",
        "source_confidence": "Community-mapped"
      }
    },
    {
      "type": "Feature",
      "geometry": {
        "type": "Point",
        "coordinates": [
          144.3591594,
          -38.1470166
        ]
      },
      "properties": {
        "id": "osm-au-way-865564237",
        "name": "Eye Gallery",
        "status": "Mapped",
        "country": "Australia",
        "state": "VIC",
        "city": "",
        "postal_code": "",
        "full_address": "20 Malop Street, Australia",
        "phone": "+61 3 5222 1260",
        "official_url": "https://eyegallery.net.au",
        "services": "Optical / optician listing",
        "audiology": "false",
        "source_url": "https://www.openstreetmap.org/way/865564237",
        "source_confidence": "Community-mapped"
      }
    },
    {
      "type": "Feature",
      "geometry": {
        "type": "Point",
        "coordinates": [
          144.9007029,
          -37.8000066
        ]
      },
      "properties": {
        "id": "osm-au-node-5999588645",
        "name": "Eye Max Optical",
        "status": "Mapped",
        "country": "Australia",
        "state": "VIC",
        "city": "",
        "postal_code": "",
        "full_address": "125 Hopkins Street, Australia",
        "phone": "",
        "official_url": "https://www.openstreetmap.org/node/5999588645",
        "services": "Optical / optician listing",
        "audiology": "false",
        "source_url": "https://www.openstreetmap.org/node/5999588645",
        "source_confidence": "Community-mapped"
      }
    },
    {
      "type": "Feature",
      "geometry": {
        "type": "Point",
        "coordinates": [
          145.1524449,
          -37.9528383
        ]
      },
      "properties": {
        "id": "osm-au-way-537154052",
        "name": "Eye Society",
        "status": "Mapped",
        "country": "Australia",
        "state": "VIC",
        "city": "",
        "postal_code": "",
        "full_address": "365, Australia",
        "phone": "",
        "official_url": "https://www.openstreetmap.org/way/537154052",
        "services": "Optical / optician listing",
        "audiology": "false",
        "source_url": "https://www.openstreetmap.org/way/537154052",
        "source_confidence": "Community-mapped"
      }
    },
    {
      "type": "Feature",
      "geometry": {
        "type": "Point",
        "coordinates": [
          145.1513297,
          -37.950875
        ]
      },
      "properties": {
        "id": "osm-au-node-4041199624",
        "name": "EyeCare Plus",
        "status": "Mapped",
        "country": "Australia",
        "state": "VIC",
        "city": "",
        "postal_code": "",
        "full_address": "37A Buckingham Avenue, Australia",
        "phone": "",
        "official_url": "https://www.openstreetmap.org/node/4041199624",
        "services": "Optical / optician listing",
        "audiology": "false",
        "source_url": "https://www.openstreetmap.org/node/4041199624",
        "source_confidence": "Community-mapped"
      }
    },
    {
      "type": "Feature",
      "geometry": {
        "type": "Point",
        "coordinates": [
          144.9897716,
          -37.7887699
        ]
      },
      "properties": {
        "id": "osm-au-node-10705975016",
        "name": "Eyecare Plus",
        "status": "Mapped",
        "country": "Australia",
        "state": "VIC",
        "city": "",
        "postal_code": "3068",
        "full_address": "302 Queens Parade, 3068, Australia",
        "phone": "",
        "official_url": "https://www.eyecareplus.com.au/",
        "services": "Optical / optician listing",
        "audiology": "false",
        "source_url": "https://www.openstreetmap.org/node/10705975016",
        "source_confidence": "Community-mapped"
      }
    },
    {
      "type": "Feature",
      "geometry": {
        "type": "Point",
        "coordinates": [
          145.0739169,
          -37.9674419
        ]
      },
      "properties": {
        "id": "osm-au-node-4066348932",
        "name": "Eyecare Plus",
        "status": "Mapped",
        "country": "Australia",
        "state": "VIC",
        "city": "",
        "postal_code": "",
        "full_address": "Australia",
        "phone": "",
        "official_url": "https://www.openstreetmap.org/node/4066348932",
        "services": "Optical / optician listing",
        "audiology": "false",
        "source_url": "https://www.openstreetmap.org/node/4066348932",
        "source_confidence": "Community-mapped"
      }
    },
    {
      "type": "Feature",
      "geometry": {
        "type": "Point",
        "coordinates": [
          145.0916084,
          -37.8990355
        ]
      },
      "properties": {
        "id": "osm-au-node-6065622279",
        "name": "Eyecare Plus",
        "status": "Mapped",
        "country": "Australia",
        "state": "VIC",
        "city": "",
        "postal_code": "",
        "full_address": "Australia",
        "phone": "",
        "official_url": "https://www.openstreetmap.org/node/6065622279",
        "services": "Optical / optician listing",
        "audiology": "false",
        "source_url": "https://www.openstreetmap.org/node/6065622279",
        "source_confidence": "Community-mapped"
      }
    },
    {
      "type": "Feature",
      "geometry": {
        "type": "Point",
        "coordinates": [
          145.1191581,
          -37.9269261
        ]
      },
      "properties": {
        "id": "osm-au-node-5242024739",
        "name": "Eyeline Optical",
        "status": "Mapped",
        "country": "Australia",
        "state": "VIC",
        "city": "",
        "postal_code": "",
        "full_address": "Australia",
        "phone": "",
        "official_url": "https://www.openstreetmap.org/node/5242024739",
        "services": "Optical / optician listing",
        "audiology": "false",
        "source_url": "https://www.openstreetmap.org/node/5242024739",
        "source_confidence": "Community-mapped"
      }
    },
    {
      "type": "Feature",
      "geometry": {
        "type": "Point",
        "coordinates": [
          144.960091,
          -37.8141059
        ]
      },
      "properties": {
        "id": "osm-au-node-1292397868",
        "name": "Eyes On",
        "status": "Mapped",
        "country": "Australia",
        "state": "VIC",
        "city": "",
        "postal_code": "",
        "full_address": "Australia",
        "phone": "",
        "official_url": "https://www.openstreetmap.org/node/1292397868",
        "services": "Optical / optician listing",
        "audiology": "false",
        "source_url": "https://www.openstreetmap.org/node/1292397868",
        "source_confidence": "Community-mapped"
      }
    },
    {
      "type": "Feature",
      "geometry": {
        "type": "Point",
        "coordinates": [
          144.9432301,
          -37.8198425
        ]
      },
      "properties": {
        "id": "osm-au-node-6699795803",
        "name": "Eyes On",
        "status": "Mapped",
        "country": "Australia",
        "state": "VIC",
        "city": "",
        "postal_code": "",
        "full_address": "Australia",
        "phone": "",
        "official_url": "https://www.openstreetmap.org/node/6699795803",
        "services": "Optical / optician listing",
        "audiology": "false",
        "source_url": "https://www.openstreetmap.org/node/6699795803",
        "source_confidence": "Community-mapped"
      }
    },
    {
      "type": "Feature",
      "geometry": {
        "type": "Point",
        "coordinates": [
          144.9940969,
          -37.9132792
        ]
      },
      "properties": {
        "id": "osm-au-way-1031541532",
        "name": "Eyes On Brighton",
        "status": "Mapped",
        "country": "Australia",
        "state": "VIC",
        "city": "",
        "postal_code": "",
        "full_address": "37 Church Street, Australia",
        "phone": "",
        "official_url": "https://www.openstreetmap.org/way/1031541532",
        "services": "Optical / optician listing",
        "audiology": "false",
        "source_url": "https://www.openstreetmap.org/way/1031541532",
        "source_confidence": "Community-mapped"
      }
    },
    {
      "type": "Feature",
      "geometry": {
        "type": "Point",
        "coordinates": [
          145.5941891,
          -38.60607
        ]
      },
      "properties": {
        "id": "osm-au-way-992371055",
        "name": "Eyes and Optics",
        "status": "Mapped",
        "country": "Australia",
        "state": "VIC",
        "city": "",
        "postal_code": "",
        "full_address": "55 Graham Street, Australia",
        "phone": "",
        "official_url": "https://www.openstreetmap.org/way/992371055",
        "services": "Optical / optician listing",
        "audiology": "false",
        "source_url": "https://www.openstreetmap.org/way/992371055",
        "source_confidence": "Community-mapped"
      }
    },
    {
      "type": "Feature",
      "geometry": {
        "type": "Point",
        "coordinates": [
          145.008853,
          -37.840985
        ]
      },
      "properties": {
        "id": "osm-au-node-1055773701",
        "name": "Eyescan Toorak",
        "status": "Mapped",
        "country": "Australia",
        "state": "VIC",
        "city": "",
        "postal_code": "",
        "full_address": "Australia",
        "phone": "",
        "official_url": "https://www.openstreetmap.org/node/1055773701",
        "services": "Optical / optician listing",
        "audiology": "false",
        "source_url": "https://www.openstreetmap.org/node/1055773701",
        "source_confidence": "Community-mapped"
      }
    },
    {
      "type": "Feature",
      "geometry": {
        "type": "Point",
        "coordinates": [
          144.9665114,
          -37.8008779
        ]
      },
      "properties": {
        "id": "osm-au-node-678347804",
        "name": "Eyetech Optometrists",
        "status": "Mapped",
        "country": "Australia",
        "state": "VIC",
        "city": "",
        "postal_code": "",
        "full_address": "81-85 Grattan Street, Australia",
        "phone": "+61 3 9349 3919",
        "official_url": "https://www.openstreetmap.org/node/678347804",
        "services": "Optical / optician listing",
        "audiology": "false",
        "source_url": "https://www.openstreetmap.org/node/678347804",
        "source_confidence": "Community-mapped"
      }
    },
    {
      "type": "Feature",
      "geometry": {
        "type": "Point",
        "coordinates": [
          144.348843,
          -38.13942
        ]
      },
      "properties": {
        "id": "osm-au-way-266738149",
        "name": "Eyewear on Pako",
        "status": "Mapped",
        "country": "Australia",
        "state": "VIC",
        "city": "",
        "postal_code": "",
        "full_address": "128-134 Pakington Street, Australia",
        "phone": "+61 3 5222 5353",
        "official_url": "https://eyewearonpako.com.au",
        "services": "Optical / optician listing",
        "audiology": "false",
        "source_url": "https://www.openstreetmap.org/way/266738149",
        "source_confidence": "Community-mapped"
      }
    },
    {
      "type": "Feature",
      "geometry": {
        "type": "Point",
        "coordinates": [
          144.2169119,
          -37.06383
        ]
      },
      "properties": {
        "id": "osm-au-node-11699205333",
        "name": "Eyeworks Castlemaine",
        "status": "Mapped",
        "country": "Australia",
        "state": "VIC",
        "city": "",
        "postal_code": "",
        "full_address": "Australia",
        "phone": "",
        "official_url": "https://www.openstreetmap.org/node/11699205333",
        "services": "Optical / optician listing",
        "audiology": "false",
        "source_url": "https://www.openstreetmap.org/node/11699205333",
        "source_confidence": "Community-mapped"
      }
    },
    {
      "type": "Feature",
      "geometry": {
        "type": "Point",
        "coordinates": [
          143.8465665,
          -37.5611019
        ]
      },
      "properties": {
        "id": "osm-au-way-150873536",
        "name": "Fairbanks Eye Gallery",
        "status": "Mapped",
        "country": "Australia",
        "state": "VIC",
        "city": "",
        "postal_code": "3350",
        "full_address": "917A Sturt Street, 3350, Australia",
        "phone": "+61 3 5333 1133",
        "official_url": "https://www.openstreetmap.org/way/150873536",
        "services": "Optical / optician listing",
        "audiology": "false",
        "source_url": "https://www.openstreetmap.org/way/150873536",
        "source_confidence": "Community-mapped"
      }
    },
    {
      "type": "Feature",
      "geometry": {
        "type": "Point",
        "coordinates": [
          144.9001113,
          -37.7980203
        ]
      },
      "properties": {
        "id": "osm-au-node-6033561738",
        "name": "Felix Optometrist",
        "status": "Mapped",
        "country": "Australia",
        "state": "VIC",
        "city": "",
        "postal_code": "",
        "full_address": "Australia",
        "phone": "",
        "official_url": "https://www.openstreetmap.org/node/6033561738",
        "services": "Optical / optician listing",
        "audiology": "false",
        "source_url": "https://www.openstreetmap.org/node/6033561738",
        "source_confidence": "Community-mapped"
      }
    },
    {
      "type": "Feature",
      "geometry": {
        "type": "Point",
        "coordinates": [
          144.9782306,
          -37.7807027
        ]
      },
      "properties": {
        "id": "osm-au-node-7202507522",
        "name": "Fitzroy North Eye Centre",
        "status": "Mapped",
        "country": "Australia",
        "state": "VIC",
        "city": "",
        "postal_code": "",
        "full_address": "798 Nicholson Street, Australia",
        "phone": "+61 3 9481 3381",
        "official_url": "https://fitzroynortheyecentre.com.au/",
        "services": "Optical / optician listing",
        "audiology": "false",
        "source_url": "https://www.openstreetmap.org/node/7202507522",
        "source_confidence": "Community-mapped"
      }
    },
    {
      "type": "Feature",
      "geometry": {
        "type": "Point",
        "coordinates": [
          144.3640014,
          -38.1475037
        ]
      },
      "properties": {
        "id": "osm-au-node-10711723865",
        "name": "GMHBA Health Insurance & Eye Care",
        "status": "Mapped",
        "country": "Australia",
        "state": "VIC",
        "city": "",
        "postal_code": "",
        "full_address": "Australia",
        "phone": "",
        "official_url": "https://www.openstreetmap.org/node/10711723865",
        "services": "Optical / optician listing",
        "audiology": "false",
        "source_url": "https://www.openstreetmap.org/node/10711723865",
        "source_confidence": "Community-mapped"
      }
    },
    {
      "type": "Feature",
      "geometry": {
        "type": "Point",
        "coordinates": [
          144.1426424,
          -37.34309
        ]
      },
      "properties": {
        "id": "osm-au-node-13592054475",
        "name": "George & Matilda",
        "status": "Mapped",
        "country": "Australia",
        "state": "VIC",
        "city": "",
        "postal_code": "",
        "full_address": "75 Vincent Street, Australia",
        "phone": "",
        "official_url": "https://georgeandmatilda.com.au/stores/optometrist-daylesford-vic/",
        "services": "Optical / optician listing",
        "audiology": "false",
        "source_url": "https://www.openstreetmap.org/node/13592054475",
        "source_confidence": "Community-mapped"
      }
    },
    {
      "type": "Feature",
      "geometry": {
        "type": "Point",
        "coordinates": [
          142.0227471,
          -37.7438564
        ]
      },
      "properties": {
        "id": "osm-au-node-1391960501",
        "name": "Glenn Howell Optometrist",
        "status": "Mapped",
        "country": "Australia",
        "state": "VIC",
        "city": "",
        "postal_code": "",
        "full_address": "85-87 Gray Street, Australia",
        "phone": "+61 3 5572 2185",
        "official_url": "https://www.glennhowell.com.au/",
        "services": "Optical / optician listing",
        "audiology": "false",
        "source_url": "https://www.openstreetmap.org/node/1391960501",
        "source_confidence": "Community-mapped"
      }
    },
    {
      "type": "Feature",
      "geometry": {
        "type": "Point",
        "coordinates": [
          144.9630516,
          -37.8126108
        ]
      },
      "properties": {
        "id": "osm-au-node-13794345661",
        "name": "Henderson Optical",
        "status": "Mapped",
        "country": "Australia",
        "state": "VIC",
        "city": "",
        "postal_code": "",
        "full_address": "Australia",
        "phone": "",
        "official_url": "https://www.openstreetmap.org/node/13794345661",
        "services": "Optical / optician listing",
        "audiology": "false",
        "source_url": "https://www.openstreetmap.org/node/13794345661",
        "source_confidence": "Community-mapped"
      }
    },
    {
      "type": "Feature",
      "geometry": {
        "type": "Point",
        "coordinates": [
          145.0427118,
          -37.7683315
        ]
      },
      "properties": {
        "id": "osm-au-node-4064596156",
        "name": "Ivanhoe Optical",
        "status": "Mapped",
        "country": "Australia",
        "state": "VIC",
        "city": "",
        "postal_code": "",
        "full_address": "Australia",
        "phone": "",
        "official_url": "https://www.openstreetmap.org/node/4064596156",
        "services": "Optical / optician listing",
        "audiology": "false",
        "source_url": "https://www.openstreetmap.org/node/4064596156",
        "source_confidence": "Community-mapped"
      }
    },
    {
      "type": "Feature",
      "geometry": {
        "type": "Point",
        "coordinates": [
          145.0246518,
          -37.8736227
        ]
      },
      "properties": {
        "id": "osm-au-node-13451811746",
        "name": "J F Optical",
        "status": "Mapped",
        "country": "Australia",
        "state": "VIC",
        "city": "",
        "postal_code": "",
        "full_address": "Australia",
        "phone": "",
        "official_url": "https://www.openstreetmap.org/node/13451811746",
        "services": "Optical / optician listing",
        "audiology": "false",
        "source_url": "https://www.openstreetmap.org/node/13451811746",
        "source_confidence": "Community-mapped"
      }
    },
    {
      "type": "Feature",
      "geometry": {
        "type": "Point",
        "coordinates": [
          145.3090637,
          -37.8936657
        ]
      },
      "properties": {
        "id": "osm-au-node-4249862349",
        "name": "JD Wilson Optometrist",
        "status": "Mapped",
        "country": "Australia",
        "state": "VIC",
        "city": "",
        "postal_code": "",
        "full_address": "1206 Burwood Highway, Australia",
        "phone": "+61 3 9753 6117",
        "official_url": "https://www.openstreetmap.org/node/4249862349",
        "services": "Optical / optician listing",
        "audiology": "false",
        "source_url": "https://www.openstreetmap.org/node/4249862349",
        "source_confidence": "Community-mapped"
      }
    },
    {
      "type": "Feature",
      "geometry": {
        "type": "Point",
        "coordinates": [
          143.9205168,
          -35.7333529
        ]
      },
      "properties": {
        "id": "osm-au-node-12708385217",
        "name": "Kerang Optical",
        "status": "Mapped",
        "country": "Australia",
        "state": "VIC",
        "city": "",
        "postal_code": "",
        "full_address": "Australia",
        "phone": "",
        "official_url": "https://www.openstreetmap.org/node/12708385217",
        "services": "Optical / optician listing",
        "audiology": "false",
        "source_url": "https://www.openstreetmap.org/node/12708385217",
        "source_confidence": "Community-mapped"
      }
    },
    {
      "type": "Feature",
      "geometry": {
        "type": "Point",
        "coordinates": [
          143.8589618,
          -37.5624089
        ]
      },
      "properties": {
        "id": "osm-au-node-4437613792",
        "name": "Kevin Paisley",
        "status": "Mapped",
        "country": "Australia",
        "state": "VIC",
        "city": "",
        "postal_code": "3350",
        "full_address": "101 Sturt Street, 3350, Australia",
        "phone": "+61 3 5331 6487",
        "official_url": "http://www.kevinpaisleyfashioneyewear.com.au/",
        "services": "Optical / optician listing",
        "audiology": "false",
        "source_url": "https://www.openstreetmap.org/node/4437613792",
        "source_confidence": "Community-mapped"
      }
    },
    {
      "type": "Feature",
      "geometry": {
        "type": "Point",
        "coordinates": [
          144.3486958,
          -38.1374523
        ]
      },
      "properties": {
        "id": "osm-au-node-2722788714",
        "name": "Kevin Paisley Optometrist",
        "status": "Mapped",
        "country": "Australia",
        "state": "VIC",
        "city": "",
        "postal_code": "",
        "full_address": "Australia",
        "phone": "+61 3 5221 7111",
        "official_url": "https://kevinpaisley.com.au",
        "services": "Optical / optician listing",
        "audiology": "false",
        "source_url": "https://www.openstreetmap.org/node/2722788714",
        "source_confidence": "Community-mapped"
      }
    },
    {
      "type": "Feature",
      "geometry": {
        "type": "Point",
        "coordinates": [
          144.3194608,
          -38.1991992
        ]
      },
      "properties": {
        "id": "osm-au-node-11388464351",
        "name": "Kevin Paisley Optometrists",
        "status": "Mapped",
        "country": "Australia",
        "state": "VIC",
        "city": "",
        "postal_code": "",
        "full_address": "Australia",
        "phone": "",
        "official_url": "https://www.openstreetmap.org/node/11388464351",
        "services": "Optical / optician listing",
        "audiology": "false",
        "source_url": "https://www.openstreetmap.org/node/11388464351",
        "source_confidence": "Community-mapped"
      }
    },
    {
      "type": "Feature",
      "geometry": {
        "type": "Point",
        "coordinates": [
          144.3646172,
          -38.1505413
        ]
      },
      "properties": {
        "id": "osm-au-node-11247726506",
        "name": "Kevin Paisley Optometrists Geelong",
        "status": "Mapped",
        "country": "Australia",
        "state": "VIC",
        "city": "",
        "postal_code": "",
        "full_address": "Australia",
        "phone": "+61 3 5229 7144",
        "official_url": "https://kevinpaisley.com.au/geelong",
        "services": "Optical / optician listing",
        "audiology": "false",
        "source_url": "https://www.openstreetmap.org/node/11247726506",
        "source_confidence": "Community-mapped"
      }
    },
    {
      "type": "Feature",
      "geometry": {
        "type": "Point",
        "coordinates": [
          145.163264,
          -37.8804989
        ]
      },
      "properties": {
        "id": "osm-au-node-635642145",
        "name": "Kingsway Optical",
        "status": "Mapped",
        "country": "Australia",
        "state": "VIC",
        "city": "",
        "postal_code": "",
        "full_address": "Australia",
        "phone": "",
        "official_url": "https://www.openstreetmap.org/node/635642145",
        "services": "Optical / optician listing",
        "audiology": "false",
        "source_url": "https://www.openstreetmap.org/node/635642145",
        "source_confidence": "Community-mapped"
      }
    },
    {
      "type": "Feature",
      "geometry": {
        "type": "Point",
        "coordinates": [
          146.2652319,
          -38.1763822
        ]
      },
      "properties": {
        "id": "osm-au-node-12260964886",
        "name": "L & F eyecare",
        "status": "Mapped",
        "country": "Australia",
        "state": "VIC",
        "city": "",
        "postal_code": "",
        "full_address": "Australia",
        "phone": "",
        "official_url": "https://www.openstreetmap.org/node/12260964886",
        "services": "Optical / optician listing",
        "audiology": "false",
        "source_url": "https://www.openstreetmap.org/node/12260964886",
        "source_confidence": "Community-mapped"
      }
    },
    {
      "type": "Feature",
      "geometry": {
        "type": "Point",
        "coordinates": [
          143.8290857,
          -37.5403196
        ]
      },
      "properties": {
        "id": "osm-au-way-151049106",
        "name": "Lake Eyewear",
        "status": "Mapped",
        "country": "Australia",
        "state": "VIC",
        "city": "",
        "postal_code": "3355",
        "full_address": "1217 Howitt Street, 3355, Australia",
        "phone": "+61 3 5338 2708",
        "official_url": "https://www.openstreetmap.org/way/151049106",
        "services": "Optical / optician listing",
        "audiology": "false",
        "source_url": "https://www.openstreetmap.org/way/151049106",
        "source_confidence": "Community-mapped"
      }
    },
    {
      "type": "Feature",
      "geometry": {
        "type": "Point",
        "coordinates": [
          144.994403,
          -37.8447071
        ]
      },
      "properties": {
        "id": "osm-au-node-12133147777",
        "name": "Lenswap",
        "status": "Mapped",
        "country": "Australia",
        "state": "VIC",
        "city": "",
        "postal_code": "",
        "full_address": "Australia",
        "phone": "",
        "official_url": "https://www.openstreetmap.org/node/12133147777",
        "services": "Optical / optician listing",
        "audiology": "false",
        "source_url": "https://www.openstreetmap.org/node/12133147777",
        "source_confidence": "Community-mapped"
      }
    },
    {
      "type": "Feature",
      "geometry": {
        "type": "Point",
        "coordinates": [
          145.1035148,
          -37.9100798
        ]
      },
      "properties": {
        "id": "osm-au-node-6018880082",
        "name": "Love Optical",
        "status": "Mapped",
        "country": "Australia",
        "state": "VIC",
        "city": "",
        "postal_code": "",
        "full_address": "303 Huntingdale Road, Australia",
        "phone": "",
        "official_url": "https://www.openstreetmap.org/node/6018880082",
        "services": "Optical / optician listing",
        "audiology": "false",
        "source_url": "https://www.openstreetmap.org/node/6018880082",
        "source_confidence": "Community-mapped"
      }
    },
    {
      "type": "Feature",
      "geometry": {
        "type": "Point",
        "coordinates": [
          144.8997612,
          -37.7996466
        ]
      },
      "properties": {
        "id": "osm-au-node-6004987383",
        "name": "M&M Optix",
        "status": "Mapped",
        "country": "Australia",
        "state": "VIC",
        "city": "",
        "postal_code": "",
        "full_address": "Australia",
        "phone": "",
        "official_url": "https://www.openstreetmap.org/node/6004987383",
        "services": "Optical / optician listing",
        "audiology": "false",
        "source_url": "https://www.openstreetmap.org/node/6004987383",
        "source_confidence": "Community-mapped"
      }
    },
    {
      "type": "Feature",
      "geometry": {
        "type": "Point",
        "coordinates": [
          144.9622022,
          -37.812611
        ]
      },
      "properties": {
        "id": "osm-au-node-2322537658",
        "name": "Melbourne Optical Centre",
        "status": "Mapped",
        "country": "Australia",
        "state": "VIC",
        "city": "",
        "postal_code": "",
        "full_address": "259 Elizabeth Street, Australia",
        "phone": "",
        "official_url": "https://www.openstreetmap.org/node/2322537658",
        "services": "Optical / optician listing",
        "audiology": "false",
        "source_url": "https://www.openstreetmap.org/node/2322537658",
        "source_confidence": "Community-mapped"
      }
    },
    {
      "type": "Feature",
      "geometry": {
        "type": "Point",
        "coordinates": [
          145.000375,
          -37.769197
        ]
      },
      "properties": {
        "id": "osm-au-node-3761152258",
        "name": "Merringtons Optometrists",
        "status": "Mapped",
        "country": "Australia",
        "state": "VIC",
        "city": "",
        "postal_code": "",
        "full_address": "Australia",
        "phone": "",
        "official_url": "https://www.openstreetmap.org/node/3761152258",
        "services": "Optical / optician listing",
        "audiology": "false",
        "source_url": "https://www.openstreetmap.org/node/3761152258",
        "source_confidence": "Community-mapped"
      }
    },
    {
      "type": "Feature",
      "geometry": {
        "type": "Point",
        "coordinates": [
          142.1592992,
          -34.1857672
        ]
      },
      "properties": {
        "id": "osm-au-node-6457257754",
        "name": "Mildura Optical",
        "status": "Mapped",
        "country": "Australia",
        "state": "VIC",
        "city": "",
        "postal_code": "",
        "full_address": "Australia",
        "phone": "",
        "official_url": "https://www.openstreetmap.org/node/6457257754",
        "services": "Optical / optician listing",
        "audiology": "false",
        "source_url": "https://www.openstreetmap.org/node/6457257754",
        "source_confidence": "Community-mapped"
      }
    },
    {
      "type": "Feature",
      "geometry": {
        "type": "Point",
        "coordinates": [
          145.1076154,
          -38.0375951
        ]
      },
      "properties": {
        "id": "osm-au-way-643816858",
        "name": "Millennium Optical",
        "status": "Mapped",
        "country": "Australia",
        "state": "VIC",
        "city": "",
        "postal_code": "3196",
        "full_address": "250A Nepean Highway, 3196, Australia",
        "phone": "",
        "official_url": "https://www.openstreetmap.org/way/643816858",
        "services": "Optical / optician listing",
        "audiology": "false",
        "source_url": "https://www.openstreetmap.org/way/643816858",
        "source_confidence": "Community-mapped"
      }
    },
    {
      "type": "Feature",
      "geometry": {
        "type": "Point",
        "coordinates": [
          145.1516571,
          -37.9496783
        ]
      },
      "properties": {
        "id": "osm-au-node-5298765143",
        "name": "Modern Eyecare",
        "status": "Mapped",
        "country": "Australia",
        "state": "VIC",
        "city": "",
        "postal_code": "",
        "full_address": "Australia",
        "phone": "",
        "official_url": "https://www.openstreetmap.org/node/5298765143",
        "services": "Optical / optician listing",
        "audiology": "false",
        "source_url": "https://www.openstreetmap.org/node/5298765143",
        "source_confidence": "Community-mapped"
      }
    },
    {
      "type": "Feature",
      "geometry": {
        "type": "Point",
        "coordinates": [
          145.1326612,
          -37.9115865
        ]
      },
      "properties": {
        "id": "osm-au-node-3416932972",
        "name": "Monash Eyecare",
        "status": "Mapped",
        "country": "Australia",
        "state": "VIC",
        "city": "",
        "postal_code": "",
        "full_address": "Australia",
        "phone": "",
        "official_url": "https://www.openstreetmap.org/node/3416932972",
        "services": "Optical / optician listing",
        "audiology": "false",
        "source_url": "https://www.openstreetmap.org/node/3416932972",
        "source_confidence": "Community-mapped"
      }
    },
    {
      "type": "Feature",
      "geometry": {
        "type": "Point",
        "coordinates": [
          145.0455496,
          -38.2223247
        ]
      },
      "properties": {
        "id": "osm-au-way-1343917840",
        "name": "Mornington Specialist Eye Clinic",
        "status": "Mapped",
        "country": "Australia",
        "state": "VIC",
        "city": "",
        "postal_code": "",
        "full_address": "94 Tanti Avenue, Australia",
        "phone": "",
        "official_url": "https://www.openstreetmap.org/way/1343917840",
        "services": "Optical / optician listing",
        "audiology": "false",
        "source_url": "https://www.openstreetmap.org/way/1343917840",
        "source_confidence": "Community-mapped"
      }
    },
    {
      "type": "Feature",
      "geometry": {
        "type": "Point",
        "coordinates": [
          144.9655499,
          -37.8104958
        ]
      },
      "properties": {
        "id": "osm-au-node-12483858291",
        "name": "Mujosh",
        "status": "Mapped",
        "country": "Australia",
        "state": "VIC",
        "city": "",
        "postal_code": "",
        "full_address": "Australia",
        "phone": "",
        "official_url": "https://www.openstreetmap.org/node/12483858291",
        "services": "Optical / optician listing",
        "audiology": "false",
        "source_url": "https://www.openstreetmap.org/node/12483858291",
        "source_confidence": "Community-mapped"
      }
    },
    {
      "type": "Feature",
      "geometry": {
        "type": "Point",
        "coordinates": [
          144.8318189,
          -37.7841859
        ]
      },
      "properties": {
        "id": "osm-au-way-616285448",
        "name": "Myspecs",
        "status": "Mapped",
        "country": "Australia",
        "state": "VIC",
        "city": "",
        "postal_code": "",
        "full_address": "259 Hampshire Road, Australia",
        "phone": "",
        "official_url": "https://www.openstreetmap.org/way/616285448",
        "services": "Optical / optician listing",
        "audiology": "false",
        "source_url": "https://www.openstreetmap.org/way/616285448",
        "source_confidence": "Community-mapped"
      }
    },
    {
      "type": "Feature",
      "geometry": {
        "type": "Point",
        "coordinates": [
          144.3647345,
          -38.1487872
        ]
      },
      "properties": {
        "id": "osm-au-way-834134252",
        "name": "New Vision Eyewear",
        "status": "Mapped",
        "country": "Australia",
        "state": "VIC",
        "city": "",
        "postal_code": "",
        "full_address": "166 Malop Street, Australia",
        "phone": "+61 3 5222 4042",
        "official_url": "https://newvisioneyewear.com.au",
        "services": "Optical / optician listing",
        "audiology": "false",
        "source_url": "https://www.openstreetmap.org/way/834134252",
        "source_confidence": "Community-mapped"
      }
    },
    {
      "type": "Feature",
      "geometry": {
        "type": "Point",
        "coordinates": [
          144.4076735,
          -38.0228735
        ]
      },
      "properties": {
        "id": "osm-au-way-266792569",
        "name": "New Vision Eyewear Lara",
        "status": "Mapped",
        "country": "Australia",
        "state": "VIC",
        "city": "",
        "postal_code": "",
        "full_address": "10 The Centreway, Australia",
        "phone": "+61 3 5282 4422",
        "official_url": "https://newvisioneyewear.com.au/home",
        "services": "Optical / optician listing",
        "audiology": "false",
        "source_url": "https://www.openstreetmap.org/way/266792569",
        "source_confidence": "Community-mapped"
      }
    },
    {
      "type": "Feature",
      "geometry": {
        "type": "Point",
        "coordinates": [
          145.1513431,
          -37.9516109
        ]
      },
      "properties": {
        "id": "osm-au-node-5213706373",
        "name": "Ngh\u1ec7 Quang",
        "status": "Mapped",
        "country": "Australia",
        "state": "VIC",
        "city": "",
        "postal_code": "",
        "full_address": "Australia",
        "phone": "",
        "official_url": "https://www.openstreetmap.org/node/5213706373",
        "services": "Optical / optician listing",
        "audiology": "false",
        "source_url": "https://www.openstreetmap.org/node/5213706373",
        "source_confidence": "Community-mapped"
      }
    },
    {
      "type": "Feature",
      "geometry": {
        "type": "Point",
        "coordinates": [
          145.1763027,
          -37.9676951
        ]
      },
      "properties": {
        "id": "osm-au-way-538981057",
        "name": "Noble Optical",
        "status": "Mapped",
        "country": "Australia",
        "state": "VIC",
        "city": "",
        "postal_code": "",
        "full_address": "1A Leonard Avenue, Australia",
        "phone": "",
        "official_url": "https://www.openstreetmap.org/way/538981057",
        "services": "Optical / optician listing",
        "audiology": "false",
        "source_url": "https://www.openstreetmap.org/way/538981057",
        "source_confidence": "Community-mapped"
      }
    },
    {
      "type": "Feature",
      "geometry": {
        "type": "Point",
        "coordinates": [
          144.9985685,
          -37.7722509
        ]
      },
      "properties": {
        "id": "osm-au-node-11005509356",
        "name": "Northcote Optical",
        "status": "Mapped",
        "country": "Australia",
        "state": "VIC",
        "city": "",
        "postal_code": "3070",
        "full_address": "276 High Street, 3070, Australia",
        "phone": "",
        "official_url": "https://northcoteoptical.com.au/",
        "services": "Optical / optician listing",
        "audiology": "false",
        "source_url": "https://www.openstreetmap.org/node/11005509356",
        "source_confidence": "Community-mapped"
      }
    },
    {
      "type": "Feature",
      "geometry": {
        "type": "Point",
        "coordinates": [
          145.2378139,
          -38.4500668
        ]
      },
      "properties": {
        "id": "osm-au-way-1155178989",
        "name": "O'Donnell Optical",
        "status": "Mapped",
        "country": "Australia",
        "state": "VIC",
        "city": "",
        "postal_code": "",
        "full_address": "74 Chapel Street, Australia",
        "phone": "+61 3 5952 5771",
        "official_url": "https://www.openstreetmap.org/way/1155178989",
        "services": "Optical / optician listing",
        "audiology": "false",
        "source_url": "https://www.openstreetmap.org/way/1155178989",
        "source_confidence": "Community-mapped"
      }
    },
    {
      "type": "Feature",
      "geometry": {
        "type": "Point",
        "coordinates": [
          145.0859521,
          -37.903883
        ]
      },
      "properties": {
        "id": "osm-au-node-1789722880",
        "name": "Oakleigh Eye Centre",
        "status": "Mapped",
        "country": "Australia",
        "state": "VIC",
        "city": "",
        "postal_code": "",
        "full_address": "135 Warrigal Road, Australia",
        "phone": "+61 3 9568 7706",
        "official_url": "https://www.openstreetmap.org/node/1789722880",
        "services": "Optical / optician listing",
        "audiology": "false",
        "source_url": "https://www.openstreetmap.org/node/1789722880",
        "source_confidence": "Community-mapped"
      }
    },
    {
      "type": "Feature",
      "geometry": {
        "type": "Point",
        "coordinates": [
          145.042654,
          -37.889866
        ]
      },
      "properties": {
        "id": "osm-au-node-2296927160",
        "name": "Optical Royale Optometrist",
        "status": "Mapped",
        "country": "Australia",
        "state": "VIC",
        "city": "",
        "postal_code": "",
        "full_address": "Australia",
        "phone": "",
        "official_url": "https://www.opticalroyale.com.au",
        "services": "Optical / optician listing",
        "audiology": "false",
        "source_url": "https://www.openstreetmap.org/node/2296927160",
        "source_confidence": "Community-mapped"
      }
    },
    {
      "type": "Feature",
      "geometry": {
        "type": "Point",
        "coordinates": [
          144.9608007,
          -37.6893754
        ]
      },
      "properties": {
        "id": "osm-au-node-3403667607",
        "name": "Optometrist",
        "status": "Mapped",
        "country": "Australia",
        "state": "VIC",
        "city": "",
        "postal_code": "",
        "full_address": "Australia",
        "phone": "",
        "official_url": "https://www.openstreetmap.org/node/3403667607",
        "services": "Optical / optician listing",
        "audiology": "false",
        "source_url": "https://www.openstreetmap.org/node/3403667607",
        "source_confidence": "Community-mapped"
      }
    },
    {
      "type": "Feature",
      "geometry": {
        "type": "Point",
        "coordinates": [
          145.152215,
          -37.9494928
        ]
      },
      "properties": {
        "id": "osm-au-node-4041048209",
        "name": "Optometrist",
        "status": "Mapped",
        "country": "Australia",
        "state": "VIC",
        "city": "",
        "postal_code": "",
        "full_address": "Australia",
        "phone": "",
        "official_url": "https://www.openstreetmap.org/node/4041048209",
        "services": "Optical / optician listing",
        "audiology": "false",
        "source_url": "https://www.openstreetmap.org/node/4041048209",
        "source_confidence": "Community-mapped"
      }
    },
    {
      "type": "Feature",
      "geometry": {
        "type": "Point",
        "coordinates": [
          145.2163583,
          -37.9872508
        ]
      },
      "properties": {
        "id": "osm-au-node-5227802671",
        "name": "Optometrist",
        "status": "Mapped",
        "country": "Australia",
        "state": "VIC",
        "city": "",
        "postal_code": "",
        "full_address": "Australia",
        "phone": "",
        "official_url": "https://www.openstreetmap.org/node/5227802671",
        "services": "Optical / optician listing",
        "audiology": "false",
        "source_url": "https://www.openstreetmap.org/node/5227802671",
        "source_confidence": "Community-mapped"
      }
    },
    {
      "type": "Feature",
      "geometry": {
        "type": "Point",
        "coordinates": [
          145.0573931,
          -37.9210882
        ]
      },
      "properties": {
        "id": "osm-au-way-641539883",
        "name": "Optometrist",
        "status": "Mapped",
        "country": "Australia",
        "state": "VIC",
        "city": "",
        "postal_code": "",
        "full_address": "698 Centre Road, Australia",
        "phone": "",
        "official_url": "https://www.openstreetmap.org/way/641539883",
        "services": "Optical / optician listing",
        "audiology": "false",
        "source_url": "https://www.openstreetmap.org/way/641539883",
        "source_confidence": "Community-mapped"
      }
    },
    {
      "type": "Feature",
      "geometry": {
        "type": "Point",
        "coordinates": [
          145.1035644,
          -37.9094846
        ]
      },
      "properties": {
        "id": "osm-au-way-638735468",
        "name": "Ottica",
        "status": "Mapped",
        "country": "Australia",
        "state": "VIC",
        "city": "",
        "postal_code": "",
        "full_address": "283 Huntingdale Road, Australia",
        "phone": "",
        "official_url": "https://www.openstreetmap.org/way/638735468",
        "services": "Optical / optician listing",
        "audiology": "false",
        "source_url": "https://www.openstreetmap.org/way/638735468",
        "source_confidence": "Community-mapped"
      }
    },
    {
      "type": "Feature",
      "geometry": {
        "type": "Point",
        "coordinates": [
          143.5861047,
          -38.3394464
        ]
      },
      "properties": {
        "id": "osm-au-way-1235646811",
        "name": "Otway Optical",
        "status": "Mapped",
        "country": "Australia",
        "state": "VIC",
        "city": "",
        "postal_code": "",
        "full_address": "143 Murray Street, Australia",
        "phone": "+61 3 5231 4075",
        "official_url": "https://otwayoptical.com.au",
        "services": "Optical / optician listing",
        "audiology": "false",
        "source_url": "https://www.openstreetmap.org/way/1235646811",
        "source_confidence": "Community-mapped"
      }
    },
    {
      "type": "Feature",
      "geometry": {
        "type": "Point",
        "coordinates": [
          145.2917876,
          -37.8169293
        ]
      },
      "properties": {
        "id": "osm-au-node-12747696201",
        "name": "OzScopes",
        "status": "Mapped",
        "country": "Australia",
        "state": "VIC",
        "city": "",
        "postal_code": "",
        "full_address": "21 Research Drive, Australia",
        "phone": "",
        "official_url": "https://www.openstreetmap.org/node/12747696201",
        "services": "Optical / optician listing",
        "audiology": "false",
        "source_url": "https://www.openstreetmap.org/node/12747696201",
        "source_confidence": "Community-mapped"
      }
    },
    {
      "type": "Feature",
      "geometry": {
        "type": "Point",
        "coordinates": [
          145.003918,
          -37.7394291
        ]
      },
      "properties": {
        "id": "osm-au-node-6017200175",
        "name": "Preston Eye Care",
        "status": "Mapped",
        "country": "Australia",
        "state": "VIC",
        "city": "",
        "postal_code": "",
        "full_address": "354 High Street, Australia",
        "phone": "",
        "official_url": "https://www.openstreetmap.org/node/6017200175",
        "services": "Optical / optician listing",
        "audiology": "false",
        "source_url": "https://www.openstreetmap.org/node/6017200175",
        "source_confidence": "Community-mapped"
      }
    },
    {
      "type": "Feature",
      "geometry": {
        "type": "Point",
        "coordinates": [
          145.2141973,
          -37.9900302
        ]
      },
      "properties": {
        "id": "osm-au-node-5217624029",
        "name": "Russo",
        "status": "Mapped",
        "country": "Australia",
        "state": "VIC",
        "city": "",
        "postal_code": "",
        "full_address": "Australia",
        "phone": "",
        "official_url": "https://www.openstreetmap.org/node/5217624029",
        "services": "Optical / optician listing",
        "audiology": "false",
        "source_url": "https://www.openstreetmap.org/node/5217624029",
        "source_confidence": "Community-mapped"
      }
    },
    {
      "type": "Feature",
      "geometry": {
        "type": "Point",
        "coordinates": [
          144.9611379,
          -37.8347122
        ]
      },
      "properties": {
        "id": "osm-au-node-584400749",
        "name": "South Melbourne Optical",
        "status": "Mapped",
        "country": "Australia",
        "state": "VIC",
        "city": "",
        "postal_code": "",
        "full_address": "344 Clarendon Street, Australia",
        "phone": "",
        "official_url": "https://www.openstreetmap.org/node/584400749",
        "services": "Optical / optician listing",
        "audiology": "false",
        "source_url": "https://www.openstreetmap.org/node/584400749",
        "source_confidence": "Community-mapped"
      }
    },
    {
      "type": "Feature",
      "geometry": {
        "type": "Point",
        "coordinates": [
          144.9986538,
          -37.7718568
        ]
      },
      "properties": {
        "id": "osm-au-node-11404319140",
        "name": "Specs",
        "status": "Mapped",
        "country": "Australia",
        "state": "VIC",
        "city": "",
        "postal_code": "",
        "full_address": "282A High Street, Australia",
        "phone": "",
        "official_url": "https://www.specsoptical.com.au/",
        "services": "Optical / optician listing",
        "audiology": "false",
        "source_url": "https://www.openstreetmap.org/node/11404319140",
        "source_confidence": "Community-mapped"
      }
    },
    {
      "type": "Feature",
      "geometry": {
        "type": "Point",
        "coordinates": [
          145.1234865,
          -38.1434467
        ]
      },
      "properties": {
        "id": "osm-au-node-6059974385",
        "name": "Spectacle Warehouse",
        "status": "Mapped",
        "country": "Australia",
        "state": "VIC",
        "city": "",
        "postal_code": "",
        "full_address": "Australia",
        "phone": "",
        "official_url": "https://www.openstreetmap.org/node/6059974385",
        "services": "Optical / optician listing",
        "audiology": "false",
        "source_url": "https://www.openstreetmap.org/node/6059974385",
        "source_confidence": "Community-mapped"
      }
    },
    {
      "type": "Feature",
      "geometry": {
        "type": "Point",
        "coordinates": [
          143.8493036,
          -37.5614073
        ]
      },
      "properties": {
        "id": "osm-au-way-151241624",
        "name": "Sturt Optical",
        "status": "Mapped",
        "country": "Australia",
        "state": "VIC",
        "city": "",
        "postal_code": "3350",
        "full_address": "731 Sturt Street, 3350, Australia",
        "phone": "+61 3 5332 4800",
        "official_url": "https://www.sturtoptical.com/",
        "services": "Optical / optician listing",
        "audiology": "false",
        "source_url": "https://www.openstreetmap.org/way/151241624",
        "source_confidence": "Community-mapped"
      }
    },
    {
      "type": "Feature",
      "geometry": {
        "type": "Point",
        "coordinates": [
          145.2523666,
          -37.9281374
        ]
      },
      "properties": {
        "id": "osm-au-node-10222713631",
        "name": "The Spectacle Site",
        "status": "Mapped",
        "country": "Australia",
        "state": "VIC",
        "city": "",
        "postal_code": "",
        "full_address": "Australia",
        "phone": "",
        "official_url": "https://www.openstreetmap.org/node/10222713631",
        "services": "Optical / optician listing",
        "audiology": "false",
        "source_url": "https://www.openstreetmap.org/node/10222713631",
        "source_confidence": "Community-mapped"
      }
    },
    {
      "type": "Feature",
      "geometry": {
        "type": "Point",
        "coordinates": [
          147.0623558,
          -38.1071774
        ]
      },
      "properties": {
        "id": "osm-au-node-13208045227",
        "name": "Thrifty Eyewear",
        "status": "Mapped",
        "country": "Australia",
        "state": "VIC",
        "city": "",
        "postal_code": "",
        "full_address": "12 Cunninghame Street, Australia",
        "phone": "+61 3 5144 6464",
        "official_url": "https://www.thriftyseyewear.com.au/",
        "services": "Optical / optician listing",
        "audiology": "false",
        "source_url": "https://www.openstreetmap.org/node/13208045227",
        "source_confidence": "Community-mapped"
      }
    },
    {
      "type": "Feature",
      "geometry": {
        "type": "Point",
        "coordinates": [
          144.8901772,
          -37.8167485
        ]
      },
      "properties": {
        "id": "osm-au-way-1424420428",
        "name": "Two Faces",
        "status": "Mapped",
        "country": "Australia",
        "state": "VIC",
        "city": "",
        "postal_code": "3013",
        "full_address": "47 Anderson Street, 3013, Australia",
        "phone": "",
        "official_url": "https://twofaces.com.au/",
        "services": "Optical / optician listing",
        "audiology": "false",
        "source_url": "https://www.openstreetmap.org/way/1424420428",
        "source_confidence": "Community-mapped"
      }
    },
    {
      "type": "Feature",
      "geometry": {
        "type": "Point",
        "coordinates": [
          144.9914449,
          -37.8686015
        ]
      },
      "properties": {
        "id": "osm-au-node-3597692807",
        "name": "Vainer Optical",
        "status": "Mapped",
        "country": "Australia",
        "state": "VIC",
        "city": "",
        "postal_code": "",
        "full_address": "Australia",
        "phone": "",
        "official_url": "https://www.openstreetmap.org/node/3597692807",
        "services": "Optical / optician listing",
        "audiology": "false",
        "source_url": "https://www.openstreetmap.org/node/3597692807",
        "source_confidence": "Community-mapped"
      }
    },
    {
      "type": "Feature",
      "geometry": {
        "type": "Point",
        "coordinates": [
          144.8022436,
          -37.7443866
        ]
      },
      "properties": {
        "id": "osm-au-node-5980632192",
        "name": "Value Spectacles",
        "status": "Mapped",
        "country": "Australia",
        "state": "VIC",
        "city": "",
        "postal_code": "",
        "full_address": "298A Main Road East, Australia",
        "phone": "",
        "official_url": "https://www.openstreetmap.org/node/5980632192",
        "services": "Optical / optician listing",
        "audiology": "false",
        "source_url": "https://www.openstreetmap.org/node/5980632192",
        "source_confidence": "Community-mapped"
      }
    },
    {
      "type": "Feature",
      "geometry": {
        "type": "Point",
        "coordinates": [
          145.008386,
          -37.7169426
        ]
      },
      "properties": {
        "id": "osm-au-node-4636803851",
        "name": "Vision @ Broadway",
        "status": "Mapped",
        "country": "Australia",
        "state": "VIC",
        "city": "",
        "postal_code": "",
        "full_address": "Australia",
        "phone": "",
        "official_url": "https://www.openstreetmap.org/node/4636803851",
        "services": "Optical / optician listing",
        "audiology": "false",
        "source_url": "https://www.openstreetmap.org/node/4636803851",
        "source_confidence": "Community-mapped"
      }
    },
    {
      "type": "Feature",
      "geometry": {
        "type": "Point",
        "coordinates": [
          144.9009929,
          -37.8000731
        ]
      },
      "properties": {
        "id": "osm-au-node-2470687143",
        "name": "VisionPro",
        "status": "Mapped",
        "country": "Australia",
        "state": "VIC",
        "city": "",
        "postal_code": "3011",
        "full_address": "119 Hopkins Street, 3011, Australia",
        "phone": "",
        "official_url": "https://www.openstreetmap.org/node/2470687143",
        "services": "Optical / optician listing",
        "audiology": "false",
        "source_url": "https://www.openstreetmap.org/node/2470687143",
        "source_confidence": "Community-mapped"
      }
    },
    {
      "type": "Feature",
      "geometry": {
        "type": "Point",
        "coordinates": [
          146.3266895,
          -36.3550124
        ]
      },
      "properties": {
        "id": "osm-au-node-6829200458",
        "name": "Wangaratta Eyecare",
        "status": "Mapped",
        "country": "Australia",
        "state": "VIC",
        "city": "",
        "postal_code": "",
        "full_address": "Australia",
        "phone": "",
        "official_url": "https://www.openstreetmap.org/node/6829200458",
        "services": "Optical / optician listing",
        "audiology": "false",
        "source_url": "https://www.openstreetmap.org/node/6829200458",
        "source_confidence": "Community-mapped"
      }
    },
    {
      "type": "Feature",
      "geometry": {
        "type": "Point",
        "coordinates": [
          145.082598,
          -37.7098241
        ]
      },
      "properties": {
        "id": "osm-au-node-3704488976",
        "name": "Watsonia Optical",
        "status": "Mapped",
        "country": "Australia",
        "state": "VIC",
        "city": "",
        "postal_code": "",
        "full_address": "67 Watsonia Road, Australia",
        "phone": "+61 3 9432 7264",
        "official_url": "https://www.openstreetmap.org/node/3704488976",
        "services": "Optical / optician listing",
        "audiology": "false",
        "source_url": "https://www.openstreetmap.org/node/3704488976",
        "source_confidence": "Community-mapped"
      }
    },
    {
      "type": "Feature",
      "geometry": {
        "type": "Point",
        "coordinates": [
          145.0816034,
          -37.8129906
        ]
      },
      "properties": {
        "id": "osm-au-node-5142353150",
        "name": "Whitehorse Optical Centre",
        "status": "Mapped",
        "country": "Australia",
        "state": "VIC",
        "city": "",
        "postal_code": "",
        "full_address": "240 Whitehorse Road, Australia",
        "phone": "+61 3 9888 6530",
        "official_url": "https://www.openstreetmap.org/node/5142353150",
        "services": "Optical / optician listing",
        "audiology": "false",
        "source_url": "https://www.openstreetmap.org/node/5142353150",
        "source_confidence": "Community-mapped"
      }
    },
    {
      "type": "Feature",
      "geometry": {
        "type": "Point",
        "coordinates": [
          144.3449957,
          -38.1575586
        ]
      },
      "properties": {
        "id": "osm-au-node-11594502110",
        "name": "Winks Eyecare",
        "status": "Mapped",
        "country": "Australia",
        "state": "VIC",
        "city": "",
        "postal_code": "",
        "full_address": "343-347 Pakington Street, Australia",
        "phone": "+61 3 5224 2373",
        "official_url": "https://winkseyecare.com.au",
        "services": "Optical / optician listing",
        "audiology": "false",
        "source_url": "https://www.openstreetmap.org/node/11594502110",
        "source_confidence": "Community-mapped"
      }
    },
    {
      "type": "Feature",
      "geometry": {
        "type": "Point",
        "coordinates": [
          144.901011,
          -37.7989451
        ]
      },
      "properties": {
        "id": "osm-au-node-6033469826",
        "name": "Y Si Nhan Khoa",
        "status": "Mapped",
        "country": "Australia",
        "state": "VIC",
        "city": "",
        "postal_code": "",
        "full_address": "Australia",
        "phone": "",
        "official_url": "https://www.openstreetmap.org/node/6033469826",
        "services": "Optical / optician listing",
        "audiology": "false",
        "source_url": "https://www.openstreetmap.org/node/6033469826",
        "source_confidence": "Community-mapped"
      }
    },
    {
      "type": "Feature",
      "geometry": {
        "type": "Point",
        "coordinates": [
          145.6130006,
          -37.782025
        ]
      },
      "properties": {
        "id": "osm-au-node-6355897815",
        "name": "Yarra Junction Optical",
        "status": "Mapped",
        "country": "Australia",
        "state": "VIC",
        "city": "",
        "postal_code": "",
        "full_address": "Australia",
        "phone": "",
        "official_url": "https://www.openstreetmap.org/node/6355897815",
        "services": "Optical / optician listing",
        "audiology": "false",
        "source_url": "https://www.openstreetmap.org/node/6355897815",
        "source_confidence": "Community-mapped"
      }
    },
    {
      "type": "Feature",
      "geometry": {
        "type": "Point",
        "coordinates": [
          144.9429806,
          -37.838227
        ]
      },
      "properties": {
        "id": "osm-au-node-1633680952",
        "name": "eyes2port Optometrists",
        "status": "Mapped",
        "country": "Australia",
        "state": "VIC",
        "city": "",
        "postal_code": "",
        "full_address": "248 Bay Street, Australia",
        "phone": "+61 3 9646 9991",
        "official_url": "https://www.eyes2port.com.au/",
        "services": "Optical / optician listing",
        "audiology": "false",
        "source_url": "https://www.openstreetmap.org/node/1633680952",
        "source_confidence": "Community-mapped"
      }
    },
    {
      "type": "Feature",
      "geometry": {
        "type": "Point",
        "coordinates": [
          145.3493424,
          -37.75776
        ]
      },
      "properties": {
        "id": "osm-au-node-8613859112",
        "name": "i-care Optometrists",
        "status": "Mapped",
        "country": "Australia",
        "state": "VIC",
        "city": "",
        "postal_code": "3140",
        "full_address": "180 Main Street, 3140, Australia",
        "phone": "",
        "official_url": "https://www.i-care.com.au/",
        "services": "Optical / optician listing",
        "audiology": "false",
        "source_url": "https://www.openstreetmap.org/node/8613859112",
        "source_confidence": "Community-mapped"
      }
    },
    {
      "type": "Feature",
      "geometry": {
        "type": "Point",
        "coordinates": [
          145.1510645,
          -37.950626
        ]
      },
      "properties": {
        "id": "osm-au-node-5195526355",
        "name": "iConVision",
        "status": "Mapped",
        "country": "Australia",
        "state": "VIC",
        "city": "",
        "postal_code": "",
        "full_address": "Australia",
        "phone": "",
        "official_url": "https://www.openstreetmap.org/node/5195526355",
        "services": "Optical / optician listing",
        "audiology": "false",
        "source_url": "https://www.openstreetmap.org/node/5195526355",
        "source_confidence": "Community-mapped"
      }
    },
    {
      "type": "Feature",
      "geometry": {
        "type": "Point",
        "coordinates": [
          145.0036262,
          -37.7414218
        ]
      },
      "properties": {
        "id": "osm-au-node-6017200194",
        "name": "iLook Optical",
        "status": "Mapped",
        "country": "Australia",
        "state": "VIC",
        "city": "",
        "postal_code": "",
        "full_address": "Australia",
        "phone": "",
        "official_url": "https://www.openstreetmap.org/node/6017200194",
        "services": "Optical / optician listing",
        "audiology": "false",
        "source_url": "https://www.openstreetmap.org/node/6017200194",
        "source_confidence": "Community-mapped"
      }
    },
    {
      "type": "Feature",
      "geometry": {
        "type": "Point",
        "coordinates": [
          144.3431418,
          -38.1748863
        ]
      },
      "properties": {
        "id": "osm-au-way-266678041",
        "name": "Robinson Family Optometrists",
        "status": "Mapped",
        "country": "Australia",
        "state": "VIC",
        "city": "Belmont",
        "postal_code": "3216",
        "full_address": "165 High Street, Belmont, 3216, Australia",
        "phone": "",
        "official_url": "https://www.openstreetmap.org/way/266678041",
        "services": "Optical / optician listing",
        "audiology": "false",
        "source_url": "https://www.openstreetmap.org/way/266678041",
        "source_confidence": "Community-mapped"
      }
    },
    {
      "type": "Feature",
      "geometry": {
        "type": "Point",
        "coordinates": [
          144.2807409,
          -36.7602219
        ]
      },
      "properties": {
        "id": "osm-au-node-7824897822",
        "name": "Cartwright & Associates Optometrists",
        "status": "Mapped",
        "country": "Australia",
        "state": "VIC",
        "city": "Bendigo",
        "postal_code": "3550",
        "full_address": "18 Killians Walk, Bendigo, 3550, Australia",
        "phone": "",
        "official_url": "http://www.cartwrighteyecare.com.au/",
        "services": "Optical / optician listing",
        "audiology": "false",
        "source_url": "https://www.openstreetmap.org/node/7824897822",
        "source_confidence": "Community-mapped"
      }
    },
    {
      "type": "Feature",
      "geometry": {
        "type": "Point",
        "coordinates": [
          144.277473,
          -36.7649806
        ]
      },
      "properties": {
        "id": "osm-au-way-1443622715",
        "name": "Wills Street Eyecare",
        "status": "Mapped",
        "country": "Australia",
        "state": "VIC",
        "city": "Bendigo",
        "postal_code": "3550",
        "full_address": "82 Wills Street, Bendigo, 3550, Australia",
        "phone": "+61 3 5443 1815",
        "official_url": "http://www.willsstreeteyecare.com.au/",
        "services": "Optical / optician listing",
        "audiology": "false",
        "source_url": "https://www.openstreetmap.org/way/1443622715",
        "source_confidence": "Community-mapped"
      }
    },
    {
      "type": "Feature",
      "geometry": {
        "type": "Point",
        "coordinates": [
          145.0578032,
          -37.8865742
        ]
      },
      "properties": {
        "id": "osm-au-way-631561733",
        "name": "Vision on Koornang",
        "status": "Mapped",
        "country": "Australia",
        "state": "VIC",
        "city": "Carnegie",
        "postal_code": "3163",
        "full_address": "54 Koornang Road, Carnegie, 3163, Australia",
        "phone": "",
        "official_url": "https://www.openstreetmap.org/way/631561733",
        "services": "Optical / optician listing",
        "audiology": "false",
        "source_url": "https://www.openstreetmap.org/way/631561733",
        "source_confidence": "Community-mapped"
      }
    },
    {
      "type": "Feature",
      "geometry": {
        "type": "Point",
        "coordinates": [
          144.984646,
          -37.799123
        ]
      },
      "properties": {
        "id": "osm-au-node-615137311",
        "name": "Ispex Funky Spex",
        "status": "Mapped",
        "country": "Australia",
        "state": "VIC",
        "city": "Collingwood",
        "postal_code": "3066",
        "full_address": "3 Johnston Street, Collingwood, 3066, Australia",
        "phone": "",
        "official_url": "https://www.openstreetmap.org/node/615137311",
        "services": "Optical / optician listing",
        "audiology": "false",
        "source_url": "https://www.openstreetmap.org/node/615137311",
        "source_confidence": "Community-mapped"
      }
    },
    {
      "type": "Feature",
      "geometry": {
        "type": "Point",
        "coordinates": [
          145.2742586,
          -37.8842669
        ]
      },
      "properties": {
        "id": "osm-au-way-1280774120",
        "name": "Mountain Gate Optometrist",
        "status": "Mapped",
        "country": "Australia",
        "state": "VIC",
        "city": "Ferntree Gully",
        "postal_code": "3156",
        "full_address": "1880 Ferntree Gully Road, Ferntree Gully, 3156, Australia",
        "phone": "",
        "official_url": "https://www.openstreetmap.org/way/1280774120",
        "services": "Optical / optician listing",
        "audiology": "false",
        "source_url": "https://www.openstreetmap.org/way/1280774120",
        "source_confidence": "Community-mapped"
      }
    },
    {
      "type": "Feature",
      "geometry": {
        "type": "Point",
        "coordinates": [
          144.9828157,
          -37.8065689
        ]
      },
      "properties": {
        "id": "osm-au-node-1121009477",
        "name": "Dresden",
        "status": "Mapped",
        "country": "Australia",
        "state": "VIC",
        "city": "Fitzroy",
        "postal_code": "3065",
        "full_address": "77 Smith Street, Fitzroy, 3065, Australia",
        "phone": "",
        "official_url": "https://www.openstreetmap.org/node/1121009477",
        "services": "Optical / optician listing",
        "audiology": "false",
        "source_url": "https://www.openstreetmap.org/node/1121009477",
        "source_confidence": "Community-mapped"
      }
    },
    {
      "type": "Feature",
      "geometry": {
        "type": "Point",
        "coordinates": [
          145.1452405,
          -38.147599
        ]
      },
      "properties": {
        "id": "osm-au-way-172654057",
        "name": "Beach Optical",
        "status": "Mapped",
        "country": "Australia",
        "state": "VIC",
        "city": "Frankston",
        "postal_code": "3199",
        "full_address": "229 Beach Street, Frankston, 3199, Australia",
        "phone": "+61 3 9789 9667",
        "official_url": "https://www.beachoptical.com.au/",
        "services": "Optical / optician listing",
        "audiology": "false",
        "source_url": "https://www.openstreetmap.org/way/172654057",
        "source_confidence": "Community-mapped"
      }
    },
    {
      "type": "Feature",
      "geometry": {
        "type": "Point",
        "coordinates": [
          144.3480828,
          -38.1405242
        ]
      },
      "properties": {
        "id": "osm-au-way-266740105",
        "name": "Bupa Optical",
        "status": "Mapped",
        "country": "Australia",
        "state": "VIC",
        "city": "Geelong West",
        "postal_code": "3218",
        "full_address": "149A Pakington Street, Geelong West, 3218, Australia",
        "phone": "+61 3 7042 0256",
        "official_url": "https://bupaoptical.bupa.com.au",
        "services": "Optical / optician listing",
        "audiology": "false",
        "source_url": "https://www.openstreetmap.org/way/266740105",
        "source_confidence": "Community-mapped"
      }
    },
    {
      "type": "Feature",
      "geometry": {
        "type": "Point",
        "coordinates": [
          144.9295913,
          -37.7942809
        ]
      },
      "properties": {
        "id": "osm-au-node-1072618097",
        "name": "Kensington Eyecare",
        "status": "Mapped",
        "country": "Australia",
        "state": "VIC",
        "city": "Kensington",
        "postal_code": "3031",
        "full_address": "494 Macaulay Road, Kensington, 3031, Australia",
        "phone": "",
        "official_url": "https://www.openstreetmap.org/node/1072618097",
        "services": "Optical / optician listing",
        "audiology": "false",
        "source_url": "https://www.openstreetmap.org/node/1072618097",
        "source_confidence": "Community-mapped"
      }
    },
    {
      "type": "Feature",
      "geometry": {
        "type": "Point",
        "coordinates": [
          143.7861229,
          -37.5438477
        ]
      },
      "properties": {
        "id": "osm-au-node-5430747734",
        "name": "EyeQ Optometrists",
        "status": "Mapped",
        "country": "Australia",
        "state": "VIC",
        "city": "Lucas",
        "postal_code": "3350",
        "full_address": "6 Coltman Plaza, Lucas, 3350, Australia",
        "phone": "+61 3 5333 5707",
        "official_url": "https://www.eyeq.com.au/optometrists/ballarat/",
        "services": "Optical / optician listing",
        "audiology": "false",
        "source_url": "https://www.openstreetmap.org/node/5430747734",
        "source_confidence": "Community-mapped"
      }
    },
    {
      "type": "Feature",
      "geometry": {
        "type": "Point",
        "coordinates": [
          145.0603287,
          -37.6661173
        ]
      },
      "properties": {
        "id": "osm-au-node-2999573319",
        "name": "Vision at Mill Park",
        "status": "Mapped",
        "country": "Australia",
        "state": "VIC",
        "city": "Mill Park",
        "postal_code": "",
        "full_address": "Childs Road, Mill Park, Australia",
        "phone": "+61 3 9436 0404",
        "official_url": "https://www.openstreetmap.org/node/2999573319",
        "services": "Optical / optician listing",
        "audiology": "false",
        "source_url": "https://www.openstreetmap.org/node/2999573319",
        "source_confidence": "Community-mapped"
      }
    },
    {
      "type": "Feature",
      "geometry": {
        "type": "Point",
        "coordinates": [
          145.0865382,
          -38.0062529
        ]
      },
      "properties": {
        "id": "osm-au-node-2124843984",
        "name": "Mordialloc Optical",
        "status": "Mapped",
        "country": "Australia",
        "state": "VIC",
        "city": "Mordialloc",
        "postal_code": "3195",
        "full_address": "483 Main Street, Mordialloc, 3195, Australia",
        "phone": "+61 3 9587 1353",
        "official_url": "https://www.mordiallocoptical.com.au/",
        "services": "Optical / optician listing",
        "audiology": "false",
        "source_url": "https://www.openstreetmap.org/node/2124843984",
        "source_confidence": "Community-mapped"
      }
    },
    {
      "type": "Feature",
      "geometry": {
        "type": "Point",
        "coordinates": [
          144.9497176,
          -37.8038008
        ]
      },
      "properties": {
        "id": "osm-au-node-4740799236",
        "name": "Andrew Harris Optometrist",
        "status": "Mapped",
        "country": "Australia",
        "state": "VIC",
        "city": "North Melbourne",
        "postal_code": "3051",
        "full_address": "56 Errol Street, North Melbourne, 3051, Australia",
        "phone": "+61 3 9329 9372",
        "official_url": "https://www.openstreetmap.org/node/4740799236",
        "services": "Optical / optician listing",
        "audiology": "false",
        "source_url": "https://www.openstreetmap.org/node/4740799236",
        "source_confidence": "Community-mapped"
      }
    },
    {
      "type": "Feature",
      "geometry": {
        "type": "Point",
        "coordinates": [
          145.0905727,
          -37.9000377
        ]
      },
      "properties": {
        "id": "osm-au-way-542912832",
        "name": "Prime Vision Care",
        "status": "Mapped",
        "country": "Australia",
        "state": "VIC",
        "city": "Oakleigh",
        "postal_code": "3166",
        "full_address": "33 Portman Street, Oakleigh, 3166, Australia",
        "phone": "",
        "official_url": "https://www.openstreetmap.org/way/542912832",
        "services": "Optical / optician listing",
        "audiology": "false",
        "source_url": "https://www.openstreetmap.org/way/542912832",
        "source_confidence": "Community-mapped"
      }
    },
    {
      "type": "Feature",
      "geometry": {
        "type": "Point",
        "coordinates": [
          145.0865767,
          -37.9028014
        ]
      },
      "properties": {
        "id": "osm-au-node-1789722881",
        "name": "Warrigal Road Eyecare Clinic",
        "status": "Mapped",
        "country": "Australia",
        "state": "VIC",
        "city": "Oakleigh",
        "postal_code": "3166",
        "full_address": "84 Warrigal Road, Oakleigh, 3166, Australia",
        "phone": "+61 3 9569 7299",
        "official_url": "https://www.openstreetmap.org/node/1789722881",
        "services": "Optical / optician listing",
        "audiology": "false",
        "source_url": "https://www.openstreetmap.org/node/1789722881",
        "source_confidence": "Community-mapped"
      }
    },
    {
      "type": "Feature",
      "geometry": {
        "type": "Point",
        "coordinates": [
          144.9426149,
          -37.8380147
        ]
      },
      "properties": {
        "id": "osm-au-node-616584782",
        "name": "Alfred Nott Optometrists",
        "status": "Mapped",
        "country": "Australia",
        "state": "VIC",
        "city": "Port Melbourne",
        "postal_code": "3207",
        "full_address": "239 Bay Street, Port Melbourne, 3207, Australia",
        "phone": "+61 3 9645 1991",
        "official_url": "https://www.openstreetmap.org/node/616584782",
        "services": "Optical / optician listing",
        "audiology": "false",
        "source_url": "https://www.openstreetmap.org/node/616584782",
        "source_confidence": "Community-mapped"
      }
    },
    {
      "type": "Feature",
      "geometry": {
        "type": "Point",
        "coordinates": [
          145.00374,
          -37.7387111
        ]
      },
      "properties": {
        "id": "osm-au-node-5674121273",
        "name": "Spectacles Galore",
        "status": "Mapped",
        "country": "Australia",
        "state": "VIC",
        "city": "Preston",
        "postal_code": "3072",
        "full_address": "453 High Street, Preston, 3072, Australia",
        "phone": "+61 3 9470 5212",
        "official_url": "https://www.openstreetmap.org/node/5674121273",
        "services": "Optical / optician listing",
        "audiology": "false",
        "source_url": "https://www.openstreetmap.org/node/5674121273",
        "source_confidence": "Community-mapped"
      }
    },
    {
      "type": "Feature",
      "geometry": {
        "type": "Point",
        "coordinates": [
          145.2311135,
          -37.8123588
        ]
      },
      "properties": {
        "id": "osm-au-way-1006690639",
        "name": "Ringwood Eye Specialists",
        "status": "Mapped",
        "country": "Australia",
        "state": "VIC",
        "city": "Ringwood",
        "postal_code": "3134",
        "full_address": "18 Warrandyte Road, Ringwood, 3134, Australia",
        "phone": "",
        "official_url": "https://www.ringwoodeyespecialists.com.au/",
        "services": "Optical / optician listing",
        "audiology": "false",
        "source_url": "https://www.openstreetmap.org/way/1006690639",
        "source_confidence": "Community-mapped"
      }
    },
    {
      "type": "Feature",
      "geometry": {
        "type": "Point",
        "coordinates": [
          145.2243621,
          -37.8169554
        ]
      },
      "properties": {
        "id": "osm-au-way-1499394103",
        "name": "Ringwood Optical",
        "status": "Mapped",
        "country": "Australia",
        "state": "VIC",
        "city": "Ringwood",
        "postal_code": "3134",
        "full_address": "86 Maroondah Highway, Ringwood, 3134, Australia",
        "phone": "+61 3 9879 1949",
        "official_url": "http://ringwoodoptical.com.au/",
        "services": "Optical / optician listing",
        "audiology": "false",
        "source_url": "https://www.openstreetmap.org/way/1499394103",
        "source_confidence": "Community-mapped"
      }
    },
    {
      "type": "Feature",
      "geometry": {
        "type": "Point",
        "coordinates": [
          145.2254972,
          -37.8166768
        ]
      },
      "properties": {
        "id": "osm-au-node-13731460457",
        "name": "Vic Eye and Retina Specialists",
        "status": "Mapped",
        "country": "Australia",
        "state": "VIC",
        "city": "Ringwood",
        "postal_code": "3134",
        "full_address": "92 Maroondah Highway, Ringwood, 3134, Australia",
        "phone": "+61 3 9100 1928",
        "official_url": "https://viceye.au/",
        "services": "Optical / optician listing",
        "audiology": "false",
        "source_url": "https://www.openstreetmap.org/node/13731460457",
        "source_confidence": "Community-mapped"
      }
    },
    {
      "type": "Feature",
      "geometry": {
        "type": "Point",
        "coordinates": [
          144.959925,
          -37.832114
        ]
      },
      "properties": {
        "id": "osm-au-node-2262243662",
        "name": "Bellocchio Eyewear",
        "status": "Mapped",
        "country": "Australia",
        "state": "VIC",
        "city": "South Melbourne",
        "postal_code": "3205",
        "full_address": "242 Clarendon Street, South Melbourne, 3205, Australia",
        "phone": "+61 3 9690 8844",
        "official_url": "https://www.bellocchio.com.au/",
        "services": "Optical / optician listing",
        "audiology": "false",
        "source_url": "https://www.openstreetmap.org/node/2262243662",
        "source_confidence": "Community-mapped"
      }
    },
    {
      "type": "Feature",
      "geometry": {
        "type": "Point",
        "coordinates": [
          144.8003675,
          -37.7433334
        ]
      },
      "properties": {
        "id": "osm-au-way-634192128",
        "name": "1st Choice Vision",
        "status": "Mapped",
        "country": "Australia",
        "state": "VIC",
        "city": "St Albans",
        "postal_code": "3021",
        "full_address": "21 Alfrieda Street, St Albans, 3021, Australia",
        "phone": "",
        "official_url": "https://www.openstreetmap.org/way/634192128",
        "services": "Optical / optician listing",
        "audiology": "false",
        "source_url": "https://www.openstreetmap.org/way/634192128",
        "source_confidence": "Community-mapped"
      }
    },
    {
      "type": "Feature",
      "geometry": {
        "type": "Point",
        "coordinates": [
          144.8026314,
          -37.7443452
        ]
      },
      "properties": {
        "id": "osm-au-way-634766999",
        "name": "Vision Pro",
        "status": "Mapped",
        "country": "Australia",
        "state": "VIC",
        "city": "St Albans",
        "postal_code": "3021",
        "full_address": "288 Main Road East, St Albans, 3021, Australia",
        "phone": "",
        "official_url": "https://www.openstreetmap.org/way/634766999",
        "services": "Optical / optician listing",
        "audiology": "false",
        "source_url": "https://www.openstreetmap.org/way/634766999",
        "source_confidence": "Community-mapped"
      }
    },
    {
      "type": "Feature",
      "geometry": {
        "type": "Point",
        "coordinates": [
          144.8323882,
          -37.7865211
        ]
      },
      "properties": {
        "id": "osm-au-way-230865348",
        "name": "Optic 2000",
        "status": "Mapped",
        "country": "Australia",
        "state": "VIC",
        "city": "Sunshine",
        "postal_code": "3020",
        "full_address": "7 Dickson Street, Sunshine, 3020, Australia",
        "phone": "",
        "official_url": "https://www.openstreetmap.org/way/230865348",
        "services": "Optical / optician listing",
        "audiology": "false",
        "source_url": "https://www.openstreetmap.org/way/230865348",
        "source_confidence": "Community-mapped"
      }
    },
    {
      "type": "Feature",
      "geometry": {
        "type": "Point",
        "coordinates": [
          145.0014822,
          -37.7546497
        ]
      },
      "properties": {
        "id": "osm-au-way-612405905",
        "name": "Collin & Kirk",
        "status": "Mapped",
        "country": "Australia",
        "state": "VIC",
        "city": "Thornbury",
        "postal_code": "3071",
        "full_address": "774 High Street, Thornbury, 3071, Australia",
        "phone": "+61 3 9484 1127",
        "official_url": "https://collinandkirk.com.au/",
        "services": "Optical / optician listing",
        "audiology": "false",
        "source_url": "https://www.openstreetmap.org/way/612405905",
        "source_confidence": "Community-mapped"
      }
    },
    {
      "type": "Feature",
      "geometry": {
        "type": "Point",
        "coordinates": [
          115.8556518,
          -31.9513367
        ]
      },
      "properties": {
        "id": "osm-au-node-11840846378",
        "name": "August Eyewear & Eyecare Specialists",
        "status": "Mapped",
        "country": "Australia",
        "state": "WA",
        "city": "",
        "postal_code": "",
        "full_address": "66 King Street, Australia",
        "phone": "",
        "official_url": "https://www.openstreetmap.org/node/11840846378",
        "services": "Optical / optician listing",
        "audiology": "false",
        "source_url": "https://www.openstreetmap.org/node/11840846378",
        "source_confidence": "Community-mapped"
      }
    },
    {
      "type": "Feature",
      "geometry": {
        "type": "Point",
        "coordinates": [
          115.7464861,
          -32.0549468
        ]
      },
      "properties": {
        "id": "osm-au-node-12522399957",
        "name": "B N Optometry",
        "status": "Mapped",
        "country": "Australia",
        "state": "WA",
        "city": "",
        "postal_code": "",
        "full_address": "Australia",
        "phone": "",
        "official_url": "https://www.openstreetmap.org/node/12522399957",
        "services": "Optical / optician listing",
        "audiology": "false",
        "source_url": "https://www.openstreetmap.org/node/12522399957",
        "source_confidence": "Community-mapped"
      }
    },
    {
      "type": "Feature",
      "geometry": {
        "type": "Point",
        "coordinates": [
          115.77942,
          -31.8765326
        ]
      },
      "properties": {
        "id": "osm-au-node-11391637426",
        "name": "Eye Junction",
        "status": "Mapped",
        "country": "Australia",
        "state": "WA",
        "city": "",
        "postal_code": "",
        "full_address": "Australia",
        "phone": "",
        "official_url": "https://www.openstreetmap.org/node/11391637426",
        "services": "Optical / optician listing",
        "audiology": "false",
        "source_url": "https://www.openstreetmap.org/node/11391637426",
        "source_confidence": "Community-mapped"
      }
    },
    {
      "type": "Feature",
      "geometry": {
        "type": "Point",
        "coordinates": [
          115.7814213,
          -31.9825808
        ]
      },
      "properties": {
        "id": "osm-au-node-11932057273",
        "name": "Friendlies Eyecare",
        "status": "Mapped",
        "country": "Australia",
        "state": "WA",
        "city": "",
        "postal_code": "",
        "full_address": "Australia",
        "phone": "",
        "official_url": "https://www.openstreetmap.org/node/11932057273",
        "services": "Optical / optician listing",
        "audiology": "false",
        "source_url": "https://www.openstreetmap.org/node/11932057273",
        "source_confidence": "Community-mapped"
      }
    },
    {
      "type": "Feature",
      "geometry": {
        "type": "Point",
        "coordinates": [
          115.8282582,
          -31.8637517
        ]
      },
      "properties": {
        "id": "osm-au-node-4569988319",
        "name": "Insight Eye Clinic",
        "status": "Mapped",
        "country": "Australia",
        "state": "WA",
        "city": "",
        "postal_code": "",
        "full_address": "Australia",
        "phone": "",
        "official_url": "https://www.openstreetmap.org/node/4569988319",
        "services": "Optical / optician listing",
        "audiology": "false",
        "source_url": "https://www.openstreetmap.org/node/4569988319",
        "source_confidence": "Community-mapped"
      }
    },
    {
      "type": "Feature",
      "geometry": {
        "type": "Point",
        "coordinates": [
          115.7780425,
          -31.8764606
        ]
      },
      "properties": {
        "id": "osm-au-node-11397913897",
        "name": "Laubman & Pank",
        "status": "Mapped",
        "country": "Australia",
        "state": "WA",
        "city": "",
        "postal_code": "",
        "full_address": "Australia",
        "phone": "",
        "official_url": "https://www.openstreetmap.org/node/11397913897",
        "services": "Optical / optician listing",
        "audiology": "false",
        "source_url": "https://www.openstreetmap.org/node/11397913897",
        "source_confidence": "Community-mapped"
      }
    },
    {
      "type": "Feature",
      "geometry": {
        "type": "Point",
        "coordinates": [
          117.8817377,
          -35.0186287
        ]
      },
      "properties": {
        "id": "osm-au-node-6976079758",
        "name": "Laubman & Pank",
        "status": "Mapped",
        "country": "Australia",
        "state": "WA",
        "city": "",
        "postal_code": "",
        "full_address": "Australia",
        "phone": "",
        "official_url": "https://www.openstreetmap.org/node/6976079758",
        "services": "Optical / optician listing",
        "audiology": "false",
        "source_url": "https://www.openstreetmap.org/node/6976079758",
        "source_confidence": "Community-mapped"
      }
    },
    {
      "type": "Feature",
      "geometry": {
        "type": "Point",
        "coordinates": [
          115.8234396,
          -31.9478639
        ]
      },
      "properties": {
        "id": "osm-au-node-12841444736",
        "name": "Looks Optique",
        "status": "Mapped",
        "country": "Australia",
        "state": "WA",
        "city": "",
        "postal_code": "",
        "full_address": "7 Forrest Walk, Australia",
        "phone": "",
        "official_url": "https://www.openstreetmap.org/node/12841444736",
        "services": "Optical / optician listing",
        "audiology": "false",
        "source_url": "https://www.openstreetmap.org/node/12841444736",
        "source_confidence": "Community-mapped"
      }
    },
    {
      "type": "Feature",
      "geometry": {
        "type": "Point",
        "coordinates": [
          115.7527303,
          -32.0682934
        ]
      },
      "properties": {
        "id": "osm-au-node-10107385752",
        "name": "Naked Specs",
        "status": "Mapped",
        "country": "Australia",
        "state": "WA",
        "city": "",
        "postal_code": "",
        "full_address": "322 South Terrace, Australia",
        "phone": "",
        "official_url": "https://www.openstreetmap.org/node/10107385752",
        "services": "Optical / optician listing",
        "audiology": "false",
        "source_url": "https://www.openstreetmap.org/node/10107385752",
        "source_confidence": "Community-mapped"
      }
    },
    {
      "type": "Feature",
      "geometry": {
        "type": "Point",
        "coordinates": [
          115.8800717,
          -32.0579182
        ]
      },
      "properties": {
        "id": "osm-au-node-9722108317",
        "name": "Sigo+",
        "status": "Mapped",
        "country": "Australia",
        "state": "WA",
        "city": "",
        "postal_code": "",
        "full_address": "Australia",
        "phone": "",
        "official_url": "https://www.openstreetmap.org/node/9722108317",
        "services": "Optical / optician listing",
        "audiology": "false",
        "source_url": "https://www.openstreetmap.org/node/9722108317",
        "source_confidence": "Community-mapped"
      }
    },
    {
      "type": "Feature",
      "geometry": {
        "type": "Point",
        "coordinates": [
          115.85462,
          -31.95358
        ]
      },
      "properties": {
        "id": "osm-au-node-12818357495",
        "name": "SpecialEyes Optical",
        "status": "Mapped",
        "country": "Australia",
        "state": "WA",
        "city": "",
        "postal_code": "",
        "full_address": "Australia",
        "phone": "",
        "official_url": "https://www.openstreetmap.org/node/12818357495",
        "services": "Optical / optician listing",
        "audiology": "false",
        "source_url": "https://www.openstreetmap.org/node/12818357495",
        "source_confidence": "Community-mapped"
      }
    },
    {
      "type": "Feature",
      "geometry": {
        "type": "Point",
        "coordinates": [
          115.9029251,
          -31.9840669
        ]
      },
      "properties": {
        "id": "osm-au-node-9778461017",
        "name": "Specs Plus",
        "status": "Mapped",
        "country": "Australia",
        "state": "WA",
        "city": "",
        "postal_code": "",
        "full_address": "Australia",
        "phone": "",
        "official_url": "https://www.openstreetmap.org/node/9778461017",
        "services": "Optical / optician listing",
        "audiology": "false",
        "source_url": "https://www.openstreetmap.org/node/9778461017",
        "source_confidence": "Community-mapped"
      }
    },
    {
      "type": "Feature",
      "geometry": {
        "type": "Point",
        "coordinates": [
          115.8241028,
          -31.9493729
        ]
      },
      "properties": {
        "id": "osm-au-node-9928510956",
        "name": "Specs Plus",
        "status": "Mapped",
        "country": "Australia",
        "state": "WA",
        "city": "",
        "postal_code": "",
        "full_address": "154 Rokeby Road, Australia",
        "phone": "",
        "official_url": "https://www.openstreetmap.org/node/9928510956",
        "services": "Optical / optician listing",
        "audiology": "false",
        "source_url": "https://www.openstreetmap.org/node/9928510956",
        "source_confidence": "Community-mapped"
      }
    },
    {
      "type": "Feature",
      "geometry": {
        "type": "Point",
        "coordinates": [
          115.8594708,
          -31.931912
        ]
      },
      "properties": {
        "id": "osm-au-node-4197216402",
        "name": "SpexDesign",
        "status": "Mapped",
        "country": "Australia",
        "state": "WA",
        "city": "",
        "postal_code": "",
        "full_address": "Australia",
        "phone": "",
        "official_url": "https://www.openstreetmap.org/node/4197216402",
        "services": "Optical / optician listing",
        "audiology": "false",
        "source_url": "https://www.openstreetmap.org/node/4197216402",
        "source_confidence": "Community-mapped"
      }
    },
    {
      "type": "Feature",
      "geometry": {
        "type": "Point",
        "coordinates": [
          115.778465,
          -31.8763318
        ]
      },
      "properties": {
        "id": "osm-au-node-11397913900",
        "name": "Vision West",
        "status": "Mapped",
        "country": "Australia",
        "state": "WA",
        "city": "",
        "postal_code": "",
        "full_address": "Australia",
        "phone": "",
        "official_url": "https://www.openstreetmap.org/node/11397913900",
        "services": "Optical / optician listing",
        "audiology": "false",
        "source_url": "https://www.openstreetmap.org/node/11397913900",
        "source_confidence": "Community-mapped"
      }
    },
    {
      "type": "Feature",
      "geometry": {
        "type": "Point",
        "coordinates": [
          114.6076279,
          -28.7746334
        ]
      },
      "properties": {
        "id": "osm-au-node-6934750148",
        "name": "midwest optical",
        "status": "Mapped",
        "country": "Australia",
        "state": "WA",
        "city": "",
        "postal_code": "",
        "full_address": "Australia",
        "phone": "",
        "official_url": "https://www.openstreetmap.org/node/6934750148",
        "services": "Optical / optician listing",
        "audiology": "false",
        "source_url": "https://www.openstreetmap.org/node/6934750148",
        "source_confidence": "Community-mapped"
      }
    },
    {
      "type": "Feature",
      "geometry": {
        "type": "Point",
        "coordinates": [
          115.8341676,
          -32.0097278
        ]
      },
      "properties": {
        "id": "osm-au-node-7069706341",
        "name": "Specialeyes",
        "status": "Mapped",
        "country": "Australia",
        "state": "WA",
        "city": "Applecross",
        "postal_code": "6153",
        "full_address": "31 Ardross Street, Applecross, 6153, Australia",
        "phone": "",
        "official_url": "https://www.openstreetmap.org/node/7069706341",
        "services": "Optical / optician listing",
        "audiology": "false",
        "source_url": "https://www.openstreetmap.org/node/7069706341",
        "source_confidence": "Community-mapped"
      }
    },
    {
      "type": "Feature",
      "geometry": {
        "type": "Point",
        "coordinates": [
          115.8363228,
          -32.0212881
        ]
      },
      "properties": {
        "id": "osm-au-node-2393656997",
        "name": "Applecross Eye Clinic",
        "status": "Mapped",
        "country": "Australia",
        "state": "WA",
        "city": "Ardross",
        "postal_code": "6153",
        "full_address": "61 Simpson Street, Ardross, 6153, Australia",
        "phone": "",
        "official_url": "https://www.openstreetmap.org/node/2393656997",
        "services": "Optical / optician listing",
        "audiology": "false",
        "source_url": "https://www.openstreetmap.org/node/2393656997",
        "source_confidence": "Community-mapped"
      }
    },
    {
      "type": "Feature",
      "geometry": {
        "type": "Point",
        "coordinates": [
          115.777965,
          -31.8770744
        ]
      },
      "properties": {
        "id": "osm-au-node-11396192032",
        "name": "Options Optometrist Karrinyup",
        "status": "Mapped",
        "country": "Australia",
        "state": "WA",
        "city": "Karrinyup",
        "postal_code": "6018",
        "full_address": "SP0274A Karrinyup Road, Karrinyup, 6018, Australia",
        "phone": "",
        "official_url": "https://www.openstreetmap.org/node/11396192032",
        "services": "Optical / optician listing",
        "audiology": "false",
        "source_url": "https://www.openstreetmap.org/node/11396192032",
        "source_confidence": "Community-mapped"
      }
    },
    {
      "type": "Feature",
      "geometry": {
        "type": "Point",
        "coordinates": [
          116.1449696,
          -34.2417991
        ]
      },
      "properties": {
        "id": "osm-au-node-4061035335",
        "name": "Birte Venske Optometrist",
        "status": "Mapped",
        "country": "Australia",
        "state": "WA",
        "city": "Manjimup",
        "postal_code": "6258",
        "full_address": "32 Rose Street, Manjimup, 6258, Australia",
        "phone": "+61 8 9777 1886",
        "official_url": "https://www.openstreetmap.org/node/4061035335",
        "services": "Optical / optician listing",
        "audiology": "false",
        "source_url": "https://www.openstreetmap.org/node/4061035335",
        "source_confidence": "Community-mapped"
      }
    },
    {
      "type": "Feature",
      "geometry": {
        "type": "Point",
        "coordinates": [
          115.7542115,
          -32.0366015
        ]
      },
      "properties": {
        "id": "osm-au-node-11730741731",
        "name": "Monocle Optometry",
        "status": "Mapped",
        "country": "Australia",
        "state": "WA",
        "city": "North Fremantle",
        "postal_code": "6159",
        "full_address": "210 Queen Victoria Street, North Fremantle, 6159, Australia",
        "phone": "",
        "official_url": "https://www.monocleoptometry.com.au/",
        "services": "Optical / optician listing",
        "audiology": "false",
        "source_url": "https://www.openstreetmap.org/node/11730741731",
        "source_confidence": "Community-mapped"
      }
    },
    {
      "type": "Feature",
      "geometry": {
        "type": "Point",
        "coordinates": [
          115.762716,
          -32.3466985
        ]
      },
      "properties": {
        "id": "osm-au-node-12743733613",
        "name": "Options Optometrists Warnbro",
        "status": "Mapped",
        "country": "Australia",
        "state": "WA",
        "city": "Warnbro",
        "postal_code": "6169",
        "full_address": "206 Warnbro Sound Avenue, Warnbro, 6169, Australia",
        "phone": "",
        "official_url": "https://optionsoptometrists.com.au/locations/warnbro/",
        "services": "Optical / optician listing",
        "audiology": "false",
        "source_url": "https://www.openstreetmap.org/node/12743733613",
        "source_confidence": "Community-mapped"
      }
    },
    {
      "type": "Feature",
      "geometry": {
        "type": "Point",
        "coordinates": [
          174.7108781,
          -36.8701487
        ]
      },
      "properties": {
        "id": "osm-ne-node-7009136867",
        "name": "Campbell And Campbell",
        "status": "Mapped",
        "country": "New Zealand",
        "state": "Auckland",
        "city": "",
        "postal_code": "",
        "full_address": "New Zealand",
        "phone": "+64 9 846 0775",
        "official_url": "https://campbelloptom.co.nz",
        "services": "Optical / optician listing",
        "audiology": "false",
        "source_url": "https://www.openstreetmap.org/node/7009136867",
        "source_confidence": "Community-mapped"
      }
    },
    {
      "type": "Feature",
      "geometry": {
        "type": "Point",
        "coordinates": [
          174.6519488,
          -36.8436794
        ]
      },
      "properties": {
        "id": "osm-ne-node-6923678892",
        "name": "Cassidy Eyecare",
        "status": "Mapped",
        "country": "New Zealand",
        "state": "Auckland",
        "city": "",
        "postal_code": "",
        "full_address": "New Zealand",
        "phone": "",
        "official_url": "https://www.openstreetmap.org/node/6923678892",
        "services": "Optical / optician listing",
        "audiology": "false",
        "source_url": "https://www.openstreetmap.org/node/6923678892",
        "source_confidence": "Community-mapped"
      }
    },
    {
      "type": "Feature",
      "geometry": {
        "type": "Point",
        "coordinates": [
          174.7730497,
          -36.7892987
        ]
      },
      "properties": {
        "id": "osm-ne-node-6169401087",
        "name": "Crenshaw Opticians and Optometrists",
        "status": "Mapped",
        "country": "New Zealand",
        "state": "Auckland",
        "city": "",
        "postal_code": "",
        "full_address": "New Zealand",
        "phone": "",
        "official_url": "https://www.openstreetmap.org/node/6169401087",
        "services": "Optical / optician listing",
        "audiology": "false",
        "source_url": "https://www.openstreetmap.org/node/6169401087",
        "source_confidence": "Community-mapped"
      }
    },
    {
      "type": "Feature",
      "geometry": {
        "type": "Point",
        "coordinates": [
          174.7655976,
          -36.7717019
        ]
      },
      "properties": {
        "id": "osm-ne-way-879150414",
        "name": "Eye Style",
        "status": "Mapped",
        "country": "New Zealand",
        "state": "Auckland",
        "city": "",
        "postal_code": "",
        "full_address": "New Zealand",
        "phone": "",
        "official_url": "https://www.openstreetmap.org/way/879150414",
        "services": "Optical / optician listing",
        "audiology": "false",
        "source_url": "https://www.openstreetmap.org/way/879150414",
        "source_confidence": "Community-mapped"
      }
    },
    {
      "type": "Feature",
      "geometry": {
        "type": "Point",
        "coordinates": [
          175.0097977,
          -36.782887
        ]
      },
      "properties": {
        "id": "osm-ne-node-10892579810",
        "name": "Island Eyes",
        "status": "Mapped",
        "country": "New Zealand",
        "state": "Auckland",
        "city": "",
        "postal_code": "",
        "full_address": "New Zealand",
        "phone": "",
        "official_url": "https://www.openstreetmap.org/node/10892579810",
        "services": "Optical / optician listing",
        "audiology": "false",
        "source_url": "https://www.openstreetmap.org/node/10892579810",
        "source_confidence": "Community-mapped"
      }
    },
    {
      "type": "Feature",
      "geometry": {
        "type": "Point",
        "coordinates": [
          174.7441506,
          -36.8470839
        ]
      },
      "properties": {
        "id": "osm-ne-node-13822996704",
        "name": "Matthews Eyecare",
        "status": "Mapped",
        "country": "New Zealand",
        "state": "Auckland",
        "city": "",
        "postal_code": "",
        "full_address": "1 Jervois Road, New Zealand",
        "phone": "",
        "official_url": "https://www.openstreetmap.org/node/13822996704",
        "services": "Optical / optician listing",
        "audiology": "false",
        "source_url": "https://www.openstreetmap.org/node/13822996704",
        "source_confidence": "Community-mapped"
      }
    },
    {
      "type": "Feature",
      "geometry": {
        "type": "Point",
        "coordinates": [
          174.7639767,
          -36.7722534
        ]
      },
      "properties": {
        "id": "osm-ne-node-6162557005",
        "name": "Milford Optometrists",
        "status": "Mapped",
        "country": "New Zealand",
        "state": "Auckland",
        "city": "",
        "postal_code": "",
        "full_address": "New Zealand",
        "phone": "",
        "official_url": "https://www.openstreetmap.org/node/6162557005",
        "services": "Optical / optician listing",
        "audiology": "false",
        "source_url": "https://www.openstreetmap.org/node/6162557005",
        "source_confidence": "Community-mapped"
      }
    },
    {
      "type": "Feature",
      "geometry": {
        "type": "Point",
        "coordinates": [
          174.7725737,
          -36.7874709
        ]
      },
      "properties": {
        "id": "osm-ne-node-13805150403",
        "name": "Mortimer Hirst",
        "status": "Mapped",
        "country": "New Zealand",
        "state": "Auckland",
        "city": "",
        "postal_code": "",
        "full_address": "46 Hurstmere Road, New Zealand",
        "phone": "",
        "official_url": "http://MortimerHirst.co.nz",
        "services": "Optical / optician listing",
        "audiology": "false",
        "source_url": "https://www.openstreetmap.org/node/13805150403",
        "source_confidence": "Community-mapped"
      }
    },
    {
      "type": "Feature",
      "geometry": {
        "type": "Point",
        "coordinates": [
          174.857297,
          -36.8505378
        ]
      },
      "properties": {
        "id": "osm-ne-node-14086659006",
        "name": "Mortimer Hirst - eyecare & eyewear",
        "status": "Mapped",
        "country": "New Zealand",
        "state": "Auckland",
        "city": "",
        "postal_code": "",
        "full_address": "T\u0101maki Drive, New Zealand",
        "phone": "",
        "official_url": "https://www.openstreetmap.org/node/14086659006",
        "services": "Optical / optician listing",
        "audiology": "false",
        "source_url": "https://www.openstreetmap.org/node/14086659006",
        "source_confidence": "Community-mapped"
      }
    },
    {
      "type": "Feature",
      "geometry": {
        "type": "Point",
        "coordinates": [
          174.7442485,
          -36.8478075
        ]
      },
      "properties": {
        "id": "osm-ne-node-5466762097",
        "name": "Nath Optometrists",
        "status": "Mapped",
        "country": "New Zealand",
        "state": "Auckland",
        "city": "",
        "postal_code": "1011",
        "full_address": "303 Ponsonby Road, 1011, New Zealand",
        "phone": "+64 9 948 8775",
        "official_url": "http://nathsoptometrists.co.nz",
        "services": "Optical / optician listing",
        "audiology": "false",
        "source_url": "https://www.openstreetmap.org/node/5466762097",
        "source_confidence": "Community-mapped"
      }
    },
    {
      "type": "Feature",
      "geometry": {
        "type": "Point",
        "coordinates": [
          174.7667549,
          -36.8474043
        ]
      },
      "properties": {
        "id": "osm-ne-node-11204116311",
        "name": "Optics1",
        "status": "Mapped",
        "country": "New Zealand",
        "state": "Auckland",
        "city": "",
        "postal_code": "",
        "full_address": "New Zealand",
        "phone": "",
        "official_url": "https://www.openstreetmap.org/node/11204116311",
        "services": "Optical / optician listing",
        "audiology": "false",
        "source_url": "https://www.openstreetmap.org/node/11204116311",
        "source_confidence": "Community-mapped"
      }
    },
    {
      "type": "Feature",
      "geometry": {
        "type": "Point",
        "coordinates": [
          174.7867834,
          -36.9214536
        ]
      },
      "properties": {
        "id": "osm-ne-way-911692375",
        "name": "Sunnies",
        "status": "Mapped",
        "country": "New Zealand",
        "state": "Auckland",
        "city": "",
        "postal_code": "",
        "full_address": "New Zealand",
        "phone": "",
        "official_url": "https://www.openstreetmap.org/way/911692375",
        "services": "Optical / optician listing",
        "audiology": "false",
        "source_url": "https://www.openstreetmap.org/way/911692375",
        "source_confidence": "Community-mapped"
      }
    },
    {
      "type": "Feature",
      "geometry": {
        "type": "Point",
        "coordinates": [
          174.6937367,
          -36.5855139
        ]
      },
      "properties": {
        "id": "osm-ne-node-4396978791",
        "name": "The Eye Place",
        "status": "Mapped",
        "country": "New Zealand",
        "state": "Auckland",
        "city": "",
        "postal_code": "",
        "full_address": "New Zealand",
        "phone": "+64 9 426 0084",
        "official_url": "https://www.openstreetmap.org/node/4396978791",
        "services": "Optical / optician listing",
        "audiology": "false",
        "source_url": "https://www.openstreetmap.org/node/4396978791",
        "source_confidence": "Community-mapped"
      }
    },
    {
      "type": "Feature",
      "geometry": {
        "type": "Point",
        "coordinates": [
          174.8549463,
          -36.899664
        ]
      },
      "properties": {
        "id": "osm-ne-node-12594285407",
        "name": "The Eyecare Practice",
        "status": "Mapped",
        "country": "New Zealand",
        "state": "Auckland",
        "city": "",
        "postal_code": "",
        "full_address": "2A/100 Queens Road, New Zealand",
        "phone": "+64 9 273 1296",
        "official_url": "https://www.openstreetmap.org/node/12594285407",
        "services": "Optical / optician listing",
        "audiology": "false",
        "source_url": "https://www.openstreetmap.org/node/12594285407",
        "source_confidence": "Community-mapped"
      }
    },
    {
      "type": "Feature",
      "geometry": {
        "type": "Point",
        "coordinates": [
          174.6843761,
          -36.9079981
        ]
      },
      "properties": {
        "id": "osm-ne-node-10086117777",
        "name": "Vision Centre",
        "status": "Mapped",
        "country": "New Zealand",
        "state": "Auckland",
        "city": "",
        "postal_code": "",
        "full_address": "New Zealand",
        "phone": "",
        "official_url": "https://www.openstreetmap.org/node/10086117777",
        "services": "Optical / optician listing",
        "audiology": "false",
        "source_url": "https://www.openstreetmap.org/node/10086117777",
        "source_confidence": "Community-mapped"
      }
    },
    {
      "type": "Feature",
      "geometry": {
        "type": "Point",
        "coordinates": [
          174.7805967,
          -36.8560113
        ]
      },
      "properties": {
        "id": "osm-ne-node-2660761055",
        "name": "Visionx",
        "status": "Mapped",
        "country": "New Zealand",
        "state": "Auckland",
        "city": "",
        "postal_code": "",
        "full_address": "New Zealand",
        "phone": "",
        "official_url": "https://www.openstreetmap.org/node/2660761055",
        "services": "Optical / optician listing",
        "audiology": "false",
        "source_url": "https://www.openstreetmap.org/node/2660761055",
        "source_confidence": "Community-mapped"
      }
    },
    {
      "type": "Feature",
      "geometry": {
        "type": "Point",
        "coordinates": [
          174.7848905,
          -36.9208735
        ]
      },
      "properties": {
        "id": "osm-ne-way-262147882",
        "name": "Visique",
        "status": "Mapped",
        "country": "New Zealand",
        "state": "Auckland",
        "city": "",
        "postal_code": "",
        "full_address": "250 Onehunga Mall, New Zealand",
        "phone": "",
        "official_url": "https://www.openstreetmap.org/way/262147882",
        "services": "Optical / optician listing",
        "audiology": "false",
        "source_url": "https://www.openstreetmap.org/way/262147882",
        "source_confidence": "Community-mapped"
      }
    },
    {
      "type": "Feature",
      "geometry": {
        "type": "Point",
        "coordinates": [
          174.7244591,
          -36.812127
        ]
      },
      "properties": {
        "id": "osm-ne-node-5913292096",
        "name": "Highbury Optometrists",
        "status": "Mapped",
        "country": "New Zealand",
        "state": "Auckland",
        "city": "Auckland",
        "postal_code": "0626",
        "full_address": "52 Mokoia Road, Auckland, 0626, New Zealand",
        "phone": "+64 9 418 1347",
        "official_url": "https://www.highburyeye.co.nz/",
        "services": "Optical / optician listing",
        "audiology": "false",
        "source_url": "https://www.openstreetmap.org/node/5913292096",
        "source_confidence": "Community-mapped"
      }
    },
    {
      "type": "Feature",
      "geometry": {
        "type": "Point",
        "coordinates": [
          176.1824425,
          -37.638037
        ]
      },
      "properties": {
        "id": "osm-ne-node-5551688223",
        "name": "Fischer fischer",
        "status": "Mapped",
        "country": "New Zealand",
        "state": "Bay of Plenty",
        "city": "",
        "postal_code": "",
        "full_address": "New Zealand",
        "phone": "",
        "official_url": "https://www.openstreetmap.org/node/5551688223",
        "services": "Optical / optician listing",
        "audiology": "false",
        "source_url": "https://www.openstreetmap.org/node/5551688223",
        "source_confidence": "Community-mapped"
      }
    },
    {
      "type": "Feature",
      "geometry": {
        "type": "Point",
        "coordinates": [
          172.7036358,
          -43.5574386
        ]
      },
      "properties": {
        "id": "osm-ne-node-4757538924",
        "name": "FOATE Optometry",
        "status": "Mapped",
        "country": "New Zealand",
        "state": "Canterbury",
        "city": "",
        "postal_code": "",
        "full_address": "New Zealand",
        "phone": "",
        "official_url": "https://www.openstreetmap.org/node/4757538924",
        "services": "Optical / optician listing",
        "audiology": "false",
        "source_url": "https://www.openstreetmap.org/node/4757538924",
        "source_confidence": "Community-mapped"
      }
    },
    {
      "type": "Feature",
      "geometry": {
        "type": "Point",
        "coordinates": [
          172.6385792,
          -43.5294059
        ]
      },
      "properties": {
        "id": "osm-ne-way-101162360",
        "name": "Groovy Glasses Ltd",
        "status": "Mapped",
        "country": "New Zealand",
        "state": "Canterbury",
        "city": "Christchurch Central",
        "postal_code": "8011",
        "full_address": "15 New Regent Street, Christchurch Central, 8011, New Zealand",
        "phone": "",
        "official_url": "https://www.openstreetmap.org/way/101162360",
        "services": "Optical / optician listing",
        "audiology": "false",
        "source_url": "https://www.openstreetmap.org/way/101162360",
        "source_confidence": "Community-mapped"
      }
    },
    {
      "type": "Feature",
      "geometry": {
        "type": "Point",
        "coordinates": [
          178.0251638,
          -38.6656132
        ]
      },
      "properties": {
        "id": "osm-ne-node-4523027569",
        "name": "Spec Savers",
        "status": "Mapped",
        "country": "New Zealand",
        "state": "Gisborne",
        "city": "",
        "postal_code": "",
        "full_address": "New Zealand",
        "phone": "",
        "official_url": "https://www.openstreetmap.org/node/4523027569",
        "services": "Optical / optician listing",
        "audiology": "false",
        "source_url": "https://www.openstreetmap.org/node/4523027569",
        "source_confidence": "Community-mapped"
      }
    },
    {
      "type": "Feature",
      "geometry": {
        "type": "Point",
        "coordinates": [
          178.0235598,
          -38.6644351
        ]
      },
      "properties": {
        "id": "osm-ne-node-12611705756",
        "name": "Sternsen Kain",
        "status": "Mapped",
        "country": "New Zealand",
        "state": "Gisborne",
        "city": "",
        "postal_code": "",
        "full_address": "New Zealand",
        "phone": "",
        "official_url": "https://www.openstreetmap.org/node/12611705756",
        "services": "Optical / optician listing",
        "audiology": "false",
        "source_url": "https://www.openstreetmap.org/node/12611705756",
        "source_confidence": "Community-mapped"
      }
    },
    {
      "type": "Feature",
      "geometry": {
        "type": "Point",
        "coordinates": [
          176.9183145,
          -39.4892964
        ]
      },
      "properties": {
        "id": "osm-ne-way-372801612",
        "name": "Frederick Swain Optometrists",
        "status": "Mapped",
        "country": "New Zealand",
        "state": "Hawke's Bay",
        "city": "",
        "postal_code": "",
        "full_address": "52 Hastings Street, New Zealand",
        "phone": "",
        "official_url": "https://frederickswain.co.nz/",
        "services": "Optical / optician listing",
        "audiology": "false",
        "source_url": "https://www.openstreetmap.org/way/372801612",
        "source_confidence": "Community-mapped"
      }
    },
    {
      "type": "Feature",
      "geometry": {
        "type": "Point",
        "coordinates": [
          176.9180362,
          -39.4900288
        ]
      },
      "properties": {
        "id": "osm-ne-node-4327600580",
        "name": "Spex Eyewear",
        "status": "Mapped",
        "country": "New Zealand",
        "state": "Hawke's Bay",
        "city": "",
        "postal_code": "",
        "full_address": "5/44 Emerson Street, New Zealand",
        "phone": "",
        "official_url": "https://spexeyewear.co.nz/",
        "services": "Optical / optician listing",
        "audiology": "false",
        "source_url": "https://www.openstreetmap.org/node/4327600580",
        "source_confidence": "Community-mapped"
      }
    },
    {
      "type": "Feature",
      "geometry": {
        "type": "Point",
        "coordinates": [
          176.912163,
          -39.4915029
        ]
      },
      "properties": {
        "id": "osm-ne-way-221688843",
        "name": "Bennett and Pearson",
        "status": "Mapped",
        "country": "New Zealand",
        "state": "Hawke's Bay",
        "city": "Napier South",
        "postal_code": "",
        "full_address": "7 Carlyle Street, Napier South, New Zealand",
        "phone": "",
        "official_url": "https://www.openstreetmap.org/way/221688843",
        "services": "Optical / optician listing",
        "audiology": "false",
        "source_url": "https://www.openstreetmap.org/way/221688843",
        "source_confidence": "Community-mapped"
      }
    },
    {
      "type": "Feature",
      "geometry": {
        "type": "Point",
        "coordinates": [
          176.9153826,
          -39.4904323
        ]
      },
      "properties": {
        "id": "osm-ne-way-430131331",
        "name": "Herb Maynard Optometrist",
        "status": "Mapped",
        "country": "New Zealand",
        "state": "Hawke's Bay",
        "city": "Napier South",
        "postal_code": "4110",
        "full_address": "104 Tennyson Street, Napier South, 4110, New Zealand",
        "phone": "",
        "official_url": "http://www.hmo.co.nz/",
        "services": "Optical / optician listing",
        "audiology": "false",
        "source_url": "https://www.openstreetmap.org/way/430131331",
        "source_confidence": "Community-mapped"
      }
    },
    {
      "type": "Feature",
      "geometry": {
        "type": "Point",
        "coordinates": [
          176.8483681,
          -39.536865
        ]
      },
      "properties": {
        "id": "osm-ne-way-455198732",
        "name": "Pearson & Hooker Optometrists",
        "status": "Mapped",
        "country": "New Zealand",
        "state": "Hawke's Bay",
        "city": "Taradale",
        "postal_code": "4112",
        "full_address": "306 Gloucester Street, Taradale, 4112, New Zealand",
        "phone": "",
        "official_url": "https://www.openstreetmap.org/way/455198732",
        "services": "Optical / optician listing",
        "audiology": "false",
        "source_url": "https://www.openstreetmap.org/way/455198732",
        "source_confidence": "Community-mapped"
      }
    },
    {
      "type": "Feature",
      "geometry": {
        "type": "Point",
        "coordinates": [
          176.8479174,
          -39.5365062
        ]
      },
      "properties": {
        "id": "osm-ne-way-455192520",
        "name": "Visique Taradale Optometrists",
        "status": "Mapped",
        "country": "New Zealand",
        "state": "Hawke's Bay",
        "city": "Taradale",
        "postal_code": "4112",
        "full_address": "299 Gloucester Street, Taradale, 4112, New Zealand",
        "phone": "",
        "official_url": "http://www.visique.co.nz/",
        "services": "Optical / optician listing",
        "audiology": "false",
        "source_url": "https://www.openstreetmap.org/way/455192520",
        "source_confidence": "Community-mapped"
      }
    },
    {
      "type": "Feature",
      "geometry": {
        "type": "Point",
        "coordinates": [
          175.6210561,
          -40.3501669
        ]
      },
      "properties": {
        "id": "osm-ne-node-13475253028",
        "name": "Eyes on Broadway",
        "status": "Mapped",
        "country": "New Zealand",
        "state": "Manawatu-Whanganui",
        "city": "",
        "postal_code": "",
        "full_address": "New Zealand",
        "phone": "+64 6 357 9782",
        "official_url": "https://www.eyesonbroadway.co.nz/",
        "services": "Optical / optician listing",
        "audiology": "false",
        "source_url": "https://www.openstreetmap.org/node/13475253028",
        "source_confidence": "Community-mapped"
      }
    },
    {
      "type": "Feature",
      "geometry": {
        "type": "Point",
        "coordinates": [
          175.8411927,
          -40.452169
        ]
      },
      "properties": {
        "id": "osm-ne-node-13312432427",
        "name": "Visique",
        "status": "Mapped",
        "country": "New Zealand",
        "state": "Manawatu-Whanganui",
        "city": "",
        "postal_code": "",
        "full_address": "New Zealand",
        "phone": "",
        "official_url": "https://www.openstreetmap.org/node/13312432427",
        "services": "Optical / optician listing",
        "audiology": "false",
        "source_url": "https://www.openstreetmap.org/node/13312432427",
        "source_confidence": "Community-mapped"
      }
    },
    {
      "type": "Feature",
      "geometry": {
        "type": "Point",
        "coordinates": [
          175.6122801,
          -40.3544977
        ]
      },
      "properties": {
        "id": "osm-ne-node-5546969987",
        "name": "Visique Eye Spy Optometrists",
        "status": "Mapped",
        "country": "New Zealand",
        "state": "Manawatu-Whanganui",
        "city": "Palmerston North",
        "postal_code": "4410",
        "full_address": "24 Broadway Avenue, Palmerston North, 4410, New Zealand",
        "phone": "+64 6 354 6666",
        "official_url": "https://www.eyespy-pn.co.nz/",
        "services": "Optical / optician listing",
        "audiology": "false",
        "source_url": "https://www.openstreetmap.org/node/5546969987",
        "source_confidence": "Community-mapped"
      }
    },
    {
      "type": "Feature",
      "geometry": {
        "type": "Point",
        "coordinates": [
          175.051865,
          -39.9329508
        ]
      },
      "properties": {
        "id": "osm-ne-node-5510196686",
        "name": "Eyes On Victoria",
        "status": "Mapped",
        "country": "New Zealand",
        "state": "Manawatu-Whanganui",
        "city": "Whanganui",
        "postal_code": "4500",
        "full_address": "97A Victoria Avenue, Whanganui, 4500, New Zealand",
        "phone": "+64 6 347 6072",
        "official_url": "https://eyesonvictoria.co.nz/",
        "services": "Optical / optician listing",
        "audiology": "false",
        "source_url": "https://www.openstreetmap.org/node/5510196686",
        "source_confidence": "Community-mapped"
      }
    },
    {
      "type": "Feature",
      "geometry": {
        "type": "Point",
        "coordinates": [
          173.2860222,
          -41.2739613
        ]
      },
      "properties": {
        "id": "osm-ne-node-11440212557",
        "name": "Matthews",
        "status": "Mapped",
        "country": "New Zealand",
        "state": "Nelson",
        "city": "",
        "postal_code": "",
        "full_address": "New Zealand",
        "phone": "",
        "official_url": "https://www.openstreetmap.org/node/11440212557",
        "services": "Optical / optician listing",
        "audiology": "false",
        "source_url": "https://www.openstreetmap.org/node/11440212557",
        "source_confidence": "Community-mapped"
      }
    },
    {
      "type": "Feature",
      "geometry": {
        "type": "Point",
        "coordinates": [
          173.2846629,
          -41.2744433
        ]
      },
      "properties": {
        "id": "osm-ne-node-12660968717",
        "name": "Matthews Sports Vision",
        "status": "Mapped",
        "country": "New Zealand",
        "state": "Nelson",
        "city": "",
        "postal_code": "",
        "full_address": "New Zealand",
        "phone": "",
        "official_url": "https://www.openstreetmap.org/node/12660968717",
        "services": "Optical / optician listing",
        "audiology": "false",
        "source_url": "https://www.openstreetmap.org/node/12660968717",
        "source_confidence": "Community-mapped"
      }
    },
    {
      "type": "Feature",
      "geometry": {
        "type": "Point",
        "coordinates": [
          173.2858799,
          -41.2744749
        ]
      },
      "properties": {
        "id": "osm-ne-node-2306079328",
        "name": "Kuske",
        "status": "Mapped",
        "country": "New Zealand",
        "state": "Nelson",
        "city": "Nelson",
        "postal_code": "7010",
        "full_address": "258 Hardy Street, Nelson, 7010, New Zealand",
        "phone": "+64 3 545 8693",
        "official_url": "https://kuske.co.nz",
        "services": "Optical / optician listing",
        "audiology": "false",
        "source_url": "https://www.openstreetmap.org/node/2306079328",
        "source_confidence": "Community-mapped"
      }
    },
    {
      "type": "Feature",
      "geometry": {
        "type": "Point",
        "coordinates": [
          173.9166571,
          -35.2055164
        ]
      },
      "properties": {
        "id": "osm-ne-node-12381329536",
        "name": "The Optical Shop",
        "status": "Mapped",
        "country": "New Zealand",
        "state": "Northland",
        "city": "",
        "postal_code": "",
        "full_address": "New Zealand",
        "phone": "",
        "official_url": "https://www.openstreetmap.org/node/12381329536",
        "services": "Optical / optician listing",
        "audiology": "false",
        "source_url": "https://www.openstreetmap.org/node/12381329536",
        "source_confidence": "Community-mapped"
      }
    },
    {
      "type": "Feature",
      "geometry": {
        "type": "Point",
        "coordinates": [
          174.3216956,
          -35.7260628
        ]
      },
      "properties": {
        "id": "osm-ne-node-12577152601",
        "name": "The Optical Shop",
        "status": "Mapped",
        "country": "New Zealand",
        "state": "Northland",
        "city": "",
        "postal_code": "",
        "full_address": "New Zealand",
        "phone": "",
        "official_url": "https://www.openstreetmap.org/node/12577152601",
        "services": "Optical / optician listing",
        "audiology": "false",
        "source_url": "https://www.openstreetmap.org/node/12577152601",
        "source_confidence": "Community-mapped"
      }
    },
    {
      "type": "Feature",
      "geometry": {
        "type": "Point",
        "coordinates": [
          169.1966087,
          -45.0372024
        ]
      },
      "properties": {
        "id": "osm-ne-node-4777975526",
        "name": "Central otago optics",
        "status": "Mapped",
        "country": "New Zealand",
        "state": "Otago",
        "city": "",
        "postal_code": "",
        "full_address": "New Zealand",
        "phone": "",
        "official_url": "https://www.openstreetmap.org/node/4777975526",
        "services": "Optical / optician listing",
        "audiology": "false",
        "source_url": "https://www.openstreetmap.org/node/4777975526",
        "source_confidence": "Community-mapped"
      }
    },
    {
      "type": "Feature",
      "geometry": {
        "type": "Point",
        "coordinates": [
          169.1359722,
          -44.6962824
        ]
      },
      "properties": {
        "id": "osm-ne-node-10864300613",
        "name": "Ocula",
        "status": "Mapped",
        "country": "New Zealand",
        "state": "Otago",
        "city": "",
        "postal_code": "",
        "full_address": "New Zealand",
        "phone": "",
        "official_url": "https://www.openstreetmap.org/node/10864300613",
        "services": "Optical / optician listing",
        "audiology": "false",
        "source_url": "https://www.openstreetmap.org/node/10864300613",
        "source_confidence": "Community-mapped"
      }
    },
    {
      "type": "Feature",
      "geometry": {
        "type": "Point",
        "coordinates": [
          170.5022018,
          -45.8754059
        ]
      },
      "properties": {
        "id": "osm-ne-node-14071539647",
        "name": "Peter Dick Optometrists",
        "status": "Mapped",
        "country": "New Zealand",
        "state": "Otago",
        "city": "",
        "postal_code": "",
        "full_address": "New Zealand",
        "phone": "",
        "official_url": "https://www.openstreetmap.org/node/14071539647",
        "services": "Optical / optician listing",
        "audiology": "false",
        "source_url": "https://www.openstreetmap.org/node/14071539647",
        "source_confidence": "Community-mapped"
      }
    },
    {
      "type": "Feature",
      "geometry": {
        "type": "Point",
        "coordinates": [
          168.3518932,
          -46.410606
        ]
      },
      "properties": {
        "id": "osm-ne-node-5248095657",
        "name": "Martin+Lobb",
        "status": "Mapped",
        "country": "New Zealand",
        "state": "Southland",
        "city": "Invercargil",
        "postal_code": "",
        "full_address": "68 Don Street, Invercargil, New Zealand",
        "phone": "",
        "official_url": "https://www.openstreetmap.org/node/5248095657",
        "services": "Optical / optician listing",
        "audiology": "false",
        "source_url": "https://www.openstreetmap.org/node/5248095657",
        "source_confidence": "Community-mapped"
      }
    },
    {
      "type": "Feature",
      "geometry": {
        "type": "Point",
        "coordinates": [
          168.3654342,
          -46.395394
        ]
      },
      "properties": {
        "id": "osm-ne-node-5625853837",
        "name": "Southland Eye Specialists",
        "status": "Mapped",
        "country": "New Zealand",
        "state": "Southland",
        "city": "Windsor",
        "postal_code": "",
        "full_address": "56 Windsor Street, Windsor, New Zealand",
        "phone": "",
        "official_url": "https://www.openstreetmap.org/node/5625853837",
        "services": "Optical / optician listing",
        "audiology": "false",
        "source_url": "https://www.openstreetmap.org/node/5625853837",
        "source_confidence": "Community-mapped"
      }
    },
    {
      "type": "Feature",
      "geometry": {
        "type": "Point",
        "coordinates": [
          174.0652227,
          -39.0574932
        ]
      },
      "properties": {
        "id": "osm-ne-node-4584902658",
        "name": "Taranaki Eye Centre",
        "status": "Mapped",
        "country": "New Zealand",
        "state": "Taranaki",
        "city": "",
        "postal_code": "",
        "full_address": "New Zealand",
        "phone": "",
        "official_url": "https://www.openstreetmap.org/node/4584902658",
        "services": "Optical / optician listing",
        "audiology": "false",
        "source_url": "https://www.openstreetmap.org/node/4584902658",
        "source_confidence": "Community-mapped"
      }
    },
    {
      "type": "Feature",
      "geometry": {
        "type": "Point",
        "coordinates": [
          174.0709083,
          -39.0610255
        ]
      },
      "properties": {
        "id": "osm-ne-node-4584902719",
        "name": "Vivian Optometrists",
        "status": "Mapped",
        "country": "New Zealand",
        "state": "Taranaki",
        "city": "",
        "postal_code": "",
        "full_address": "New Zealand",
        "phone": "",
        "official_url": "https://www.openstreetmap.org/node/4584902719",
        "services": "Optical / optician listing",
        "audiology": "false",
        "source_url": "https://www.openstreetmap.org/node/4584902719",
        "source_confidence": "Community-mapped"
      }
    },
    {
      "type": "Feature",
      "geometry": {
        "type": "Point",
        "coordinates": [
          173.1857441,
          -41.3404124
        ]
      },
      "properties": {
        "id": "osm-ne-node-6914314185",
        "name": "Harrington Eyecare",
        "status": "Mapped",
        "country": "New Zealand",
        "state": "Tasman",
        "city": "",
        "postal_code": "",
        "full_address": "205 Queen Street, New Zealand",
        "phone": "",
        "official_url": "https://www.openstreetmap.org/node/6914314185",
        "services": "Optical / optician listing",
        "audiology": "false",
        "source_url": "https://www.openstreetmap.org/node/6914314185",
        "source_confidence": "Community-mapped"
      }
    },
    {
      "type": "Feature",
      "geometry": {
        "type": "Point",
        "coordinates": [
          175.2539866,
          -37.7379241
        ]
      },
      "properties": {
        "id": "osm-ne-node-1661647029",
        "name": "Flagstaff Eye Care",
        "status": "Mapped",
        "country": "New Zealand",
        "state": "Waikato",
        "city": "",
        "postal_code": "",
        "full_address": "New Zealand",
        "phone": "",
        "official_url": "https://www.openstreetmap.org/node/1661647029",
        "services": "Optical / optician listing",
        "audiology": "false",
        "source_url": "https://www.openstreetmap.org/node/1661647029",
        "source_confidence": "Community-mapped"
      }
    },
    {
      "type": "Feature",
      "geometry": {
        "type": "Point",
        "coordinates": [
          175.1641389,
          -38.3333616
        ]
      },
      "properties": {
        "id": "osm-ne-node-13334828574",
        "name": "King Country Optometrists",
        "status": "Mapped",
        "country": "New Zealand",
        "state": "Waikato",
        "city": "",
        "postal_code": "",
        "full_address": "New Zealand",
        "phone": "",
        "official_url": "https://www.openstreetmap.org/node/13334828574",
        "services": "Optical / optician listing",
        "audiology": "false",
        "source_url": "https://www.openstreetmap.org/node/13334828574",
        "source_confidence": "Community-mapped"
      }
    },
    {
      "type": "Feature",
      "geometry": {
        "type": "Point",
        "coordinates": [
          175.4693071,
          -37.8950703
        ]
      },
      "properties": {
        "id": "osm-ne-node-13441761685",
        "name": "Matthews Eyecare",
        "status": "Mapped",
        "country": "New Zealand",
        "state": "Waikato",
        "city": "",
        "postal_code": "",
        "full_address": "33b Duke Street, New Zealand",
        "phone": "",
        "official_url": "https://www.openstreetmap.org/node/13441761685",
        "services": "Optical / optician listing",
        "audiology": "false",
        "source_url": "https://www.openstreetmap.org/node/13441761685",
        "source_confidence": "Community-mapped"
      }
    },
    {
      "type": "Feature",
      "geometry": {
        "type": "Point",
        "coordinates": [
          175.2782655,
          -37.7512075
        ]
      },
      "properties": {
        "id": "osm-ne-node-2879410946",
        "name": "Paterson Burn",
        "status": "Mapped",
        "country": "New Zealand",
        "state": "Waikato",
        "city": "",
        "postal_code": "",
        "full_address": "New Zealand",
        "phone": "",
        "official_url": "https://www.openstreetmap.org/node/2879410946",
        "services": "Optical / optician listing",
        "audiology": "false",
        "source_url": "https://www.openstreetmap.org/node/2879410946",
        "source_confidence": "Community-mapped"
      }
    },
    {
      "type": "Feature",
      "geometry": {
        "type": "Point",
        "coordinates": [
          175.274673,
          -37.7293656
        ]
      },
      "properties": {
        "id": "osm-ne-node-2875412806",
        "name": "Visique Rototuna Optometrists",
        "status": "Mapped",
        "country": "New Zealand",
        "state": "Waikato",
        "city": "",
        "postal_code": "",
        "full_address": "New Zealand",
        "phone": "",
        "official_url": "https://www.openstreetmap.org/node/2875412806",
        "services": "Optical / optician listing",
        "audiology": "false",
        "source_url": "https://www.openstreetmap.org/node/2875412806",
        "source_confidence": "Community-mapped"
      }
    },
    {
      "type": "Feature",
      "geometry": {
        "type": "Point",
        "coordinates": [
          175.2651021,
          -37.7864621
        ]
      },
      "properties": {
        "id": "osm-ne-way-290610593",
        "name": "Visique",
        "status": "Mapped",
        "country": "New Zealand",
        "state": "Waikato",
        "city": "Frankton",
        "postal_code": "3204",
        "full_address": "38 Lake Road, Frankton, 3204, New Zealand",
        "phone": "",
        "official_url": "https://www.openstreetmap.org/way/290610593",
        "services": "Optical / optician listing",
        "audiology": "false",
        "source_url": "https://www.openstreetmap.org/way/290610593",
        "source_confidence": "Community-mapped"
      }
    },
    {
      "type": "Feature",
      "geometry": {
        "type": "Point",
        "coordinates": [
          175.2791904,
          -37.7848075
        ]
      },
      "properties": {
        "id": "osm-ne-node-2520708371",
        "name": "Gates Optometrists",
        "status": "Mapped",
        "country": "New Zealand",
        "state": "Waikato",
        "city": "Hamilton",
        "postal_code": "",
        "full_address": "302 Barton Street, Hamilton, New Zealand",
        "phone": "",
        "official_url": "http://gates.net.nz/",
        "services": "Optical / optician listing",
        "audiology": "false",
        "source_url": "https://www.openstreetmap.org/node/2520708371",
        "source_confidence": "Community-mapped"
      }
    },
    {
      "type": "Feature",
      "geometry": {
        "type": "Point",
        "coordinates": [
          175.2767211,
          -37.7837183
        ]
      },
      "properties": {
        "id": "osm-ne-way-292671237",
        "name": "Bell Neuhauser & Matthews",
        "status": "Mapped",
        "country": "New Zealand",
        "state": "Waikato",
        "city": "Hamilton Central",
        "postal_code": "",
        "full_address": "456 Anglesea Street, Hamilton Central, New Zealand",
        "phone": "",
        "official_url": "https://www.matthews.co.nz/bnm/",
        "services": "Optical / optician listing",
        "audiology": "false",
        "source_url": "https://www.openstreetmap.org/way/292671237",
        "source_confidence": "Community-mapped"
      }
    },
    {
      "type": "Feature",
      "geometry": {
        "type": "Point",
        "coordinates": [
          175.278861,
          -37.7877062
        ]
      },
      "properties": {
        "id": "osm-ne-node-2374693867",
        "name": "OSPM",
        "status": "Mapped",
        "country": "New Zealand",
        "state": "Waikato",
        "city": "Hamilton Central",
        "postal_code": "",
        "full_address": "125 Ward Street, Hamilton Central, New Zealand",
        "phone": "",
        "official_url": "https://www.openstreetmap.org/node/2374693867",
        "services": "Optical / optician listing",
        "audiology": "false",
        "source_url": "https://www.openstreetmap.org/node/2374693867",
        "source_confidence": "Community-mapped"
      }
    },
    {
      "type": "Feature",
      "geometry": {
        "type": "Point",
        "coordinates": [
          175.2775034,
          -37.7855144
        ]
      },
      "properties": {
        "id": "osm-ne-way-233487397",
        "name": "Paterson Burn",
        "status": "Mapped",
        "country": "New Zealand",
        "state": "Waikato",
        "city": "Hamilton Central",
        "postal_code": "",
        "full_address": "387 Anglesea Street, Hamilton Central, New Zealand",
        "phone": "",
        "official_url": "https://www.openstreetmap.org/way/233487397",
        "services": "Optical / optician listing",
        "audiology": "false",
        "source_url": "https://www.openstreetmap.org/way/233487397",
        "source_confidence": "Community-mapped"
      }
    },
    {
      "type": "Feature",
      "geometry": {
        "type": "Point",
        "coordinates": [
          175.2925958,
          -37.791837
        ]
      },
      "properties": {
        "id": "osm-ne-node-2421501216",
        "name": "Total Vision",
        "status": "Mapped",
        "country": "New Zealand",
        "state": "Waikato",
        "city": "Hamilton East",
        "postal_code": "3216",
        "full_address": "443 Grey Street, Hamilton East, 3216, New Zealand",
        "phone": "",
        "official_url": "https://www.openstreetmap.org/node/2421501216",
        "services": "Optical / optician listing",
        "audiology": "false",
        "source_url": "https://www.openstreetmap.org/node/2421501216",
        "source_confidence": "Community-mapped"
      }
    },
    {
      "type": "Feature",
      "geometry": {
        "type": "Point",
        "coordinates": [
          174.7749672,
          -41.2809243
        ]
      },
      "properties": {
        "id": "osm-ne-node-2245512927",
        "name": "Sangster & Matthews",
        "status": "Mapped",
        "country": "New Zealand",
        "state": "Wellington",
        "city": "",
        "postal_code": "",
        "full_address": "New Zealand",
        "phone": "",
        "official_url": "https://matthews.co.nz/branches/wellington/",
        "services": "Optical / optician listing",
        "audiology": "false",
        "source_url": "https://www.openstreetmap.org/node/2245512927",
        "source_confidence": "Community-mapped"
      }
    },
    {
      "type": "Feature",
      "geometry": {
        "type": "Point",
        "coordinates": [
          174.7756273,
          -41.2798487
        ]
      },
      "properties": {
        "id": "osm-ne-node-6001914682",
        "name": "Sercombe and Matheson",
        "status": "Mapped",
        "country": "New Zealand",
        "state": "Wellington",
        "city": "",
        "postal_code": "",
        "full_address": "New Zealand",
        "phone": "",
        "official_url": "https://www.opticians.co.nz/",
        "services": "Optical / optician listing",
        "audiology": "false",
        "source_url": "https://www.openstreetmap.org/node/6001914682",
        "source_confidence": "Community-mapped"
      }
    },
    {
      "type": "Feature",
      "geometry": {
        "type": "Point",
        "coordinates": [
          174.7777987,
          -41.2814627
        ]
      },
      "properties": {
        "id": "osm-ne-node-7290149264",
        "name": "Sercombe and Matheson Opticians",
        "status": "Mapped",
        "country": "New Zealand",
        "state": "Wellington",
        "city": "",
        "postal_code": "",
        "full_address": "New Zealand",
        "phone": "",
        "official_url": "https://www.opticians.co.nz/",
        "services": "Optical / optician listing",
        "audiology": "false",
        "source_url": "https://www.openstreetmap.org/node/7290149264",
        "source_confidence": "Community-mapped"
      }
    },
    {
      "type": "Feature",
      "geometry": {
        "type": "Point",
        "coordinates": [
          174.7373587,
          -41.2846481
        ]
      },
      "properties": {
        "id": "osm-ne-node-6064972602",
        "name": "Visique CapitalEyes",
        "status": "Mapped",
        "country": "New Zealand",
        "state": "Wellington",
        "city": "",
        "postal_code": "",
        "full_address": "New Zealand",
        "phone": "",
        "official_url": "https://www.capitaleyes.co.nz/",
        "services": "Optical / optician listing",
        "audiology": "false",
        "source_url": "https://www.openstreetmap.org/node/6064972602",
        "source_confidence": "Community-mapped"
      }
    },
    {
      "type": "Feature",
      "geometry": {
        "type": "Point",
        "coordinates": [
          174.7756074,
          -41.2821186
        ]
      },
      "properties": {
        "id": "osm-ne-node-5903627913",
        "name": "Woodward Optical",
        "status": "Mapped",
        "country": "New Zealand",
        "state": "Wellington",
        "city": "",
        "postal_code": "",
        "full_address": "New Zealand",
        "phone": "",
        "official_url": "https://woodwardoptical.co.nz/",
        "services": "Optical / optician listing",
        "audiology": "false",
        "source_url": "https://www.openstreetmap.org/node/5903627913",
        "source_confidence": "Community-mapped"
      }
    },
    {
      "type": "Feature",
      "geometry": {
        "type": "Point",
        "coordinates": [
          174.7789617,
          -41.3116742
        ]
      },
      "properties": {
        "id": "osm-ne-node-2582063378",
        "name": "clear vision",
        "status": "Mapped",
        "country": "New Zealand",
        "state": "Wellington",
        "city": "",
        "postal_code": "",
        "full_address": "New Zealand",
        "phone": "",
        "official_url": "https://www.openstreetmap.org/node/2582063378",
        "services": "Optical / optician listing",
        "audiology": "false",
        "source_url": "https://www.openstreetmap.org/node/2582063378",
        "source_confidence": "Community-mapped"
      }
    },
    {
      "type": "Feature",
      "geometry": {
        "type": "Point",
        "coordinates": [
          175.6599322,
          -40.9507386
        ]
      },
      "properties": {
        "id": "osm-ne-node-3879084550",
        "name": "Stuart Henderson Optometrist",
        "status": "Mapped",
        "country": "New Zealand",
        "state": "Wellington",
        "city": "Masterton",
        "postal_code": "5810",
        "full_address": "190 Queen Street, Masterton, 5810, New Zealand",
        "phone": "",
        "official_url": "https://www.openstreetmap.org/node/3879084550",
        "services": "Optical / optician listing",
        "audiology": "false",
        "source_url": "https://www.openstreetmap.org/node/3879084550",
        "source_confidence": "Community-mapped"
      }
    },
    {
      "type": "Feature",
      "geometry": {
        "type": "Point",
        "coordinates": [
          175.0633643,
          -40.8789212
        ]
      },
      "properties": {
        "id": "osm-ne-way-336009843",
        "name": "WaikanEye",
        "status": "Mapped",
        "country": "New Zealand",
        "state": "Wellington",
        "city": "Waikanae",
        "postal_code": "5036",
        "full_address": "488 Te Moana Road, Waikanae, 5036, New Zealand",
        "phone": "",
        "official_url": "https://www.openstreetmap.org/way/336009843",
        "services": "Optical / optician listing",
        "audiology": "false",
        "source_url": "https://www.openstreetmap.org/way/336009843",
        "source_confidence": "Community-mapped"
      }
    }
  ]
}
