{
  "type": "FeatureCollection",
  "metadata": {
    "retailer": "Specsavers",
    "source": "https://www.specsavers.com.au/stores/full-store-list",
    "fetched_at": "2026-09-01T23:21:29.969Z",
    "store_count": 401,
    "collection_method": "Official full store list reconciled; structured data captured for new records; structured details retained for unchanged official URLs"
  },
  "features": [
    {
      "type": "Feature",
      "geometry": {
        "type": "Point",
        "coordinates": [
          149.06656,
          -35.23779
        ]
      },
      "properties": {
        "id": "3307",
        "name": "Belconnen Westfield",
        "status": "Active",
        "country": "Australia",
        "state": "ACT",
        "city": "Belconnen",
        "postal_code": "2617",
        "full_address": "Shop 170/171 Benjamin Way, Belconnen, ACT, 2617",
        "phone": "(02) 6251 0415",
        "official_url": "https://www.specsavers.com.au/stores/belconnen",
        "services": "Optometry; Audiology",
        "audiology": "true"
      }
    },
    {
      "type": "Feature",
      "geometry": {
        "type": "Point",
        "coordinates": [
          149.13133,
          -35.27743
        ]
      },
      "properties": {
        "id": "3309",
        "name": "Canberra Centre",
        "status": "Active",
        "country": "Australia",
        "state": "ACT",
        "city": "Canberra",
        "postal_code": "2600",
        "full_address": "Shop EG14/15 Canberra Centre Civic, 148 Bunda St, Canberra, ACT, 2600",
        "phone": "(02) 6262 9584",
        "official_url": "https://www.specsavers.com.au/stores/canberra",
        "services": "Optometry; Audiology",
        "audiology": "true"
      }
    },
    {
      "type": "Feature",
      "geometry": {
        "type": "Point",
        "coordinates": [
          149.06734,
          -35.415806
        ]
      },
      "properties": {
        "id": "3308",
        "name": "Tuggeranong",
        "status": "Active",
        "country": "Australia",
        "state": "ACT",
        "city": "Greenway",
        "postal_code": "2900",
        "full_address": "Shop 106, South Point Shopping Centre, 175 Anketell Street, Greenway, ACT, 2900",
        "phone": "(02) 6293 1590",
        "official_url": "https://www.specsavers.com.au/stores/tuggeranong",
        "services": "Optometry; Audiology",
        "audiology": "true"
      }
    },
    {
      "type": "Feature",
      "geometry": {
        "type": "Point",
        "coordinates": [
          149.13376,
          -35.185867
        ]
      },
      "properties": {
        "id": "3583",
        "name": "Gungahlin",
        "status": "Active",
        "country": "Australia",
        "state": "ACT",
        "city": "Gungahlin",
        "postal_code": "2912",
        "full_address": "Shop 17-19, 33 Hibberson Street, Gungahlin, ACT, 2912",
        "phone": "(02) 6171 7414",
        "official_url": "https://www.specsavers.com.au/stores/gungahlin",
        "services": "Optometry; Audiology",
        "audiology": "true"
      }
    },
    {
      "type": "Feature",
      "geometry": {
        "type": "Point",
        "coordinates": [
          149.08653,
          -35.346428
        ]
      },
      "properties": {
        "id": "3346",
        "name": "Woden Westfield",
        "status": "Active",
        "country": "Australia",
        "state": "ACT",
        "city": "Phillip",
        "postal_code": "2606",
        "full_address": "Westfield Woden, Keltie Street, Phillip, ACT, 2606",
        "phone": "(02) 6281 1365",
        "official_url": "https://www.specsavers.com.au/stores/woden",
        "services": "Optometry; Audiology",
        "audiology": "true"
      }
    },
    {
      "type": "Feature",
      "geometry": {
        "type": "Point",
        "coordinates": [
          149.0528,
          -35.34154
        ]
      },
      "properties": {
        "id": "3657",
        "name": "Weston Creek",
        "status": "Active",
        "country": "Australia",
        "state": "ACT",
        "city": "Weston Creek",
        "postal_code": "2611",
        "full_address": "Shop 007, Cooleman Court, Brierly Street, Weston Creek, ACT, 2611",
        "phone": "(02) 6106 9227",
        "official_url": "https://www.specsavers.com.au/stores/westoncreek",
        "services": "Optometry; Audiology",
        "audiology": "true"
      }
    },
    {
      "type": "Feature",
      "geometry": {
        "type": "Point",
        "coordinates": [
          146.91747,
          -36.081432
        ]
      },
      "properties": {
        "id": "3465",
        "name": "Albury",
        "status": "Active",
        "country": "Australia",
        "state": "NSW",
        "city": "Albury",
        "postal_code": "2640",
        "full_address": "511-517 Dean St, Shop 2, Albury, NSW, 2640",
        "phone": "(02) 6023 5815",
        "official_url": "https://www.specsavers.com.au/stores/albury",
        "services": "Optometry; Audiology",
        "audiology": "true"
      }
    },
    {
      "type": "Feature",
      "geometry": {
        "type": "Point",
        "coordinates": [
          151.66284,
          -30.512236
        ]
      },
      "properties": {
        "id": "3611",
        "name": "Armidale",
        "status": "Active",
        "country": "Australia",
        "state": "NSW",
        "city": "Armidale",
        "postal_code": "2350",
        "full_address": "Shop 24, Armidale Central, 225 Beardy Street, Armidale, NSW, 2350",
        "phone": "(02) 6362 0901",
        "official_url": "https://www.specsavers.com.au/stores/armidale",
        "services": "Optometry; Audiology",
        "audiology": "true"
      }
    },
    {
      "type": "Feature",
      "geometry": {
        "type": "Point",
        "coordinates": [
          151.12392,
          -33.88912
        ]
      },
      "properties": {
        "id": "3519",
        "name": "Ashfield",
        "status": "Active",
        "country": "Australia",
        "state": "NSW",
        "city": "Ashfield",
        "postal_code": "2131",
        "full_address": "Shop 63, Ashfield Mall, 260A Liverpool Road, Ashfield, NSW, 2131",
        "phone": "(02) 9011 6988",
        "official_url": "https://www.specsavers.com.au/stores/ashfield",
        "services": "Optometry; Audiology",
        "audiology": "true"
      }
    },
    {
      "type": "Feature",
      "geometry": {
        "type": "Point",
        "coordinates": [
          151.26442,
          -33.793247
        ]
      },
      "properties": {
        "id": "3624",
        "name": "Balgowlah",
        "status": "Active",
        "country": "Australia",
        "state": "NSW",
        "city": "Balgowlah",
        "postal_code": "2093",
        "full_address": "Shop 41/42 Balgowlah Shopping Centre, 197-215 Condamine Street, Balgowlah, NSW, 2093",
        "phone": "(02) 9907 1169",
        "official_url": "https://www.specsavers.com.au/stores/balgowlah",
        "services": "Optometry; Audiology",
        "audiology": "true"
      }
    },
    {
      "type": "Feature",
      "geometry": {
        "type": "Point",
        "coordinates": [
          153.55989,
          -28.870071
        ]
      },
      "properties": {
        "id": "3296",
        "name": "Ballina",
        "status": "Active",
        "country": "Australia",
        "state": "NSW",
        "city": "Ballina",
        "postal_code": "2478",
        "full_address": "155 River St, Ballina, NSW, 2478",
        "phone": "(02) 6686 4004",
        "official_url": "https://www.specsavers.com.au/stores/ballina",
        "services": "Optometry; Audiology",
        "audiology": "true"
      }
    },
    {
      "type": "Feature",
      "geometry": {
        "type": "Point",
        "coordinates": [
          151.039,
          -33.91623
        ]
      },
      "properties": {
        "id": "3383",
        "name": "Bankstown Centro Lvl 1",
        "status": "Active",
        "country": "Australia",
        "state": "NSW",
        "city": "Bankstown",
        "postal_code": "2200",
        "full_address": "Shop SP345A, North Terrace, Bankstown, NSW, 2200",
        "phone": "(02) 9707 2933",
        "official_url": "https://www.specsavers.com.au/stores/bankstown",
        "services": "Optometry; Audiology",
        "audiology": "true"
      }
    },
    {
      "type": "Feature",
      "geometry": {
        "type": "Point",
        "coordinates": [
          150.9932,
          -33.89985
        ]
      },
      "properties": {
        "id": "3622",
        "name": "Bass Hill",
        "status": "Active",
        "country": "Australia",
        "state": "NSW",
        "city": "Bass Hill",
        "postal_code": "2197",
        "full_address": "Shop 15-17 Bass Hill Plaza, 753 Hume Highway, Bass Hill, NSW, 2197",
        "phone": "(02) 9724 7488",
        "official_url": "https://www.specsavers.com.au/stores/basshill",
        "services": "Optometry; Audiology",
        "audiology": "true"
      }
    },
    {
      "type": "Feature",
      "geometry": {
        "type": "Point",
        "coordinates": [
          151.47351,
          -33.37356
        ]
      },
      "properties": {
        "id": "3523",
        "name": "Bateau Bay",
        "status": "Active",
        "country": "Australia",
        "state": "NSW",
        "city": "Bateau Bay",
        "postal_code": "2261",
        "full_address": "Shop 91, Bateau Bay Square, 12 Bay Village Road, Bateau Bay, NSW, 2261",
        "phone": "(02) 4333 6650",
        "official_url": "https://www.specsavers.com.au/stores/bateaubay",
        "services": "Optometry",
        "audiology": "false"
      }
    },
    {
      "type": "Feature",
      "geometry": {
        "type": "Point",
        "coordinates": [
          150.17723,
          -35.708836
        ]
      },
      "properties": {
        "id": "3276",
        "name": "Batemans Bay",
        "status": "Active",
        "country": "Australia",
        "state": "NSW",
        "city": "Batemans Bay",
        "postal_code": "2536",
        "full_address": "1/30 Orient Street, Batemans Bay, NSW, 2536",
        "phone": "(02) 4472 5565",
        "official_url": "https://www.specsavers.com.au/stores/batemansbay",
        "services": "Optometry; Audiology",
        "audiology": "true"
      }
    },
    {
      "type": "Feature",
      "geometry": {
        "type": "Point",
        "coordinates": [
          149.58176,
          -33.41865
        ]
      },
      "properties": {
        "id": "3513",
        "name": "Bathurst",
        "status": "Active",
        "country": "Australia",
        "state": "NSW",
        "city": "Bathurst",
        "postal_code": "2795",
        "full_address": "Shop 4 &amp; 5, Bathurst City Centre, 210 Howick Street, Bathurst, NSW, 2795",
        "phone": "(02) 6332 6414",
        "official_url": "https://www.specsavers.com.au/stores/bathurst",
        "services": "Optometry; Audiology",
        "audiology": "true"
      }
    },
    {
      "type": "Feature",
      "geometry": {
        "type": "Point",
        "coordinates": [
          150.99103,
          -33.759014
        ]
      },
      "properties": {
        "id": "3633",
        "name": "Baulkham Hills",
        "status": "Active",
        "country": "Australia",
        "state": "NSW",
        "city": "Baulkham Hills",
        "postal_code": "2153",
        "full_address": "375-383 Windsor Road, Shop 50/51 Grove Square, Baulkham Hills, NSW, 2153",
        "phone": "(02) 9620 6755",
        "official_url": "https://www.specsavers.com.au/stores/baulkhamhills",
        "services": "Optometry; Audiology",
        "audiology": "true"
      }
    },
    {
      "type": "Feature",
      "geometry": {
        "type": "Point",
        "coordinates": [
          149.8414,
          -36.675735
        ]
      },
      "properties": {
        "id": "3589",
        "name": "Bega",
        "status": "Active",
        "country": "Australia",
        "state": "NSW",
        "city": "Bega",
        "postal_code": "2550",
        "full_address": "Sapphire Marketplace, Shop T20/106 Auckland Street, Bega, NSW, 2550",
        "phone": "(02) 6492 5000",
        "official_url": "https://www.specsavers.com.au/stores/bega",
        "services": "Optometry; Audiology",
        "audiology": "true"
      }
    },
    {
      "type": "Feature",
      "geometry": {
        "type": "Point",
        "coordinates": [
          150.90656,
          -33.772507
        ]
      },
      "properties": {
        "id": "3357",
        "name": "Blacktown Westpoint S/C",
        "status": "Active",
        "country": "Australia",
        "state": "NSW",
        "city": "Blacktown",
        "postal_code": "2148",
        "full_address": "Shop 1059, Level 1, Westpoint Shopping Centre, 17 Patrick Street, Blacktown, NSW, 2148",
        "phone": "(02) 9621 0033",
        "official_url": "https://www.specsavers.com.au/stores/blacktown",
        "services": "Optometry; Audiology",
        "audiology": "true"
      }
    },
    {
      "type": "Feature",
      "geometry": {
        "type": "Point",
        "coordinates": [
          151.24777,
          -33.893154
        ]
      },
      "properties": {
        "id": "3606",
        "name": "Bondi Junction Eastgate",
        "status": "Active",
        "country": "Australia",
        "state": "NSW",
        "city": "Bondi Junction",
        "postal_code": "2022",
        "full_address": "Shop 63, Eastgate Shopping Centre, 71/91 Spring St, Bondi Junction, NSW, 2022",
        "phone": "(02) 9060 7844",
        "official_url": "https://www.specsavers.com.au/stores/bondieastgate",
        "services": "Optometry; Audiology",
        "audiology": "true"
      }
    },
    {
      "type": "Feature",
      "geometry": {
        "type": "Point",
        "coordinates": [
          151.25047,
          -33.89269
        ]
      },
      "properties": {
        "id": "3399",
        "name": "Bondi Junction Westfield",
        "status": "Active",
        "country": "Australia",
        "state": "NSW",
        "city": "Bondi Junction",
        "postal_code": "2022",
        "full_address": "1031/500 Oxford Street, Bondi Junction, NSW, 2022",
        "phone": "(02) 9386 0788",
        "official_url": "https://www.specsavers.com.au/stores/bondijunction",
        "services": "Optometry",
        "audiology": "false"
      }
    },
    {
      "type": "Feature",
      "geometry": {
        "type": "Point",
        "coordinates": [
          150.88864,
          -33.88623
        ]
      },
      "properties": {
        "id": "3612",
        "name": "Bonnyrigg Plaza",
        "status": "Active",
        "country": "Australia",
        "state": "NSW",
        "city": "Bonnyrigg",
        "postal_code": "2177",
        "full_address": "Shop 29 Bonnyrigg Plaza, 100 Bonnyrigg Avenue, Bonnyrigg, NSW, 2177",
        "phone": "(02) 9060 7800",
        "official_url": "https://www.specsavers.com.au/stores/bonnyrigg",
        "services": "Optometry; Audiology",
        "audiology": "true"
      }
    },
    {
      "type": "Feature",
      "geometry": {
        "type": "Point",
        "coordinates": [
          151.26483,
          -33.76819
        ]
      },
      "properties": {
        "id": "3361",
        "name": "Warringah Mall S/C",
        "status": "Active",
        "country": "Australia",
        "state": "NSW",
        "city": "Brookvale",
        "postal_code": "2100",
        "full_address": "SH1164/1165, Warringah Mall, Condamine Street &amp; Old Pittwater Road, Brookvale, NSW, 2100",
        "phone": "(02) 9907 1677",
        "official_url": "https://www.specsavers.com.au/stores/warringah",
        "services": "Optometry; Audiology",
        "audiology": "true"
      }
    },
    {
      "type": "Feature",
      "geometry": {
        "type": "Point",
        "coordinates": [
          151.10512,
          -33.87459
        ]
      },
      "properties": {
        "id": "3298",
        "name": "Burwood Westfield",
        "status": "Active",
        "country": "Australia",
        "state": "NSW",
        "city": "Burwood",
        "postal_code": "2134",
        "full_address": "100 Burwood Road, Burwood, NSW, 2134",
        "phone": "(02) 9744 2900",
        "official_url": "https://www.specsavers.com.au/stores/burwood",
        "services": "Optometry; Audiology",
        "audiology": "true"
      }
    },
    {
      "type": "Feature",
      "geometry": {
        "type": "Point",
        "coordinates": [
          150.81082,
          -34.069263
        ]
      },
      "properties": {
        "id": "3347",
        "name": "Campbelltown",
        "status": "Active",
        "country": "Australia",
        "state": "NSW",
        "city": "Campbelltown",
        "postal_code": "2560",
        "full_address": "L15/271 Queen Street, Campbelltown, NSW, 2560",
        "phone": "(02) 4628 0757",
        "official_url": "https://www.specsavers.com.au/stores/campbelltown",
        "services": "Optometry; Audiology",
        "audiology": "true"
      }
    },
    {
      "type": "Feature",
      "geometry": {
        "type": "Point",
        "coordinates": [
          150.79637,
          -34.07498
        ]
      },
      "properties": {
        "id": "3348",
        "name": "Macarthur Square",
        "status": "Active",
        "country": "Australia",
        "state": "NSW",
        "city": "Campbelltown",
        "postal_code": "2560",
        "full_address": "Shop LO3 U144, 200 Gilchrist Drive, Campbelltown, NSW, 2560",
        "phone": "(02) 4628 7544",
        "official_url": "https://www.specsavers.com.au/stores/macarthur",
        "services": "Optometry; Audiology",
        "audiology": "true"
      }
    },
    {
      "type": "Feature",
      "geometry": {
        "type": "Point",
        "coordinates": [
          151.05203,
          -33.77669
        ]
      },
      "properties": {
        "id": "3663",
        "name": "Carlingford",
        "status": "Active",
        "country": "Australia",
        "state": "NSW",
        "city": "Carlingford",
        "postal_code": "2118",
        "full_address": "Shop 204, Carlingford Court, Cnr Carlingford Road &amp; Pennant Hill Road, Carlingford, NSW, 2118",
        "phone": "(02) 8660 0998",
        "official_url": "https://www.specsavers.com.au/stores/carlingford",
        "services": "Optometry",
        "audiology": "false"
      }
    },
    {
      "type": "Feature",
      "geometry": {
        "type": "Point",
        "coordinates": [
          151.0065,
          -33.730434
        ]
      },
      "properties": {
        "id": "3405",
        "name": "Castle Hill - Castle Towers",
        "status": "Active",
        "country": "Australia",
        "state": "NSW",
        "city": "Castle Hill",
        "postal_code": "2154",
        "full_address": "Shop 331 Castle Hill S/C, 6-14 Castle Street, Castle Hill, NSW, 2154",
        "phone": "(02) 8850 1334",
        "official_url": "https://www.specsavers.com.au/stores/castlehill",
        "services": "Optometry; Audiology",
        "audiology": "true"
      }
    },
    {
      "type": "Feature",
      "geometry": {
        "type": "Point",
        "coordinates": [
          150.90007,
          -33.94762
        ]
      },
      "properties": {
        "id": "3558",
        "name": "Casula",
        "status": "Active",
        "country": "Australia",
        "state": "NSW",
        "city": "Casula",
        "postal_code": "2170",
        "full_address": "Casula Mall, 1 Ingham Dr, Casula, NSW, 2170",
        "phone": "(02) 9822 7239",
        "official_url": "https://www.specsavers.com.au/stores/casula",
        "services": "Optometry",
        "audiology": "false"
      }
    },
    {
      "type": "Feature",
      "geometry": {
        "type": "Point",
        "coordinates": [
          151.35481,
          -32.834255
        ]
      },
      "properties": {
        "id": "3382",
        "name": "Cessnock Plaza S/C",
        "status": "Active",
        "country": "Australia",
        "state": "NSW",
        "city": "Cessnock",
        "postal_code": "2325",
        "full_address": "Cessnock Plaza Shopping Centre, Shop 2, Cessnock, NSW, 2325",
        "phone": "(02) 4990 6299",
        "official_url": "https://www.specsavers.com.au/stores/cessnock",
        "services": "Optometry",
        "audiology": "false"
      }
    },
    {
      "type": "Feature",
      "geometry": {
        "type": "Point",
        "coordinates": [
          151.6937,
          -32.965057
        ]
      },
      "properties": {
        "id": "3329",
        "name": "Charlestown Square",
        "status": "Active",
        "country": "Australia",
        "state": "NSW",
        "city": "Charlestown",
        "postal_code": "2290",
        "full_address": "L01, 1024 Charlestown Square, 30 Pearson St, Charlestown, NSW, 2290",
        "phone": "(02) 4920 9866",
        "official_url": "https://www.specsavers.com.au/stores/charlestown",
        "services": "Optometry; Audiology",
        "audiology": "true"
      }
    },
    {
      "type": "Feature",
      "geometry": {
        "type": "Point",
        "coordinates": [
          151.18256,
          -33.796463
        ]
      },
      "properties": {
        "id": "3319",
        "name": "Chatswood",
        "status": "Active",
        "country": "Australia",
        "state": "NSW",
        "city": "Chatswood",
        "postal_code": "2067",
        "full_address": "Shop A, 398 Victoria Avenue, Chatswood, NSW, 2067",
        "phone": "(02) 9411 3390",
        "official_url": "https://www.specsavers.com.au/stores/chatswood",
        "services": "Optometry; Audiology",
        "audiology": "true"
      }
    },
    {
      "type": "Feature",
      "geometry": {
        "type": "Point",
        "coordinates": [
          151.18597,
          -33.79449
        ]
      },
      "properties": {
        "id": "3659",
        "name": "Chatswood Chase",
        "status": "Active",
        "country": "Australia",
        "state": "NSW",
        "city": "Chatswood",
        "postal_code": "2067",
        "full_address": "Shop B-022 Chatswood Chase, 345 Victoria Avenue, Chatswood, NSW, 2067",
        "phone": "(02) 9411 3390",
        "official_url": "https://www.specsavers.com.au/stores/chatswoodchase",
        "services": "Optometry; Audiology",
        "audiology": "true"
      }
    },
    {
      "type": "Feature",
      "geometry": {
        "type": "Point",
        "coordinates": [
          151.06133,
          -33.89335
        ]
      },
      "properties": {
        "id": "3668",
        "name": "Chullora",
        "status": "Active",
        "country": "Australia",
        "state": "NSW",
        "city": "Chullora",
        "postal_code": "2190",
        "full_address": "Shop 39 &amp; 39A, Chullora Marketplace, 355-357 Waterloo Road, Chullora, NSW, 2190",
        "phone": "(02) 9791 0585",
        "official_url": "https://www.specsavers.com.au/stores/chullora",
        "services": "Optometry; Audiology",
        "audiology": "true"
      }
    },
    {
      "type": "Feature",
      "geometry": {
        "type": "Point",
        "coordinates": [
          153.13156,
          -30.28371
        ]
      },
      "properties": {
        "id": "3339",
        "name": "Coffs Harbour - Park Beach",
        "status": "Active",
        "country": "Australia",
        "state": "NSW",
        "city": "Coffs Harbour",
        "postal_code": "2450",
        "full_address": "Shop 21 Park Beach Plaza, 253 Pacific Hwy, Coffs Harbour, NSW, 2450",
        "phone": "(02) 6651 8883",
        "official_url": "https://www.specsavers.com.au/stores/coffsparkbeach",
        "services": "Optometry; Audiology",
        "audiology": "true"
      }
    },
    {
      "type": "Feature",
      "geometry": {
        "type": "Point",
        "coordinates": [
          153.11536,
          -30.29738
        ]
      },
      "properties": {
        "id": "3301",
        "name": "Coffs Harbour City Centre",
        "status": "Active",
        "country": "Australia",
        "state": "NSW",
        "city": "Coffs Harbour",
        "postal_code": "2450",
        "full_address": "City Centre Square, Shop 80, Coffs Harbour, NSW, 2450",
        "phone": "(02) 6651 4300",
        "official_url": "https://www.specsavers.com.au/stores/coffsharbour",
        "services": "Optometry; Audiology",
        "audiology": "true"
      }
    },
    {
      "type": "Feature",
      "geometry": {
        "type": "Point",
        "coordinates": [
          150.89778,
          -34.37432
        ]
      },
      "properties": {
        "id": "3413",
        "name": "Corrimal Shopping Centre",
        "status": "Active",
        "country": "Australia",
        "state": "NSW",
        "city": "Corrimal",
        "postal_code": "2518",
        "full_address": "Shop 29-32 Corrimal Village, 270 Princes Highway, Corrimal, NSW, 2518",
        "phone": "(02) 4283 3172",
        "official_url": "https://www.specsavers.com.au/stores/corrimal",
        "services": "Optometry; Audiology",
        "audiology": "true"
      }
    },
    {
      "type": "Feature",
      "geometry": {
        "type": "Point",
        "coordinates": [
          150.7944,
          -34.494804
        ]
      },
      "properties": {
        "id": "3531",
        "name": "Dapto",
        "status": "Active",
        "country": "Australia",
        "state": "NSW",
        "city": "Dapto",
        "postal_code": "2530",
        "full_address": "Dapto Mall, Shop 128, Dapto, NSW, 2530",
        "phone": "(02) 4260 8645",
        "official_url": "https://www.specsavers.com.au/stores/dapto",
        "services": "Optometry; Audiology",
        "audiology": "true"
      }
    },
    {
      "type": "Feature",
      "geometry": {
        "type": "Point",
        "coordinates": [
          148.6309,
          -32.255867
        ]
      },
      "properties": {
        "id": "3681",
        "name": "Dubbo East",
        "status": "Active",
        "country": "Australia",
        "state": "NSW",
        "city": "Dubbo",
        "postal_code": "2830",
        "full_address": "Shop 14, Orana Mall Marketplace, 56 Windsor Parade, Dubbo, NSW, 2830",
        "phone": "(02) 6882 8855",
        "official_url": "https://www.specsavers.com.au/stores/dubbo-east",
        "services": "Optometry; Audiology",
        "audiology": "true"
      }
    },
    {
      "type": "Feature",
      "geometry": {
        "type": "Point",
        "coordinates": [
          148.59955,
          -32.250015
        ]
      },
      "properties": {
        "id": "3489",
        "name": "Dubbo Square",
        "status": "Active",
        "country": "Australia",
        "state": "NSW",
        "city": "Dubbo",
        "postal_code": "2830",
        "full_address": "Shop 14B, Dubbo Square, 177 Macquarie Street, Dubbo, NSW, 2830",
        "phone": "(02) 6882 8855",
        "official_url": "https://www.specsavers.com.au/stores/dubbo",
        "services": "Optometry; Audiology",
        "audiology": "true"
      }
    },
    {
      "type": "Feature",
      "geometry": {
        "type": "Point",
        "coordinates": [
          151.59111,
          -32.76294
        ]
      },
      "properties": {
        "id": "3446",
        "name": "East Maitland - Green Hills",
        "status": "Active",
        "country": "Australia",
        "state": "NSW",
        "city": "East Maitland",
        "postal_code": "2323",
        "full_address": "Shop 012/1 Molly Morgan Drive, East Maitland, NSW, 2323",
        "phone": "(02) 4933 0844",
        "official_url": "https://www.specsavers.com.au/stores/eastmaitland",
        "services": "Optometry; Audiology",
        "audiology": "true"
      }
    },
    {
      "type": "Feature",
      "geometry": {
        "type": "Point",
        "coordinates": [
          151.22435,
          -33.944916
        ]
      },
      "properties": {
        "id": "3355",
        "name": "Eastgardens Westfield",
        "status": "Active",
        "country": "Australia",
        "state": "NSW",
        "city": "Eastgardens",
        "postal_code": "2036",
        "full_address": "Level 2, Westfield Eastgardens Shopping Centre, 152 Bunnerong Road, Eastgardens, NSW, 2036",
        "phone": "(02) 8347 1499",
        "official_url": "https://www.specsavers.com.au/stores/eastgardens",
        "services": "Optometry; Audiology",
        "audiology": "true"
      }
    },
    {
      "type": "Feature",
      "geometry": {
        "type": "Point",
        "coordinates": [
          151.39474,
          -33.438686
        ]
      },
      "properties": {
        "id": "3331",
        "name": "Erina Fair",
        "status": "Active",
        "country": "Australia",
        "state": "NSW",
        "city": "Erina",
        "postal_code": "2250",
        "full_address": "Erina Fair Shopping Centre, Shop T095-T097, Terrigal Drive, Erina, NSW, 2250",
        "phone": "(02) 4367 3666",
        "official_url": "https://www.specsavers.com.au/stores/erina",
        "services": "Optometry; Audiology",
        "audiology": "true"
      }
    },
    {
      "type": "Feature",
      "geometry": {
        "type": "Point",
        "coordinates": [
          150.95642,
          -33.868855
        ]
      },
      "properties": {
        "id": "3468",
        "name": "Fairfield - Neeta City S/C",
        "status": "Active",
        "country": "Australia",
        "state": "NSW",
        "city": "Fairfield",
        "postal_code": "2165",
        "full_address": "Shop G66, Neeta City S/C, 54 Smart Street, Fairfield, NSW, 2165",
        "phone": "(02) 9723 3360",
        "official_url": "https://www.specsavers.com.au/stores/fairfield",
        "services": "Optometry",
        "audiology": "false"
      }
    },
    {
      "type": "Feature",
      "geometry": {
        "type": "Point",
        "coordinates": [
          150.86287,
          -34.436413
        ]
      },
      "properties": {
        "id": "3685",
        "name": "Figtree",
        "status": "Active",
        "country": "Australia",
        "state": "NSW",
        "city": "Figtree",
        "postal_code": "2525",
        "full_address": "Shop T29, Figtree Grove Shopping Centre, 19 Princes Highway, Figtree, NSW, 2525",
        "phone": "(02) 4225 0827",
        "official_url": "https://www.specsavers.com.au/stores/figtree",
        "services": "Optometry; Audiology",
        "audiology": "true"
      }
    },
    {
      "type": "Feature",
      "geometry": {
        "type": "Point",
        "coordinates": [
          152.51933,
          -32.199314
        ]
      },
      "properties": {
        "id": "3613",
        "name": "Forster Stockland",
        "status": "Active",
        "country": "Australia",
        "state": "NSW",
        "city": "Forster",
        "postal_code": "2428",
        "full_address": "Shop 125, Stockland Forster Shopping Centre, Bresse Pde, Forster, NSW, 2428",
        "phone": "(02) 6550 0922",
        "official_url": "https://www.specsavers.com.au/stores/forster",
        "services": "Optometry; Audiology",
        "audiology": "true"
      }
    },
    {
      "type": "Feature",
      "geometry": {
        "type": "Point",
        "coordinates": [
          151.64267,
          -32.93487
        ]
      },
      "properties": {
        "id": "3336",
        "name": "Glendale Stockland S/C",
        "status": "Active",
        "country": "Australia",
        "state": "NSW",
        "city": "Glendale",
        "postal_code": "2285",
        "full_address": "Shop 32, Stockland Shopping Centre, 387 Lake Road, Glendale, NSW, 2285",
        "phone": "(02) 4956 5344",
        "official_url": "https://www.specsavers.com.au/stores/glendale",
        "services": "Optometry; Audiology",
        "audiology": "true"
      }
    },
    {
      "type": "Feature",
      "geometry": {
        "type": "Point",
        "coordinates": [
          150.66869,
          -33.78896
        ]
      },
      "properties": {
        "id": "3682",
        "name": "Glenmore Park",
        "status": "Active",
        "country": "Australia",
        "state": "NSW",
        "city": "Glenmore Park",
        "postal_code": "2745",
        "full_address": "Shop T11 Home Co., Glenmore Park Town Centre, Glenmore Park, NSW, 2745",
        "phone": "(02) 4721 7725",
        "official_url": "https://www.specsavers.com.au/stores/glenmore-park",
        "services": "Optometry",
        "audiology": "false"
      }
    },
    {
      "type": "Feature",
      "geometry": {
        "type": "Point",
        "coordinates": [
          151.34248,
          -33.425247
        ]
      },
      "properties": {
        "id": "3334",
        "name": "Gosford - Imperial S/C",
        "status": "Active",
        "country": "Australia",
        "state": "NSW",
        "city": "Gosford",
        "postal_code": "2250",
        "full_address": "Shop 105/106, Imperial S/C, 171 Mann Street, Gosford, NSW, 2250",
        "phone": "(02) 4325 3444",
        "official_url": "https://www.specsavers.com.au/stores/gosford",
        "services": "Optometry",
        "audiology": "false"
      }
    },
    {
      "type": "Feature",
      "geometry": {
        "type": "Point",
        "coordinates": [
          149.71866,
          -34.75393
        ]
      },
      "properties": {
        "id": "3498",
        "name": "Goulburn",
        "status": "Active",
        "country": "Australia",
        "state": "NSW",
        "city": "Goulburn",
        "postal_code": "2580",
        "full_address": "Shop 1 &amp; 2, The Belmore Centre, 210 Auburn Street, Goulburn, NSW, 2580",
        "phone": "(02) 4821 4655",
        "official_url": "https://www.specsavers.com.au/stores/goulburn",
        "services": "Optometry; Audiology",
        "audiology": "true"
      }
    },
    {
      "type": "Feature",
      "geometry": {
        "type": "Point",
        "coordinates": [
          152.93628,
          -29.692156
        ]
      },
      "properties": {
        "id": "3605",
        "name": "Grafton Shoppingworld",
        "status": "Active",
        "country": "Australia",
        "state": "NSW",
        "city": "Grafton",
        "postal_code": "2460",
        "full_address": "Tenancy 12, Grafton Shoppingworld, 52-74 Fitzroy Street, Grafton, NSW, 2460",
        "phone": "(02) 6675 0716",
        "official_url": "https://www.specsavers.com.au/stores/grafton",
        "services": "Optometry; Audiology",
        "audiology": "true"
      }
    },
    {
      "type": "Feature",
      "geometry": {
        "type": "Point",
        "coordinates": [
          146.05164,
          -34.290394
        ]
      },
      "properties": {
        "id": "3592",
        "name": "Griffith",
        "status": "Active",
        "country": "Australia",
        "state": "NSW",
        "city": "Griffith",
        "postal_code": "2680",
        "full_address": "Shop T3 &amp; 4A, Griffith Central Shopping Centre, 10-12 Yambil Street, Griffith, NSW, 2680",
        "phone": "(02) 6912 2122",
        "official_url": "https://www.specsavers.com.au/stores/griffith",
        "services": "Optometry; Audiology",
        "audiology": "true"
      }
    },
    {
      "type": "Feature",
      "geometry": {
        "type": "Point",
        "coordinates": [
          150.84517,
          -33.93744
        ]
      },
      "properties": {
        "id": "3586",
        "name": "Carnes Hill",
        "status": "Active",
        "country": "Australia",
        "state": "NSW",
        "city": "Horningsea Park",
        "postal_code": "2171",
        "full_address": "Shop B10, Carnes Hill Marketplace, Cnr Cowpasture &amp; Kurrajong Roads, Horningsea Park, NSW, 2171",
        "phone": "(02) 9190 5375",
        "official_url": "https://www.specsavers.com.au/stores/carneshill",
        "services": "Optometry",
        "audiology": "false"
      }
    },
    {
      "type": "Feature",
      "geometry": {
        "type": "Point",
        "coordinates": [
          151.10081,
          -33.704235
        ]
      },
      "properties": {
        "id": "3418",
        "name": "Hornsby Westfield",
        "status": "Active",
        "country": "Australia",
        "state": "NSW",
        "city": "Hornsby",
        "postal_code": "2077",
        "full_address": "Level 1, Shop 1076-1077 Westfield Hornsby, Cnr Florence and Hunter Streets, Hornsby, NSW, 2077",
        "phone": "(02) 9476 0177",
        "official_url": "https://www.specsavers.com.au/stores/hornsby",
        "services": "Optometry; Audiology",
        "audiology": "true"
      }
    },
    {
      "type": "Feature",
      "geometry": {
        "type": "Point",
        "coordinates": [
          151.10483,
          -33.966118
        ]
      },
      "properties": {
        "id": "3402",
        "name": "Hurstville Westfield",
        "status": "Active",
        "country": "Australia",
        "state": "NSW",
        "city": "Hurstville",
        "postal_code": "2220",
        "full_address": "Shop 232 Westfield Hurstville, Hurstville, NSW, 2220",
        "phone": "(02) 9580 0010",
        "official_url": "https://www.specsavers.com.au/stores/hurstville",
        "services": "Optometry; Audiology",
        "audiology": "true"
      }
    },
    {
      "type": "Feature",
      "geometry": {
        "type": "Point",
        "coordinates": [
          150.86618,
          -33.998306
        ]
      },
      "properties": {
        "id": "3344",
        "name": "Ingleburn",
        "status": "Active",
        "country": "Australia",
        "state": "NSW",
        "city": "Ingleburn",
        "postal_code": "2565",
        "full_address": "3/30-32 Oxford Rd, Ingleburn, NSW, 2565",
        "phone": "(02) 9605 5751",
        "official_url": "https://www.specsavers.com.au/stores/ingleburn",
        "services": "Optometry",
        "audiology": "false"
      }
    },
    {
      "type": "Feature",
      "geometry": {
        "type": "Point",
        "coordinates": [
          151.11284,
          -29.773144
        ]
      },
      "properties": {
        "id": "3684",
        "name": "Inverell",
        "status": "Active",
        "country": "Australia",
        "state": "NSW",
        "city": "Inverell",
        "postal_code": "2360",
        "full_address": "71 Byron Street, Inverell, NSW, 2360",
        "phone": "(02) 5732 1605",
        "official_url": "https://www.specsavers.com.au/stores/inverell",
        "services": "Optometry",
        "audiology": "false"
      }
    },
    {
      "type": "Feature",
      "geometry": {
        "type": "Point",
        "coordinates": [
          151.68979,
          -32.90314
        ]
      },
      "properties": {
        "id": "3471",
        "name": "Jesmond Central",
        "status": "Active",
        "country": "Australia",
        "state": "NSW",
        "city": "Jesmond",
        "postal_code": "2299",
        "full_address": "004/28 Blue Gum Rd, Jesmond, NSW, 2299",
        "phone": "(02) 4951 6279",
        "official_url": "https://www.specsavers.com.au/stores/jesmond",
        "services": "Optometry",
        "audiology": "false"
      }
    },
    {
      "type": "Feature",
      "geometry": {
        "type": "Point",
        "coordinates": [
          150.31181,
          -33.714283
        ]
      },
      "properties": {
        "id": "3475",
        "name": "Katoomba",
        "status": "Active",
        "country": "Australia",
        "state": "NSW",
        "city": "Katoomba",
        "postal_code": "2780",
        "full_address": "98 Katoomba St, Katoomba, NSW, 2780",
        "phone": "(02) 4782 4688",
        "official_url": "https://www.specsavers.com.au/stores/katoomba",
        "services": "Optometry",
        "audiology": "false"
      }
    },
    {
      "type": "Feature",
      "geometry": {
        "type": "Point",
        "coordinates": [
          150.85022,
          -34.666958
        ]
      },
      "properties": {
        "id": "3677",
        "name": "Kiama",
        "status": "Active",
        "country": "Australia",
        "state": "NSW",
        "city": "Kiama",
        "postal_code": "2533",
        "full_address": "143 Terralong Street, 143 Terralong Street, Kiama, NSW, 2533",
        "phone": "(02) 4261 4300",
        "official_url": "https://www.specsavers.com.au/stores/kiama",
        "services": "Optometry",
        "audiology": "false"
      }
    },
    {
      "type": "Feature",
      "geometry": {
        "type": "Point",
        "coordinates": [
          151.71138,
          -32.942368
        ]
      },
      "properties": {
        "id": "3333",
        "name": "Kotara Westfield",
        "status": "Active",
        "country": "Australia",
        "state": "NSW",
        "city": "Kotara",
        "postal_code": "2289",
        "full_address": "Shop 15, Level 2, Westfield Kotara, Northcott Dr, Kotara, NSW, 2289",
        "phone": "(02) 4952 3733",
        "official_url": "https://www.specsavers.com.au/stores/kotara",
        "services": "Optometry; Audiology",
        "audiology": "true"
      }
    },
    {
      "type": "Feature",
      "geometry": {
        "type": "Point",
        "coordinates": [
          151.5039,
          -33.240383
        ]
      },
      "properties": {
        "id": "3511",
        "name": "Lake Haven",
        "status": "Active",
        "country": "Australia",
        "state": "NSW",
        "city": "Lake Haven",
        "postal_code": "2263",
        "full_address": "Shop 61/62, Lake Haven Shopping Centre, Lake Haven Drive, Lake Haven, NSW, 2263",
        "phone": "(02) 4394 2777",
        "official_url": "https://www.specsavers.com.au/stores/lakehaven",
        "services": "Optometry; Audiology",
        "audiology": "true"
      }
    },
    {
      "type": "Feature",
      "geometry": {
        "type": "Point",
        "coordinates": [
          146.93512,
          -36.048428
        ]
      },
      "properties": {
        "id": "3466",
        "name": "Lavington Square",
        "status": "Active",
        "country": "Australia",
        "state": "NSW",
        "city": "Lavington",
        "postal_code": "2641",
        "full_address": "Shop SP043, Lavington Square, 351 Griffith Road, Lavington, NSW, 2641",
        "phone": "(02) 6025 2907",
        "official_url": "https://www.specsavers.com.au/stores/lavington",
        "services": "Optometry; Audiology",
        "audiology": "true"
      }
    },
    {
      "type": "Feature",
      "geometry": {
        "type": "Point",
        "coordinates": [
          151.14975,
          -33.884857
        ]
      },
      "properties": {
        "id": "3423",
        "name": "Leichhardt Marketplace",
        "status": "Active",
        "country": "Australia",
        "state": "NSW",
        "city": "Leichhardt",
        "postal_code": "2040",
        "full_address": "12/122-138 Flood Street, Leichhardt, NSW, 2040",
        "phone": "(02) 9518 0234",
        "official_url": "https://www.specsavers.com.au/stores/leichhardt",
        "services": "Optometry; Audiology",
        "audiology": "true"
      }
    },
    {
      "type": "Feature",
      "geometry": {
        "type": "Point",
        "coordinates": [
          151.04956,
          -33.849342
        ]
      },
      "properties": {
        "id": "3638",
        "name": "Lidcombe",
        "status": "Active",
        "country": "Australia",
        "state": "NSW",
        "city": "Lidcombe",
        "postal_code": "2141",
        "full_address": "Shop G-010 &amp; G-011 Lidcombe Shopping Centre, 92 Parramatta Road, Lidcombe, NSW, 2141",
        "phone": "(02) 9648 3556",
        "official_url": "https://www.specsavers.com.au/stores/lidcombe",
        "services": "Optometry; Audiology",
        "audiology": "true"
      }
    },
    {
      "type": "Feature",
      "geometry": {
        "type": "Point",
        "coordinates": [
          153.2871,
          -28.811014
        ]
      },
      "properties": {
        "id": "3299",
        "name": "Lismore S/C",
        "status": "Active",
        "country": "Australia",
        "state": "NSW",
        "city": "Lismore",
        "postal_code": "2480",
        "full_address": "Lismore Shopping Square,, Corner of Brewster and Uralba Street, Lismore, NSW, 2480",
        "phone": "(02) 6621 8600",
        "official_url": "https://www.specsavers.com.au/stores/lismore",
        "services": "Optometry; Audiology",
        "audiology": "true"
      }
    },
    {
      "type": "Feature",
      "geometry": {
        "type": "Point",
        "coordinates": [
          150.9243,
          -33.91972
        ]
      },
      "properties": {
        "id": "3373",
        "name": "Liverpool Westfield",
        "status": "Active",
        "country": "Australia",
        "state": "NSW",
        "city": "Liverpool",
        "postal_code": "2170",
        "full_address": "122 Macquarie Street, Liverpool, NSW, 2170",
        "phone": "(02) 9600 6864",
        "official_url": "https://www.specsavers.com.au/stores/liverpool",
        "services": "Optometry",
        "audiology": "false"
      }
    },
    {
      "type": "Feature",
      "geometry": {
        "type": "Point",
        "coordinates": [
          151.23863,
          -33.94028
        ]
      },
      "properties": {
        "id": "3647",
        "name": "Maroubra",
        "status": "Active",
        "country": "Australia",
        "state": "NSW",
        "city": "Maroubra",
        "postal_code": "2035",
        "full_address": "Shop 2, Pacific Square S/C, 737 Anzac Parade, Maroubra, NSW, 2035",
        "phone": "(02) 8347 0933",
        "official_url": "https://www.specsavers.com.au/stores/maroubra",
        "services": "Optometry; Audiology",
        "audiology": "true"
      }
    },
    {
      "type": "Feature",
      "geometry": {
        "type": "Point",
        "coordinates": [
          151.17223,
          -33.907146
        ]
      },
      "properties": {
        "id": "3544",
        "name": "Marrickville",
        "status": "Active",
        "country": "Australia",
        "state": "NSW",
        "city": "Marrickville",
        "postal_code": "2204",
        "full_address": "Shop 86B/34 Victoria Road, Marrickville, NSW, 2204",
        "phone": "(02) 9557 8108",
        "official_url": "https://www.specsavers.com.au/stores/marrickville",
        "services": "Optometry",
        "audiology": "false"
      }
    },
    {
      "type": "Feature",
      "geometry": {
        "type": "Point",
        "coordinates": [
          151.01581,
          -34.01346
        ]
      },
      "properties": {
        "id": "3532",
        "name": "Menai",
        "status": "Active",
        "country": "Australia",
        "state": "NSW",
        "city": "Menai",
        "postal_code": "2234",
        "full_address": "T30 Menai Marketplace S/C, 152-194 Allison Crescent, Menai, NSW, 2234",
        "phone": "(02) 9543 7070",
        "official_url": "https://www.specsavers.com.au/stores/menai",
        "services": "Optometry; Audiology",
        "audiology": "true"
      }
    },
    {
      "type": "Feature",
      "geometry": {
        "type": "Point",
        "coordinates": [
          150.98941,
          -33.834496
        ]
      },
      "properties": {
        "id": "3454",
        "name": "Merrylands Stockland",
        "status": "Active",
        "country": "Australia",
        "state": "NSW",
        "city": "Merrylands",
        "postal_code": "2160",
        "full_address": "Shop 1016, Stockland Merrylands, 1 McFarlane Street, Merrylands, NSW, 2160",
        "phone": "(02) 9637 7050",
        "official_url": "https://www.specsavers.com.au/stores/merrylands",
        "services": "Optometry; Audiology",
        "audiology": "true"
      }
    },
    {
      "type": "Feature",
      "geometry": {
        "type": "Point",
        "coordinates": [
          151.10007,
          -34.03511
        ]
      },
      "properties": {
        "id": "3417",
        "name": "Miranda Westfield Lv 2",
        "status": "Active",
        "country": "Australia",
        "state": "NSW",
        "city": "Miranda",
        "postal_code": "2228",
        "full_address": "Shop 2012, Level 2, Westfield Miranda, 600 Kingsway, Miranda, NSW, 2228",
        "phone": "(02) 9524 0577",
        "official_url": "https://www.specsavers.com.au/stores/miranda",
        "services": "Optometry",
        "audiology": "false"
      }
    },
    {
      "type": "Feature",
      "geometry": {
        "type": "Point",
        "coordinates": [
          151.10007,
          -34.03511
        ]
      },
      "properties": {
        "id": "3559",
        "name": "Miranda Westfield Lvl 1",
        "status": "Active",
        "country": "Australia",
        "state": "NSW",
        "city": "Miranda",
        "postal_code": "2228",
        "full_address": "Shop 1096, Level 1, Westfield Miranda, 600 Kingsway, Miranda, NSW, 2228",
        "phone": "(02) 9525 1733",
        "official_url": "https://www.specsavers.com.au/stores/mirandaeast",
        "services": "Optometry; Audiology",
        "audiology": "true"
      }
    },
    {
      "type": "Feature",
      "geometry": {
        "type": "Point",
        "coordinates": [
          150.43784,
          -34.4473
        ]
      },
      "properties": {
        "id": "3561",
        "name": "Mittagong",
        "status": "Active",
        "country": "Australia",
        "state": "NSW",
        "city": "Mittagong",
        "postal_code": "2575",
        "full_address": "Shop 18, Highlands Marketplace, 197 Old Hume Highway, Mittagong, NSW, 2575",
        "phone": "(02) 4871 3844",
        "official_url": "https://www.specsavers.com.au/stores/mittagong",
        "services": "Optometry; Audiology",
        "audiology": "true"
      }
    },
    {
      "type": "Feature",
      "geometry": {
        "type": "Point",
        "coordinates": [
          151.48817,
          -33.10645
        ]
      },
      "properties": {
        "id": "3321",
        "name": "Morisset Square",
        "status": "Active",
        "country": "Australia",
        "state": "NSW",
        "city": "Morisset",
        "postal_code": "2264",
        "full_address": "Shops 16 &amp; 17, Morisset Square, 35 Yambo St, Morisset, NSW, 2264",
        "phone": "(02) 4973 3003",
        "official_url": "https://www.specsavers.com.au/stores/morisset",
        "services": "Optometry; Audiology",
        "audiology": "true"
      }
    },
    {
      "type": "Feature",
      "geometry": {
        "type": "Point",
        "coordinates": [
          150.82048,
          -33.767002
        ]
      },
      "properties": {
        "id": "3323",
        "name": "Mt Druitt Westfield",
        "status": "Active",
        "country": "Australia",
        "state": "NSW",
        "city": "Mount Druitt",
        "postal_code": "2770",
        "full_address": "Westfield Mount Druitt, Cnr Carlisle Avenue &amp; Luxford Road, Mount Druitt, NSW, 2770",
        "phone": "(02) 9832 2081",
        "official_url": "https://www.specsavers.com.au/stores/mtdruitt",
        "services": "Optometry; Audiology",
        "audiology": "true"
      }
    },
    {
      "type": "Feature",
      "geometry": {
        "type": "Point",
        "coordinates": [
          151.67255,
          -32.98463
        ]
      },
      "properties": {
        "id": "3335",
        "name": "Mt Hutton - Lake Macquarie",
        "status": "Active",
        "country": "Australia",
        "state": "NSW",
        "city": "Mt Hutton",
        "postal_code": "2290",
        "full_address": "Shop T76 Lake Macquarie Square, 46 -56 Wilsons Rd, Mt Hutton, NSW, 2290",
        "phone": "(02) 4948 0100",
        "official_url": "https://www.specsavers.com.au/stores/mthutton",
        "services": "Optometry; Audiology",
        "audiology": "true"
      }
    },
    {
      "type": "Feature",
      "geometry": {
        "type": "Point",
        "coordinates": [
          150.73727,
          -34.04177
        ]
      },
      "properties": {
        "id": "3345",
        "name": "Narellan Town Centre",
        "status": "Active",
        "country": "Australia",
        "state": "NSW",
        "city": "Narellan",
        "postal_code": "2567",
        "full_address": "Shop 80 &amp; 81, Narellan Town Centre, 326 Camden Valley Way, Narellan, NSW, 2567",
        "phone": "(02) 4647 4577",
        "official_url": "https://www.specsavers.com.au/stores/narellan",
        "services": "Optometry; Audiology",
        "audiology": "true"
      }
    },
    {
      "type": "Feature",
      "geometry": {
        "type": "Point",
        "coordinates": [
          151.2221,
          -33.83119
        ]
      },
      "properties": {
        "id": "3494",
        "name": "Neutral Bay",
        "status": "Active",
        "country": "Australia",
        "state": "NSW",
        "city": "Neutral Bay",
        "postal_code": "2089",
        "full_address": "Shops 1-3, 184 Military Road, Neutral Bay, NSW, 2089",
        "phone": "(02) 8969 6254",
        "official_url": "https://www.specsavers.com.au/stores/neutralbay",
        "services": "Optometry; Audiology",
        "audiology": "true"
      }
    },
    {
      "type": "Feature",
      "geometry": {
        "type": "Point",
        "coordinates": [
          151.76286,
          -32.929016
        ]
      },
      "properties": {
        "id": "3632",
        "name": "Newcastle Marketown",
        "status": "Active",
        "country": "Australia",
        "state": "NSW",
        "city": "Newcastle West",
        "postal_code": "2302",
        "full_address": "Tenancy G-02, Marketown Shopping Centre, 23 Steel St, Newcastle West, NSW, 2302",
        "phone": "(02) 4951 2855",
        "official_url": "https://www.specsavers.com.au/stores/newcastlemarketown",
        "services": "Optometry; Audiology",
        "audiology": "true"
      }
    },
    {
      "type": "Feature",
      "geometry": {
        "type": "Point",
        "coordinates": [
          151.02783,
          -33.768658
        ]
      },
      "properties": {
        "id": "3398",
        "name": "North Rocks Shopping Centre",
        "status": "Active",
        "country": "Australia",
        "state": "NSW",
        "city": "North Rocks",
        "postal_code": "2151",
        "full_address": "Shop 36 North Rocks S/C, 328 -336 North Rocks Road, North Rocks, NSW, 2151",
        "phone": "(02) 9871 1177",
        "official_url": "https://www.specsavers.com.au/stores/northrocks",
        "services": "Optometry; Audiology",
        "audiology": "true"
      }
    },
    {
      "type": "Feature",
      "geometry": {
        "type": "Point",
        "coordinates": [
          151.12158,
          -33.777058
        ]
      },
      "properties": {
        "id": "3359",
        "name": "Macquarie S/C North Ryde",
        "status": "Active",
        "country": "Australia",
        "state": "NSW",
        "city": "North Ryde",
        "postal_code": "2113",
        "full_address": "Shop 9 Maquarie Shopping Centre, Cnr Herring &amp; Waterloo Roads, North Ryde, NSW, 2113",
        "phone": "(02) 9889 2556",
        "official_url": "https://www.specsavers.com.au/stores/northryde",
        "services": "Optometry; Audiology",
        "audiology": "true"
      }
    },
    {
      "type": "Feature",
      "geometry": {
        "type": "Point",
        "coordinates": [
          151.2077,
          -33.840374
        ]
      },
      "properties": {
        "id": "3356",
        "name": "North Sydney - Greenwood Plaza",
        "status": "Active",
        "country": "Australia",
        "state": "NSW",
        "city": "North Sydney",
        "postal_code": "2060",
        "full_address": "Shop M13-14 Greenwood Plaza, Pacific Highway, North Sydney, NSW, 2060",
        "phone": "(02) 9460 3300",
        "official_url": "https://www.specsavers.com.au/stores/northsydney",
        "services": "Optometry",
        "audiology": "false"
      }
    },
    {
      "type": "Feature",
      "geometry": {
        "type": "Point",
        "coordinates": [
          150.60243,
          -34.87682
        ]
      },
      "properties": {
        "id": "3315",
        "name": "Nowra Central",
        "status": "Active",
        "country": "Australia",
        "state": "NSW",
        "city": "Nowra",
        "postal_code": "2541",
        "full_address": "57 Kinghorne St, Cnr Worrigee &amp; Kinghorne Streets, Nowra, NSW, 2541",
        "phone": "(02) 4421 0500",
        "official_url": "https://www.specsavers.com.au/stores/nowracentral",
        "services": "Optometry; Audiology",
        "audiology": "true"
      }
    },
    {
      "type": "Feature",
      "geometry": {
        "type": "Point",
        "coordinates": [
          150.60666,
          -34.87693
        ]
      },
      "properties": {
        "id": "3316",
        "name": "Nowra Plaza",
        "status": "Active",
        "country": "Australia",
        "state": "NSW",
        "city": "Nowra",
        "postal_code": "2541",
        "full_address": "Shop 20 &amp; 21 Nowra Centre Plaza, 32-60 East Street, Nowra, NSW, 2541",
        "phone": "(02) 4423 1811",
        "official_url": "https://www.specsavers.com.au/stores/nowra-plaza",
        "services": "Optometry; Audiology",
        "audiology": "true"
      }
    },
    {
      "type": "Feature",
      "geometry": {
        "type": "Point",
        "coordinates": [
          150.74046,
          -34.000046
        ]
      },
      "properties": {
        "id": "3675",
        "name": "Oran Park",
        "status": "Active",
        "country": "Australia",
        "state": "NSW",
        "city": "Oran Park",
        "postal_code": "2570",
        "full_address": "Q4 351 Oran Park Drive, Oran Park, NSW, 2570",
        "phone": "(02) 4620 0801",
        "official_url": "https://www.specsavers.com.au/stores/oranpark",
        "services": "Optometry",
        "audiology": "false"
      }
    },
    {
      "type": "Feature",
      "geometry": {
        "type": "Point",
        "coordinates": [
          149.10057,
          -33.28267
        ]
      },
      "properties": {
        "id": "3517",
        "name": "Orange",
        "status": "Active",
        "country": "Australia",
        "state": "NSW",
        "city": "Orange",
        "postal_code": "2800",
        "full_address": "Shop No 122, Orange Central S/C, 227-237 Summer Street, Orange, NSW, 2800",
        "phone": "(02) 6362 1045",
        "official_url": "https://www.specsavers.com.au/stores/orange",
        "services": "Optometry; Audiology",
        "audiology": "true"
      }
    },
    {
      "type": "Feature",
      "geometry": {
        "type": "Point",
        "coordinates": [
          151.00162,
          -33.817665
        ]
      },
      "properties": {
        "id": "3625",
        "name": "Parramatta Westfield - Level 1",
        "status": "Active",
        "country": "Australia",
        "state": "NSW",
        "city": "Parramatta",
        "postal_code": "2150",
        "full_address": "Parramatta Westfield Shop 1150, Level 1, 159 - 175 Church Street, Parramatta, NSW, 2150",
        "phone": "(02) 9633 2480",
        "official_url": "https://www.specsavers.com.au/stores/parramattasouth",
        "services": "Optometry; Audiology",
        "audiology": "true"
      }
    },
    {
      "type": "Feature",
      "geometry": {
        "type": "Point",
        "coordinates": [
          151.00197,
          -33.817642
        ]
      },
      "properties": {
        "id": "3385",
        "name": "Parramatta Westfield - Level 5",
        "status": "Active",
        "country": "Australia",
        "state": "NSW",
        "city": "Parramatta",
        "postal_code": "2150",
        "full_address": "Westfield Parramatta, 5070/159-175 Church Street, Parramatta, NSW, 2150",
        "phone": "(02) 9635 6233",
        "official_url": "https://www.specsavers.com.au/stores/parramatta",
        "services": "Optometry",
        "audiology": "false"
      }
    },
    {
      "type": "Feature",
      "geometry": {
        "type": "Point",
        "coordinates": [
          150.69188,
          -33.75792
        ]
      },
      "properties": {
        "id": "3578",
        "name": "Penrith Nepean",
        "status": "Active",
        "country": "Australia",
        "state": "NSW",
        "city": "Penrith",
        "postal_code": "2750",
        "full_address": "SP007, Nepean Village, Woodriff St, Penrith, NSW, 2750",
        "phone": "(02) 4721 4333",
        "official_url": "https://www.specsavers.com.au/stores/penrithnepean",
        "services": "Optometry; Audiology",
        "audiology": "true"
      }
    },
    {
      "type": "Feature",
      "geometry": {
        "type": "Point",
        "coordinates": [
          150.69214,
          -33.75123
        ]
      },
      "properties": {
        "id": "3386",
        "name": "Penrith Westfield",
        "status": "Active",
        "country": "Australia",
        "state": "NSW",
        "city": "Penrith",
        "postal_code": "2750",
        "full_address": "Westfield Penrith S/C, 585 High Street, Penrith, NSW, 2750",
        "phone": "(02) 4732 4677",
        "official_url": "https://www.specsavers.com.au/stores/penrith",
        "services": "Optometry; Audiology",
        "audiology": "true"
      }
    },
    {
      "type": "Feature",
      "geometry": {
        "type": "Point",
        "coordinates": [
          150.83592,
          -33.74577
        ]
      },
      "properties": {
        "id": "3528",
        "name": "Plumpton Marketplace",
        "status": "Active",
        "country": "Australia",
        "state": "NSW",
        "city": "Plumpton",
        "postal_code": "2761",
        "full_address": "Shop 27/28 Plumpton Marketplace, 28 Hyatts Road, Plumpton, NSW, 2761",
        "phone": "(02) 9625 0848",
        "official_url": "https://www.specsavers.com.au/stores/plumpton",
        "services": "Optometry; Audiology",
        "audiology": "true"
      }
    },
    {
      "type": "Feature",
      "geometry": {
        "type": "Point",
        "coordinates": [
          152.90842,
          -31.430004
        ]
      },
      "properties": {
        "id": "3438",
        "name": "Port Macquarie",
        "status": "Active",
        "country": "Australia",
        "state": "NSW",
        "city": "Port Macquarie",
        "postal_code": "2444",
        "full_address": "2/46 Horton St, Port Macquarie, NSW, 2444",
        "phone": "(02) 6583 5174",
        "official_url": "https://www.specsavers.com.au/stores/portmacquarie",
        "services": "Optometry; Audiology",
        "audiology": "true"
      }
    },
    {
      "type": "Feature",
      "geometry": {
        "type": "Point",
        "coordinates": [
          152.89526,
          -31.426834
        ]
      },
      "properties": {
        "id": "3584",
        "name": "Port Macquarie West",
        "status": "Active",
        "country": "Australia",
        "state": "NSW",
        "city": "Port Macquarie",
        "postal_code": "2444",
        "full_address": "Settlement City Shopping Centre, Cnr Park and Bay Streets, Port Macquarie, NSW, 2444",
        "phone": "(02) 6583 5177",
        "official_url": "https://www.specsavers.com.au/stores/portmacquariewest",
        "services": "Optometry; Audiology",
        "audiology": "true"
      }
    },
    {
      "type": "Feature",
      "geometry": {
        "type": "Point",
        "coordinates": [
          149.23451,
          -35.35333
        ]
      },
      "properties": {
        "id": "3574",
        "name": "Queanbeyan - Riverside",
        "status": "Active",
        "country": "Australia",
        "state": "NSW",
        "city": "Queanbeyan",
        "postal_code": "2620",
        "full_address": "Riverside Plaza Queanbeyan, 22/131 Monaro Street, Queanbeyan, NSW, 2620",
        "phone": "(02) 6232 9533",
        "official_url": "https://www.specsavers.com.au/stores/queanbeyan",
        "services": "Optometry; Audiology",
        "audiology": "true"
      }
    },
    {
      "type": "Feature",
      "geometry": {
        "type": "Point",
        "coordinates": [
          151.24101,
          -33.915173
        ]
      },
      "properties": {
        "id": "3313",
        "name": "Randwick - Royal Randwick",
        "status": "Active",
        "country": "Australia",
        "state": "NSW",
        "city": "Randwick",
        "postal_code": "2031",
        "full_address": "73 Belmore Rd, Shop 57 Royal Randwick Shopping Centre, Randwick, NSW, 2031",
        "phone": "(02) 9326 6040",
        "official_url": "https://www.specsavers.com.au/stores/randwick",
        "services": "Optometry",
        "audiology": "false"
      }
    },
    {
      "type": "Feature",
      "geometry": {
        "type": "Point",
        "coordinates": [
          151.74434,
          -32.761185
        ]
      },
      "properties": {
        "id": "3652",
        "name": "Raymond Terrace",
        "status": "Active",
        "country": "Australia",
        "state": "NSW",
        "city": "Raymond Terrace",
        "postal_code": "2324",
        "full_address": "Shop 22, Raymond Terrace Marketplace, 35 William Street, Raymond Terrace, NSW, 2324",
        "phone": "(02) 4062 1110",
        "official_url": "https://www.specsavers.com.au/stores/raymondterrace",
        "services": "Optometry; Audiology",
        "audiology": "true"
      }
    },
    {
      "type": "Feature",
      "geometry": {
        "type": "Point",
        "coordinates": [
          151.08524,
          -33.835712
        ]
      },
      "properties": {
        "id": "3588",
        "name": "Rhodes",
        "status": "Active",
        "country": "Australia",
        "state": "NSW",
        "city": "Rhodes",
        "postal_code": "2138",
        "full_address": "Rhodes Waterside S/C, 1 Rider Blvd, Shop 59, Rhodes, NSW, 2138",
        "phone": "(02) 8384 0325",
        "official_url": "https://www.specsavers.com.au/stores/rhodes",
        "services": "Optometry; Audiology",
        "audiology": "true"
      }
    },
    {
      "type": "Feature",
      "geometry": {
        "type": "Point",
        "coordinates": [
          150.75275,
          -33.600674
        ]
      },
      "properties": {
        "id": "3439",
        "name": "Richmond Marketplace",
        "status": "Active",
        "country": "Australia",
        "state": "NSW",
        "city": "Richmond",
        "postal_code": "2753",
        "full_address": "Shop 4 &amp; 5 Richmond Marketplace, March Street, Richmond, NSW, 2753",
        "phone": "(02) 4578 3905",
        "official_url": "https://www.specsavers.com.au/stores/richmond",
        "services": "Optometry; Audiology",
        "audiology": "true"
      }
    },
    {
      "type": "Feature",
      "geometry": {
        "type": "Point",
        "coordinates": [
          151.14012,
          -33.95821
        ]
      },
      "properties": {
        "id": "3546",
        "name": "Rockdale",
        "status": "Active",
        "country": "Australia",
        "state": "NSW",
        "city": "Rockdale",
        "postal_code": "2216",
        "full_address": "1 Rockdale Plaza Drive, Rockdale Plaza, Rockdale, NSW, 2216",
        "phone": "(02) 9587 6755",
        "official_url": "https://www.specsavers.com.au/stores/rockdale",
        "services": "Optometry; Audiology",
        "audiology": "true"
      }
    },
    {
      "type": "Feature",
      "geometry": {
        "type": "Point",
        "coordinates": [
          151.06874,
          -33.93476
        ]
      },
      "properties": {
        "id": "3419",
        "name": "Roselands",
        "status": "Active",
        "country": "Australia",
        "state": "NSW",
        "city": "Roselands",
        "postal_code": "2196",
        "full_address": "Shop G017, Roselands Shopping Centre, Roselands Drive, Roselands, NSW, 2196",
        "phone": "(02) 9758 4937",
        "official_url": "https://www.specsavers.com.au/stores/roselands",
        "services": "Optometry; Audiology",
        "audiology": "true"
      }
    },
    {
      "type": "Feature",
      "geometry": {
        "type": "Point",
        "coordinates": [
          150.92526,
          -33.691624
        ]
      },
      "properties": {
        "id": "3526",
        "name": "Rouse Hill Town Centre",
        "status": "Active",
        "country": "Australia",
        "state": "NSW",
        "city": "Rouse Hill",
        "postal_code": "2155",
        "full_address": "Shop GR 058/59, Rouse Hill Town Centre, Corner Windsor Road &amp; White Hart Drive, Rouse Hill, NSW, 2155",
        "phone": "(02) 8205 7940",
        "official_url": "https://www.specsavers.com.au/stores/rousehill",
        "services": "Optometry; Audiology",
        "audiology": "true"
      }
    },
    {
      "type": "Feature",
      "geometry": {
        "type": "Point",
        "coordinates": [
          151.10602,
          -33.81218
        ]
      },
      "properties": {
        "id": "3428",
        "name": "Top Ryde City",
        "status": "Active",
        "country": "Australia",
        "state": "NSW",
        "city": "Ryde",
        "postal_code": "2112",
        "full_address": "Shop 2005, Level LG1, Top Ryde City Shopping Centre, Cnr Devlin St &amp;, Blaxland Rd, Ryde, NSW, 2112",
        "phone": "(02) 9807 5049",
        "official_url": "https://www.specsavers.com.au/stores/topryde",
        "services": "Optometry; Audiology",
        "audiology": "true"
      }
    },
    {
      "type": "Feature",
      "geometry": {
        "type": "Point",
        "coordinates": [
          152.1069,
          -32.73578
        ]
      },
      "properties": {
        "id": "3563",
        "name": "Salamander Bay",
        "status": "Active",
        "country": "Australia",
        "state": "NSW",
        "city": "Salamander Bay",
        "postal_code": "2317",
        "full_address": "Shop G016 Salamander S/C, 2 Town Centre Circuit, Salamander Bay, NSW, 2317",
        "phone": "(02) 4982 7788",
        "official_url": "https://www.specsavers.com.au/stores/salamander-bay",
        "services": "Optometry; Audiology",
        "audiology": "true"
      }
    },
    {
      "type": "Feature",
      "geometry": {
        "type": "Point",
        "coordinates": [
          150.93121,
          -33.775494
        ]
      },
      "properties": {
        "id": "3516",
        "name": "Seven Hills",
        "status": "Active",
        "country": "Australia",
        "state": "NSW",
        "city": "Seven Hills",
        "postal_code": "2147",
        "full_address": "Shop 57, Seven Hills Plaza, Cnr Prospect Hwy &amp; Federal Road, Seven Hills, NSW, 2147",
        "phone": "(02) 9622 4964",
        "official_url": "https://www.specsavers.com.au/stores/sevenhills",
        "services": "Optometry",
        "audiology": "false"
      }
    },
    {
      "type": "Feature",
      "geometry": {
        "type": "Point",
        "coordinates": [
          150.839,
          -34.56457
        ]
      },
      "properties": {
        "id": "3377",
        "name": "Shellharbour Stockland",
        "status": "Active",
        "country": "Australia",
        "state": "NSW",
        "city": "Shellharbour City",
        "postal_code": "2529",
        "full_address": "Shop 52, Stockland Shellharbour Shopping Centre, 211  Lake Entrance Road, Shellharbour City, NSW, 2529",
        "phone": "(02) 4296 2342",
        "official_url": "https://www.specsavers.com.au/stores/shellharbour",
        "services": "Optometry; Audiology",
        "audiology": "true"
      }
    },
    {
      "type": "Feature",
      "geometry": {
        "type": "Point",
        "coordinates": [
          151.16463,
          -32.566017
        ]
      },
      "properties": {
        "id": "3614",
        "name": "Singleton",
        "status": "Active",
        "country": "Australia",
        "state": "NSW",
        "city": "Singleton",
        "postal_code": "2330",
        "full_address": "Shop 26 Singleton Square, 1 Gowrie St, Singleton, Singleton, NSW, 2330",
        "phone": "(02) 6528 0720",
        "official_url": "https://www.specsavers.com.au/stores/singleton",
        "services": "Optometry; Audiology",
        "audiology": "true"
      }
    },
    {
      "type": "Feature",
      "geometry": {
        "type": "Point",
        "coordinates": [
          151.16032,
          -33.730137
        ]
      },
      "properties": {
        "id": "3637",
        "name": "St Ives",
        "status": "Active",
        "country": "Australia",
        "state": "NSW",
        "city": "St Ives",
        "postal_code": "2075",
        "full_address": "196 Mona Vale Rd, St Ives, NSW, 2075",
        "phone": "(02) 9423 0225",
        "official_url": "https://www.specsavers.com.au/stores/stives",
        "services": "Optometry; Audiology",
        "audiology": "true"
      }
    },
    {
      "type": "Feature",
      "geometry": {
        "type": "Point",
        "coordinates": [
          150.77034,
          -33.76669
        ]
      },
      "properties": {
        "id": "3496",
        "name": "St Marys Village S/C",
        "status": "Active",
        "country": "Australia",
        "state": "NSW",
        "city": "St Marys",
        "postal_code": "2760",
        "full_address": "Shop 33, St Marys Village, Charles Hackett Drive, St Marys, NSW, 2760",
        "phone": "(02) 9673 1068",
        "official_url": "https://www.specsavers.com.au/stores/stmarys",
        "services": "Optometry",
        "audiology": "false"
      }
    },
    {
      "type": "Feature",
      "geometry": {
        "type": "Point",
        "coordinates": [
          150.92029,
          -33.71977
        ]
      },
      "properties": {
        "id": "3367",
        "name": "Stanhope Gardens",
        "status": "Active",
        "country": "Australia",
        "state": "NSW",
        "city": "Stanhope Gardens",
        "postal_code": "2768",
        "full_address": "Shop 39 Stanhope Village S/C, Cnr Stanhope Parkway &amp; Sentry Drive, Stanhope Gardens, NSW, 2768",
        "phone": "(02) 9836 2769",
        "official_url": "https://www.specsavers.com.au/stores/stanhopegardens",
        "services": "Optometry; Audiology",
        "audiology": "true"
      }
    },
    {
      "type": "Feature",
      "geometry": {
        "type": "Point",
        "coordinates": [
          151.20712,
          -33.870464
        ]
      },
      "properties": {
        "id": "3581",
        "name": "Sydney - Pitt Street Mall",
        "status": "Active",
        "country": "Australia",
        "state": "NSW",
        "city": "Sydney",
        "postal_code": "2000",
        "full_address": "Unit 18LG, 450 George St, Westfield Sydney Central, Sydney, NSW, 2000",
        "phone": "(02) 9223 4055",
        "official_url": "https://www.specsavers.com.au/stores/sydneycentral",
        "services": "Optometry",
        "audiology": "false"
      }
    },
    {
      "type": "Feature",
      "geometry": {
        "type": "Point",
        "coordinates": [
          151.10327,
          -34.01019
        ]
      },
      "properties": {
        "id": "3488",
        "name": "Sylvania - Southgate S/C",
        "status": "Active",
        "country": "Australia",
        "state": "NSW",
        "city": "Sylvania",
        "postal_code": "2224",
        "full_address": "Shop 29, Southgate Shopping Centre, 124 Corner Princes Highway and, Port Hacking Rd, Sylvania, NSW, 2224",
        "phone": "(02) 9522 9965",
        "official_url": "https://www.specsavers.com.au/stores/sylvania",
        "services": "Optometry; Audiology",
        "audiology": "true"
      }
    },
    {
      "type": "Feature",
      "geometry": {
        "type": "Point",
        "coordinates": [
          150.92892,
          -31.089302
        ]
      },
      "properties": {
        "id": "3403",
        "name": "Tamworth",
        "status": "Active",
        "country": "Australia",
        "state": "NSW",
        "city": "Tamworth",
        "postal_code": "2340",
        "full_address": "300-304 Peel St, Tamworth, NSW, 2340",
        "phone": "(02) 6766 4666",
        "official_url": "https://www.specsavers.com.au/stores/tamworth",
        "services": "Optometry",
        "audiology": "false"
      }
    },
    {
      "type": "Feature",
      "geometry": {
        "type": "Point",
        "coordinates": [
          152.46,
          -31.911173
        ]
      },
      "properties": {
        "id": "3469",
        "name": "Taree",
        "status": "Active",
        "country": "Australia",
        "state": "NSW",
        "city": "Taree",
        "postal_code": "2430",
        "full_address": "42-44 Manning Street,, Shop 2, Taree, NSW, 2430",
        "phone": "(02) 6552 7331",
        "official_url": "https://www.specsavers.com.au/stores/taree",
        "services": "Optometry; Audiology",
        "audiology": "true"
      }
    },
    {
      "type": "Feature",
      "geometry": {
        "type": "Point",
        "coordinates": [
          151.5965,
          -33.01354
        ]
      },
      "properties": {
        "id": "3459",
        "name": "Toronto",
        "status": "Active",
        "country": "Australia",
        "state": "NSW",
        "city": "Toronto",
        "postal_code": "2283",
        "full_address": "29 The Boulevarde, Toronto, NSW, 2283",
        "phone": "(02) 4959 2377",
        "official_url": "https://www.specsavers.com.au/stores/toronto",
        "services": "Optometry; Audiology",
        "audiology": "true"
      }
    },
    {
      "type": "Feature",
      "geometry": {
        "type": "Point",
        "coordinates": [
          151.41144,
          -33.308376
        ]
      },
      "properties": {
        "id": "3332",
        "name": "Tuggerah Westfield",
        "status": "Active",
        "country": "Australia",
        "state": "NSW",
        "city": "Tuggerah",
        "postal_code": "2259",
        "full_address": "Westfield Tuggerah, 2038 Wyong Road, Tuggerah, NSW, 2259",
        "phone": "(02) 4351 0766",
        "official_url": "https://www.specsavers.com.au/stores/tuggerah",
        "services": "Optometry; Audiology",
        "audiology": "true"
      }
    },
    {
      "type": "Feature",
      "geometry": {
        "type": "Point",
        "coordinates": [
          153.54582,
          -28.201036
        ]
      },
      "properties": {
        "id": "3371",
        "name": "Tweed City S/C",
        "status": "Active",
        "country": "Australia",
        "state": "NSW",
        "city": "Tweed Heads South",
        "postal_code": "2486",
        "full_address": "Tweed City Shopping Centre, Shop 113 &amp; Shop 114/54 Minjungbal Drive, Tweed Heads South, NSW, 2486",
        "phone": "(07) 5524 8660",
        "official_url": "https://www.specsavers.com.au/stores/tweedcity",
        "services": "Optometry; Audiology",
        "audiology": "true"
      }
    },
    {
      "type": "Feature",
      "geometry": {
        "type": "Point",
        "coordinates": [
          150.47401,
          -35.35865
        ]
      },
      "properties": {
        "id": "3673",
        "name": "Ulladulla",
        "status": "Active",
        "country": "Australia",
        "state": "NSW",
        "city": "Ulladulla",
        "postal_code": "2539",
        "full_address": "Shop 2 &amp; 2A Ulladulla Shopping Centre, 116 Princes Highway, Ulladulla, NSW, 2539",
        "phone": "(02) 4421 6811",
        "official_url": "https://www.specsavers.com.au/stores/ulladulla",
        "services": "Optometry; Audiology",
        "audiology": "true"
      }
    },
    {
      "type": "Feature",
      "geometry": {
        "type": "Point",
        "coordinates": [
          151.19388,
          -33.883568
        ]
      },
      "properties": {
        "id": "3505",
        "name": "Broadway Sydney",
        "status": "Active",
        "country": "Australia",
        "state": "NSW",
        "city": "Ultimo",
        "postal_code": "2007",
        "full_address": "Shop G27(Near Coles) Broadway, 1 Bay Street, Ultimo, NSW, 2007",
        "phone": "(02) 9211 4088",
        "official_url": "https://www.specsavers.com.au/stores/broadway",
        "services": "Optometry",
        "audiology": "false"
      }
    },
    {
      "type": "Feature",
      "geometry": {
        "type": "Point",
        "coordinates": [
          147.37082,
          -35.114376
        ]
      },
      "properties": {
        "id": "3254",
        "name": "Wagga Wagga",
        "status": "Active",
        "country": "Australia",
        "state": "NSW",
        "city": "Wagga Wagga",
        "postal_code": "2650",
        "full_address": "Shop 1 &amp; 2, 56 Forsyth St, Wagga Wagga, NSW, 2650",
        "phone": "(02) 6921 2111",
        "official_url": "https://www.specsavers.com.au/stores/waggawagga",
        "services": "Optometry; Audiology",
        "audiology": "true"
      }
    },
    {
      "type": "Feature",
      "geometry": {
        "type": "Point",
        "coordinates": [
          150.86299,
          -34.546833
        ]
      },
      "properties": {
        "id": "3220",
        "name": "Warilla Grove Shopping Centre",
        "status": "Active",
        "country": "Australia",
        "state": "NSW",
        "city": "Warilla",
        "postal_code": "2528",
        "full_address": "Shop 4A &amp; 5, HomeCo. Warilla Grove, 43-57 Shellharbour Rd, Warilla, NSW, 2528",
        "phone": "(02) 4296 2342",
        "official_url": "https://www.specsavers.com.au/stores/warilla",
        "services": "Optometry; Audiology",
        "audiology": "true"
      }
    },
    {
      "type": "Feature",
      "geometry": {
        "type": "Point",
        "coordinates": [
          150.88948,
          -34.486053
        ]
      },
      "properties": {
        "id": "3210",
        "name": "Warrawong",
        "status": "Active",
        "country": "Australia",
        "state": "NSW",
        "city": "Warrawong",
        "postal_code": "2502",
        "full_address": "Shop 39/40, Warrawong Plaza SC, King street &amp; Cowper Street, Warrawong, NSW, 2502",
        "phone": "(02) 9138 0722",
        "official_url": "https://www.specsavers.com.au/stores/warrawong",
        "services": "Optometry; Audiology",
        "audiology": "true"
      }
    },
    {
      "type": "Feature",
      "geometry": {
        "type": "Point",
        "coordinates": [
          151.29584,
          -33.695763
        ]
      },
      "properties": {
        "id": "3575",
        "name": "Warriewood",
        "status": "Active",
        "country": "Australia",
        "state": "NSW",
        "city": "Warriewood",
        "postal_code": "2102",
        "full_address": "Warriewood Square, Jacksons Road, Warriewood, NSW, 2102",
        "phone": "(02) 9913 1844",
        "official_url": "https://www.specsavers.com.au/stores/warriewood",
        "services": "Optometry; Audiology",
        "audiology": "true"
      }
    },
    {
      "type": "Feature",
      "geometry": {
        "type": "Point",
        "coordinates": [
          150.89783,
          -33.858765
        ]
      },
      "properties": {
        "id": "3497",
        "name": "Wetherill Park Stockland",
        "status": "Active",
        "country": "Australia",
        "state": "NSW",
        "city": "Wetherill Park",
        "postal_code": "2164",
        "full_address": "1/561-583 Polding Street, Wetherill Park, NSW, 2164",
        "phone": "(02) 9756 0510",
        "official_url": "https://www.specsavers.com.au/stores/wetherillpark",
        "services": "Optometry",
        "audiology": "false"
      }
    },
    {
      "type": "Feature",
      "geometry": {
        "type": "Point",
        "coordinates": [
          150.81879,
          -33.606937
        ]
      },
      "properties": {
        "id": "3678",
        "name": "Windsor",
        "status": "Active",
        "country": "Australia",
        "state": "NSW",
        "city": "Windsor",
        "postal_code": "2756",
        "full_address": "Shop 19, Windsor Riverview Shopping Centre, 227 George Street, Windsor, NSW, 2756",
        "phone": "(02) 4577 3447",
        "official_url": "https://www.specsavers.com.au/stores/windsor",
        "services": "Optometry; Audiology",
        "audiology": "true"
      }
    },
    {
      "type": "Feature",
      "geometry": {
        "type": "Point",
        "coordinates": [
          150.96922,
          -33.77288
        ]
      },
      "properties": {
        "id": "3501",
        "name": "Winston Hills Mall",
        "status": "Active",
        "country": "Australia",
        "state": "NSW",
        "city": "Winston Hills",
        "postal_code": "2153",
        "full_address": "180-190 Caroline Chisholm, Shop 60 Winston Hills Mall, Winston Hills, NSW, 2153",
        "phone": "(02) 9624 6486",
        "official_url": "https://www.specsavers.com.au/stores/winstonhills",
        "services": "Optometry; Audiology",
        "audiology": "true"
      }
    },
    {
      "type": "Feature",
      "geometry": {
        "type": "Point",
        "coordinates": [
          150.89447,
          -34.42537
        ]
      },
      "properties": {
        "id": "3456",
        "name": "Wollongong - Crown St Mall",
        "status": "Active",
        "country": "Australia",
        "state": "NSW",
        "city": "Wollongong",
        "postal_code": "2500",
        "full_address": "179 Crown Street, Wollongong, NSW, 2500",
        "phone": "(02) 4225 0652",
        "official_url": "https://www.specsavers.com.au/stores/wollongong",
        "services": "Optometry; Audiology",
        "audiology": "true"
      }
    },
    {
      "type": "Feature",
      "geometry": {
        "type": "Point",
        "coordinates": [
          151.3238,
          -33.488037
        ]
      },
      "properties": {
        "id": "3538",
        "name": "Woy Woy",
        "status": "Active",
        "country": "Australia",
        "state": "NSW",
        "city": "Woy Woy",
        "postal_code": "2256",
        "full_address": "Railway Street, Shop 27, Deepwater Plaza Centre, Woy Woy, NSW, 2256",
        "phone": "(02) 4342 5900",
        "official_url": "https://www.specsavers.com.au/stores/woywoy",
        "services": "Optometry; Audiology",
        "audiology": "true"
      }
    },
    {
      "type": "Feature",
      "geometry": {
        "type": "Point",
        "coordinates": [
          130.8817,
          -12.374815
        ]
      },
      "properties": {
        "id": "3689",
        "name": "Casuarina",
        "status": "Active",
        "country": "Australia",
        "state": "NT",
        "city": "Casuarina",
        "postal_code": "0810",
        "full_address": "Shop GD262, Casuarina Square, 247 Trower Road, Casuarina, NT, 0810",
        "phone": "(08) 7935 6110",
        "official_url": "https://www.specsavers.com.au/stores/casuarina",
        "services": "Optometry",
        "audiology": "false"
      }
    },
    {
      "type": "Feature",
      "geometry": {
        "type": "Point",
        "coordinates": [
          130.89606,
          -12.377735
        ]
      },
      "properties": {
        "id": "3317",
        "name": "Hibiscus Shoppingtown",
        "status": "Active",
        "country": "Australia",
        "state": "NT",
        "city": "Darwin",
        "postal_code": "0812",
        "full_address": "Shop 20, Hibiscus Shoppingtown, Leanyer Drive, Darwin, NT, 0812",
        "phone": "(08) 8927 5139",
        "official_url": "https://www.specsavers.com.au/stores/darwinnorth",
        "services": "Optometry",
        "audiology": "false"
      }
    },
    {
      "type": "Feature",
      "geometry": {
        "type": "Point",
        "coordinates": [
          130.9855,
          -12.483665
        ]
      },
      "properties": {
        "id": "3318",
        "name": "Palmerston",
        "status": "Active",
        "country": "Australia",
        "state": "NT",
        "city": "Palmerston",
        "postal_code": "0830",
        "full_address": "Shop 25, Oasis Shopping Centre, Cnr Chung Wah Terrace &amp; Temple Tce, Palmerston, NT, 0830",
        "phone": "(08) 8932 6188",
        "official_url": "https://www.specsavers.com.au/stores/palmerston",
        "services": "Optometry; Audiology",
        "audiology": "true"
      }
    },
    {
      "type": "Feature",
      "geometry": {
        "type": "Point",
        "coordinates": [
          146.76407,
          -19.298828
        ]
      },
      "properties": {
        "id": "3499",
        "name": "Townsville Aitkenvale",
        "status": "Active",
        "country": "Australia",
        "state": "QLD",
        "city": "Aitkenvale",
        "postal_code": "4814",
        "full_address": "310 Ross River Road, Shop 25, Townsville Shopping Centre, Aitkenvale, QLD, 4814",
        "phone": "(07) 4728 6114",
        "official_url": "https://www.specsavers.com.au/stores/townsvilleaitkenvale",
        "services": "Optometry; Audiology",
        "audiology": "true"
      }
    },
    {
      "type": "Feature",
      "geometry": {
        "type": "Point",
        "coordinates": [
          150.50374,
          -23.3901
        ]
      },
      "properties": {
        "id": "3636",
        "name": "Rockhampton Allenstown",
        "status": "Active",
        "country": "Australia",
        "state": "QLD",
        "city": "Allenstown",
        "postal_code": "4700",
        "full_address": "Shop 16 &amp; 17A, Allenstown Square, 139-145 Derby Street, Allenstown, QLD, 4700",
        "phone": "(07) 4921 0762",
        "official_url": "https://www.specsavers.com.au/stores/rockhamptonallenstown",
        "services": "Optometry; Audiology",
        "audiology": "true"
      }
    },
    {
      "type": "Feature",
      "geometry": {
        "type": "Point",
        "coordinates": [
          153.35222,
          -27.947132
        ]
      },
      "properties": {
        "id": "3224",
        "name": "Arundel Plaza",
        "status": "Active",
        "country": "Australia",
        "state": "QLD",
        "city": "Arundel",
        "postal_code": "4212",
        "full_address": "Shop 12, Arundel Plaza, 230-232 Napper Road, Arundel, QLD, 4212",
        "phone": "(07) 5563 3937",
        "official_url": "https://www.specsavers.com.au/stores/arundel",
        "services": "Optometry",
        "audiology": "false"
      }
    },
    {
      "type": "Feature",
      "geometry": {
        "type": "Point",
        "coordinates": [
          153.01357,
          -27.361555
        ]
      },
      "properties": {
        "id": "3629",
        "name": "Aspley",
        "status": "Active",
        "country": "Australia",
        "state": "QLD",
        "city": "Aspley",
        "postal_code": "4034",
        "full_address": "Shop 21, Aspley Hypermarket, 59 Albany Creek Road, Aspley, QLD, 4034",
        "phone": "(07) 3155 3775",
        "official_url": "https://www.specsavers.com.au/stores/aspley",
        "services": "Optometry; Audiology",
        "audiology": "true"
      }
    },
    {
      "type": "Feature",
      "geometry": {
        "type": "Point",
        "coordinates": [
          152.31892,
          -24.887964
        ]
      },
      "properties": {
        "id": "3378",
        "name": "Bundaberg Sugarland",
        "status": "Active",
        "country": "Australia",
        "state": "QLD",
        "city": "Avoca",
        "postal_code": "4670",
        "full_address": "115 Takalvan Street, Shop 424 Sugarland Shoppingtown, Avoca, QLD, 4670",
        "phone": "(07) 4151 1196",
        "official_url": "https://www.specsavers.com.au/stores/bundabergsugarland",
        "services": "Optometry; Audiology",
        "audiology": "true"
      }
    },
    {
      "type": "Feature",
      "geometry": {
        "type": "Point",
        "coordinates": [
          152.9966,
          -27.98553
        ]
      },
      "properties": {
        "id": "3285",
        "name": "Beaudesert Central",
        "status": "Active",
        "country": "Australia",
        "state": "QLD",
        "city": "Beaudesert",
        "postal_code": "4285",
        "full_address": "Shop 3B Beaudesert Central S/C, 125-141 Brisbane Street, Beaudesert, QLD, 4285",
        "phone": "(07) 5541 1177",
        "official_url": "https://www.specsavers.com.au/stores/beaudesert",
        "services": "Optometry; Audiology",
        "audiology": "true"
      }
    },
    {
      "type": "Feature",
      "geometry": {
        "type": "Point",
        "coordinates": [
          153.20769,
          -27.717701
        ]
      },
      "properties": {
        "id": "3447",
        "name": "Beenleigh Marketplace",
        "status": "Active",
        "country": "Australia",
        "state": "QLD",
        "city": "Beenleigh",
        "postal_code": "4207",
        "full_address": "Beenleigh Market Place, G002/114-118 George Street, Beenleigh, QLD, 4207",
        "phone": "(07) 3807 2683",
        "official_url": "https://www.specsavers.com.au/stores/beenleigh",
        "services": "Optometry; Audiology",
        "audiology": "true"
      }
    },
    {
      "type": "Feature",
      "geometry": {
        "type": "Point",
        "coordinates": [
          152.95741,
          -26.856695
        ]
      },
      "properties": {
        "id": "3207",
        "name": "Beerwah Village",
        "status": "Active",
        "country": "Australia",
        "state": "QLD",
        "city": "Beerwah",
        "postal_code": "4519",
        "full_address": "Beerwah Village, Shop 6 &amp; 7, Beerwah, QLD, 4519",
        "phone": "(07) 5494 0300",
        "official_url": "https://www.specsavers.com.au/stores/beerwah",
        "services": "Optometry; Audiology",
        "audiology": "true"
      }
    },
    {
      "type": "Feature",
      "geometry": {
        "type": "Point",
        "coordinates": [
          153.15753,
          -27.063889
        ]
      },
      "properties": {
        "id": "3619",
        "name": "Bribie Island",
        "status": "Active",
        "country": "Australia",
        "state": "QLD",
        "city": "Bongaree",
        "postal_code": "4507",
        "full_address": "Shop 23, Bribie Island Shopping Centre, 239-255 Goodwin Dr, Bongaree, QLD, 4507",
        "phone": "(07) 3475 3070",
        "official_url": "https://www.specsavers.com.au/stores/bribieisland",
        "services": "Optometry; Audiology",
        "audiology": "true"
      }
    },
    {
      "type": "Feature",
      "geometry": {
        "type": "Point",
        "coordinates": [
          153.02873,
          -27.467556
        ]
      },
      "properties": {
        "id": "3527",
        "name": "Brisbane - Creek Street",
        "status": "Active",
        "country": "Australia",
        "state": "QLD",
        "city": "Brisbane",
        "postal_code": "4000",
        "full_address": "Shop 4, 307 Queen Street, Brisbane, QLD, 4000",
        "phone": "(07) 3117 2700",
        "official_url": "https://www.specsavers.com.au/stores/brisbanecbdeast",
        "services": "Optometry; Audiology",
        "audiology": "true"
      }
    },
    {
      "type": "Feature",
      "geometry": {
        "type": "Point",
        "coordinates": [
          153.02559,
          -27.469778
        ]
      },
      "properties": {
        "id": "3432",
        "name": "Brisbane CBD - Albert St",
        "status": "Active",
        "country": "Australia",
        "state": "QLD",
        "city": "Brisbane",
        "postal_code": "4000",
        "full_address": "197 Albert St, Brisbane, QLD, 4000",
        "phone": "(07) 3211 4355",
        "official_url": "https://www.specsavers.com.au/stores/brisbanecbd",
        "services": "Optometry",
        "audiology": "false"
      }
    },
    {
      "type": "Feature",
      "geometry": {
        "type": "Point",
        "coordinates": [
          153.42802,
          -28.036512
        ]
      },
      "properties": {
        "id": "3562",
        "name": "Pacific Fair",
        "status": "Active",
        "country": "Australia",
        "state": "QLD",
        "city": "Broadbeach",
        "postal_code": "4218",
        "full_address": "Pacific Fair Shopping Centre, Hooker Boulevard, Broadbeach, QLD, 4218",
        "phone": "(07) 5526 9377",
        "official_url": "https://www.specsavers.com.au/stores/broadbeach",
        "services": "Optometry",
        "audiology": "false"
      }
    },
    {
      "type": "Feature",
      "geometry": {
        "type": "Point",
        "coordinates": [
          153.04227,
          -27.662798
        ]
      },
      "properties": {
        "id": "3411",
        "name": "Browns Plains -Grand Plaza S/C",
        "status": "Active",
        "country": "Australia",
        "state": "QLD",
        "city": "Browns Plains",
        "postal_code": "4118",
        "full_address": "GF062, Grand Plaza Shopping Center, Grand Plaza Dr, Browns Plains, QLD, 4118",
        "phone": "(07) 3809 2897",
        "official_url": "https://www.specsavers.com.au/stores/brownsplains",
        "services": "Optometry",
        "audiology": "false"
      }
    },
    {
      "type": "Feature",
      "geometry": {
        "type": "Point",
        "coordinates": [
          153.13101,
          -26.70294
        ]
      },
      "properties": {
        "id": "3202",
        "name": "Kawana Shoppingworld",
        "status": "Active",
        "country": "Australia",
        "state": "QLD",
        "city": "Buddina",
        "postal_code": "4575",
        "full_address": "Kawana Shopping World, Shop 383-384, 119 Point Cartwright Dr, Buddina, QLD, 4575",
        "phone": "(07) 5444 2655",
        "official_url": "https://www.specsavers.com.au/stores/kawana",
        "services": "Optometry; Audiology",
        "audiology": "true"
      }
    },
    {
      "type": "Feature",
      "geometry": {
        "type": "Point",
        "coordinates": [
          153.0494,
          -26.68759
        ]
      },
      "properties": {
        "id": "3205",
        "name": "Buderim Marketplace",
        "status": "Active",
        "country": "Australia",
        "state": "QLD",
        "city": "Buderim",
        "postal_code": "4556",
        "full_address": "Shop 10, Buderim Marketplace, 67 Burnett St, Buderim, QLD, 4556",
        "phone": "(07) 5445 4254",
        "official_url": "https://www.specsavers.com.au/stores/buderim",
        "services": "Optometry; Audiology",
        "audiology": "true"
      }
    },
    {
      "type": "Feature",
      "geometry": {
        "type": "Point",
        "coordinates": [
          152.34973,
          -24.871937
        ]
      },
      "properties": {
        "id": "3646",
        "name": "Bundaberg Hinkler",
        "status": "Active",
        "country": "Australia",
        "state": "QLD",
        "city": "Bundaberg Central",
        "postal_code": "4670",
        "full_address": "16 Maryborough St, Tenancy 5, Bundaberg Central, QLD, 4670",
        "phone": "(07) 4151 1196",
        "official_url": "https://www.specsavers.com.au/stores/bundaberghinkler",
        "services": "Optometry; Audiology",
        "audiology": "true"
      }
    },
    {
      "type": "Feature",
      "geometry": {
        "type": "Point",
        "coordinates": [
          153.44109,
          -28.097614
        ]
      },
      "properties": {
        "id": "3225",
        "name": "Burleigh Heads Stockland",
        "status": "Active",
        "country": "Australia",
        "state": "QLD",
        "city": "Burleigh Heads",
        "postal_code": "4220",
        "full_address": "Shop 93, Stockland Shopping Centre, 149 W Burleigh Rd, Burleigh Heads, QLD, 4220",
        "phone": "(07) 5535 6131",
        "official_url": "https://www.specsavers.com.au/stores/westburleigh",
        "services": "Optometry; Audiology",
        "audiology": "true"
      }
    },
    {
      "type": "Feature",
      "geometry": {
        "type": "Point",
        "coordinates": [
          145.77147,
          -16.92384
        ]
      },
      "properties": {
        "id": "3223",
        "name": "Cairns S/C",
        "status": "Active",
        "country": "Australia",
        "state": "QLD",
        "city": "Cairns City",
        "postal_code": "4870",
        "full_address": "Shop 128-129, Level 1, Cairns Central S/C, Spence Street, Cairns City, QLD, 4870",
        "phone": "(07) 4031 1310",
        "official_url": "https://www.specsavers.com.au/stores/cairns",
        "services": "Optometry; Audiology",
        "audiology": "true"
      }
    },
    {
      "type": "Feature",
      "geometry": {
        "type": "Point",
        "coordinates": [
          153.12498,
          -26.802908
        ]
      },
      "properties": {
        "id": "3692",
        "name": "Caloundra",
        "status": "Active",
        "country": "Australia",
        "state": "QLD",
        "city": "Caloundra",
        "postal_code": "4551",
        "full_address": "Shop 5, Caloundra Shopping Centre, 47 Bowman Road, Caloundra, QLD, 4551",
        "phone": "(07) 5222 4080",
        "official_url": "https://www.specsavers.com.au/stores/caloundra",
        "services": "Optometry; Audiology",
        "audiology": "true"
      }
    },
    {
      "type": "Feature",
      "geometry": {
        "type": "Point",
        "coordinates": [
          153.0974,
          -27.471205
        ]
      },
      "properties": {
        "id": "3658",
        "name": "Cannon Hill",
        "status": "Active",
        "country": "Australia",
        "state": "QLD",
        "city": "Cannon Hill",
        "postal_code": "4170",
        "full_address": "Shop 6, Cannon Hill Kmart Plaza, Cnr Creek &amp; Wynnum Roads, Cannon Hill, QLD, 4170",
        "phone": "(07) 3187 7522",
        "official_url": "https://www.specsavers.com.au/stores/cannonhill",
        "services": "Optometry; Audiology",
        "audiology": "true"
      }
    },
    {
      "type": "Feature",
      "geometry": {
        "type": "Point",
        "coordinates": [
          148.67459,
          -20.290306
        ]
      },
      "properties": {
        "id": "3541",
        "name": "Cannonvale",
        "status": "Active",
        "country": "Australia",
        "state": "QLD",
        "city": "Cannonvale",
        "postal_code": "4802",
        "full_address": "Shop SP019/20, Whitsunday Plaza, 8 Galbraith Park Drive, Cannonvale, QLD, 4802",
        "phone": "(07) 4948 3407",
        "official_url": "https://www.specsavers.com.au/stores/cannonvale",
        "services": "Optometry; Audiology",
        "audiology": "true"
      }
    },
    {
      "type": "Feature",
      "geometry": {
        "type": "Point",
        "coordinates": [
          153.19586,
          -27.527485
        ]
      },
      "properties": {
        "id": "3374",
        "name": "Capalaba Park S/C",
        "status": "Active",
        "country": "Australia",
        "state": "QLD",
        "city": "Capalaba",
        "postal_code": "4157",
        "full_address": "Capalaba Park Shopping Centre, Shop 92, Cnr Mt Cotton &amp; Redland Bay Road, Capalaba, QLD, 4157",
        "phone": "(07) 3245 3952",
        "official_url": "https://www.specsavers.com.au/stores/capalaba",
        "services": "Optometry; Audiology",
        "audiology": "true"
      }
    },
    {
      "type": "Feature",
      "geometry": {
        "type": "Point",
        "coordinates": [
          153.10129,
          -27.504248
        ]
      },
      "properties": {
        "id": "3246",
        "name": "Carindale Westfield",
        "status": "Active",
        "country": "Australia",
        "state": "QLD",
        "city": "Carindale",
        "postal_code": "4152",
        "full_address": "Carindale Westfield, 1151 Creek Road, Carindale, QLD, 4152",
        "phone": "(07) 3398 5866",
        "official_url": "https://www.specsavers.com.au/stores/carindale",
        "services": "Optometry; Audiology",
        "audiology": "true"
      }
    },
    {
      "type": "Feature",
      "geometry": {
        "type": "Point",
        "coordinates": [
          153.03311,
          -27.381393
        ]
      },
      "properties": {
        "id": "3393",
        "name": "Chermside Westfield",
        "status": "Active",
        "country": "Australia",
        "state": "QLD",
        "city": "Chermside",
        "postal_code": "4032",
        "full_address": "Shop 396A Gympie Road, Chermside, QLD, 4032",
        "phone": "(07) 3861 4533",
        "official_url": "https://www.specsavers.com.au/stores/chermside",
        "services": "Optometry; Audiology",
        "audiology": "true"
      }
    },
    {
      "type": "Feature",
      "geometry": {
        "type": "Point",
        "coordinates": [
          153.26834,
          -27.526537
        ]
      },
      "properties": {
        "id": "3607",
        "name": "Cleveland S/C",
        "status": "Active",
        "country": "Australia",
        "state": "QLD",
        "city": "Cleveland",
        "postal_code": "4163",
        "full_address": "Shop 82, Cleveland Central, 90/91 Middle St, Cleveland, QLD, 4163",
        "phone": "(07) 3461 7215",
        "official_url": "https://www.specsavers.com.au/stores/cleveland",
        "services": "Optometry; Audiology",
        "audiology": "true"
      }
    },
    {
      "type": "Feature",
      "geometry": {
        "type": "Point",
        "coordinates": [
          153.31526,
          -27.853813
        ]
      },
      "properties": {
        "id": "3591",
        "name": "Coomera",
        "status": "Active",
        "country": "Australia",
        "state": "QLD",
        "city": "Coomera",
        "postal_code": "4209",
        "full_address": "Shop 1048, Westfield Coomera, Coomera, QLD, 4209",
        "phone": "(07) 3556 7672",
        "official_url": "https://www.specsavers.com.au/stores/coomera",
        "services": "Optometry",
        "audiology": "false"
      }
    },
    {
      "type": "Feature",
      "geometry": {
        "type": "Point",
        "coordinates": [
          153.12225,
          -26.77259
        ]
      },
      "properties": {
        "id": "3206",
        "name": "Currimundi Markets",
        "status": "Active",
        "country": "Australia",
        "state": "QLD",
        "city": "Currimundi",
        "postal_code": "4551",
        "full_address": "11/Lot 1 Bellara Drive, Currimundi, QLD, 4551",
        "phone": "(07) 5437 6311",
        "official_url": "https://www.specsavers.com.au/stores/currimundi",
        "services": "Optometry",
        "audiology": "false"
      }
    },
    {
      "type": "Feature",
      "geometry": {
        "type": "Point",
        "coordinates": [
          145.74045,
          -16.943556
        ]
      },
      "properties": {
        "id": "3437",
        "name": "Cairns Earlville",
        "status": "Active",
        "country": "Australia",
        "state": "QLD",
        "city": "Earlville",
        "postal_code": "4870",
        "full_address": "Shop 102, Earlville Shopping Town, 537 Mulgrave Road, Earlville, QLD, 4870",
        "phone": "(07) 4033 7045",
        "official_url": "https://www.specsavers.com.au/stores/cairnsearlville",
        "services": "Optometry; Audiology",
        "audiology": "true"
      }
    },
    {
      "type": "Feature",
      "geometry": {
        "type": "Point",
        "coordinates": [
          153.46931,
          -28.13503
        ]
      },
      "properties": {
        "id": "3568",
        "name": "Elanora",
        "status": "Active",
        "country": "Australia",
        "state": "QLD",
        "city": "Elanora",
        "postal_code": "4221",
        "full_address": "The Pines Shopping Centre, Cnr Guineas Creek Road and KP McGrath Drive, Elanora, QLD, 4221",
        "phone": "(07) 5534 1777",
        "official_url": "https://www.specsavers.com.au/stores/elanora",
        "services": "Optometry; Audiology",
        "audiology": "true"
      }
    },
    {
      "type": "Feature",
      "geometry": {
        "type": "Point",
        "coordinates": [
          148.15594,
          -23.518412
        ]
      },
      "properties": {
        "id": "3545",
        "name": "Emerald",
        "status": "Active",
        "country": "Australia",
        "state": "QLD",
        "city": "Emerald",
        "postal_code": "4720",
        "full_address": "SP012/51-57 Hospital Road, Emerald, QLD, 4720",
        "phone": "(07) 4987 4122",
        "official_url": "https://www.specsavers.com.au/stores/emerald",
        "services": "Optometry; Audiology",
        "audiology": "true"
      }
    },
    {
      "type": "Feature",
      "geometry": {
        "type": "Point",
        "coordinates": [
          153.02585,
          -27.509064
        ]
      },
      "properties": {
        "id": "3643",
        "name": "Fairfield Gardens",
        "status": "Active",
        "country": "Australia",
        "state": "QLD",
        "city": "Fairfield",
        "postal_code": "4103",
        "full_address": "180 Fairfield Rd, Fairfield QLD 4103, T23 / 25 Fairfield Gardens Shopping Centre, Fairfield, QLD, 4103",
        "phone": "(07) 3130 4001",
        "official_url": "https://www.specsavers.com.au/stores/fairfieldgardens",
        "services": "Optometry; Audiology",
        "audiology": "true"
      }
    },
    {
      "type": "Feature",
      "geometry": {
        "type": "Point",
        "coordinates": [
          146.75835,
          -19.278137
        ]
      },
      "properties": {
        "id": "3303",
        "name": "Townsville Domain Central",
        "status": "Active",
        "country": "Australia",
        "state": "QLD",
        "city": "Garbutt",
        "postal_code": "4814",
        "full_address": "Shop G1 Domain Central, Duckworth St, Garbutt, QLD, 4814",
        "phone": "(07) 4728 3299",
        "official_url": "https://www.specsavers.com.au/stores/townsville",
        "services": "Optometry",
        "audiology": "false"
      }
    },
    {
      "type": "Feature",
      "geometry": {
        "type": "Point",
        "coordinates": [
          152.6674,
          -26.199356
        ]
      },
      "properties": {
        "id": "3487",
        "name": "Gympie Central",
        "status": "Active",
        "country": "Australia",
        "state": "QLD",
        "city": "Gympie",
        "postal_code": "4570",
        "full_address": "Gympie Central, Cnr Bruce Highway &amp; Excelsior Road, Gympie, QLD, 4570",
        "phone": "(07) 5481 2953",
        "official_url": "https://www.specsavers.com.au/stores/gympie",
        "services": "Optometry; Audiology",
        "audiology": "true"
      }
    },
    {
      "type": "Feature",
      "geometry": {
        "type": "Point",
        "coordinates": [
          153.33607,
          -27.92866
        ]
      },
      "properties": {
        "id": "3387",
        "name": "Helensvale Westfield",
        "status": "Active",
        "country": "Australia",
        "state": "QLD",
        "city": "Helensvale",
        "postal_code": "4212",
        "full_address": "1053/1 Millaroo Drive, Westfield Helensvale, Helensvale, QLD, 4212",
        "phone": "(07) 5580 1340",
        "official_url": "https://www.specsavers.com.au/stores/helensvale",
        "services": "Optometry",
        "audiology": "false"
      }
    },
    {
      "type": "Feature",
      "geometry": {
        "type": "Point",
        "coordinates": [
          152.97255,
          -27.499659
        ]
      },
      "properties": {
        "id": "3427",
        "name": "Indooroopilly S/C",
        "status": "Active",
        "country": "Australia",
        "state": "QLD",
        "city": "Indooroopilly",
        "postal_code": "4068",
        "full_address": "Level 1, Indooroopilly Shopping Centre, 322 Moggill Road, Indooroopilly, QLD, 4068",
        "phone": "(07) 3720 1398",
        "official_url": "https://www.specsavers.com.au/stores/indooroopilly",
        "services": "Optometry",
        "audiology": "false"
      }
    },
    {
      "type": "Feature",
      "geometry": {
        "type": "Point",
        "coordinates": [
          152.75957,
          -27.609728
        ]
      },
      "properties": {
        "id": "3362",
        "name": "Ipswich Riverlink S/C",
        "status": "Active",
        "country": "Australia",
        "state": "QLD",
        "city": "Ipswich",
        "postal_code": "4305",
        "full_address": "Shop E4, Ipswich Riverlink Shopping Centre, Down Street &amp; The Terrace, Ipswich, QLD, 4305",
        "phone": "(07) 3281 3411",
        "official_url": "https://www.specsavers.com.au/stores/ipswich",
        "services": "Optometry; Audiology",
        "audiology": "true"
      }
    },
    {
      "type": "Feature",
      "geometry": {
        "type": "Point",
        "coordinates": [
          151.949,
          -27.59454
        ]
      },
      "properties": {
        "id": "3687",
        "name": "Toowoomba Plaza",
        "status": "Active",
        "country": "Australia",
        "state": "QLD",
        "city": "Kearneys Spring",
        "postal_code": "4350",
        "full_address": "Shop 3, 878 Ruthven Street, Kearneys Spring, QLD, 4350",
        "phone": "(07) 4633 0504",
        "official_url": "https://www.specsavers.com.au/stores/toowoomba-plaza",
        "services": "Optometry; Audiology",
        "audiology": "true"
      }
    },
    {
      "type": "Feature",
      "geometry": {
        "type": "Point",
        "coordinates": [
          151.83694,
          -26.541676
        ]
      },
      "properties": {
        "id": "3603",
        "name": "Kingaroy Plaza",
        "status": "Active",
        "country": "Australia",
        "state": "QLD",
        "city": "Kingaroy",
        "postal_code": "4610",
        "full_address": "Shop 36A Kingaroy Shopping Centre, 29-54 Alford St, Kingaroy, QLD, 4610",
        "phone": "(07) 3558 2266",
        "official_url": "https://www.specsavers.com.au/stores/kingaroy",
        "services": "Optometry",
        "audiology": "false"
      }
    },
    {
      "type": "Feature",
      "geometry": {
        "type": "Point",
        "coordinates": [
          153.0876,
          -27.225927
        ]
      },
      "properties": {
        "id": "3461",
        "name": "Kippa-Ring - Peninsula Fair",
        "status": "Active",
        "country": "Australia",
        "state": "QLD",
        "city": "Kippa-Ring",
        "postal_code": "4021",
        "full_address": "Shop 4A, Peninsula Fair Shopping Centre, 272 Anzac Ave, Kippa-Ring, QLD, 4021",
        "phone": "(07) 3889 3516",
        "official_url": "https://www.specsavers.com.au/stores/kipparing",
        "services": "Optometry; Audiology",
        "audiology": "true"
      }
    },
    {
      "type": "Feature",
      "geometry": {
        "type": "Point",
        "coordinates": [
          153.17096,
          -27.658688
        ]
      },
      "properties": {
        "id": "3302",
        "name": "Logan Hyperdome",
        "status": "Active",
        "country": "Australia",
        "state": "QLD",
        "city": "Loganholme",
        "postal_code": "4129",
        "full_address": "Shop 307 Logan Hyperdome, Cnr Pacific Highway and Bryants Rd, Loganholme, QLD, 4129",
        "phone": "(07) 3806 4728",
        "official_url": "https://www.specsavers.com.au/stores/loganholme",
        "services": "Optometry; Audiology",
        "audiology": "true"
      }
    },
    {
      "type": "Feature",
      "geometry": {
        "type": "Point",
        "coordinates": [
          153.03468,
          -27.422167
        ]
      },
      "properties": {
        "id": "3653",
        "name": "Lutwyche",
        "status": "Active",
        "country": "Australia",
        "state": "QLD",
        "city": "Lutwyche",
        "postal_code": "4030",
        "full_address": "Shop T3.26 HomeCo, 543 Lutwyche Road, Lutwyche, QLD, 4030",
        "phone": "(07) 3558 7448",
        "official_url": "https://www.specsavers.com.au/stores/lutwyche",
        "services": "Optometry; Audiology",
        "audiology": "true"
      }
    },
    {
      "type": "Feature",
      "geometry": {
        "type": "Point",
        "coordinates": [
          149.17763,
          -21.138412
        ]
      },
      "properties": {
        "id": "3404",
        "name": "Mackay Canelands S/C",
        "status": "Active",
        "country": "Australia",
        "state": "QLD",
        "city": "Mackay",
        "postal_code": "4740",
        "full_address": "Shop GD2068-70, Caneland Central S/C, Cnr Victoria St &amp; Mangrove Rd, Mackay, QLD, 4740",
        "phone": "(07) 4944 0016",
        "official_url": "https://www.specsavers.com.au/stores/mackaycanelands",
        "services": "Optometry; Audiology",
        "audiology": "true"
      }
    },
    {
      "type": "Feature",
      "geometry": {
        "type": "Point",
        "coordinates": [
          153.08862,
          -26.65376
        ]
      },
      "properties": {
        "id": "3201",
        "name": "Maroochydore Sunshine Plaza",
        "status": "Active",
        "country": "Australia",
        "state": "QLD",
        "city": "Maroochydore",
        "postal_code": "4558",
        "full_address": "Shop 242/243, Sunshine Plaza, 154-164 Horton Parade, Maroochydore, QLD, 4558",
        "phone": "(07) 5443 7628",
        "official_url": "https://www.specsavers.com.au/stores/maroochydore",
        "services": "Optometry; Audiology",
        "audiology": "true"
      }
    },
    {
      "type": "Feature",
      "geometry": {
        "type": "Point",
        "coordinates": [
          152.69807,
          -25.538109
        ]
      },
      "properties": {
        "id": "3483",
        "name": "Maryborough",
        "status": "Active",
        "country": "Australia",
        "state": "QLD",
        "city": "Maryborough",
        "postal_code": "4650",
        "full_address": "Shop 18 &amp; 19, Station Square Shopping Centre, 142 Lennox Street, Maryborough, QLD, 4650",
        "phone": "(07) 4121 0684",
        "official_url": "https://www.specsavers.com.au/stores/maryborough",
        "services": "Optometry",
        "audiology": "false"
      }
    },
    {
      "type": "Feature",
      "geometry": {
        "type": "Point",
        "coordinates": [
          152.97922,
          -27.409336
        ]
      },
      "properties": {
        "id": "3408",
        "name": "Brookside S/C",
        "status": "Active",
        "country": "Australia",
        "state": "QLD",
        "city": "Mitchelton",
        "postal_code": "4053",
        "full_address": "SH73, Brookside Shopping Centre, 159 Osbourne Road, Mitchelton, QLD, 4053",
        "phone": "(07) 3354 1039",
        "official_url": "https://www.specsavers.com.au/stores/brookside",
        "services": "Optometry; Audiology",
        "audiology": "true"
      }
    },
    {
      "type": "Feature",
      "geometry": {
        "type": "Point",
        "coordinates": [
          152.95,
          -27.104435
        ]
      },
      "properties": {
        "id": "3363",
        "name": "Morayfield S/C",
        "status": "Active",
        "country": "Australia",
        "state": "QLD",
        "city": "Morayfield",
        "postal_code": "4506",
        "full_address": "Shop 102, Morayfield Shopping Centre, Morayfield, QLD, 4506",
        "phone": "(07) 5499 2911",
        "official_url": "https://www.specsavers.com.au/stores/morayfield",
        "services": "Optometry; Audiology",
        "audiology": "true"
      }
    },
    {
      "type": "Feature",
      "geometry": {
        "type": "Point",
        "coordinates": [
          152.93752,
          -27.549639
        ]
      },
      "properties": {
        "id": "3406",
        "name": "Mt Ommaney Centre",
        "status": "Active",
        "country": "Australia",
        "state": "QLD",
        "city": "Mount Ommaney",
        "postal_code": "4074",
        "full_address": "Shop 76 Mt Ommaney Centre, 171 Dandenong Road, Mount Ommaney, QLD, 4074",
        "phone": "(07) 3376 0062",
        "official_url": "https://www.specsavers.com.au/stores/mtommaney",
        "services": "Optometry; Audiology",
        "audiology": "true"
      }
    },
    {
      "type": "Feature",
      "geometry": {
        "type": "Point",
        "coordinates": [
          152.96164,
          -26.62603
        ]
      },
      "properties": {
        "id": "3203",
        "name": "Nambour Plaza",
        "status": "Active",
        "country": "Australia",
        "state": "QLD",
        "city": "Nambour",
        "postal_code": "4560",
        "full_address": "Nambour Plaza, Shop 3 &amp; 4 Ann Street, Nambour, QLD, 4560",
        "phone": "(07) 5441 1999",
        "official_url": "https://www.specsavers.com.au/stores/nambour",
        "services": "Optometry; Audiology",
        "audiology": "true"
      }
    },
    {
      "type": "Feature",
      "geometry": {
        "type": "Point",
        "coordinates": [
          153.33832,
          -27.997887
        ]
      },
      "properties": {
        "id": "3628",
        "name": "Nerang",
        "status": "Active",
        "country": "Australia",
        "state": "QLD",
        "city": "Nerang",
        "postal_code": "4211",
        "full_address": "Shop 9, Nerang Town Centre, 57 Station Street, Nerang, QLD, 4211",
        "phone": "(07) 5616 8484",
        "official_url": "https://www.specsavers.com.au/stores/nerang",
        "services": "Optometry; Audiology",
        "audiology": "true"
      }
    },
    {
      "type": "Feature",
      "geometry": {
        "type": "Point",
        "coordinates": [
          151.93233,
          -27.564692
        ]
      },
      "properties": {
        "id": "3572",
        "name": "Toowoomba Clifford Gardens",
        "status": "Active",
        "country": "Australia",
        "state": "QLD",
        "city": "Newtown",
        "postal_code": "4350",
        "full_address": "GF082 James Street, Newtown, QLD, 4350",
        "phone": "(07) 4634 5773",
        "official_url": "https://www.specsavers.com.au/stores/toowoombacliffordgardens",
        "services": "Optometry; Audiology",
        "audiology": "true"
      }
    },
    {
      "type": "Feature",
      "geometry": {
        "type": "Point",
        "coordinates": [
          153.04865,
          -26.416218
        ]
      },
      "properties": {
        "id": "3204",
        "name": "Noosa",
        "status": "Active",
        "country": "Australia",
        "state": "QLD",
        "city": "Noosaville",
        "postal_code": "4566",
        "full_address": "Shop T1064/65, Noosa Civic Shopping Centre, Noosaville, QLD, 4566",
        "phone": "(07) 5440 5863",
        "official_url": "https://www.specsavers.com.au/stores/noosa",
        "services": "Optometry; Audiology",
        "audiology": "true"
      }
    },
    {
      "type": "Feature",
      "geometry": {
        "type": "Point",
        "coordinates": [
          153.0182,
          -27.24224
        ]
      },
      "properties": {
        "id": "3305",
        "name": "North Lakes Westfield",
        "status": "Active",
        "country": "Australia",
        "state": "QLD",
        "city": "North Lakes",
        "postal_code": "4509",
        "full_address": "Shop 1086, Westfield North Lakes, N Lakes Dr, North Lakes, QLD, 4509",
        "phone": "(07) 3491 3981",
        "official_url": "https://www.specsavers.com.au/stores/northlakes",
        "services": "Optometry; Audiology",
        "audiology": "true"
      }
    },
    {
      "type": "Feature",
      "geometry": {
        "type": "Point",
        "coordinates": [
          149.15886,
          -21.119085
        ]
      },
      "properties": {
        "id": "3604",
        "name": "Mackay Mt Pleasant S/C",
        "status": "Active",
        "country": "Australia",
        "state": "QLD",
        "city": "North Mackay",
        "postal_code": "4740",
        "full_address": "Shop 11C Mount Pleasant Shopping Centre, Cnr Bucasia Rd &amp; Phillip St, North Mackay, QLD, 4740",
        "phone": "(07) 4910 9743",
        "official_url": "https://www.specsavers.com.au/stores/mackaymtpleasant",
        "services": "Optometry",
        "audiology": "false"
      }
    },
    {
      "type": "Feature",
      "geometry": {
        "type": "Point",
        "coordinates": [
          150.52243,
          -23.354399
        ]
      },
      "properties": {
        "id": "3455",
        "name": "Rockhampton Stockland",
        "status": "Active",
        "country": "Australia",
        "state": "QLD",
        "city": "Park Avenue",
        "postal_code": "4701",
        "full_address": "Shop 230, Stockland Rockhampton SC, Box 181 Cnr Yaamba Rd And Bruce Hwy, Park Avenue, QLD, 4701",
        "phone": "(07) 4921 0299",
        "official_url": "https://www.specsavers.com.au/stores/rockhamptonnorth",
        "services": "Optometry; Audiology",
        "audiology": "true"
      }
    },
    {
      "type": "Feature",
      "geometry": {
        "type": "Point",
        "coordinates": [
          152.83966,
          -25.283688
        ]
      },
      "properties": {
        "id": "3343",
        "name": "Hervey Bay Pialba",
        "status": "Active",
        "country": "Australia",
        "state": "QLD",
        "city": "Pialba",
        "postal_code": "4655",
        "full_address": "Shop 16, Pialba Place, Cnr Hunter St &amp; Old Marybough Rd, Pialba, QLD, 4655",
        "phone": "(07) 4128 4833",
        "official_url": "https://www.specsavers.com.au/stores/herveybaypialba",
        "services": "Optometry; Audiology",
        "audiology": "true"
      }
    },
    {
      "type": "Feature",
      "geometry": {
        "type": "Point",
        "coordinates": [
          146.7905,
          -19.2718
        ]
      },
      "properties": {
        "id": "3576",
        "name": "Townsville Castletown",
        "status": "Active",
        "country": "Australia",
        "state": "QLD",
        "city": "Pimlico",
        "postal_code": "4812",
        "full_address": "Castletown Shoppingworld, Cnr Woolcock &amp; Kings Rd, Pimlico, QLD, 4812",
        "phone": "(07) 4721 0500",
        "official_url": "https://www.specsavers.com.au/stores/castletown",
        "services": "Optometry; Audiology",
        "audiology": "true"
      }
    },
    {
      "type": "Feature",
      "geometry": {
        "type": "Point",
        "coordinates": [
          152.86783,
          -27.605621
        ]
      },
      "properties": {
        "id": "3277",
        "name": "Redbank Plaza",
        "status": "Active",
        "country": "Australia",
        "state": "QLD",
        "city": "Redbank",
        "postal_code": "4301",
        "full_address": "Shop 3338A - 3338B Redbank Plaza Shopping Centre, 1 Collingwood Drive, Redbank, QLD, 4301",
        "phone": "(07) 3818 7700",
        "official_url": "https://www.specsavers.com.au/stores/redbank",
        "services": "Optometry; Audiology",
        "audiology": "true"
      }
    },
    {
      "type": "Feature",
      "geometry": {
        "type": "Point",
        "coordinates": [
          153.3863,
          -28.076752
        ]
      },
      "properties": {
        "id": "3381",
        "name": "Robina Town Centre - G Level",
        "status": "Active",
        "country": "Australia",
        "state": "QLD",
        "city": "Robina",
        "postal_code": "4230",
        "full_address": "Shop 4044, Ground Level, Robina Town Centre, Robina Town Centre Dr, Robina, QLD, 4230",
        "phone": "(07) 5580 8800",
        "official_url": "https://www.specsavers.com.au/stores/robina",
        "services": "Optometry; Audiology",
        "audiology": "true"
      }
    },
    {
      "type": "Feature",
      "geometry": {
        "type": "Point",
        "coordinates": [
          153.40071,
          -27.913984
        ]
      },
      "properties": {
        "id": "3391",
        "name": "Runaway Bay Shopping Village",
        "status": "Active",
        "country": "Australia",
        "state": "QLD",
        "city": "Runaway Bay",
        "postal_code": "4216",
        "full_address": "Shop GF074 Runaway Bay S/C, 10-12 Lae Drive, Runaway Bay, QLD, 4216",
        "phone": "(07) 5500 5455",
        "official_url": "https://www.specsavers.com.au/stores/runawaybay",
        "services": "Optometry; Audiology",
        "audiology": "true"
      }
    },
    {
      "type": "Feature",
      "geometry": {
        "type": "Point",
        "coordinates": [
          145.69238,
          -16.83657
        ]
      },
      "properties": {
        "id": "3304",
        "name": "Cairns Smithfield Centre",
        "status": "Active",
        "country": "Australia",
        "state": "QLD",
        "city": "Smithfield",
        "postal_code": "4878",
        "full_address": "Smithfield Centre,Shop 176 &amp; 178, Kennedy Hwy &amp; Captain Cook Hwy, Smithfield, QLD, 4878",
        "phone": "(07) 4038 1488",
        "official_url": "https://www.specsavers.com.au/stores/smithfield",
        "services": "Optometry; Audiology",
        "audiology": "true"
      }
    },
    {
      "type": "Feature",
      "geometry": {
        "type": "Point",
        "coordinates": [
          153.41563,
          -27.967402
        ]
      },
      "properties": {
        "id": "3453",
        "name": "Southport - Australia Fair S/C",
        "status": "Active",
        "country": "Australia",
        "state": "QLD",
        "city": "Southport",
        "postal_code": "4215",
        "full_address": "Shop G096 Marine Parade, Southport, QLD, 4215",
        "phone": "(07) 5564 0917",
        "official_url": "https://www.specsavers.com.au/stores/australiafair",
        "services": "Optometry; Audiology",
        "audiology": "true"
      }
    },
    {
      "type": "Feature",
      "geometry": {
        "type": "Point",
        "coordinates": [
          152.9033,
          -27.677938
        ]
      },
      "properties": {
        "id": "3567",
        "name": "Springfield",
        "status": "Active",
        "country": "Australia",
        "state": "QLD",
        "city": "Springfield Central",
        "postal_code": "4300",
        "full_address": "Shop 4-6 Orion Springfield Central, 1 Main Street, Springfield Central, QLD, 4300",
        "phone": "(07) 3470 1155",
        "official_url": "https://www.specsavers.com.au/stores/springfield",
        "services": "Optometry; Audiology",
        "audiology": "true"
      }
    },
    {
      "type": "Feature",
      "geometry": {
        "type": "Point",
        "coordinates": [
          153.12453,
          -27.61218
        ]
      },
      "properties": {
        "id": "3651",
        "name": "Springwood",
        "status": "Active",
        "country": "Australia",
        "state": "QLD",
        "city": "Springwood",
        "postal_code": "4127",
        "full_address": "Shop 23/24, Arndale Shopping Centre, 17-27 Cinderella Drive, Springwood, QLD, 4127",
        "phone": "(07) 3209 7622",
        "official_url": "https://www.specsavers.com.au/stores/springwood",
        "services": "Optometry; Audiology",
        "audiology": "true"
      }
    },
    {
      "type": "Feature",
      "geometry": {
        "type": "Point",
        "coordinates": [
          152.99115,
          -27.306997
        ]
      },
      "properties": {
        "id": "3389",
        "name": "Strathpine Centre",
        "status": "Active",
        "country": "Australia",
        "state": "QLD",
        "city": "Strathpine",
        "postal_code": "4500",
        "full_address": "Strathpine Centre, 111-112/295 Gympie Road, Strathpine, QLD, 4500",
        "phone": "(07) 3889 7460",
        "official_url": "https://www.specsavers.com.au/stores/strathpine",
        "services": "Optometry; Audiology",
        "audiology": "true"
      }
    },
    {
      "type": "Feature",
      "geometry": {
        "type": "Point",
        "coordinates": [
          153.0626,
          -27.569996
        ]
      },
      "properties": {
        "id": "3479",
        "name": "Sunnybank Plaza",
        "status": "Active",
        "country": "Australia",
        "state": "QLD",
        "city": "Sunnybank",
        "postal_code": "4109",
        "full_address": "Shop 13 Sunnybank Plaza S/C, Cnr Mains Road and McCollough St, Sunnybank, QLD, 4109",
        "phone": "(07) 3219 5144",
        "official_url": "https://www.specsavers.com.au/stores/sunnybank",
        "services": "Optometry; Audiology",
        "audiology": "true"
      }
    },
    {
      "type": "Feature",
      "geometry": {
        "type": "Point",
        "coordinates": [
          153.04822,
          -27.350534
        ]
      },
      "properties": {
        "id": "3518",
        "name": "Taigum Square",
        "status": "Active",
        "country": "Australia",
        "state": "QLD",
        "city": "Taigum",
        "postal_code": "4018",
        "full_address": "Shop SP038 Taigum Square S/C, 215 Church Road, Taigum, QLD, 4018",
        "phone": "(07) 3117 2720",
        "official_url": "https://www.specsavers.com.au/stores/taigum",
        "services": "Optometry; Audiology",
        "audiology": "true"
      }
    },
    {
      "type": "Feature",
      "geometry": {
        "type": "Point",
        "coordinates": [
          146.72647,
          -19.315872
        ]
      },
      "properties": {
        "id": "3476",
        "name": "Townsville Willows S/C",
        "status": "Active",
        "country": "Australia",
        "state": "QLD",
        "city": "Thuringowa Central",
        "postal_code": "4817",
        "full_address": "Shop 48A, Willows Shopping Centre, Cnr Thuringowa Drive &amp; Hervey Range Road, Thuringowa Central, QLD, 4817",
        "phone": "(07) 4723 4822",
        "official_url": "https://www.specsavers.com.au/stores/townsvillewillows",
        "services": "Optometry; Audiology",
        "audiology": "true"
      }
    },
    {
      "type": "Feature",
      "geometry": {
        "type": "Point",
        "coordinates": [
          152.99304,
          -27.484604
        ]
      },
      "properties": {
        "id": "3566",
        "name": "Toowong",
        "status": "Active",
        "country": "Australia",
        "state": "QLD",
        "city": "Toowong",
        "postal_code": "4066",
        "full_address": "Toowong Village, L15/9 Sherwood Road, Toowong, QLD, 4066",
        "phone": "(07) 3371 0088",
        "official_url": "https://www.specsavers.com.au/stores/toowong",
        "services": "Optometry; Audiology",
        "audiology": "true"
      }
    },
    {
      "type": "Feature",
      "geometry": {
        "type": "Point",
        "coordinates": [
          151.94885,
          -27.561283
        ]
      },
      "properties": {
        "id": "3416",
        "name": "Toowoomba Grand Central S/C",
        "status": "Active",
        "country": "Australia",
        "state": "QLD",
        "city": "Toowoomba",
        "postal_code": "4350",
        "full_address": "Shop GC0070/71 Grand Central S/C, Cnr Margaret and Dent Street, Toowoomba, QLD, 4350",
        "phone": "(07) 4638 4610",
        "official_url": "https://www.specsavers.com.au/stores/toowoombagrand",
        "services": "Optometry; Audiology",
        "audiology": "true"
      }
    },
    {
      "type": "Feature",
      "geometry": {
        "type": "Point",
        "coordinates": [
          153.08133,
          -27.562225
        ]
      },
      "properties": {
        "id": "3248",
        "name": "Upper Mt Gravatt Westfield",
        "status": "Active",
        "country": "Australia",
        "state": "QLD",
        "city": "Upper Mount Gravatt",
        "postal_code": "4122",
        "full_address": "Shop 2338 Westfield Mt Gravatt, Cnr Logan and Kessels Road, Upper Mount Gravatt, QLD, 4122",
        "phone": "(07) 3420 0780",
        "official_url": "https://www.specsavers.com.au/stores/uppermtgravatt",
        "services": "Optometry; Audiology",
        "audiology": "true"
      }
    },
    {
      "type": "Feature",
      "geometry": {
        "type": "Point",
        "coordinates": [
          152.83514,
          -25.289972
        ]
      },
      "properties": {
        "id": "3342",
        "name": "Hervey Bay Central",
        "status": "Active",
        "country": "Australia",
        "state": "QLD",
        "city": "Urraween",
        "postal_code": "4655",
        "full_address": "Stockland Hervey Bay Shop 88, 6 Central Avenue, Urraween, QLD, 4655",
        "phone": "(07) 4124 5602",
        "official_url": "https://www.specsavers.com.au/stores/herveybaycentral",
        "services": "Optometry; Audiology",
        "audiology": "true"
      }
    },
    {
      "type": "Feature",
      "geometry": {
        "type": "Point",
        "coordinates": [
          153.28087,
          -27.588737
        ]
      },
      "properties": {
        "id": "3445",
        "name": "Victoria Point S/C",
        "status": "Active",
        "country": "Australia",
        "state": "QLD",
        "city": "Victoria Point",
        "postal_code": "4165",
        "full_address": "Shop N42, Victoria Point Shopping Centre, Cnr Cleveland-Redland Bay &amp; Bunker Rd, Victoria Point, QLD, 4165",
        "phone": "(07) 3207 9968",
        "official_url": "https://www.specsavers.com.au/stores/victoriapoint",
        "services": "Optometry; Audiology",
        "audiology": "true"
      }
    },
    {
      "type": "Feature",
      "geometry": {
        "type": "Point",
        "coordinates": [
          152.03166,
          -28.215103
        ]
      },
      "properties": {
        "id": "3626",
        "name": "Warwick Rose City",
        "status": "Active",
        "country": "Australia",
        "state": "QLD",
        "city": "Warwick",
        "postal_code": "4370",
        "full_address": "Shop 44, Rose City Shoppingworld, 81 Palmerin Street, Warwick, QLD, 4370",
        "phone": "(07) 4589 5200",
        "official_url": "https://www.specsavers.com.au/stores/warwickrosecity",
        "services": "Optometry; Audiology",
        "audiology": "true"
      }
    },
    {
      "type": "Feature",
      "geometry": {
        "type": "Point",
        "coordinates": [
          151.242,
          -23.86964
        ]
      },
      "properties": {
        "id": "3506",
        "name": "Gladstone Centre Plaza",
        "status": "Active",
        "country": "Australia",
        "state": "QLD",
        "city": "West Gladstone",
        "postal_code": "4680",
        "full_address": "Shop 21 &amp; 24, Gladstone Centre Plaza, Philip St, West Gladstone, QLD, 4680",
        "phone": "(07) 4978 1255",
        "official_url": "https://www.specsavers.com.au/stores/gladstone",
        "services": "Optometry; Audiology",
        "audiology": "true"
      }
    },
    {
      "type": "Feature",
      "geometry": {
        "type": "Point",
        "coordinates": [
          153.15575,
          -27.456676
        ]
      },
      "properties": {
        "id": "3442",
        "name": "Wynnum Plaza",
        "status": "Active",
        "country": "Australia",
        "state": "QLD",
        "city": "Wynnum West",
        "postal_code": "4178",
        "full_address": "Wynnum Plaza, Shop 46-47/2021 Wynnum Road, Wynnum West, QLD, 4178",
        "phone": "(07) 3348 2043",
        "official_url": "https://www.specsavers.com.au/stores/wynnumwest",
        "services": "Optometry; Audiology",
        "audiology": "true"
      }
    },
    {
      "type": "Feature",
      "geometry": {
        "type": "Point",
        "coordinates": [
          152.74191,
          -27.660442
        ]
      },
      "properties": {
        "id": "3664",
        "name": "Yamanto",
        "status": "Active",
        "country": "Australia",
        "state": "QLD",
        "city": "Yamanto",
        "postal_code": "4305",
        "full_address": "Shop 4-5, Yamanto Central, 488 Warwick Road, Yamanto, QLD, 4305",
        "phone": "",
        "official_url": "https://www.specsavers.com.au/stores/yamanto",
        "services": "Optometry; Audiology",
        "audiology": "true"
      }
    },
    {
      "type": "Feature",
      "geometry": {
        "type": "Point",
        "coordinates": [
          138.60008,
          -34.92303
        ]
      },
      "properties": {
        "id": "3208",
        "name": "Adelaide - Rundle Mall",
        "status": "Active",
        "country": "Australia",
        "state": "SA",
        "city": "Adelaide",
        "postal_code": "5000",
        "full_address": "Shop 2, 11-13 Rundle Mall, Adelaide, SA, 5000",
        "phone": "(08) 8410 5444",
        "official_url": "https://www.specsavers.com.au/stores/rundlemall",
        "services": "Optometry; Audiology",
        "audiology": "true"
      }
    },
    {
      "type": "Feature",
      "geometry": {
        "type": "Point",
        "coordinates": [
          140.60942,
          -34.28057
        ]
      },
      "properties": {
        "id": "3217",
        "name": "Berri Riverland Central Plaza",
        "status": "Active",
        "country": "Australia",
        "state": "SA",
        "city": "Berri",
        "postal_code": "5343",
        "full_address": "Riverland Plaza Shopping Centre, Shop 21, Kay Avenue, Berri, SA, 5343",
        "phone": "(08) 8582 1167",
        "official_url": "https://www.specsavers.com.au/stores/berri",
        "services": "Optometry; Audiology",
        "audiology": "true"
      }
    },
    {
      "type": "Feature",
      "geometry": {
        "type": "Point",
        "coordinates": [
          138.61232,
          -33.833584
        ]
      },
      "properties": {
        "id": "3269",
        "name": "Clare",
        "status": "Active",
        "country": "Australia",
        "state": "SA",
        "city": "Clare",
        "postal_code": "5453",
        "full_address": "245 Main North Rd, Clare, SA, 5453",
        "phone": "(08) 8842 2336",
        "official_url": "https://www.specsavers.com.au/stores/clare",
        "services": "Optometry; Audiology",
        "audiology": "true"
      }
    },
    {
      "type": "Feature",
      "geometry": {
        "type": "Point",
        "coordinates": [
          138.5726,
          -34.981487
        ]
      },
      "properties": {
        "id": "3369",
        "name": "Edwardstown Castle Plaza S/C",
        "status": "Active",
        "country": "Australia",
        "state": "SA",
        "city": "Edwardstown",
        "postal_code": "5039",
        "full_address": "Shop GO54, Castle Plaza Shopping Centre, 992 South Road, Edwardstown, SA, 5039",
        "phone": "(08) 8276 3649",
        "official_url": "https://www.specsavers.com.au/stores/edwardstown",
        "services": "Optometry; Audiology",
        "audiology": "true"
      }
    },
    {
      "type": "Feature",
      "geometry": {
        "type": "Point",
        "coordinates": [
          138.66866,
          -34.71839
        ]
      },
      "properties": {
        "id": "3351",
        "name": "Elizabeth S/C",
        "status": "Active",
        "country": "Australia",
        "state": "SA",
        "city": "Elizabeth",
        "postal_code": "5112",
        "full_address": "S93/50 Elizabeth Way, Elizabeth, SA, 5112",
        "phone": "(08) 8252 0177",
        "official_url": "https://www.specsavers.com.au/stores/elizabeth",
        "services": "Optometry; Audiology",
        "audiology": "true"
      }
    },
    {
      "type": "Feature",
      "geometry": {
        "type": "Point",
        "coordinates": [
          138.74883,
          -34.59783
        ]
      },
      "properties": {
        "id": "3616",
        "name": "Gawler",
        "status": "Active",
        "country": "Australia",
        "state": "SA",
        "city": "Gawler",
        "postal_code": "5118",
        "full_address": "114 Murray Street, Gawler, SA, 5118",
        "phone": "(08) 8284 1122",
        "official_url": "https://www.specsavers.com.au/stores/gawler",
        "services": "Optometry; Audiology",
        "audiology": "true"
      }
    },
    {
      "type": "Feature",
      "geometry": {
        "type": "Point",
        "coordinates": [
          138.69336,
          -34.78989
        ]
      },
      "properties": {
        "id": "3662",
        "name": "The Grove Shopping Centre",
        "status": "Active",
        "country": "Australia",
        "state": "SA",
        "city": "Golden Grove",
        "postal_code": "5125",
        "full_address": "Shop G022 The Grove Shopping Centre, The Golden Way, Golden Grove, SA, 5125",
        "phone": "(08) 8252 1022",
        "official_url": "https://www.specsavers.com.au/stores/goldengrove",
        "services": "Optometry; Audiology",
        "audiology": "true"
      }
    },
    {
      "type": "Feature",
      "geometry": {
        "type": "Point",
        "coordinates": [
          138.64847,
          -34.82931
        ]
      },
      "properties": {
        "id": "3514",
        "name": "Ingle Farm Plaza",
        "status": "Active",
        "country": "Australia",
        "state": "SA",
        "city": "Ingle Farm",
        "postal_code": "5098",
        "full_address": "Shop 2021B-A, Ingle Farm Plaza, Cnr Walkleys and Montague Rd, Ingle Farm, SA, 5098",
        "phone": "(08) 8263 6933",
        "official_url": "https://www.specsavers.com.au/stores/inglefarm",
        "services": "Optometry; Audiology",
        "audiology": "true"
      }
    },
    {
      "type": "Feature",
      "geometry": {
        "type": "Point",
        "coordinates": [
          137.7126,
          -33.963467
        ]
      },
      "properties": {
        "id": "3273",
        "name": "Kadina",
        "status": "Active",
        "country": "Australia",
        "state": "SA",
        "city": "Kadina",
        "postal_code": "5554",
        "full_address": "9A, 9B &amp; 11 Hallett Street, Kadina, SA, 5554",
        "phone": "(08) 8821 3308",
        "official_url": "https://www.specsavers.com.au/stores/kadina",
        "services": "Optometry; Audiology",
        "audiology": "true"
      }
    },
    {
      "type": "Feature",
      "geometry": {
        "type": "Point",
        "coordinates": [
          138.54938,
          -34.874546
        ]
      },
      "properties": {
        "id": "3524",
        "name": "Kilkenny",
        "status": "Active",
        "country": "Australia",
        "state": "SA",
        "city": "Kilkenny",
        "postal_code": "5009",
        "full_address": "Arndale Central, Shop 76-78/470 Torrens Road, Kilkenny, SA, 5009",
        "phone": "(08) 8244 0611",
        "official_url": "https://www.specsavers.com.au/stores/kilkenny",
        "services": "Optometry; Audiology",
        "audiology": "true"
      }
    },
    {
      "type": "Feature",
      "geometry": {
        "type": "Point",
        "coordinates": [
          138.63847,
          -34.8955
        ]
      },
      "properties": {
        "id": "3244",
        "name": "Marden S/C",
        "status": "Active",
        "country": "Australia",
        "state": "SA",
        "city": "Marden",
        "postal_code": "5070",
        "full_address": "Shop 39, Marden Shopping Centre, Marden, SA, 5070",
        "phone": "(08) 8362 9292",
        "official_url": "https://www.specsavers.com.au/stores/marden",
        "services": "Optometry",
        "audiology": "false"
      }
    },
    {
      "type": "Feature",
      "geometry": {
        "type": "Point",
        "coordinates": [
          138.6906,
          -34.83195
        ]
      },
      "properties": {
        "id": "3212",
        "name": "Tea Tree Plaza",
        "status": "Active",
        "country": "Australia",
        "state": "SA",
        "city": "Modbury",
        "postal_code": "5092",
        "full_address": "Shop 2-3 Westfield Tea Tree Plaza, 976 North East Rd, Modbury, SA, 5092",
        "phone": "(08) 8396 6600",
        "official_url": "https://www.specsavers.com.au/stores/teatreeplaza",
        "services": "Optometry; Audiology",
        "audiology": "true"
      }
    },
    {
      "type": "Feature",
      "geometry": {
        "type": "Point",
        "coordinates": [
          138.52173,
          -35.107254
        ]
      },
      "properties": {
        "id": "3509",
        "name": "Morphett Vale",
        "status": "Active",
        "country": "Australia",
        "state": "SA",
        "city": "Morphett Vale",
        "postal_code": "5162",
        "full_address": "Sherriffs Road (cnr Hillier Road), Shop 6, Southgate Plaza, Morphett Vale, SA, 5162",
        "phone": "(08) 8186 1075",
        "official_url": "https://www.specsavers.com.au/stores/morphettvale",
        "services": "Optometry; Audiology",
        "audiology": "true"
      }
    },
    {
      "type": "Feature",
      "geometry": {
        "type": "Point",
        "coordinates": [
          138.85985,
          -35.065285
        ]
      },
      "properties": {
        "id": "3458",
        "name": "Mt Barker Central",
        "status": "Active",
        "country": "Australia",
        "state": "SA",
        "city": "Mount Barker",
        "postal_code": "5251",
        "full_address": "Shop 9, 10 &amp; 11A, Mt Barker Central SC, McLaren Street, Mount Barker, SA, 5251",
        "phone": "(08) 8391 3588",
        "official_url": "https://www.specsavers.com.au/stores/mtbarker",
        "services": "Optometry; Audiology",
        "audiology": "true"
      }
    },
    {
      "type": "Feature",
      "geometry": {
        "type": "Point",
        "coordinates": [
          140.77898,
          -37.827724
        ]
      },
      "properties": {
        "id": "3412",
        "name": "Mt Gambier",
        "status": "Active",
        "country": "Australia",
        "state": "SA",
        "city": "Mount Gambier",
        "postal_code": "5290",
        "full_address": "40 Commercial St W, Mount Gambier, SA, 5290",
        "phone": "(08) 8723 0274",
        "official_url": "https://www.specsavers.com.au/stores/mtgambier",
        "services": "Optometry; Audiology",
        "audiology": "true"
      }
    },
    {
      "type": "Feature",
      "geometry": {
        "type": "Point",
        "coordinates": [
          139.2778,
          -35.119434
        ]
      },
      "properties": {
        "id": "3594",
        "name": "Murray Bridge",
        "status": "Active",
        "country": "Australia",
        "state": "SA",
        "city": "Murray Bridge",
        "postal_code": "5253",
        "full_address": "T17, Murray Bridge Marketplace, 21-53 South Terrace, Murray Bridge, SA, 5253",
        "phone": "(08) 7077 0324",
        "official_url": "https://www.specsavers.com.au/stores/murraybridge",
        "services": "Optometry; Audiology",
        "audiology": "true"
      }
    },
    {
      "type": "Feature",
      "geometry": {
        "type": "Point",
        "coordinates": [
          138.67458,
          -34.87714
        ]
      },
      "properties": {
        "id": "3512",
        "name": "Newton",
        "status": "Active",
        "country": "Australia",
        "state": "SA",
        "city": "Newton",
        "postal_code": "5074",
        "full_address": "10/84 Gorge Rd, Newton, SA, 5074",
        "phone": "(08) 8165 0341",
        "official_url": "https://www.specsavers.com.au/stores/newton",
        "services": "Optometry; Audiology",
        "audiology": "true"
      }
    },
    {
      "type": "Feature",
      "geometry": {
        "type": "Point",
        "coordinates": [
          138.49806,
          -35.142426
        ]
      },
      "properties": {
        "id": "3376",
        "name": "Noarlunga Centre",
        "status": "Active",
        "country": "Australia",
        "state": "SA",
        "city": "Noarlunga Downs",
        "postal_code": "5168",
        "full_address": "Beach Road, Shop SP1999 Colonnades Shopping Centre, Noarlunga Downs, SA, 5168",
        "phone": "(08) 8186 1611",
        "official_url": "https://www.specsavers.com.au/stores/noarlunga",
        "services": "Optometry; Audiology",
        "audiology": "true"
      }
    },
    {
      "type": "Feature",
      "geometry": {
        "type": "Point",
        "coordinates": [
          138.63542,
          -34.920547
        ]
      },
      "properties": {
        "id": "3415",
        "name": "Norwood Place",
        "status": "Active",
        "country": "Australia",
        "state": "SA",
        "city": "Norwood",
        "postal_code": "5067",
        "full_address": "Shop 22 &amp; 22A Norwood Place, 161 \u00e2\u20ac\u201c 169 The Parade, Norwood, SA, 5067",
        "phone": "(08) 8332 1640",
        "official_url": "https://www.specsavers.com.au/stores/norwood",
        "services": "Optometry; Audiology",
        "audiology": "true"
      }
    },
    {
      "type": "Feature",
      "geometry": {
        "type": "Point",
        "coordinates": [
          138.9939,
          -34.474426
        ]
      },
      "properties": {
        "id": "3271",
        "name": "Nuriootpa",
        "status": "Active",
        "country": "Australia",
        "state": "SA",
        "city": "Nuriootpa",
        "postal_code": "5355",
        "full_address": "3 Murray St., Shop 8, The Barossa Co-Op Shopping Centre, Nuriootpa, SA, 5355",
        "phone": "(08) 8562 3777",
        "official_url": "https://www.specsavers.com.au/stores/nuriootpa",
        "services": "Optometry; Audiology",
        "audiology": "true"
      }
    },
    {
      "type": "Feature",
      "geometry": {
        "type": "Point",
        "coordinates": [
          138.54594,
          -35.016357
        ]
      },
      "properties": {
        "id": "3521",
        "name": "Marion East Westfield Lvl 2",
        "status": "Active",
        "country": "Australia",
        "state": "SA",
        "city": "Oaklands Park",
        "postal_code": "5046",
        "full_address": "Shop 2040/297 Diagonal Road, Oaklands Park, SA, 5046",
        "phone": "(08) 8296 5969",
        "official_url": "https://www.specsavers.com.au/stores/marioneast",
        "services": "Optometry",
        "audiology": "false"
      }
    },
    {
      "type": "Feature",
      "geometry": {
        "type": "Point",
        "coordinates": [
          138.54639,
          -35.015724
        ]
      },
      "properties": {
        "id": "3209",
        "name": "Marion West Westfield Lvl 2",
        "status": "Active",
        "country": "Australia",
        "state": "SA",
        "city": "Oaklands Park",
        "postal_code": "5046",
        "full_address": "Shop 2007, Level 2, Westfield Marion West Shopping Centre, 297 Diagonal Rd, Oaklands Park, SA, 5046",
        "phone": "(08) 8358 1611",
        "official_url": "https://www.specsavers.com.au/stores/marion",
        "services": "Optometry; Audiology",
        "audiology": "true"
      }
    },
    {
      "type": "Feature",
      "geometry": {
        "type": "Point",
        "coordinates": [
          135.85764,
          -34.72202
        ]
      },
      "properties": {
        "id": "3635",
        "name": "Port Lincoln",
        "status": "Active",
        "country": "Australia",
        "state": "SA",
        "city": "Port Lincoln",
        "postal_code": "5606",
        "full_address": "8 Liverpool Street, Port Lincoln, SA, 5606",
        "phone": "(08) 7648 1888",
        "official_url": "https://www.specsavers.com.au/stores/portlincoln",
        "services": "Optometry; Audiology",
        "audiology": "true"
      }
    },
    {
      "type": "Feature",
      "geometry": {
        "type": "Point",
        "coordinates": [
          138.0073,
          -33.191036
        ]
      },
      "properties": {
        "id": "3283",
        "name": "Pirie Plaza",
        "status": "Active",
        "country": "Australia",
        "state": "SA",
        "city": "Port Pirie",
        "postal_code": "5540",
        "full_address": "16-18/91 Grey Terrace, Port Pirie Plaza, Port Pirie, SA, 5540",
        "phone": "(08) 8632 2486",
        "official_url": "https://www.specsavers.com.au/stores/portpirie",
        "services": "Optometry; Audiology",
        "audiology": "true"
      }
    },
    {
      "type": "Feature",
      "geometry": {
        "type": "Point",
        "coordinates": [
          138.64587,
          -34.760307
        ]
      },
      "properties": {
        "id": "3214",
        "name": "Parabanks Centre",
        "status": "Active",
        "country": "Australia",
        "state": "SA",
        "city": "Salisbury",
        "postal_code": "5108",
        "full_address": "32 Parabanks Centre, Salisbury, SA, 5108",
        "phone": "(08) 8281 9220",
        "official_url": "https://www.specsavers.com.au/stores/parabanks",
        "services": "Optometry; Audiology",
        "audiology": "true"
      }
    },
    {
      "type": "Feature",
      "geometry": {
        "type": "Point",
        "coordinates": [
          138.62471,
          -34.767986
        ]
      },
      "properties": {
        "id": "3213",
        "name": "Hollywood S/C",
        "status": "Active",
        "country": "Australia",
        "state": "SA",
        "city": "Salisbury Downs",
        "postal_code": "5108",
        "full_address": "Hollywood Shopping Centre, 64 Winzor Street, Salisbury Downs, SA, 5108",
        "phone": "(08) 8281 7244",
        "official_url": "https://www.specsavers.com.au/stores/hollywood",
        "services": "Optometry; Audiology",
        "audiology": "true"
      }
    },
    {
      "type": "Feature",
      "geometry": {
        "type": "Point",
        "coordinates": [
          138.47917,
          -35.189983
        ]
      },
      "properties": {
        "id": "3642",
        "name": "Seaford",
        "status": "Active",
        "country": "Australia",
        "state": "SA",
        "city": "Seaford",
        "postal_code": "5169",
        "full_address": "108 Commercial Road, Shop 15, Seaford Central,, Seaford, SA, 5169",
        "phone": "(08) 7260 3033",
        "official_url": "https://www.specsavers.com.au/stores/seaford",
        "services": "Optometry; Audiology",
        "audiology": "true"
      }
    },
    {
      "type": "Feature",
      "geometry": {
        "type": "Point",
        "coordinates": [
          138.60301,
          -34.87621
        ]
      },
      "properties": {
        "id": "3211",
        "name": "Sefton Plaza S/C",
        "status": "Active",
        "country": "Australia",
        "state": "SA",
        "city": "Sefton Park",
        "postal_code": "5083",
        "full_address": "Shop 26, Sefton Plaza Shopping Centre, 225/239 Main N Rd, Sefton Park, SA, 5083",
        "phone": "(08) 8344 4444",
        "official_url": "https://www.specsavers.com.au/stores/seftonpark",
        "services": "Optometry",
        "audiology": "false"
      }
    },
    {
      "type": "Feature",
      "geometry": {
        "type": "Point",
        "coordinates": [
          138.68831,
          -34.687958
        ]
      },
      "properties": {
        "id": "3215",
        "name": "Munno Para S/C",
        "status": "Active",
        "country": "Australia",
        "state": "SA",
        "city": "Smithfield",
        "postal_code": "5114",
        "full_address": "T88 &amp; T99 Munno Para Centre, 600 Main North Road, Smithfield, SA, 5114",
        "phone": "(08) 8284 1122",
        "official_url": "https://www.specsavers.com.au/stores/munnopara",
        "services": "Optometry; Audiology",
        "audiology": "true"
      }
    },
    {
      "type": "Feature",
      "geometry": {
        "type": "Point",
        "coordinates": [
          138.61046,
          -34.975246
        ]
      },
      "properties": {
        "id": "3627",
        "name": "Mitcham",
        "status": "Active",
        "country": "Australia",
        "state": "SA",
        "city": "Torrens Park",
        "postal_code": "5062",
        "full_address": "T2/3 Mitcham Shopping Centre, 119 Belair Road, Torrens Park, SA, 5062",
        "phone": "(08) 8423 1360",
        "official_url": "https://www.specsavers.com.au/stores/mitcham",
        "services": "Optometry; Audiology",
        "audiology": "true"
      }
    },
    {
      "type": "Feature",
      "geometry": {
        "type": "Point",
        "coordinates": [
          138.5651,
          -34.914326
        ]
      },
      "properties": {
        "id": "3569",
        "name": "Brickworks Marketplace",
        "status": "Active",
        "country": "Australia",
        "state": "SA",
        "city": "Torrensville",
        "postal_code": "5031",
        "full_address": "Brickworks Marketplace, South Road, Torrensville, SA, 5031",
        "phone": "(08) 8352 3822",
        "official_url": "https://www.specsavers.com.au/stores/thebarton",
        "services": "Optometry; Audiology",
        "audiology": "true"
      }
    },
    {
      "type": "Feature",
      "geometry": {
        "type": "Point",
        "coordinates": [
          138.62032,
          -35.55307
        ]
      },
      "properties": {
        "id": "3573",
        "name": "Victor Central",
        "status": "Active",
        "country": "Australia",
        "state": "SA",
        "city": "Victor Harbor",
        "postal_code": "5211",
        "full_address": "Victor Central, Shop 15-17/21-37 Torrens Street, Victor Harbor, SA, 5211",
        "phone": "(08) 8552 8522",
        "official_url": "https://www.specsavers.com.au/stores/victor-harbor",
        "services": "Optometry; Audiology",
        "audiology": "true"
      }
    },
    {
      "type": "Feature",
      "geometry": {
        "type": "Point",
        "coordinates": [
          138.4914,
          -34.879433
        ]
      },
      "properties": {
        "id": "3375",
        "name": "West Lakes Westfield",
        "status": "Active",
        "country": "Australia",
        "state": "SA",
        "city": "West Lakes",
        "postal_code": "5021",
        "full_address": "Shop 218, West Lakes Shopping Centre, 111 West Lakes Boulevard, West Lakes, SA, 5021",
        "phone": "(08) 8235 1488",
        "official_url": "https://www.specsavers.com.au/stores/westlakes",
        "services": "Optometry; Audiology",
        "audiology": "true"
      }
    },
    {
      "type": "Feature",
      "geometry": {
        "type": "Point",
        "coordinates": [
          137.53224,
          -33.02778
        ]
      },
      "properties": {
        "id": "3388",
        "name": "Whyalla Westland S/C",
        "status": "Active",
        "country": "Australia",
        "state": "SA",
        "city": "Whyalla Norrie",
        "postal_code": "5608",
        "full_address": "Westland Shopping Centre, Nicolson Avenue, Whyalla Norrie, SA, 5608",
        "phone": "(08) 8644 3365",
        "official_url": "https://www.specsavers.com.au/stores/whyalla",
        "services": "Optometry; Audiology",
        "audiology": "true"
      }
    },
    {
      "type": "Feature",
      "geometry": {
        "type": "Point",
        "coordinates": [
          145.90672,
          -41.051685
        ]
      },
      "properties": {
        "id": "3543",
        "name": "Burnie",
        "status": "Active",
        "country": "Australia",
        "state": "TAS",
        "city": "Burnie",
        "postal_code": "7320",
        "full_address": "49 Wilson St, Burnie, TAS, 7320",
        "phone": "(03) 6432 2608",
        "official_url": "https://www.specsavers.com.au/stores/burnie",
        "services": "Optometry; Audiology",
        "audiology": "true"
      }
    },
    {
      "type": "Feature",
      "geometry": {
        "type": "Point",
        "coordinates": [
          146.36041,
          -41.17935
        ]
      },
      "properties": {
        "id": "3585",
        "name": "Devonport",
        "status": "Active",
        "country": "Australia",
        "state": "TAS",
        "city": "Devonport",
        "postal_code": "7310",
        "full_address": "69 Rooke St, Devonport, TAS, 7310",
        "phone": "(03) 6441 5226",
        "official_url": "https://www.specsavers.com.au/stores/devonport",
        "services": "Optometry; Audiology",
        "audiology": "true"
      }
    },
    {
      "type": "Feature",
      "geometry": {
        "type": "Point",
        "coordinates": [
          147.2735,
          -42.832012
        ]
      },
      "properties": {
        "id": "3515",
        "name": "Glenorchy",
        "status": "Active",
        "country": "Australia",
        "state": "TAS",
        "city": "Glenorchy",
        "postal_code": "7010",
        "full_address": "Shop 051, Level G, Northgate Shopping Centre, 387-393 Main Road, Glenorchy, TAS, 7010",
        "phone": "(03) 6237 0026",
        "official_url": "https://www.specsavers.com.au/stores/glenorchy",
        "services": "Optometry; Audiology",
        "audiology": "true"
      }
    },
    {
      "type": "Feature",
      "geometry": {
        "type": "Point",
        "coordinates": [
          147.32678,
          -42.883038
        ]
      },
      "properties": {
        "id": "3495",
        "name": "Hobart",
        "status": "Active",
        "country": "Australia",
        "state": "TAS",
        "city": "Hobart",
        "postal_code": "7000",
        "full_address": "The Cat &amp; Fiddle Arcade, 53A Murray Street, Hobart, TAS, 7000",
        "phone": "(03) 6223 5792",
        "official_url": "https://www.specsavers.com.au/stores/hobart",
        "services": "Optometry; Audiology",
        "audiology": "true"
      }
    },
    {
      "type": "Feature",
      "geometry": {
        "type": "Point",
        "coordinates": [
          147.15874,
          -41.466595
        ]
      },
      "properties": {
        "id": "3641",
        "name": "Kings Meadows",
        "status": "Active",
        "country": "Australia",
        "state": "TAS",
        "city": "Kings Meadows",
        "postal_code": "7249",
        "full_address": "Shop 27, Meadow Mews Plaza, 102 Hobart Road, Kings Meadows, TAS, 7249",
        "phone": "(03) 6722 5500",
        "official_url": "https://www.specsavers.com.au/stores/kingsmeadows",
        "services": "Optometry; Audiology",
        "audiology": "true"
      }
    },
    {
      "type": "Feature",
      "geometry": {
        "type": "Point",
        "coordinates": [
          147.30983,
          -42.97631
        ]
      },
      "properties": {
        "id": "3547",
        "name": "Kingston",
        "status": "Active",
        "country": "Australia",
        "state": "TAS",
        "city": "Kingston",
        "postal_code": "7050",
        "full_address": "29 Channel Highway, Kingston, TAS, 7050",
        "phone": "(03) 6239 3334",
        "official_url": "https://www.specsavers.com.au/stores/kingston",
        "services": "Optometry",
        "audiology": "false"
      }
    },
    {
      "type": "Feature",
      "geometry": {
        "type": "Point",
        "coordinates": [
          147.14166,
          -41.43561
        ]
      },
      "properties": {
        "id": "3325",
        "name": "Launceston",
        "status": "Active",
        "country": "Australia",
        "state": "TAS",
        "city": "Launceston",
        "postal_code": "7250",
        "full_address": "47 Brisbane St, Launceston, TAS, 7250",
        "phone": "(03) 6331 7566",
        "official_url": "https://www.specsavers.com.au/stores/launceston",
        "services": "Optometry; Audiology",
        "audiology": "true"
      }
    },
    {
      "type": "Feature",
      "geometry": {
        "type": "Point",
        "coordinates": [
          147.36841,
          -42.866287
        ]
      },
      "properties": {
        "id": "3421",
        "name": "Rosny Park Eastlands S/C",
        "status": "Active",
        "country": "Australia",
        "state": "TAS",
        "city": "Rosny Park",
        "postal_code": "7018",
        "full_address": "Shop 4, Upper Level, Eastlands Shopping Centre, Bligh Street, Rosny Park, TAS, 7018",
        "phone": "(03) 6245 0972",
        "official_url": "https://www.specsavers.com.au/stores/rosnypark",
        "services": "Optometry; Audiology",
        "audiology": "true"
      }
    },
    {
      "type": "Feature",
      "geometry": {
        "type": "Point",
        "coordinates": [
          144.88731,
          -37.714077
        ]
      },
      "properties": {
        "id": "3431",
        "name": "Airport West Westfield",
        "status": "Active",
        "country": "Australia",
        "state": "VIC",
        "city": "Airport West",
        "postal_code": "3042",
        "full_address": "Westfield Airport West, Shop 76, Airport West, VIC, 3042",
        "phone": "(03) 9338 4780",
        "official_url": "https://www.specsavers.com.au/stores/airportwest",
        "services": "Optometry; Audiology",
        "audiology": "true"
      }
    },
    {
      "type": "Feature",
      "geometry": {
        "type": "Point",
        "coordinates": [
          144.77557,
          -37.87295
        ]
      },
      "properties": {
        "id": "3258",
        "name": "Altona Meadows Central Square",
        "status": "Active",
        "country": "Australia",
        "state": "VIC",
        "city": "Altona Meadows",
        "postal_code": "3028",
        "full_address": "43-44 Central Avenue, Altona Meadows, VIC, 3028",
        "phone": "(03) 9315 6340",
        "official_url": "https://www.specsavers.com.au/stores/altonameadows",
        "services": "Optometry",
        "audiology": "false"
      }
    },
    {
      "type": "Feature",
      "geometry": {
        "type": "Point",
        "coordinates": [
          144.84749,
          -37.827724
        ]
      },
      "properties": {
        "id": "3457",
        "name": "Altona Gate S/C",
        "status": "Active",
        "country": "Australia",
        "state": "VIC",
        "city": "Altona North",
        "postal_code": "3025",
        "full_address": "Shop G003, Altona Gate S/C, 124 - 134 Millers Road, Altona North, VIC, 3025",
        "phone": "(03) 9314 4788",
        "official_url": "https://www.specsavers.com.au/stores/altonanorth",
        "services": "Optometry; Audiology",
        "audiology": "true"
      }
    },
    {
      "type": "Feature",
      "geometry": {
        "type": "Point",
        "coordinates": [
          144.43993,
          -37.675243
        ]
      },
      "properties": {
        "id": "3602",
        "name": "Bacchus Marsh",
        "status": "Active",
        "country": "Australia",
        "state": "VIC",
        "city": "Bacchus Marsh",
        "postal_code": "3340",
        "full_address": "Shop 42, The Village Bacchus Marsh S/C, 160/192 Main St, Bacchus Marsh, VIC, 3340",
        "phone": "(03) 9114 3830",
        "official_url": "https://www.specsavers.com.au/stores/bacchusmarsh",
        "services": "Optometry; Audiology",
        "audiology": "true"
      }
    },
    {
      "type": "Feature",
      "geometry": {
        "type": "Point",
        "coordinates": [
          147.63199,
          -37.825104
        ]
      },
      "properties": {
        "id": "3564",
        "name": "Bairnsdale",
        "status": "Active",
        "country": "Australia",
        "state": "VIC",
        "city": "Bairnsdale",
        "postal_code": "3875",
        "full_address": "23 Bailey Street, Bairnsdale, VIC, 3875",
        "phone": "(03) 5153 2333",
        "official_url": "https://www.specsavers.com.au/stores/bairnsdale",
        "services": "Optometry; Audiology",
        "audiology": "true"
      }
    },
    {
      "type": "Feature",
      "geometry": {
        "type": "Point",
        "coordinates": [
          143.86185,
          -37.56262
        ]
      },
      "properties": {
        "id": "3396",
        "name": "Ballarat Bridge Mall",
        "status": "Active",
        "country": "Australia",
        "state": "VIC",
        "city": "Ballarat",
        "postal_code": "3350",
        "full_address": "Shop 28-30 Bridge Mall, Ballarat, VIC, 3350",
        "phone": "(03) 5331 9919",
        "official_url": "https://www.specsavers.com.au/stores/ballarat",
        "services": "Optometry; Audiology",
        "audiology": "true"
      }
    },
    {
      "type": "Feature",
      "geometry": {
        "type": "Point",
        "coordinates": [
          144.35016,
          -38.1698
        ]
      },
      "properties": {
        "id": "3275",
        "name": "Belmont S/C - Geelong",
        "status": "Active",
        "country": "Australia",
        "state": "VIC",
        "city": "Belmont",
        "postal_code": "3216",
        "full_address": "Belmont Village, Shop 6-8, 65 High Street, Belmont, VIC, 3216",
        "phone": "(03) 5245 7600",
        "official_url": "https://www.specsavers.com.au/stores/belmont",
        "services": "Optometry; Audiology",
        "audiology": "true"
      }
    },
    {
      "type": "Feature",
      "geometry": {
        "type": "Point",
        "coordinates": [
          145.98477,
          -36.551228
        ]
      },
      "properties": {
        "id": "3291",
        "name": "Benalla",
        "status": "Active",
        "country": "Australia",
        "state": "VIC",
        "city": "Benalla",
        "postal_code": "3672",
        "full_address": "59 Bridge Street East, Benalla, VIC, 3672",
        "phone": "(03) 5762 4911",
        "official_url": "https://www.specsavers.com.au/stores/benalla",
        "services": "Optometry; Audiology",
        "audiology": "true"
      }
    },
    {
      "type": "Feature",
      "geometry": {
        "type": "Point",
        "coordinates": [
          144.28088,
          -36.765644
        ]
      },
      "properties": {
        "id": "3322",
        "name": "Bendigo Marketplace",
        "status": "Active",
        "country": "Australia",
        "state": "VIC",
        "city": "Bendigo",
        "postal_code": "3550",
        "full_address": "Shop G038 Bendigo Marketplace, 116 -120 Mitchell Street, Bendigo, VIC, 3550",
        "phone": "(03) 5441 4235",
        "official_url": "https://www.specsavers.com.au/stores/bendigo",
        "services": "Optometry; Audiology",
        "audiology": "true"
      }
    },
    {
      "type": "Feature",
      "geometry": {
        "type": "Point",
        "coordinates": [
          145.03975,
          -37.91842
        ]
      },
      "properties": {
        "id": "3282",
        "name": "Bentleigh",
        "status": "Active",
        "country": "Australia",
        "state": "VIC",
        "city": "Bentleigh",
        "postal_code": "3204",
        "full_address": "433 Centre Road, Bentleigh, VIC, 3204",
        "phone": "(03) 9557 8319",
        "official_url": "https://www.specsavers.com.au/stores/bentleigh",
        "services": "Optometry",
        "audiology": "false"
      }
    },
    {
      "type": "Feature",
      "geometry": {
        "type": "Point",
        "coordinates": [
          145.33975,
          -38.061806
        ]
      },
      "properties": {
        "id": "3474",
        "name": "Berwick Eden Rise S/C",
        "status": "Active",
        "country": "Australia",
        "state": "VIC",
        "city": "Berwick",
        "postal_code": "3806",
        "full_address": "Shop 18, Eden Rise Village Shopping Centre, 1 O'Shea Rd, Berwick, VIC, 3806",
        "phone": "(03) 8768 9137",
        "official_url": "https://www.specsavers.com.au/stores/berwick",
        "services": "Optometry; Audiology",
        "audiology": "true"
      }
    },
    {
      "type": "Feature",
      "geometry": {
        "type": "Point",
        "coordinates": [
          145.12204,
          -37.819355
        ]
      },
      "properties": {
        "id": "3525",
        "name": "Box Hill Central North",
        "status": "Active",
        "country": "Australia",
        "state": "VIC",
        "city": "Box Hill",
        "postal_code": "3128",
        "full_address": "1 Main Street, Shop SP113 Box Hill Central (South), Box Hill, VIC, 3128",
        "phone": "(03) 9890 3322",
        "official_url": "https://www.specsavers.com.au/stores/boxhill",
        "services": "Optometry; Audiology",
        "audiology": "true"
      }
    },
    {
      "type": "Feature",
      "geometry": {
        "type": "Point",
        "coordinates": [
          144.99431,
          -37.914062
        ]
      },
      "properties": {
        "id": "3557",
        "name": "Brighton Optometrists and Audiologists",
        "status": "Active",
        "country": "Australia",
        "state": "VIC",
        "city": "Brighton",
        "postal_code": "3186",
        "full_address": "52 Church St, Brighton, VIC, 3186",
        "phone": "(03) 9553 8877",
        "official_url": "https://www.specsavers.com.au/stores/brighton",
        "services": "Optometry; Audiology",
        "audiology": "true"
      }
    },
    {
      "type": "Feature",
      "geometry": {
        "type": "Point",
        "coordinates": [
          144.91936,
          -37.68043
        ]
      },
      "properties": {
        "id": "3295",
        "name": "Broadmeadows S/C",
        "status": "Active",
        "country": "Australia",
        "state": "VIC",
        "city": "Broadmeadows",
        "postal_code": "3047",
        "full_address": "Shop G052, Broadmeadows Central, 1099-1169 Pascoe Vale Road, Broadmeadows, VIC, 3047",
        "phone": "(03) 9309 5607",
        "official_url": "https://www.specsavers.com.au/stores/broadmeadows",
        "services": "Optometry; Audiology",
        "audiology": "true"
      }
    },
    {
      "type": "Feature",
      "geometry": {
        "type": "Point",
        "coordinates": [
          144.96175,
          -37.775642
        ]
      },
      "properties": {
        "id": "3449",
        "name": "Brunswick",
        "status": "Active",
        "country": "Australia",
        "state": "VIC",
        "city": "Brunswick",
        "postal_code": "3056",
        "full_address": "Shop D1/D2, 90-106 Sydney Road, Brunswick, VIC, 3056",
        "phone": "(03) 9077 7396",
        "official_url": "https://www.specsavers.com.au/stores/brunswick",
        "services": "Optometry; Audiology",
        "audiology": "true"
      }
    },
    {
      "type": "Feature",
      "geometry": {
        "type": "Point",
        "coordinates": [
          145.05705,
          -37.830803
        ]
      },
      "properties": {
        "id": "3358",
        "name": "Camberwell",
        "status": "Active",
        "country": "Australia",
        "state": "VIC",
        "city": "Camberwell",
        "postal_code": "3124",
        "full_address": "572 Burke Rd, Camberwell, VIC, 3124",
        "phone": "(03) 9813 4666",
        "official_url": "https://www.specsavers.com.au/stores/camberwell",
        "services": "Optometry; Audiology",
        "audiology": "true"
      }
    },
    {
      "type": "Feature",
      "geometry": {
        "type": "Point",
        "coordinates": [
          144.74329,
          -37.731388
        ]
      },
      "properties": {
        "id": "3648",
        "name": "Caroline Springs",
        "status": "Active",
        "country": "Australia",
        "state": "VIC",
        "city": "Caroline Springs",
        "postal_code": "3023",
        "full_address": "29-35 Lake Street, Shop 48/49 Caroline Springs Square, Caroline Springs, VIC, 3023",
        "phone": "(03) 8361 7576",
        "official_url": "https://www.specsavers.com.au/stores/carolinesprings",
        "services": "Optometry; Audiology",
        "audiology": "true"
      }
    },
    {
      "type": "Feature",
      "geometry": {
        "type": "Point",
        "coordinates": [
          145.08359,
          -37.8869
        ]
      },
      "properties": {
        "id": "3444",
        "name": "Chadstone S/C",
        "status": "Active",
        "country": "Australia",
        "state": "VIC",
        "city": "Chadstone",
        "postal_code": "3148",
        "full_address": "Shop G124/1341 Dandenong Road, Chadstone, VIC, 3148",
        "phone": "(03) 9563 2976",
        "official_url": "https://www.specsavers.com.au/stores/chadstone",
        "services": "Optometry; Audiology",
        "audiology": "true"
      }
    },
    {
      "type": "Feature",
      "geometry": {
        "type": "Point",
        "coordinates": [
          145.05072,
          -37.95823
        ]
      },
      "properties": {
        "id": "3218",
        "name": "Southland Westfield Lvl 1",
        "status": "Active",
        "country": "Australia",
        "state": "VIC",
        "city": "Cheltenham",
        "postal_code": "3192",
        "full_address": "1004-1005 Westfield Southland, 1239 Nepean Highway, Cheltenham, VIC, 3192",
        "phone": "(03) 9585 6811",
        "official_url": "https://www.specsavers.com.au/stores/cheltenhamwest",
        "services": "Optometry; Audiology",
        "audiology": "true"
      }
    },
    {
      "type": "Feature",
      "geometry": {
        "type": "Point",
        "coordinates": [
          145.0554,
          -37.958633
        ]
      },
      "properties": {
        "id": "3272",
        "name": "Southland Westfield Lvl 3",
        "status": "Active",
        "country": "Australia",
        "state": "VIC",
        "city": "Cheltenham",
        "postal_code": "3192",
        "full_address": "Westfield Southland, 3048A/1239 Nepean Highway, Cheltenham, VIC, 3192",
        "phone": "(03) 9585 8970",
        "official_url": "https://www.specsavers.com.au/stores/cheltenhameast",
        "services": "Optometry",
        "audiology": "false"
      }
    },
    {
      "type": "Feature",
      "geometry": {
        "type": "Point",
        "coordinates": [
          145.3128,
          -37.757393
        ]
      },
      "properties": {
        "id": "3401",
        "name": "Chirnside Park S/C",
        "status": "Active",
        "country": "Australia",
        "state": "VIC",
        "city": "Chirnside Park",
        "postal_code": "3116",
        "full_address": "Chirnside Park S/C, L01 619/621 - 239-241 Maroondah Highway, Chirnside Park, VIC, 3116",
        "phone": "(03) 9727 1111",
        "official_url": "https://www.specsavers.com.au/stores/chirnsidepark",
        "services": "Optometry; Audiology",
        "audiology": "true"
      }
    },
    {
      "type": "Feature",
      "geometry": {
        "type": "Point",
        "coordinates": [
          143.58685,
          -38.3406
        ]
      },
      "properties": {
        "id": "3294",
        "name": "Colac",
        "status": "Active",
        "country": "Australia",
        "state": "VIC",
        "city": "Colac",
        "postal_code": "3250",
        "full_address": "71 Gellibrand St, Colac, VIC, 3250",
        "phone": "(03) 5231 2974",
        "official_url": "https://www.specsavers.com.au/stores/colac",
        "services": "Optometry; Audiology",
        "audiology": "true"
      }
    },
    {
      "type": "Feature",
      "geometry": {
        "type": "Point",
        "coordinates": [
          144.35701,
          -38.074863
        ]
      },
      "properties": {
        "id": "3262",
        "name": "Corio Central",
        "status": "Active",
        "country": "Australia",
        "state": "VIC",
        "city": "Corio",
        "postal_code": "3214",
        "full_address": "G064/067 Corio Central, Cnr Bacchus Marsh and Purnell Roads, Corio, VIC, 3214",
        "phone": "(03) 5274 9961",
        "official_url": "https://www.specsavers.com.au/stores/corio",
        "services": "Optometry; Audiology",
        "audiology": "true"
      }
    },
    {
      "type": "Feature",
      "geometry": {
        "type": "Point",
        "coordinates": [
          144.9133,
          -37.59267
        ]
      },
      "properties": {
        "id": "3533",
        "name": "Craigieburn",
        "status": "Active",
        "country": "Australia",
        "state": "VIC",
        "city": "Craigieburn",
        "postal_code": "3064",
        "full_address": "D00.14, Craigieburn Central, 340 Craigieburn Road, Craigieburn, VIC, 3064",
        "phone": "(03) 9333 8977",
        "official_url": "https://www.specsavers.com.au/stores/craigieburn",
        "services": "Optometry; Audiology",
        "audiology": "true"
      }
    },
    {
      "type": "Feature",
      "geometry": {
        "type": "Point",
        "coordinates": [
          145.28261,
          -38.107304
        ]
      },
      "properties": {
        "id": "3425",
        "name": "Cranbourne Park",
        "status": "Active",
        "country": "Australia",
        "state": "VIC",
        "city": "Cranbourne",
        "postal_code": "3977",
        "full_address": "Shop 129, Cranbourne Park Shopping Centre, High Street, Cranbourne, VIC, 3977",
        "phone": "(03) 5995 5388",
        "official_url": "https://www.specsavers.com.au/stores/cranbourne",
        "services": "Optometry; Audiology",
        "audiology": "true"
      }
    },
    {
      "type": "Feature",
      "geometry": {
        "type": "Point",
        "coordinates": [
          145.28116,
          -37.79735
        ]
      },
      "properties": {
        "id": "3667",
        "name": "Croydon",
        "status": "Active",
        "country": "Australia",
        "state": "VIC",
        "city": "Croydon",
        "postal_code": "3136",
        "full_address": "Shop 2, 138-148 Main Street, Croydon, VIC, 3136",
        "phone": "(03) 8203 2202",
        "official_url": "https://www.specsavers.com.au/stores/croydon",
        "services": "Optometry; Audiology",
        "audiology": "true"
      }
    },
    {
      "type": "Feature",
      "geometry": {
        "type": "Point",
        "coordinates": [
          145.21777,
          -37.986877
        ]
      },
      "properties": {
        "id": "3352",
        "name": "Dandenong",
        "status": "Active",
        "country": "Australia",
        "state": "VIC",
        "city": "Dandenong",
        "postal_code": "3175",
        "full_address": "Shop 351-355, Level 3, Dandenong Square, 23-55 McCrae Street, Dandenong, VIC, 3175",
        "phone": "(03) 9793 9944",
        "official_url": "https://www.specsavers.com.au/stores/dandenong",
        "services": "Optometry; Audiology",
        "audiology": "true"
      }
    },
    {
      "type": "Feature",
      "geometry": {
        "type": "Point",
        "coordinates": [
          144.77531,
          -37.751495
        ]
      },
      "properties": {
        "id": "3256",
        "name": "Deer Park - Brimbank Central S/C",
        "status": "Active",
        "country": "Australia",
        "state": "VIC",
        "city": "Deer Park",
        "postal_code": "3023",
        "full_address": "Shop ET72, Brimbank Central Shopping, Station Rd, Deer Park, VIC, 3023",
        "phone": "(03) 9360 4444",
        "official_url": "https://www.specsavers.com.au/stores/deerpark",
        "services": "Optometry; Audiology",
        "audiology": "true"
      }
    },
    {
      "type": "Feature",
      "geometry": {
        "type": "Point",
        "coordinates": [
          145.12614,
          -37.785812
        ]
      },
      "properties": {
        "id": "3552",
        "name": "Doncaster",
        "status": "Active",
        "country": "Australia",
        "state": "VIC",
        "city": "Doncaster",
        "postal_code": "3108",
        "full_address": "Westfield Doncaster, Doncaster Road, Doncaster, VIC, 3108",
        "phone": "(03) 9840 1077",
        "official_url": "https://www.specsavers.com.au/stores/doncaster",
        "services": "Optometry; Audiology",
        "audiology": "true"
      }
    },
    {
      "type": "Feature",
      "geometry": {
        "type": "Point",
        "coordinates": [
          145.16885,
          -37.761993
        ]
      },
      "properties": {
        "id": "3407",
        "name": "Doncaster East The Pines S/C",
        "status": "Active",
        "country": "Australia",
        "state": "VIC",
        "city": "Doncaster East",
        "postal_code": "3109",
        "full_address": "Stockland The Pines, 97/181 Reynolds Road, Doncaster East, VIC, 3109",
        "phone": "(03) 9841 0036",
        "official_url": "https://www.specsavers.com.au/stores/doncastereast",
        "services": "Optometry; Audiology",
        "audiology": "true"
      }
    },
    {
      "type": "Feature",
      "geometry": {
        "type": "Point",
        "coordinates": [
          144.74957,
          -36.12672
        ]
      },
      "properties": {
        "id": "3595",
        "name": "Echuca",
        "status": "Active",
        "country": "Australia",
        "state": "VIC",
        "city": "Echuca",
        "postal_code": "3564",
        "full_address": "222 Hare Street, Echuca, VIC, 3564",
        "phone": "(03) 5409 2313",
        "official_url": "https://www.specsavers.com.au/stores/echuca",
        "services": "Optometry; Audiology",
        "audiology": "true"
      }
    },
    {
      "type": "Feature",
      "geometry": {
        "type": "Point",
        "coordinates": [
          145.00578,
          -37.885098
        ]
      },
      "properties": {
        "id": "3621",
        "name": "Elsternwick",
        "status": "Active",
        "country": "Australia",
        "state": "VIC",
        "city": "Elsternwick",
        "postal_code": "3185",
        "full_address": "420 Glenhuntly Road, Elsternwick, VIC, 3185",
        "phone": "(03) 9563 2868",
        "official_url": "https://www.specsavers.com.au/stores/elsternwick",
        "services": "Optometry; Audiology",
        "audiology": "true"
      }
    },
    {
      "type": "Feature",
      "geometry": {
        "type": "Point",
        "coordinates": [
          145.14877,
          -37.713856
        ]
      },
      "properties": {
        "id": "3671",
        "name": "Eltham",
        "status": "Active",
        "country": "Australia",
        "state": "VIC",
        "city": "Eltham",
        "postal_code": "3095",
        "full_address": "968 Main Road, Eltham, VIC, 3095",
        "phone": "(03) 8407 8277",
        "official_url": "https://www.specsavers.com.au/stores/eltham",
        "services": "Optometry; Audiology",
        "audiology": "true"
      }
    },
    {
      "type": "Feature",
      "geometry": {
        "type": "Point",
        "coordinates": [
          145.2594,
          -37.97705
        ]
      },
      "properties": {
        "id": "3484",
        "name": "Endeavour Hills S/C",
        "status": "Active",
        "country": "Australia",
        "state": "VIC",
        "city": "Endeavour Hills",
        "postal_code": "3802",
        "full_address": "Shop 12 Endeavour Hills S/C, Heatherton Rd, Endeavour Hills, VIC, 3802",
        "phone": "(03) 9700 3488",
        "official_url": "https://www.specsavers.com.au/stores/endeavourhills",
        "services": "Optometry",
        "audiology": "false"
      }
    },
    {
      "type": "Feature",
      "geometry": {
        "type": "Point",
        "coordinates": [
          145.02051,
          -37.652977
        ]
      },
      "properties": {
        "id": "3353",
        "name": "Pacific Epping",
        "status": "Active",
        "country": "Australia",
        "state": "VIC",
        "city": "Epping",
        "postal_code": "3076",
        "full_address": "Cnr High &amp; Cooper Street, Shop 8/9, Pacific Epping, Epping, VIC, 3076",
        "phone": "(03) 8405 3655",
        "official_url": "https://www.specsavers.com.au/stores/epping",
        "services": "Optometry; Audiology",
        "audiology": "true"
      }
    },
    {
      "type": "Feature",
      "geometry": {
        "type": "Point",
        "coordinates": [
          145.16397,
          -37.83515
        ]
      },
      "properties": {
        "id": "3338",
        "name": "Forest Hill Chase",
        "status": "Active",
        "country": "Australia",
        "state": "VIC",
        "city": "Forest Hill",
        "postal_code": "3131",
        "full_address": "169 Forest Hill Shopping Centre, 270 Canterbury Road, Forest Hill, VIC, 3131",
        "phone": "(03) 9878 9677",
        "official_url": "https://www.specsavers.com.au/stores/foresthill",
        "services": "Optometry; Audiology",
        "audiology": "true"
      }
    },
    {
      "type": "Feature",
      "geometry": {
        "type": "Point",
        "coordinates": [
          145.12222,
          -38.143368
        ]
      },
      "properties": {
        "id": "3221",
        "name": "Frankston",
        "status": "Active",
        "country": "Australia",
        "state": "VIC",
        "city": "Frankston",
        "postal_code": "3199",
        "full_address": "53 Wells St, Frankston, VIC, 3199",
        "phone": "(03) 9783 4013",
        "official_url": "https://www.specsavers.com.au/stores/frankston",
        "services": "Optometry; Audiology",
        "audiology": "true"
      }
    },
    {
      "type": "Feature",
      "geometry": {
        "type": "Point",
        "coordinates": [
          145.1234,
          -38.141678
        ]
      },
      "properties": {
        "id": "3565",
        "name": "Frankston Bayside",
        "status": "Active",
        "country": "Australia",
        "state": "VIC",
        "city": "Frankston",
        "postal_code": "3199",
        "full_address": "Shop 159, Bayside Centre, 28 Beach Street, Frankston, VIC, 3199",
        "phone": "(03) 9781 1199",
        "official_url": "https://www.specsavers.com.au/stores/frankstonbayside",
        "services": "Optometry; Audiology",
        "audiology": "true"
      }
    },
    {
      "type": "Feature",
      "geometry": {
        "type": "Point",
        "coordinates": [
          145.16528,
          -38.152752
        ]
      },
      "properties": {
        "id": "3414",
        "name": "Karingal Hub",
        "status": "Active",
        "country": "Australia",
        "state": "VIC",
        "city": "Frankston",
        "postal_code": "3199",
        "full_address": "S110 Karingal Hub, 330 Cranbourne Road, Frankston, VIC, 3199",
        "phone": "(03) 9789 5688",
        "official_url": "https://www.specsavers.com.au/stores/karingal",
        "services": "Optometry; Audiology",
        "audiology": "true"
      }
    },
    {
      "type": "Feature",
      "geometry": {
        "type": "Point",
        "coordinates": [
          144.3589,
          -38.148846
        ]
      },
      "properties": {
        "id": "3293",
        "name": "Geelong Ryrie Street",
        "status": "Active",
        "country": "Australia",
        "state": "VIC",
        "city": "Geelong",
        "postal_code": "3220",
        "full_address": "121 Ryrie St, Geelong, VIC, 3220",
        "phone": "(03) 5229 5437",
        "official_url": "https://www.specsavers.com.au/stores/geelongryrie",
        "services": "Optometry; Audiology",
        "audiology": "true"
      }
    },
    {
      "type": "Feature",
      "geometry": {
        "type": "Point",
        "coordinates": [
          144.3639,
          -38.147697
        ]
      },
      "properties": {
        "id": "3314",
        "name": "Geelong Westfield",
        "status": "Active",
        "country": "Australia",
        "state": "VIC",
        "city": "Geelong",
        "postal_code": "3220",
        "full_address": "Shop 2256/95 Malop Street, Geelong, VIC, 3220",
        "phone": "(03) 5221 4215",
        "official_url": "https://www.specsavers.com.au/stores/geelongbaycity",
        "services": "Optometry; Audiology",
        "audiology": "true"
      }
    },
    {
      "type": "Feature",
      "geometry": {
        "type": "Point",
        "coordinates": [
          145.16556,
          -37.875202
        ]
      },
      "properties": {
        "id": "3259",
        "name": "The Glen",
        "status": "Active",
        "country": "Australia",
        "state": "VIC",
        "city": "Glen Waverley",
        "postal_code": "3150",
        "full_address": "Shop L-025 The Glen, 235 Springvale Road, Glen Waverley, VIC, 3150",
        "phone": "(03) 9803 2977",
        "official_url": "https://www.specsavers.com.au/stores/theglen",
        "services": "Optometry; Audiology",
        "audiology": "true"
      }
    },
    {
      "type": "Feature",
      "geometry": {
        "type": "Point",
        "coordinates": [
          145.10191,
          -37.702785
        ]
      },
      "properties": {
        "id": "3426",
        "name": "Greensborough Plaza",
        "status": "Active",
        "country": "Australia",
        "state": "VIC",
        "city": "Greensborough",
        "postal_code": "3088",
        "full_address": "Shop L02 236 Greensborough Plaza, 25 Main Street, Greensborough, VIC, 3088",
        "phone": "(03) 9434 0053",
        "official_url": "https://www.specsavers.com.au/stores/greensborough",
        "services": "Optometry; Audiology",
        "audiology": "true"
      }
    },
    {
      "type": "Feature",
      "geometry": {
        "type": "Point",
        "coordinates": [
          142.0243,
          -37.742992
        ]
      },
      "properties": {
        "id": "3694",
        "name": "Hamilton (VIC)",
        "status": "Active",
        "country": "Australia",
        "state": "VIC",
        "city": "Hamilton",
        "postal_code": "3300",
        "full_address": "147 Gray Street, Hamilton, VIC, 3300",
        "phone": "(03) 4518 9888",
        "official_url": "https://www.specsavers.com.au/stores/hamilton",
        "services": "Optometry",
        "audiology": "false"
      }
    },
    {
      "type": "Feature",
      "geometry": {
        "type": "Point",
        "coordinates": [
          145.19035,
          -38.30798
        ]
      },
      "properties": {
        "id": "3691",
        "name": "Hastings",
        "status": "Active",
        "country": "Australia",
        "state": "VIC",
        "city": "Hastings",
        "postal_code": "3915",
        "full_address": "67 High Street &amp; 24 Victoria Street, Hastings, VIC, 3915",
        "phone": "(03) 5973 4111",
        "official_url": "https://www.specsavers.com.au/stores/hastings",
        "services": "Optometry; Audiology",
        "audiology": "true"
      }
    },
    {
      "type": "Feature",
      "geometry": {
        "type": "Point",
        "coordinates": [
          145.06854,
          -37.75578
        ]
      },
      "properties": {
        "id": "3477",
        "name": "Heidelberg Warringal S/C",
        "status": "Active",
        "country": "Australia",
        "state": "VIC",
        "city": "Heidelberg",
        "postal_code": "3084",
        "full_address": "Shop 31, Warringal Shopping Centre, 56 Burgundy Street, Heidelberg, VIC, 3084",
        "phone": "(03) 9456 9351",
        "official_url": "https://www.specsavers.com.au/stores/heidelberg",
        "services": "Optometry; Audiology",
        "audiology": "true"
      }
    },
    {
      "type": "Feature",
      "geometry": {
        "type": "Point",
        "coordinates": [
          142.19995,
          -36.71411
        ]
      },
      "properties": {
        "id": "3326",
        "name": "Horsham",
        "status": "Active",
        "country": "Australia",
        "state": "VIC",
        "city": "Horsham",
        "postal_code": "3400",
        "full_address": "51-53 Firebrace St, Horsham, VIC, 3400",
        "phone": "(03) 5382 4433",
        "official_url": "https://www.specsavers.com.au/stores/horsham",
        "services": "Optometry",
        "audiology": "false"
      }
    },
    {
      "type": "Feature",
      "geometry": {
        "type": "Point",
        "coordinates": [
          144.24234,
          -36.81031
        ]
      },
      "properties": {
        "id": "3289",
        "name": "Kangaroo Flat Lansell Plaza",
        "status": "Active",
        "country": "Australia",
        "state": "VIC",
        "city": "Kangaroo Flat",
        "postal_code": "3555",
        "full_address": "Lansell Square Shopping Centre, 267 High Street, Kangaroo Flat, VIC, 3555",
        "phone": "(03) 5447 1170",
        "official_url": "https://www.specsavers.com.au/stores/kangarooflat",
        "services": "Optometry; Audiology",
        "audiology": "true"
      }
    },
    {
      "type": "Feature",
      "geometry": {
        "type": "Point",
        "coordinates": [
          144.80702,
          -37.72711
        ]
      },
      "properties": {
        "id": "3257",
        "name": "Keilor Downs S/C",
        "status": "Active",
        "country": "Australia",
        "state": "VIC",
        "city": "Keilor Downs",
        "postal_code": "3038",
        "full_address": "Shop G018A, Keilor Central, 80 Taylors Rd, Keilor Downs, VIC, 3038",
        "phone": "(03) 9366 2260",
        "official_url": "https://www.specsavers.com.au/stores/keilordowns",
        "services": "Optometry; Audiology",
        "audiology": "true"
      }
    },
    {
      "type": "Feature",
      "geometry": {
        "type": "Point",
        "coordinates": [
          145.1724,
          -37.992054
        ]
      },
      "properties": {
        "id": "3278",
        "name": "Keysborough Parkmore S/C",
        "status": "Active",
        "country": "Australia",
        "state": "VIC",
        "city": "Keysborough",
        "postal_code": "3173",
        "full_address": "L01 S05/S06 Parkmore Shopping Centre, 317 Cheltenham Road, Keysborough, VIC, 3173",
        "phone": "(03) 9706 3288",
        "official_url": "https://www.specsavers.com.au/stores/keysborough",
        "services": "Optometry; Audiology",
        "audiology": "true"
      }
    },
    {
      "type": "Feature",
      "geometry": {
        "type": "Point",
        "coordinates": [
          144.45453,
          -38.18564
        ]
      },
      "properties": {
        "id": "3645",
        "name": "Leopold",
        "status": "Active",
        "country": "Australia",
        "state": "VIC",
        "city": "Leopold",
        "postal_code": "3224",
        "full_address": "659 Bellarine Highway, Shop G07 &amp; G10, Gateway Plaza, Leopold, VIC, 3224",
        "phone": "(03) 5244 0444",
        "official_url": "https://www.specsavers.com.au/stores/leopold",
        "services": "Optometry; Audiology",
        "audiology": "true"
      }
    },
    {
      "type": "Feature",
      "geometry": {
        "type": "Point",
        "coordinates": [
          145.34868,
          -37.760475
        ]
      },
      "properties": {
        "id": "3534",
        "name": "Lilydale",
        "status": "Active",
        "country": "Australia",
        "state": "VIC",
        "city": "Lilydale",
        "postal_code": "3140",
        "full_address": "65/45 Hutchinson St, Lilydale, VIC, 3140",
        "phone": "(03) 9735 9105",
        "official_url": "https://www.specsavers.com.au/stores/lilydale",
        "services": "Optometry; Audiology",
        "audiology": "true"
      }
    },
    {
      "type": "Feature",
      "geometry": {
        "type": "Point",
        "coordinates": [
          145.02849,
          -37.860325
        ]
      },
      "properties": {
        "id": "3252",
        "name": "Malvern",
        "status": "Active",
        "country": "Australia",
        "state": "VIC",
        "city": "Malvern",
        "postal_code": "3144",
        "full_address": "169 Glenferrie Rd, Malvern, VIC, 3144",
        "phone": "(03) 9500 9218",
        "official_url": "https://www.specsavers.com.au/stores/malvern",
        "services": "Optometry; Audiology",
        "audiology": "true"
      }
    },
    {
      "type": "Feature",
      "geometry": {
        "type": "Point",
        "coordinates": [
          144.88622,
          -37.773926
        ]
      },
      "properties": {
        "id": "3372",
        "name": "Highpoint S/C",
        "status": "Active",
        "country": "Australia",
        "state": "VIC",
        "city": "Maribyrnong",
        "postal_code": "3032",
        "full_address": "Shop 2105, Level 2 Highpoint Shopping Centre, 200 Rosamond Road, Maribyrnong, VIC, 3032",
        "phone": "(03) 9317 8044",
        "official_url": "https://www.specsavers.com.au/stores/highpoint",
        "services": "Optometry; Audiology",
        "audiology": "true"
      }
    },
    {
      "type": "Feature",
      "geometry": {
        "type": "Point",
        "coordinates": [
          144.95848,
          -37.817635
        ]
      },
      "properties": {
        "id": "3548",
        "name": "Melbourne CBD - Collins St",
        "status": "Active",
        "country": "Australia",
        "state": "VIC",
        "city": "Melbourne",
        "postal_code": "3000",
        "full_address": "01/470 Collins Street, Melbourne, VIC, 3000",
        "phone": "(03) 9620 4944",
        "official_url": "https://www.specsavers.com.au/stores/melbournecbdwest",
        "services": "Optometry",
        "audiology": "false"
      }
    },
    {
      "type": "Feature",
      "geometry": {
        "type": "Point",
        "coordinates": [
          144.96434,
          -37.815075
        ]
      },
      "properties": {
        "id": "3241",
        "name": "Melbourne CBD - Lt Collins St",
        "status": "Active",
        "country": "Australia",
        "state": "VIC",
        "city": "Melbourne",
        "postal_code": "3000",
        "full_address": "309 Little Collins St, Melbourne, VIC, 3000",
        "phone": "(03) 9654 7288",
        "official_url": "https://www.specsavers.com.au/stores/littlecollins",
        "services": "Optometry",
        "audiology": "false"
      }
    },
    {
      "type": "Feature",
      "geometry": {
        "type": "Point",
        "coordinates": [
          144.96353,
          -37.81137
        ]
      },
      "properties": {
        "id": "3397",
        "name": "Melbourne Central S/C - CBD",
        "status": "Active",
        "country": "Australia",
        "state": "VIC",
        "city": "Melbourne",
        "postal_code": "3000",
        "full_address": "LG 51/211 La Trobe Street, Melbourne Central Shopping Centre, Melbourne, VIC, 3000",
        "phone": "(03) 9639 8277",
        "official_url": "https://www.specsavers.com.au/stores/melbournecentral",
        "services": "Optometry",
        "audiology": "false"
      }
    },
    {
      "type": "Feature",
      "geometry": {
        "type": "Point",
        "coordinates": [
          144.56425,
          -37.685802
        ]
      },
      "properties": {
        "id": "3463",
        "name": "Melton - Woodgrove S/C",
        "status": "Active",
        "country": "Australia",
        "state": "VIC",
        "city": "Melton",
        "postal_code": "3337",
        "full_address": "Woodgrove Shopping Centre, Shop T56/57, Melton, VIC, 3337",
        "phone": "(03) 8746 2755",
        "official_url": "https://www.specsavers.com.au/stores/melton",
        "services": "Optometry; Audiology",
        "audiology": "true"
      }
    },
    {
      "type": "Feature",
      "geometry": {
        "type": "Point",
        "coordinates": [
          142.13908,
          -34.207344
        ]
      },
      "properties": {
        "id": "3508",
        "name": "Mildura Central",
        "status": "Active",
        "country": "Australia",
        "state": "VIC",
        "city": "Mildura",
        "postal_code": "3500",
        "full_address": "Mildura Central, Cnr 15th Street &amp; Deakin Avenue, Mildura, VIC, 3500",
        "phone": "(03) 5021 4913",
        "official_url": "https://www.specsavers.com.au/stores/mildura",
        "services": "Optometry; Audiology",
        "audiology": "true"
      }
    },
    {
      "type": "Feature",
      "geometry": {
        "type": "Point",
        "coordinates": [
          145.07199,
          -37.65142
        ]
      },
      "properties": {
        "id": "3264",
        "name": "Plenty Valley Westfield",
        "status": "Active",
        "country": "Australia",
        "state": "VIC",
        "city": "Mill Park",
        "postal_code": "3082",
        "full_address": "Shop 14-15 Westfield Plenty Valley, 415 McDonalds Road, Mill Park, VIC, 3082",
        "phone": "(03) 9437 7644",
        "official_url": "https://www.specsavers.com.au/stores/millpark",
        "services": "Optometry; Audiology",
        "audiology": "true"
      }
    },
    {
      "type": "Feature",
      "geometry": {
        "type": "Point",
        "coordinates": [
          144.92288,
          -37.76559
        ]
      },
      "properties": {
        "id": "3522",
        "name": "Moonee Ponds",
        "status": "Active",
        "country": "Australia",
        "state": "VIC",
        "city": "Moonee Ponds",
        "postal_code": "3039",
        "full_address": "T60-61 Moonee Ponds Central, 14-16 Hall st, Moonee Ponds, VIC, 3039",
        "phone": "(03) 9326 2727",
        "official_url": "https://www.specsavers.com.au/stores/mooneeponds",
        "services": "Optometry; Audiology",
        "audiology": "true"
      }
    },
    {
      "type": "Feature",
      "geometry": {
        "type": "Point",
        "coordinates": [
          145.03888,
          -38.219463
        ]
      },
      "properties": {
        "id": "3222",
        "name": "Mornington",
        "status": "Active",
        "country": "Australia",
        "state": "VIC",
        "city": "Mornington",
        "postal_code": "3931",
        "full_address": "106 Main St, Mornington, VIC, 3931",
        "phone": "(03) 5975 5689",
        "official_url": "https://www.specsavers.com.au/stores/mornington",
        "services": "Optometry; Audiology",
        "audiology": "true"
      }
    },
    {
      "type": "Feature",
      "geometry": {
        "type": "Point",
        "coordinates": [
          146.43002,
          -38.236794
        ]
      },
      "properties": {
        "id": "3639",
        "name": "Morwell",
        "status": "Active",
        "country": "Australia",
        "state": "VIC",
        "city": "Morwell",
        "postal_code": "3840",
        "full_address": "Tenancy 11, Mid Valley Shopping Centre, Corner Centre Valley Road &amp;, Princes Dr, Morwell, VIC, 3840",
        "phone": "(03) 4137 8038",
        "official_url": "https://www.specsavers.com.au/stores/morwell",
        "services": "Optometry; Audiology",
        "audiology": "true"
      }
    },
    {
      "type": "Feature",
      "geometry": {
        "type": "Point",
        "coordinates": [
          145.19008,
          -37.935715
        ]
      },
      "properties": {
        "id": "3279",
        "name": "Mulgrave - Waverley Gardens",
        "status": "Active",
        "country": "Australia",
        "state": "VIC",
        "city": "Mulgrave",
        "postal_code": "3170",
        "full_address": "Shop 52 Waverley Gardens S/C, Cnr Police &amp; Jackson Road, Mulgrave, VIC, 3170",
        "phone": "(03) 9562 3611",
        "official_url": "https://www.specsavers.com.au/stores/mulgrave",
        "services": "Optometry; Audiology",
        "audiology": "true"
      }
    },
    {
      "type": "Feature",
      "geometry": {
        "type": "Point",
        "coordinates": [
          145.3002,
          -38.067703
        ]
      },
      "properties": {
        "id": "3623",
        "name": "Casey Central",
        "status": "Active",
        "country": "Australia",
        "state": "VIC",
        "city": "Narre Warren",
        "postal_code": "3805",
        "full_address": "Shop 147-148A Casey Central Shopping Centre, 400 Narre Warren Cranbourne Rd, Narre Warren, VIC, 3805",
        "phone": "(03) 9701 7010",
        "official_url": "https://www.specsavers.com.au/stores/caseycentral",
        "services": "Optometry; Audiology",
        "audiology": "true"
      }
    },
    {
      "type": "Feature",
      "geometry": {
        "type": "Point",
        "coordinates": [
          145.30081,
          -38.017136
        ]
      },
      "properties": {
        "id": "3286",
        "name": "Fountain Gate Westfield Lvl 1",
        "status": "Active",
        "country": "Australia",
        "state": "VIC",
        "city": "Narre Warren",
        "postal_code": "3805",
        "full_address": "Shop 1007/352 Princes Highway, Narre Warren, VIC, 3805",
        "phone": "(03) 9704 0286",
        "official_url": "https://www.specsavers.com.au/stores/fountaingate",
        "services": "Optometry; Audiology",
        "audiology": "true"
      }
    },
    {
      "type": "Feature",
      "geometry": {
        "type": "Point",
        "coordinates": [
          145.3027,
          -38.0212
        ]
      },
      "properties": {
        "id": "3507",
        "name": "Fountain Gate Westfield Lvl 2",
        "status": "Active",
        "country": "Australia",
        "state": "VIC",
        "city": "Narre Warren",
        "postal_code": "3805",
        "full_address": "Shop 2091, Level 2, Westfield Fountain Gate, 352 Princes Highway, Narre Warren, VIC, 3805",
        "phone": "(03) 9703 0958",
        "official_url": "https://www.specsavers.com.au/stores/fountaingateeast",
        "services": "Optometry; Audiology",
        "audiology": "true"
      }
    },
    {
      "type": "Feature",
      "geometry": {
        "type": "Point",
        "coordinates": [
          145.15292,
          -37.81132
        ]
      },
      "properties": {
        "id": "3654",
        "name": "Blackburn North",
        "status": "Active",
        "country": "Australia",
        "state": "VIC",
        "city": "North Blackburn",
        "postal_code": "3130",
        "full_address": "Shop T10, Blackburn Square, 66-104 Springfield Road, North Blackburn, VIC, 3130",
        "phone": "(03) 9890 0380",
        "official_url": "https://www.specsavers.com.au/stores/blackburnnorth",
        "services": "Optometry; Audiology",
        "audiology": "true"
      }
    },
    {
      "type": "Feature",
      "geometry": {
        "type": "Point",
        "coordinates": [
          145.00185,
          -37.768192
        ]
      },
      "properties": {
        "id": "3551",
        "name": "Northcote",
        "status": "Active",
        "country": "Australia",
        "state": "VIC",
        "city": "Northcote",
        "postal_code": "3070",
        "full_address": "Northcote Plaza, Shop 27, Northcote, VIC, 3070",
        "phone": "(03) 9486 5233",
        "official_url": "https://www.specsavers.com.au/stores/northcote",
        "services": "Optometry; Audiology",
        "audiology": "true"
      }
    },
    {
      "type": "Feature",
      "geometry": {
        "type": "Point",
        "coordinates": [
          145.09058,
          -37.900936
        ]
      },
      "properties": {
        "id": "3601",
        "name": "Oakleigh Central",
        "status": "Active",
        "country": "Australia",
        "state": "VIC",
        "city": "Oakleigh",
        "postal_code": "3166",
        "full_address": "SP020 Oakleigh Central, 39 Hanover Street, Oakleigh, VIC, 3166",
        "phone": "(03) 9115 4620",
        "official_url": "https://www.specsavers.com.au/stores/oakleigh",
        "services": "Optometry; Audiology",
        "audiology": "true"
      }
    },
    {
      "type": "Feature",
      "geometry": {
        "type": "Point",
        "coordinates": [
          145.48344,
          -38.077503
        ]
      },
      "properties": {
        "id": "3491",
        "name": "Pakenham",
        "status": "Active",
        "country": "Australia",
        "state": "VIC",
        "city": "Pakenham",
        "postal_code": "3810",
        "full_address": "Shop 6, Pakenham Central Marketplace, Cnr Henry St and John Streets, Pakenham, VIC, 3810",
        "phone": "(03) 5941 7425",
        "official_url": "https://www.specsavers.com.au/stores/pakenham",
        "services": "Optometry; Audiology",
        "audiology": "true"
      }
    },
    {
      "type": "Feature",
      "geometry": {
        "type": "Point",
        "coordinates": [
          144.73463,
          -37.883774
        ]
      },
      "properties": {
        "id": "3571",
        "name": "Point Cook Town Centre",
        "status": "Active",
        "country": "Australia",
        "state": "VIC",
        "city": "Point Cook",
        "postal_code": "3030",
        "full_address": "422A Murnong Street, Point Cook, VIC, 3030",
        "phone": "(03) 8375 2044",
        "official_url": "https://www.specsavers.com.au/stores/point-cook",
        "services": "Optometry; Audiology",
        "audiology": "true"
      }
    },
    {
      "type": "Feature",
      "geometry": {
        "type": "Point",
        "coordinates": [
          144.99347,
          -37.8473
        ]
      },
      "properties": {
        "id": "3478",
        "name": "Prahran - Pran Central S/C",
        "status": "Active",
        "country": "Australia",
        "state": "VIC",
        "city": "Prahran",
        "postal_code": "3181",
        "full_address": "Pran Central Shopping Centre, 325 Chapel Street, Prahran, VIC, 3181",
        "phone": "(03) 9510 0099",
        "official_url": "https://www.specsavers.com.au/stores/prahran",
        "services": "Optometry; Audiology",
        "audiology": "true"
      }
    },
    {
      "type": "Feature",
      "geometry": {
        "type": "Point",
        "coordinates": [
          145.03,
          -37.738197
        ]
      },
      "properties": {
        "id": "3306",
        "name": "Preston - Northland S/C",
        "status": "Active",
        "country": "Australia",
        "state": "VIC",
        "city": "Preston",
        "postal_code": "3072",
        "full_address": "Northland Shopping Centre, C015/2 - 50 Murray Road, Preston, VIC, 3072",
        "phone": "(03) 9470 6193",
        "official_url": "https://www.specsavers.com.au/stores/preston",
        "services": "Optometry; Audiology",
        "audiology": "true"
      }
    },
    {
      "type": "Feature",
      "geometry": {
        "type": "Point",
        "coordinates": [
          145.02852,
          -37.724854
        ]
      },
      "properties": {
        "id": "3679",
        "name": "Reservoir",
        "status": "Active",
        "country": "Australia",
        "state": "VIC",
        "city": "Reservoir",
        "postal_code": "3073",
        "full_address": "Shop T19, Summerhill Shopping Centre, 850 Plenty Road, Reservoir, VIC, 3073",
        "phone": "(03) 9459 4408",
        "official_url": "https://www.specsavers.com.au/stores/reservoir",
        "services": "Optometry; Audiology",
        "audiology": "true"
      }
    },
    {
      "type": "Feature",
      "geometry": {
        "type": "Point",
        "coordinates": [
          145.01129,
          -37.81337
        ]
      },
      "properties": {
        "id": "3448",
        "name": "Richmond Victoria Gardens S/C",
        "status": "Active",
        "country": "Australia",
        "state": "VIC",
        "city": "Richmond",
        "postal_code": "3121",
        "full_address": "Shop SP003, Victoria Gardens Shopping Centre, 620 Victoria Street, Richmond, VIC, 3121",
        "phone": "(03) 9421 2430",
        "official_url": "https://www.specsavers.com.au/stores/victoriagardens",
        "services": "Optometry; Audiology",
        "audiology": "true"
      }
    },
    {
      "type": "Feature",
      "geometry": {
        "type": "Point",
        "coordinates": [
          145.22882,
          -37.812992
        ]
      },
      "properties": {
        "id": "3261",
        "name": "Ringwood - Eastland S/C",
        "status": "Active",
        "country": "Australia",
        "state": "VIC",
        "city": "Ringwood",
        "postal_code": "3134",
        "full_address": "Shop 1089/1090, Eastland Shopping Centre, 171/175 Maroondah Highway, Ringwood, VIC, 3134",
        "phone": "(03) 9870 8666",
        "official_url": "https://www.specsavers.com.au/stores/ringwood",
        "services": "Optometry; Audiology",
        "audiology": "true"
      }
    },
    {
      "type": "Feature",
      "geometry": {
        "type": "Point",
        "coordinates": [
          144.89122,
          -38.361275
        ]
      },
      "properties": {
        "id": "3354",
        "name": "Rosebud Plaza S/C",
        "status": "Active",
        "country": "Australia",
        "state": "VIC",
        "city": "Rosebud",
        "postal_code": "3939",
        "full_address": "22/22A, Rosebud Plaza S/C, Boneo Road, Rosebud, VIC, 3939",
        "phone": "(03) 5981 1044",
        "official_url": "https://www.specsavers.com.au/stores/rosebud",
        "services": "Optometry; Audiology",
        "audiology": "true"
      }
    },
    {
      "type": "Feature",
      "geometry": {
        "type": "Point",
        "coordinates": [
          145.23705,
          -37.92073
        ]
      },
      "properties": {
        "id": "3230",
        "name": "Rowville - Stud Park S/C",
        "status": "Active",
        "country": "Australia",
        "state": "VIC",
        "city": "Rowville",
        "postal_code": "3178",
        "full_address": "Shop 37, Stud Park Shopping Center, 1101 Stud Road, Rowville, VIC, 3178",
        "phone": "(03) 9923 7422",
        "official_url": "https://www.specsavers.com.au/stores/rowville",
        "services": "Optometry; Audiology",
        "audiology": "true"
      }
    },
    {
      "type": "Feature",
      "geometry": {
        "type": "Point",
        "coordinates": [
          147.06624,
          -38.107544
        ]
      },
      "properties": {
        "id": "3251",
        "name": "Sale",
        "status": "Active",
        "country": "Australia",
        "state": "VIC",
        "city": "Sale",
        "postal_code": "3850",
        "full_address": "92 Cunninghame St, Sale, VIC, 3850",
        "phone": "(03) 5144 3881",
        "official_url": "https://www.specsavers.com.au/stores/sale",
        "services": "Optometry; Audiology",
        "audiology": "true"
      }
    },
    {
      "type": "Feature",
      "geometry": {
        "type": "Point",
        "coordinates": [
          145.42328,
          -36.38768
        ]
      },
      "properties": {
        "id": "3292",
        "name": "Shepparton Marketplace",
        "status": "Active",
        "country": "Australia",
        "state": "VIC",
        "city": "Shepparton",
        "postal_code": "3630",
        "full_address": "Shepparton Market Place, 110 Benalla Road, Shepparton, VIC, 3630",
        "phone": "(03) 5831 4332",
        "official_url": "https://www.specsavers.com.au/stores/shepparton",
        "services": "Optometry; Audiology",
        "audiology": "true"
      }
    },
    {
      "type": "Feature",
      "geometry": {
        "type": "Point",
        "coordinates": [
          145.40108,
          -36.38111
        ]
      },
      "properties": {
        "id": "3669",
        "name": "Shepparton Maude Street",
        "status": "Active",
        "country": "Australia",
        "state": "VIC",
        "city": "Shepparton",
        "postal_code": "3630",
        "full_address": "Cnr 69 High Street &amp; 237 Maude Street, Shepparton, VIC, 3630",
        "phone": "(03) 5821 0803",
        "official_url": "https://www.specsavers.com.au/stores/shepparton-maude-street",
        "services": "Optometry; Audiology",
        "audiology": "true"
      }
    },
    {
      "type": "Feature",
      "geometry": {
        "type": "Point",
        "coordinates": [
          144.96057,
          -37.833576
        ]
      },
      "properties": {
        "id": "3631",
        "name": "South Melbourne",
        "status": "Active",
        "country": "Australia",
        "state": "VIC",
        "city": "South Melbourne",
        "postal_code": "3205",
        "full_address": "300 Clarendon Street, South Melbourne, VIC, 3205",
        "phone": "(03) 9639 9555",
        "official_url": "https://www.specsavers.com.au/stores/southmelbourne",
        "services": "Optometry; Audiology",
        "audiology": "true"
      }
    },
    {
      "type": "Feature",
      "geometry": {
        "type": "Point",
        "coordinates": [
          142.7812,
          -37.056126
        ]
      },
      "properties": {
        "id": "3327",
        "name": "Stawell",
        "status": "Active",
        "country": "Australia",
        "state": "VIC",
        "city": "Stawell",
        "postal_code": "3380",
        "full_address": "120 Main St, Stawell, VIC, 3380",
        "phone": "(03) 5358 4200",
        "official_url": "https://www.specsavers.com.au/stores/stawell",
        "services": "Optometry",
        "audiology": "false"
      }
    },
    {
      "type": "Feature",
      "geometry": {
        "type": "Point",
        "coordinates": [
          144.72847,
          -37.580593
        ]
      },
      "properties": {
        "id": "3242",
        "name": "Sunbury",
        "status": "Active",
        "country": "Australia",
        "state": "VIC",
        "city": "Sunbury",
        "postal_code": "3429",
        "full_address": "4-6/60-80 Evans Street, Sunbury, VIC, 3429",
        "phone": "(03) 9740 6584",
        "official_url": "https://www.specsavers.com.au/stores/sunbury",
        "services": "Optometry; Audiology",
        "audiology": "true"
      }
    },
    {
      "type": "Feature",
      "geometry": {
        "type": "Point",
        "coordinates": [
          144.83138,
          -37.78072
        ]
      },
      "properties": {
        "id": "3536",
        "name": "Sunshine",
        "status": "Active",
        "country": "Australia",
        "state": "VIC",
        "city": "Sunshine",
        "postal_code": "3020",
        "full_address": "Shop SP016 Sunshine Marketplace, 80 Harvester Road, Sunshine, VIC, 3020",
        "phone": "(03) 9311 8998",
        "official_url": "https://www.specsavers.com.au/stores/sunshine",
        "services": "Optometry; Audiology",
        "audiology": "true"
      }
    },
    {
      "type": "Feature",
      "geometry": {
        "type": "Point",
        "coordinates": [
          143.55974,
          -35.338898
        ]
      },
      "properties": {
        "id": "3683",
        "name": "Swan Hill",
        "status": "Active",
        "country": "Australia",
        "state": "VIC",
        "city": "Swan Hill",
        "postal_code": "3585",
        "full_address": "147-149 Campbell Street, Swan Hill, VIC, 3585",
        "phone": "(03) 4040 3022",
        "official_url": "https://www.specsavers.com.au/stores/swan-hill",
        "services": "Optometry",
        "audiology": "false"
      }
    },
    {
      "type": "Feature",
      "geometry": {
        "type": "Point",
        "coordinates": [
          144.7045,
          -37.84933
        ]
      },
      "properties": {
        "id": "3268",
        "name": "Wyndham Village S/C",
        "status": "Active",
        "country": "Australia",
        "state": "VIC",
        "city": "Tarneit",
        "postal_code": "3029",
        "full_address": "Shop 42 &amp; 44, Wyndham Village Shopping Centre, 380 Sayers Road, Tarneit, VIC, 3029",
        "phone": "(03) 8742 7811",
        "official_url": "https://www.specsavers.com.au/stores/wyndhamvillage",
        "services": "Optometry; Audiology",
        "audiology": "true"
      }
    },
    {
      "type": "Feature",
      "geometry": {
        "type": "Point",
        "coordinates": [
          144.77708,
          -37.699112
        ]
      },
      "properties": {
        "id": "3311",
        "name": "Watergardens Town Centre",
        "status": "Active",
        "country": "Australia",
        "state": "VIC",
        "city": "Taylors Lakes",
        "postal_code": "3038",
        "full_address": "Shop 83 Watergardens Town Centre, 399 Melton Highway, Taylors Lakes, VIC, 3038",
        "phone": "(03) 9390 4638",
        "official_url": "https://www.specsavers.com.au/stores/taylorslakes",
        "services": "Optometry; Audiology",
        "audiology": "true"
      }
    },
    {
      "type": "Feature",
      "geometry": {
        "type": "Point",
        "coordinates": [
          144.32417,
          -38.332237
        ]
      },
      "properties": {
        "id": "3661",
        "name": "Torquay",
        "status": "Active",
        "country": "Australia",
        "state": "VIC",
        "city": "Torquay",
        "postal_code": "3228",
        "full_address": "17 Gilbert Street, Torquay, VIC, 3228",
        "phone": "(03) 4224 9020",
        "official_url": "https://www.specsavers.com.au/stores/torquay",
        "services": "Optometry; Audiology",
        "audiology": "true"
      }
    },
    {
      "type": "Feature",
      "geometry": {
        "type": "Point",
        "coordinates": [
          146.53696,
          -38.195805
        ]
      },
      "properties": {
        "id": "3503",
        "name": "Traralgon",
        "status": "Active",
        "country": "Australia",
        "state": "VIC",
        "city": "Traralgon",
        "postal_code": "3844",
        "full_address": "70 Seymour Street, Traralgon, VIC, 3844",
        "phone": "(03) 5174 5700",
        "official_url": "https://www.specsavers.com.au/stores/traralgon",
        "services": "Optometry; Audiology",
        "audiology": "true"
      }
    },
    {
      "type": "Feature",
      "geometry": {
        "type": "Point",
        "coordinates": [
          146.32552,
          -36.354565
        ]
      },
      "properties": {
        "id": "3596",
        "name": "Wangaratta",
        "status": "Active",
        "country": "Australia",
        "state": "VIC",
        "city": "Wangaratta",
        "postal_code": "3677",
        "full_address": "55 Reid Street, Wangaratta, VIC, 3677",
        "phone": "(03) 4700 2190",
        "official_url": "https://www.specsavers.com.au/stores/wangaratta",
        "services": "Optometry; Audiology",
        "audiology": "true"
      }
    },
    {
      "type": "Feature",
      "geometry": {
        "type": "Point",
        "coordinates": [
          145.23854,
          -37.868576
        ]
      },
      "properties": {
        "id": "3263",
        "name": "Knox City S/C",
        "status": "Active",
        "country": "Australia",
        "state": "VIC",
        "city": "Wantirna South",
        "postal_code": "3152",
        "full_address": "Shop 1077, Westfield Knox S/C, Cnr Burwood Highway &amp; Stud Road, Wantirna South, VIC, 3152",
        "phone": "(03) 9887 5230",
        "official_url": "https://www.specsavers.com.au/stores/knox",
        "services": "Optometry; Audiology",
        "audiology": "true"
      }
    },
    {
      "type": "Feature",
      "geometry": {
        "type": "Point",
        "coordinates": [
          145.932,
          -38.161392
        ]
      },
      "properties": {
        "id": "3467",
        "name": "Warragul",
        "status": "Active",
        "country": "Australia",
        "state": "VIC",
        "city": "Warragul",
        "postal_code": "3820",
        "full_address": "2/66 Smith St, Warragul, VIC, 3820",
        "phone": "(03) 5623 3462",
        "official_url": "https://www.specsavers.com.au/stores/warragul",
        "services": "Optometry; Audiology",
        "audiology": "true"
      }
    },
    {
      "type": "Feature",
      "geometry": {
        "type": "Point",
        "coordinates": [
          142.4842,
          -38.382305
        ]
      },
      "properties": {
        "id": "3297",
        "name": "Warrnambool",
        "status": "Active",
        "country": "Australia",
        "state": "VIC",
        "city": "Warrnambool",
        "postal_code": "3280",
        "full_address": "1/147 Liebig St, Warrnambool, VIC, Warrnambool, VIC, 3280",
        "phone": "(03) 5561 3796",
        "official_url": "https://www.specsavers.com.au/stores/warrnambool",
        "services": "Optometry; Audiology",
        "audiology": "true"
      }
    },
    {
      "type": "Feature",
      "geometry": {
        "type": "Point",
        "coordinates": [
          144.31721,
          -38.199383
        ]
      },
      "properties": {
        "id": "3288",
        "name": "Waurn Ponds S/C",
        "status": "Active",
        "country": "Australia",
        "state": "VIC",
        "city": "Waurn Ponds",
        "postal_code": "3216",
        "full_address": "173 - 199 Pioneer Road, Shop 958 Waurn Ponds Shopping Centre, Waurn Ponds, VIC, 3216",
        "phone": "(03) 5244 0408",
        "official_url": "https://www.specsavers.com.au/stores/waurnponds",
        "services": "Optometry; Audiology",
        "audiology": "true"
      }
    },
    {
      "type": "Feature",
      "geometry": {
        "type": "Point",
        "coordinates": [
          143.82486,
          -37.53536
        ]
      },
      "properties": {
        "id": "3582",
        "name": "Wendouree Stockland",
        "status": "Active",
        "country": "Australia",
        "state": "VIC",
        "city": "Wendouree",
        "postal_code": "3355",
        "full_address": "Shop 75A, Stockland Wendouree Shopping Centre, Norman Street &amp;, Gillies St N, Wendouree, VIC, 3355",
        "phone": "(03) 5339 4955",
        "official_url": "https://www.specsavers.com.au/stores/wendouree",
        "services": "Optometry; Audiology",
        "audiology": "true"
      }
    },
    {
      "type": "Feature",
      "geometry": {
        "type": "Point",
        "coordinates": [
          144.67795,
          -37.874714
        ]
      },
      "properties": {
        "id": "3267",
        "name": "Werribee Pacific",
        "status": "Active",
        "country": "Australia",
        "state": "VIC",
        "city": "Werribee",
        "postal_code": "3030",
        "full_address": "Shop 140, Pacific Werribee, Cnr Derrimut &amp; Heaths Rd, Werribee, VIC, 3030",
        "phone": "(03) 8742 1623",
        "official_url": "https://www.specsavers.com.au/stores/werribee",
        "services": "Optometry; Audiology",
        "audiology": "true"
      }
    },
    {
      "type": "Feature",
      "geometry": {
        "type": "Point",
        "coordinates": [
          145.16226,
          -37.90538
        ]
      },
      "properties": {
        "id": "3281",
        "name": "Wheelers Hill - Brandon Park",
        "status": "Active",
        "country": "Australia",
        "state": "VIC",
        "city": "Wheelers Hill",
        "postal_code": "3150",
        "full_address": "SP031 Brandon Park Drive, Wheelers Hill, VIC, 3150",
        "phone": "(03) 9562 5311",
        "official_url": "https://www.specsavers.com.au/stores/wheelershill",
        "services": "Optometry; Audiology",
        "audiology": "true"
      }
    },
    {
      "type": "Feature",
      "geometry": {
        "type": "Point",
        "coordinates": [
          146.88194,
          -36.12107
        ]
      },
      "properties": {
        "id": "3422",
        "name": "Wodonga Plaza",
        "status": "Active",
        "country": "Australia",
        "state": "VIC",
        "city": "Wodonga",
        "postal_code": "3690",
        "full_address": "039/51-57 Elgin Street, Wodonga Plaza, Wodonga, VIC, 3690",
        "phone": "(02) 6024 1267",
        "official_url": "https://www.specsavers.com.au/stores/wodonga",
        "services": "Optometry; Audiology",
        "audiology": "true"
      }
    },
    {
      "type": "Feature",
      "geometry": {
        "type": "Point",
        "coordinates": [
          145.59015,
          -38.60597
        ]
      },
      "properties": {
        "id": "3609",
        "name": "Wonthaggi",
        "status": "Active",
        "country": "Australia",
        "state": "VIC",
        "city": "Wonthaggi",
        "postal_code": "3995",
        "full_address": "128 Graham St, Wonthaggi, VIC, 3995",
        "phone": "(03) 9115 4629",
        "official_url": "https://www.specsavers.com.au/stores/wonthaggi",
        "services": "Optometry; Audiology",
        "audiology": "true"
      }
    },
    {
      "type": "Feature",
      "geometry": {
        "type": "Point",
        "coordinates": [
          117.883705,
          -35.021408
        ]
      },
      "properties": {
        "id": "3577",
        "name": "Albany",
        "status": "Active",
        "country": "Australia",
        "state": "WA",
        "city": "Albany",
        "postal_code": "6330",
        "full_address": "284 York Street, Albany, WA, 6330",
        "phone": "(08) 9841 2377",
        "official_url": "https://www.specsavers.com.au/stores/albany",
        "services": "Optometry; Audiology",
        "audiology": "true"
      }
    },
    {
      "type": "Feature",
      "geometry": {
        "type": "Point",
        "coordinates": [
          116.015,
          -32.152008
        ]
      },
      "properties": {
        "id": "3236",
        "name": "Armadale",
        "status": "Active",
        "country": "Australia",
        "state": "WA",
        "city": "Armadale",
        "postal_code": "6112",
        "full_address": "shop 15/10 Orchard Avenue, Armadale, WA, 6112",
        "phone": "(08) 9399 4222",
        "official_url": "https://www.specsavers.com.au/stores/armadale",
        "services": "Optometry; Audiology",
        "audiology": "true"
      }
    },
    {
      "type": "Feature",
      "geometry": {
        "type": "Point",
        "coordinates": [
          115.81641,
          -32.33328
        ]
      },
      "properties": {
        "id": "3555",
        "name": "Baldivis",
        "status": "Active",
        "country": "Australia",
        "state": "WA",
        "city": "Baldivis",
        "postal_code": "6171",
        "full_address": "Shop 54 Stockland Baldivis, Lot 26 Safety Bay Road, Baldivis, WA, 6171",
        "phone": "(08) 9523 2252",
        "official_url": "https://www.specsavers.com.au/stores/baldivis",
        "services": "Optometry; Audiology",
        "audiology": "true"
      }
    },
    {
      "type": "Feature",
      "geometry": {
        "type": "Point",
        "coordinates": [
          115.83427,
          -32.03357
        ]
      },
      "properties": {
        "id": "3429",
        "name": "Booragoon Westfield",
        "status": "Active",
        "country": "Australia",
        "state": "WA",
        "city": "Booragoon",
        "postal_code": "6154",
        "full_address": "Shop 5B, Westfield Garden City S/C, 125 Riseley Street, Booragoon, WA, 6154",
        "phone": "(08) 9316 3058",
        "official_url": "https://www.specsavers.com.au/stores/booragoon",
        "services": "Optometry",
        "audiology": "false"
      }
    },
    {
      "type": "Feature",
      "geometry": {
        "type": "Point",
        "coordinates": [
          115.64025,
          -33.32612
        ]
      },
      "properties": {
        "id": "3441",
        "name": "Bunbury Centrepoint S/C",
        "status": "Active",
        "country": "Australia",
        "state": "WA",
        "city": "Bunbury",
        "postal_code": "6230",
        "full_address": "Shop 18,19/20, Bunbury Centrepoint S/C, Blair Street, Bunbury, WA, 6230",
        "phone": "(08) 9721 2135",
        "official_url": "https://www.specsavers.com.au/stores/bunbury",
        "services": "Optometry; Audiology",
        "audiology": "true"
      }
    },
    {
      "type": "Feature",
      "geometry": {
        "type": "Point",
        "coordinates": [
          115.34346,
          -33.651566
        ]
      },
      "properties": {
        "id": "3226",
        "name": "Busselton",
        "status": "Active",
        "country": "Australia",
        "state": "WA",
        "city": "Busselton",
        "postal_code": "6280",
        "full_address": "1/18 Prince St, Busselton, WA, 6280",
        "phone": "(08) 9752 1644",
        "official_url": "https://www.specsavers.com.au/stores/busselton",
        "services": "Optometry; Audiology",
        "audiology": "true"
      }
    },
    {
      "type": "Feature",
      "geometry": {
        "type": "Point",
        "coordinates": [
          115.69938,
          -31.636776
        ]
      },
      "properties": {
        "id": "3665",
        "name": "Butler",
        "status": "Active",
        "country": "Australia",
        "state": "WA",
        "city": "Butler",
        "postal_code": "6036",
        "full_address": "T18-19A Butler Central, 150 Butler Boulevard, Butler, WA, 6036",
        "phone": "(08) 9548 9004",
        "official_url": "https://www.specsavers.com.au/stores/butler",
        "services": "Optometry; Audiology",
        "audiology": "true"
      }
    },
    {
      "type": "Feature",
      "geometry": {
        "type": "Point",
        "coordinates": [
          115.91723,
          -32.08554
        ]
      },
      "properties": {
        "id": "3366",
        "name": "Livingston Marketplace",
        "status": "Active",
        "country": "Australia",
        "state": "WA",
        "city": "Canning Vale",
        "postal_code": "6155",
        "full_address": "Shop 41, Livingston Marketplace S/C, Cnr Ranford &amp; Nicholson Roads, Canning Vale, WA, 6155",
        "phone": "(08) 9456 5560",
        "official_url": "https://www.specsavers.com.au/stores/livingston",
        "services": "Optometry; Audiology",
        "audiology": "true"
      }
    },
    {
      "type": "Feature",
      "geometry": {
        "type": "Point",
        "coordinates": [
          115.93651,
          -32.018505
        ]
      },
      "properties": {
        "id": "3349",
        "name": "Carousel Westfield",
        "status": "Active",
        "country": "Australia",
        "state": "WA",
        "city": "Cannington",
        "postal_code": "6107",
        "full_address": "Westfield Carousel, Shop 1177, Cannington, WA, 6107",
        "phone": "(08) 9451 6880",
        "official_url": "https://www.specsavers.com.au/stores/carousel",
        "services": "Optometry; Audiology",
        "audiology": "true"
      }
    },
    {
      "type": "Feature",
      "geometry": {
        "type": "Point",
        "coordinates": [
          115.71802,
          -31.690157
        ]
      },
      "properties": {
        "id": "3287",
        "name": "Clarkson Ocean Keys S/C",
        "status": "Active",
        "country": "Australia",
        "state": "WA",
        "city": "Clarkson",
        "postal_code": "6030",
        "full_address": "Shop 133, Ocean Keys Shopping Centre, 36 Ocean Keys Boulevard, Clarkson, WA, 6030",
        "phone": "(08) 9407 7023",
        "official_url": "https://www.specsavers.com.au/stores/clarkson",
        "services": "Optometry; Audiology",
        "audiology": "true"
      }
    },
    {
      "type": "Feature",
      "geometry": {
        "type": "Point",
        "coordinates": [
          115.93483,
          -31.96519
        ]
      },
      "properties": {
        "id": "3249",
        "name": "Belmont Forum",
        "status": "Active",
        "country": "Australia",
        "state": "WA",
        "city": "Cloverdale",
        "postal_code": "6105",
        "full_address": "Shop 24 Belmont Forum Shopping Centre, 227 Belmont Avenue, Cloverdale, WA, 6105",
        "phone": "(08) 9277 7361",
        "official_url": "https://www.specsavers.com.au/stores/belmontforum",
        "services": "Optometry; Audiology",
        "audiology": "true"
      }
    },
    {
      "type": "Feature",
      "geometry": {
        "type": "Point",
        "coordinates": [
          115.739525,
          -31.741562
        ]
      },
      "properties": {
        "id": "3688",
        "name": "Currambine",
        "status": "Active",
        "country": "Australia",
        "state": "WA",
        "city": "Currambine",
        "postal_code": "6028",
        "full_address": "SP013 Currrambine Central, 1244 Marmion Avenue, Currambine, WA, 6028",
        "phone": "(08) 6300 3333",
        "official_url": "https://www.specsavers.com.au/stores/currambine",
        "services": "Optometry; Audiology",
        "audiology": "true"
      }
    },
    {
      "type": "Feature",
      "geometry": {
        "type": "Point",
        "coordinates": [
          115.71923,
          -33.320248
        ]
      },
      "properties": {
        "id": "3452",
        "name": "Eaton Fair S/C",
        "status": "Active",
        "country": "Australia",
        "state": "WA",
        "city": "Eaton",
        "postal_code": "6232",
        "full_address": "Shop 21, Eaton Fair Shopping Centre, Cnr Eaton &amp; Recreation Drive, Eaton, WA, 6232",
        "phone": "(08) 9725 3542",
        "official_url": "https://www.specsavers.com.au/stores/eaton",
        "services": "Optometry; Audiology",
        "audiology": "true"
      }
    },
    {
      "type": "Feature",
      "geometry": {
        "type": "Point",
        "coordinates": [
          115.971245,
          -31.782362
        ]
      },
      "properties": {
        "id": "3486",
        "name": "Ellenbrook Central",
        "status": "Active",
        "country": "Australia",
        "state": "WA",
        "city": "Ellenbrook",
        "postal_code": "6069",
        "full_address": "G-087 Ellenbrook Central, Cnr The Promenade &amp; Pinaster Pde, Ellenbrook, WA, 6069",
        "phone": "(08) 6296 5588",
        "official_url": "https://www.specsavers.com.au/stores/ellenbrook",
        "services": "Optometry; Audiology",
        "audiology": "true"
      }
    },
    {
      "type": "Feature",
      "geometry": {
        "type": "Point",
        "coordinates": [
          115.74713,
          -32.054436
        ]
      },
      "properties": {
        "id": "3424",
        "name": "Fremantle",
        "status": "Active",
        "country": "Australia",
        "state": "WA",
        "city": "Fremantle",
        "postal_code": "6160",
        "full_address": "Manning Arcade, GT25, 131-135 High Street, Fremantle, WA, 6160",
        "phone": "(08) 9335 1388",
        "official_url": "https://www.specsavers.com.au/stores/fremantle",
        "services": "Optometry; Audiology",
        "audiology": "true"
      }
    },
    {
      "type": "Feature",
      "geometry": {
        "type": "Point",
        "coordinates": [
          114.61191,
          -28.774824
        ]
      },
      "properties": {
        "id": "3535",
        "name": "Geraldton",
        "status": "Active",
        "country": "Australia",
        "state": "WA",
        "city": "Geraldton",
        "postal_code": "6530",
        "full_address": "Shop SP024 Stirlings Central, 54 Sanford Street, Geraldton, WA, 6530",
        "phone": "(08) 9964 7555",
        "official_url": "https://www.specsavers.com.au/stores/geraldton",
        "services": "Optometry",
        "audiology": "false"
      }
    },
    {
      "type": "Feature",
      "geometry": {
        "type": "Point",
        "coordinates": [
          115.70199,
          -32.550304
        ]
      },
      "properties": {
        "id": "3579",
        "name": "Halls Head",
        "status": "Active",
        "country": "Australia",
        "state": "WA",
        "city": "Halls Head",
        "postal_code": "6210",
        "full_address": "Shop SP041 &amp; Portion of SP042 Halls Head Central, 14 Guava Way, Halls Head, WA, 6210",
        "phone": "(08) 9534 7755",
        "official_url": "https://www.specsavers.com.au/stores/hallshead",
        "services": "Optometry; Audiology",
        "audiology": "true"
      }
    },
    {
      "type": "Feature",
      "geometry": {
        "type": "Point",
        "coordinates": [
          115.9266,
          -32.127598
        ]
      },
      "properties": {
        "id": "3649",
        "name": "Harrisdale",
        "status": "Active",
        "country": "Australia",
        "state": "WA",
        "city": "Harrisdale",
        "postal_code": "6112",
        "full_address": "Corner Nicholson Rd &amp; Yellowwood Ave, Harrisdale Stockland S/C, Harrisdale, WA, 6112",
        "phone": "(08) 9451 7981",
        "official_url": "https://www.specsavers.com.au/stores/harrisdale",
        "services": "Optometry; Audiology",
        "audiology": "true"
      }
    },
    {
      "type": "Feature",
      "geometry": {
        "type": "Point",
        "coordinates": [
          115.74951,
          -31.796915
        ]
      },
      "properties": {
        "id": "3364",
        "name": "Whitford Westfield City",
        "status": "Active",
        "country": "Australia",
        "state": "WA",
        "city": "Hillarys",
        "postal_code": "6025",
        "full_address": "Westfield Whitford City, Shop 216, Cnr Marmion &amp; Whitfords Avenue, Hillarys, WA, 6025",
        "phone": "(08) 9401 5022",
        "official_url": "https://www.specsavers.com.au/stores/whitford",
        "services": "Optometry; Audiology",
        "audiology": "true"
      }
    },
    {
      "type": "Feature",
      "geometry": {
        "type": "Point",
        "coordinates": [
          115.799706,
          -31.901112
        ]
      },
      "properties": {
        "id": "3473",
        "name": "Innaloo Westfield",
        "status": "Active",
        "country": "Australia",
        "state": "WA",
        "city": "Innaloo",
        "postal_code": "6018",
        "full_address": "Innaloo Westfield, Ellen Stirling Boulevard, Innaloo, WA, 6018",
        "phone": "(08) 9204 1336",
        "official_url": "https://www.specsavers.com.au/stores/innaloo",
        "services": "Optometry; Audiology",
        "audiology": "true"
      }
    },
    {
      "type": "Feature",
      "geometry": {
        "type": "Point",
        "coordinates": [
          115.76625,
          -31.74256
        ]
      },
      "properties": {
        "id": "3247",
        "name": "Joondalup Lakeside S/City",
        "status": "Active",
        "country": "Australia",
        "state": "WA",
        "city": "Joondalup",
        "postal_code": "6027",
        "full_address": "420 Joondalup Drive, Shop T015, Lakeside Joondalup Shopping City, Joondalup, WA, 6027",
        "phone": "(08) 9300 9033",
        "official_url": "https://www.specsavers.com.au/stores/joondalup",
        "services": "Optometry; Audiology",
        "audiology": "true"
      }
    },
    {
      "type": "Feature",
      "geometry": {
        "type": "Point",
        "coordinates": [
          116.0597,
          -31.97244
        ]
      },
      "properties": {
        "id": "3237",
        "name": "Kalamunda Central",
        "status": "Active",
        "country": "Australia",
        "state": "WA",
        "city": "Kalamunda",
        "postal_code": "6076",
        "full_address": "SP010 Centro Kalamunda, 39 Railway Road, Kalamunda, WA, 6076",
        "phone": "(08) 9293 1820",
        "official_url": "https://www.specsavers.com.au/stores/kalamunda",
        "services": "Optometry; Audiology",
        "audiology": "true"
      }
    },
    {
      "type": "Feature",
      "geometry": {
        "type": "Point",
        "coordinates": [
          121.47,
          -30.749153
        ]
      },
      "properties": {
        "id": "3493",
        "name": "Kalgoorlie Woolworths Centre",
        "status": "Active",
        "country": "Australia",
        "state": "WA",
        "city": "Kalgoorlie",
        "postal_code": "6430",
        "full_address": "Kalgoorlie Plaza S/C, 8/340 Hannan St, Kalgoorlie, WA, 6430",
        "phone": "(08) 9021 2037",
        "official_url": "https://www.specsavers.com.au/stores/kalgoorlie",
        "services": "Optometry",
        "audiology": "false"
      }
    },
    {
      "type": "Feature",
      "geometry": {
        "type": "Point",
        "coordinates": [
          115.886055,
          -32.010624
        ]
      },
      "properties": {
        "id": "3231",
        "name": "Waterford Village Green",
        "status": "Active",
        "country": "Australia",
        "state": "WA",
        "city": "Karawara",
        "postal_code": "6152",
        "full_address": "Shop 10, Village Green, 230 Manning Rd, Karawara, WA, 6152",
        "phone": "(08) 9313 1433",
        "official_url": "https://www.specsavers.com.au/stores/waterford",
        "services": "Optometry",
        "audiology": "false"
      }
    },
    {
      "type": "Feature",
      "geometry": {
        "type": "Point",
        "coordinates": [
          116.84618,
          -20.73569
        ]
      },
      "properties": {
        "id": "3686",
        "name": "Karratha",
        "status": "Active",
        "country": "Australia",
        "state": "WA",
        "city": "Karratha",
        "postal_code": "6714",
        "full_address": "SP007 Karratha City Plaza, 16 Sharpe Avenue, Karratha, WA, 6714",
        "phone": "(08) 9112 1011",
        "official_url": "https://www.specsavers.com.au/stores/karratha",
        "services": "Optometry",
        "audiology": "false"
      }
    },
    {
      "type": "Feature",
      "geometry": {
        "type": "Point",
        "coordinates": [
          115.77818,
          -31.877384
        ]
      },
      "properties": {
        "id": "3436",
        "name": "Karrinyup S/C",
        "status": "Active",
        "country": "Australia",
        "state": "WA",
        "city": "Karrinyup",
        "postal_code": "6018",
        "full_address": "200 Karrinyup Road, SPO230/1 Karrinyup Shopping Centre, Karrinyup, WA, 6018",
        "phone": "(08) 9446 6211",
        "official_url": "https://www.specsavers.com.au/stores/karrinyup",
        "services": "Optometry; Audiology",
        "audiology": "true"
      }
    },
    {
      "type": "Feature",
      "geometry": {
        "type": "Point",
        "coordinates": [
          115.81453,
          -32.245247
        ]
      },
      "properties": {
        "id": "3615",
        "name": "Kwinana",
        "status": "Active",
        "country": "Australia",
        "state": "WA",
        "city": "Kwinana Town Centre",
        "postal_code": "6167",
        "full_address": "Shop 81 Kwinana Marketplace, 4 Chisham Avenue, Kwinana Town Centre, WA, 6167",
        "phone": "(08) 6197 7208",
        "official_url": "https://www.specsavers.com.au/stores/kwinana",
        "services": "Optometry; Audiology",
        "audiology": "true"
      }
    },
    {
      "type": "Feature",
      "geometry": {
        "type": "Point",
        "coordinates": [
          115.760254,
          -32.47093
        ]
      },
      "properties": {
        "id": "3676",
        "name": "Lakelands",
        "status": "Active",
        "country": "Australia",
        "state": "WA",
        "city": "Lakelands",
        "postal_code": "6180",
        "full_address": "Shop 22-23 Lakelands Shopping Centre, Mandurah Road, Lakelands, WA, 6180",
        "phone": "(08) 9523 1191",
        "official_url": "https://www.specsavers.com.au/stores/lakelands",
        "services": "Optometry; Audiology",
        "audiology": "true"
      }
    },
    {
      "type": "Feature",
      "geometry": {
        "type": "Point",
        "coordinates": [
          115.97833,
          -32.05306
        ]
      },
      "properties": {
        "id": "3433",
        "name": "Maddington Centro S/C",
        "status": "Active",
        "country": "Australia",
        "state": "WA",
        "city": "Maddington",
        "postal_code": "6109",
        "full_address": "SP054, Centro Maddington S/C, 43 Attfield Street, Maddington, WA, 6109",
        "phone": "(08) 9459 6182",
        "official_url": "https://www.specsavers.com.au/stores/maddington",
        "services": "Optometry; Audiology",
        "audiology": "true"
      }
    },
    {
      "type": "Feature",
      "geometry": {
        "type": "Point",
        "coordinates": [
          115.823425,
          -31.818182
        ]
      },
      "properties": {
        "id": "3451",
        "name": "Madeley Kingsway City S/C",
        "status": "Active",
        "country": "Australia",
        "state": "WA",
        "city": "Madeley",
        "postal_code": "6065",
        "full_address": "46/168 Wanneroo Road, Shop 17/18a, Madeley, WA, 6065",
        "phone": "(08) 9309 1344",
        "official_url": "https://www.specsavers.com.au/stores/madeley",
        "services": "Optometry; Audiology",
        "audiology": "true"
      }
    },
    {
      "type": "Feature",
      "geometry": {
        "type": "Point",
        "coordinates": [
          115.74203,
          -32.53552
        ]
      },
      "properties": {
        "id": "3553",
        "name": "Mandurah Forum",
        "status": "Active",
        "country": "Australia",
        "state": "WA",
        "city": "Mandurah",
        "postal_code": "6210",
        "full_address": "Shop 142, Mandurah Forum, 330 Pinjarra Road, Mandurah, WA, 6210",
        "phone": "(08) 9535 2988",
        "official_url": "https://www.specsavers.com.au/stores/mandurahforum",
        "services": "Optometry; Audiology",
        "audiology": "true"
      }
    },
    {
      "type": "Feature",
      "geometry": {
        "type": "Point",
        "coordinates": [
          116.14611,
          -34.242504
        ]
      },
      "properties": {
        "id": "3227",
        "name": "Manjimup",
        "status": "Active",
        "country": "Australia",
        "state": "WA",
        "city": "Manjimup",
        "postal_code": "6258",
        "full_address": "56 Giblett St, Manjimup, WA, 6258",
        "phone": "(08) 9777 1699",
        "official_url": "https://www.specsavers.com.au/stores/manjimup",
        "services": "Optometry",
        "audiology": "false"
      }
    },
    {
      "type": "Feature",
      "geometry": {
        "type": "Point",
        "coordinates": [
          116.00343,
          -31.889307
        ]
      },
      "properties": {
        "id": "3238",
        "name": "Midland - The Crescent",
        "status": "Active",
        "country": "Australia",
        "state": "WA",
        "city": "Midland",
        "postal_code": "6056",
        "full_address": "1 The Crescent, Midland, WA, 6056",
        "phone": "(08) 9274 3193",
        "official_url": "https://www.specsavers.com.au/stores/midland",
        "services": "Optometry; Audiology",
        "audiology": "true"
      }
    },
    {
      "type": "Feature",
      "geometry": {
        "type": "Point",
        "coordinates": [
          116.01107,
          -31.890009
        ]
      },
      "properties": {
        "id": "3504",
        "name": "Midland Gate S/C",
        "status": "Active",
        "country": "Australia",
        "state": "WA",
        "city": "Midland",
        "postal_code": "6056",
        "full_address": "Shop T008 &amp; T009 274 Great Eastern Highway, Midland Gate Shopping Centre, Midland, WA, 6056",
        "phone": "(08) 9250 6311",
        "official_url": "https://www.specsavers.com.au/stores/midlandgate",
        "services": "Optometry; Audiology",
        "audiology": "true"
      }
    },
    {
      "type": "Feature",
      "geometry": {
        "type": "Point",
        "coordinates": [
          115.862495,
          -31.871145
        ]
      },
      "properties": {
        "id": "3365",
        "name": "Mirrabooka Square S/C",
        "status": "Active",
        "country": "Australia",
        "state": "WA",
        "city": "Mirrabooka",
        "postal_code": "6061",
        "full_address": "Shop G083, Mirrabooka Square S/C, 43 Yirrigan Drive, Mirrabooka, WA, 6061",
        "phone": "(08) 9440 0503",
        "official_url": "https://www.specsavers.com.au/stores/mirrabooka",
        "services": "Optometry; Audiology",
        "audiology": "true"
      }
    },
    {
      "type": "Feature",
      "geometry": {
        "type": "Point",
        "coordinates": [
          115.90048,
          -31.898739
        ]
      },
      "properties": {
        "id": "3554",
        "name": "Morley Galleria Ground Floor",
        "status": "Active",
        "country": "Australia",
        "state": "WA",
        "city": "Morley",
        "postal_code": "6062",
        "full_address": "Shop SP046, Galleria Shopping Centre, Cnr Collier &amp; Walter Roads, Morley, WA, 6062",
        "phone": "(08) 9275 4111",
        "official_url": "https://www.specsavers.com.au/stores/morleysouth",
        "services": "Optometry; Audiology",
        "audiology": "true"
      }
    },
    {
      "type": "Feature",
      "geometry": {
        "type": "Point",
        "coordinates": [
          116.672295,
          -31.654139
        ]
      },
      "properties": {
        "id": "3617",
        "name": "Northam",
        "status": "Active",
        "country": "Australia",
        "state": "WA",
        "city": "Northam",
        "postal_code": "6401",
        "full_address": "Shop T22, Northam Boulevard Shopping Center, Northam, WA, 6401",
        "phone": "(08) 9670 3666",
        "official_url": "https://www.specsavers.com.au/stores/northam",
        "services": "Optometry",
        "audiology": "false"
      }
    },
    {
      "type": "Feature",
      "geometry": {
        "type": "Point",
        "coordinates": [
          115.85338,
          -31.952927
        ]
      },
      "properties": {
        "id": "3239",
        "name": "Perth CBD - Cloisters",
        "status": "Active",
        "country": "Australia",
        "state": "WA",
        "city": "Perth",
        "postal_code": "6000",
        "full_address": "200 Saint Georges Terrace, Suite 4, Cloisters Square, Perth, WA, 6000",
        "phone": "(08) 9321 9576",
        "official_url": "https://www.specsavers.com.au/stores/perthterrace",
        "services": "Optometry",
        "audiology": "false"
      }
    },
    {
      "type": "Feature",
      "geometry": {
        "type": "Point",
        "coordinates": [
          115.85913,
          -31.95301
        ]
      },
      "properties": {
        "id": "3481",
        "name": "Perth CBD - Murray St Mall",
        "status": "Active",
        "country": "Australia",
        "state": "WA",
        "city": "Perth",
        "postal_code": "6000",
        "full_address": "Ground Floor, 159 Murray Street Mall, 97-99 Barrack Street, Perth, WA, 6000",
        "phone": "(08) 9202 1280",
        "official_url": "https://www.specsavers.com.au/stores/perthmurraystmall",
        "services": "Optometry",
        "audiology": "false"
      }
    },
    {
      "type": "Feature",
      "geometry": {
        "type": "Point",
        "coordinates": [
          115.90556,
          -32.039955
        ]
      },
      "properties": {
        "id": "3443",
        "name": "Riverton Stockland",
        "status": "Active",
        "country": "Australia",
        "state": "WA",
        "city": "Riverton",
        "postal_code": "6148",
        "full_address": "Shop 11 &amp; 11B Riverton Forum Shopping Centre, Cnr High Road &amp; Willeri Drive, Riverton, WA, 6148",
        "phone": "(08) 9259 4053",
        "official_url": "https://www.specsavers.com.au/stores/riverton",
        "services": "Optometry; Audiology",
        "audiology": "true"
      }
    },
    {
      "type": "Feature",
      "geometry": {
        "type": "Point",
        "coordinates": [
          115.74285,
          -32.290062
        ]
      },
      "properties": {
        "id": "3228",
        "name": "Rockingham S/C",
        "status": "Active",
        "country": "Australia",
        "state": "WA",
        "city": "Rockingham",
        "postal_code": "6168",
        "full_address": "Shop T138, 1 Council Ave, Rockingham, WA, 6168",
        "phone": "(08) 9527 5122",
        "official_url": "https://www.specsavers.com.au/stores/rockingham",
        "services": "Optometry; Audiology",
        "audiology": "true"
      }
    },
    {
      "type": "Feature",
      "geometry": {
        "type": "Point",
        "coordinates": [
          115.78342,
          -32.098
        ]
      },
      "properties": {
        "id": "3464",
        "name": "Spearwood - Phoenix S/C",
        "status": "Active",
        "country": "Australia",
        "state": "WA",
        "city": "Spearwood",
        "postal_code": "6163",
        "full_address": "28/254 Rockingham Rd, Spearwood, WA, 6163",
        "phone": "(08) 9418 1242",
        "official_url": "https://www.specsavers.com.au/stores/spearwood",
        "services": "Optometry; Audiology",
        "audiology": "true"
      }
    },
    {
      "type": "Feature",
      "geometry": {
        "type": "Point",
        "coordinates": [
          115.82391,
          -31.945864
        ]
      },
      "properties": {
        "id": "3644",
        "name": "Subiaco",
        "status": "Active",
        "country": "Australia",
        "state": "WA",
        "city": "Subiaco",
        "postal_code": "6008",
        "full_address": "Shop 13, Rogerson Building, 1 Rokeby Road, Subiaco, WA, 6008",
        "phone": "(08) 9335 1165",
        "official_url": "https://www.specsavers.com.au/stores/subiaco",
        "services": "Optometry; Audiology",
        "audiology": "true"
      }
    },
    {
      "type": "Feature",
      "geometry": {
        "type": "Point",
        "coordinates": [
          115.85778,
          -32.132576
        ]
      },
      "properties": {
        "id": "3434",
        "name": "Success - Cockburn Gateway S/C",
        "status": "Active",
        "country": "Australia",
        "state": "WA",
        "city": "Success",
        "postal_code": "6164",
        "full_address": "Shop G105 Cockburn Gateway S/C, 816 Beelier Drive, Success, WA, 6164",
        "phone": "(08) 9499 4699",
        "official_url": "https://www.specsavers.com.au/stores/success",
        "services": "Optometry; Audiology",
        "audiology": "true"
      }
    },
    {
      "type": "Feature",
      "geometry": {
        "type": "Point",
        "coordinates": [
          115.89793,
          -31.973694
        ]
      },
      "properties": {
        "id": "3234",
        "name": "Victoria Park Central",
        "status": "Active",
        "country": "Australia",
        "state": "WA",
        "city": "Victoria Park",
        "postal_code": "6100",
        "full_address": "Shop SP020 &amp; SP021,  Victoria Park Central, 366 Albany Highway, Victoria Park, WA, 6100",
        "phone": "(08) 9472 4848",
        "official_url": "https://www.specsavers.com.au/stores/victoriapark",
        "services": "Optometry; Audiology",
        "audiology": "true"
      }
    },
    {
      "type": "Feature",
      "geometry": {
        "type": "Point",
        "coordinates": [
          115.805084,
          -31.75297
        ]
      },
      "properties": {
        "id": "3472",
        "name": "Wanneroo Central",
        "status": "Active",
        "country": "Australia",
        "state": "WA",
        "city": "Wanneroo",
        "postal_code": "6065",
        "full_address": "Shop 24 &amp; 25, Wanneroo Central, Wanneroo Road, Wanneroo, WA, 6065",
        "phone": "(08) 9404 8271",
        "official_url": "https://www.specsavers.com.au/stores/wanneroo",
        "services": "Optometry; Audiology",
        "audiology": "true"
      }
    },
    {
      "type": "Feature",
      "geometry": {
        "type": "Point",
        "coordinates": [
          115.762856,
          -32.346214
        ]
      },
      "properties": {
        "id": "3492",
        "name": "Warnbro Centre",
        "status": "Active",
        "country": "Australia",
        "state": "WA",
        "city": "Warnbro",
        "postal_code": "6169",
        "full_address": "Shop SP021 Warnbro Centre, 206 Warnbro Sound Avenue, Warnbro, WA, 6169",
        "phone": "(08) 9593 1488",
        "official_url": "https://www.specsavers.com.au/stores/warnbro",
        "services": "Optometry; Audiology",
        "audiology": "true"
      }
    },
    {
      "type": "Feature",
      "geometry": {
        "type": "Point",
        "coordinates": [
          115.81181,
          -31.844387
        ]
      },
      "properties": {
        "id": "3462",
        "name": "Warwick Grove",
        "status": "Active",
        "country": "Australia",
        "state": "WA",
        "city": "Warwick",
        "postal_code": "6024",
        "full_address": "Shop SP010 Warwick Grove, Beach Road, Warwick, WA, 6024",
        "phone": "(08) 9203 8300",
        "official_url": "https://www.specsavers.com.au/stores/warwick",
        "services": "Optometry; Audiology",
        "audiology": "true"
      }
    },
    {
      "type": "Feature",
      "geometry": {
        "type": "Point",
        "coordinates": [
          115.87984,
          -32.05742
        ]
      },
      "properties": {
        "id": "3395",
        "name": "Willetton-Southlands Blvd",
        "status": "Active",
        "country": "Australia",
        "state": "WA",
        "city": "Willetton",
        "postal_code": "6155",
        "full_address": "Shop T48, HomeCo. Southlands Boulevarde, 45 Burrendah Boulevard, Willetton, WA, 6155",
        "phone": "(08) 9332 5111",
        "official_url": "https://www.specsavers.com.au/stores/willetton",
        "services": "Optometry; Audiology",
        "audiology": "true"
      }
    },
    {
      "type": "Feature",
      "geometry": {
        "type": "Point",
        "coordinates": [
          115.83141,
          -32.0588
        ]
      },
      "properties": {
        "id": "3229",
        "name": "Winthrop Village S/C",
        "status": "Active",
        "country": "Australia",
        "state": "WA",
        "city": "Winthrop",
        "postal_code": "6150",
        "full_address": "7/46-50 Somerville Boulevard, Winthrop Village Shopping Centre, Winthrop, WA, 6150",
        "phone": "(08) 9310 5488",
        "official_url": "https://www.specsavers.com.au/stores/winthrop-village",
        "services": "Optometry; Audiology",
        "audiology": "true"
      }
    },
    {
      "type": "Feature",
      "geometry": {
        "type": "Point",
        "coordinates": [
          115.8471,
          -31.910635
        ]
      },
      "properties": {
        "id": "3435",
        "name": "Yokine - Dog Swamp S/C",
        "status": "Active",
        "country": "Australia",
        "state": "WA",
        "city": "Yokine",
        "postal_code": "6060",
        "full_address": "Shop 13 - 15, Dog Swamp Shopping Centre, 6 Wanneroo Road, Yokine, WA, 6060",
        "phone": "(08) 9444 5299",
        "official_url": "https://www.specsavers.com.au/stores/yokine",
        "services": "Optometry; Audiology",
        "audiology": "true"
      }
    }
  ]
}
