{
  "type": "FeatureCollection",
  "metadata": {
    "name": "Australian Optical Retail Network",
    "store_count": 802,
    "source_freshness": {
      "OPSM": "2026-07-23T00:26:21+00:00",
      "Specsavers": "2026-07-23T00:53:33.174Z",
      "Bailey Nelson": "2026-07-23T01:01:27+00:00"
    },
    "retailer_counts": {
      "Bailey Nelson": 68,
      "OPSM": 335,
      "Specsavers": 399
    },
    "classification_types": [
      "Shopping Centre",
      "Main Street / Street-front",
      "Other",
      "Unclassified"
    ]
  },
  "features": [
    {
      "type": "Feature",
      "geometry": {
        "type": "Point",
        "coordinates": [
          149.065097,
          -35.2381903
        ]
      },
      "properties": {
        "retailer": "Bailey Nelson",
        "store_id": "bailey-nelson-belconnen",
        "name": "Bailey Nelson Belconnen",
        "status": "Active",
        "state": "ACT",
        "suburb": "Belconnen",
        "postcode": "2617",
        "full_address": "Level 2, Shop 81 Benjamin Way, Belconnen, ACT, 2617",
        "phone": "+61251275194",
        "official_url": "https://baileynelson.com.au/pages/optometrist-belconnen",
        "services": "Optometry Services; Bulk-Billed Eye Tests; Private Eye Tests from $65; Contact Lens Eye Tests; Visual Fields Testing; Ultra-wide retinal imaging; Optical & Sunglass styling; Free frame adjustments",
        "audiology": "false",
        "venue_name": "",
        "venue_id": "",
        "location_type": "Shopping Centre",
        "classification_confidence": "Medium",
        "classification_basis": "Official address uses a shop/level format; venue name requires review",
        "store_area_sqm": "",
        "area_measure": "",
        "area_source": "",
        "area_date": "",
        "area_confidence": "Unknown",
        "source_url": "https://baileynelson.com.au/pages/optometrist-belconnen",
        "fetched_at": "2026-07-23T01:01:27+00:00"
      }
    },
    {
      "type": "Feature",
      "geometry": {
        "type": "Point",
        "coordinates": [
          149.06656,
          -35.23839
        ]
      },
      "properties": {
        "retailer": "OPSM",
        "store_id": "opsm-1221",
        "name": "OPSM Belconnen",
        "status": "Active",
        "state": "ACT",
        "suburb": "Belconnen",
        "postcode": "2617",
        "full_address": "3 Benjamin Way, Belconnen, ACT, 2617",
        "phone": "(02) 6251 4245",
        "official_url": "https://www.opsm.com.au/en/opsm-au/find-store",
        "services": "Dry Eye, Collect & Return",
        "audiology": "false",
        "venue_name": "",
        "venue_id": "",
        "location_type": "Unclassified",
        "classification_confidence": "Low",
        "classification_basis": "Insufficient official venue or street evidence",
        "store_area_sqm": "",
        "area_measure": "",
        "area_source": "",
        "area_date": "",
        "area_confidence": "Unknown",
        "source_url": "https://www.opsm.com.au/en/opsm-au/find-store",
        "fetched_at": "2026-07-23T00:26:21+00:00"
      }
    },
    {
      "type": "Feature",
      "geometry": {
        "type": "Point",
        "coordinates": [
          149.06656,
          -35.23779
        ]
      },
      "properties": {
        "retailer": "Specsavers",
        "store_id": "specsavers-3307",
        "name": "Belconnen Westfield",
        "status": "Active",
        "state": "ACT",
        "suburb": "Belconnen",
        "postcode": "2617",
        "full_address": "Shop 170/171 Benjamin Way, Belconnen, ACT, 2617",
        "phone": "(02) 6251 0415",
        "official_url": "https://www.specsavers.com.au/stores/belconnen",
        "services": "Optometry; Audiology",
        "audiology": "true",
        "venue_name": "Belconnen Westfield",
        "venue_id": "act-belconnen-westfield",
        "location_type": "Shopping Centre",
        "classification_confidence": "High",
        "classification_basis": "Official name/address contains shopping-centre evidence",
        "store_area_sqm": "",
        "area_measure": "",
        "area_source": "",
        "area_date": "",
        "area_confidence": "Unknown",
        "source_url": "https://www.specsavers.com.au/stores/belconnen",
        "fetched_at": "2026-07-23T00:53:33.174Z"
      }
    },
    {
      "type": "Feature",
      "geometry": {
        "type": "Point",
        "coordinates": [
          149.1336806,
          -35.278545
        ]
      },
      "properties": {
        "retailer": "Bailey Nelson",
        "store_id": "bailey-nelson-canberra",
        "name": "Bailey Nelson Canberra City",
        "status": "Active",
        "state": "ACT",
        "suburb": "Canberra",
        "postcode": "2601",
        "full_address": "2 Bunda St, Canberra, ACT, 2601",
        "phone": "+61251275196",
        "official_url": "https://baileynelson.com.au/pages/optometrist-canberra",
        "services": "Optometry Services; Bulk-Billed Eye Tests; Private Eye Tests from $65; Contact Lens Eye Tests; Visual Fields Testing; Ultra-wide retinal imaging; Optical & Sunglass styling; Free frame adjustments",
        "audiology": "false",
        "venue_name": "",
        "venue_id": "",
        "location_type": "Main Street / Street-front",
        "classification_confidence": "Medium",
        "classification_basis": "Official address is a numbered or corner street address without centre evidence",
        "store_area_sqm": "",
        "area_measure": "",
        "area_source": "",
        "area_date": "",
        "area_confidence": "Unknown",
        "source_url": "https://baileynelson.com.au/pages/optometrist-canberra",
        "fetched_at": "2026-07-23T01:01:27+00:00"
      }
    },
    {
      "type": "Feature",
      "geometry": {
        "type": "Point",
        "coordinates": [
          149.13431,
          -35.28001
        ]
      },
      "properties": {
        "retailer": "OPSM",
        "store_id": "opsm-1029",
        "name": "OPSM Canberra",
        "status": "Active",
        "state": "ACT",
        "suburb": "Canberra",
        "postcode": "2601",
        "full_address": "Bunda St, Canberra, ACT, 2601",
        "phone": "(02) 6249 7344",
        "official_url": "https://www.opsm.com.au/en/opsm-au/find-store",
        "services": "Dry Eye, Collect & Return",
        "audiology": "false",
        "venue_name": "",
        "venue_id": "",
        "location_type": "Main Street / Street-front",
        "classification_confidence": "Low",
        "classification_basis": "Official address contains street evidence but needs review",
        "store_area_sqm": "",
        "area_measure": "",
        "area_source": "",
        "area_date": "",
        "area_confidence": "Unknown",
        "source_url": "https://www.opsm.com.au/en/opsm-au/find-store",
        "fetched_at": "2026-07-23T00:26:21+00:00"
      }
    },
    {
      "type": "Feature",
      "geometry": {
        "type": "Point",
        "coordinates": [
          149.13133,
          -35.27743
        ]
      },
      "properties": {
        "retailer": "Specsavers",
        "store_id": "specsavers-3309",
        "name": "Canberra Centre",
        "status": "Active",
        "state": "ACT",
        "suburb": "Canberra",
        "postcode": "2600",
        "full_address": "Shop EG14/15 Canberra Centre Civic, 148 Bunda St, Canberra, ACT, 2600",
        "phone": "(02) 6262 9584",
        "official_url": "https://www.specsavers.com.au/stores/canberra",
        "services": "Optometry; Audiology",
        "audiology": "true",
        "venue_name": "Canberra Centre",
        "venue_id": "act-canberra",
        "location_type": "Shopping Centre",
        "classification_confidence": "High",
        "classification_basis": "Official name/address contains shopping-centre evidence",
        "store_area_sqm": "",
        "area_measure": "",
        "area_source": "",
        "area_date": "",
        "area_confidence": "Unknown",
        "source_url": "https://www.specsavers.com.au/stores/canberra",
        "fetched_at": "2026-07-23T00:53:33.174Z"
      }
    },
    {
      "type": "Feature",
      "geometry": {
        "type": "Point",
        "coordinates": [
          149.06734,
          -35.415806
        ]
      },
      "properties": {
        "retailer": "Specsavers",
        "store_id": "specsavers-3308",
        "name": "Tuggeranong",
        "status": "Active",
        "state": "ACT",
        "suburb": "Greenway",
        "postcode": "2900",
        "full_address": "Shop 106, South Point Shopping Centre, 175 Anketell Street, Greenway, ACT, 2900",
        "phone": "(02) 6293 1590",
        "official_url": "https://www.specsavers.com.au/stores/tuggeranong",
        "services": "Optometry; Audiology",
        "audiology": "true",
        "venue_name": "South Point Shopping Centre",
        "venue_id": "act-point-south",
        "location_type": "Shopping Centre",
        "classification_confidence": "High",
        "classification_basis": "Official name/address contains shopping-centre evidence",
        "store_area_sqm": "",
        "area_measure": "",
        "area_source": "",
        "area_date": "",
        "area_confidence": "Unknown",
        "source_url": "https://www.specsavers.com.au/stores/tuggeranong",
        "fetched_at": "2026-07-23T00:53:33.174Z"
      }
    },
    {
      "type": "Feature",
      "geometry": {
        "type": "Point",
        "coordinates": [
          149.1332,
          -35.18548
        ]
      },
      "properties": {
        "retailer": "OPSM",
        "store_id": "opsm-1121",
        "name": "OPSM Gungahlin",
        "status": "Active",
        "state": "ACT",
        "suburb": "Gungahlin",
        "postcode": "2912",
        "full_address": "30 Hibbersen St, Gungahlin, ACT, 2912",
        "phone": "(02) 6241 7933",
        "official_url": "https://www.opsm.com.au/en/opsm-au/find-store",
        "services": "Audiology, Dry Eye, Collect & Return",
        "audiology": "true",
        "venue_name": "",
        "venue_id": "",
        "location_type": "Main Street / Street-front",
        "classification_confidence": "Medium",
        "classification_basis": "Official address is a numbered or corner street address without centre evidence",
        "store_area_sqm": "",
        "area_measure": "",
        "area_source": "",
        "area_date": "",
        "area_confidence": "Unknown",
        "source_url": "https://www.opsm.com.au/en/opsm-au/find-store",
        "fetched_at": "2026-07-23T00:26:21+00:00"
      }
    },
    {
      "type": "Feature",
      "geometry": {
        "type": "Point",
        "coordinates": [
          149.13376,
          -35.185867
        ]
      },
      "properties": {
        "retailer": "Specsavers",
        "store_id": "specsavers-3583",
        "name": "Gungahlin",
        "status": "Active",
        "state": "ACT",
        "suburb": "Gungahlin",
        "postcode": "2912",
        "full_address": "Shop 17-19, 33 Hibberson Street, Gungahlin, ACT, 2912",
        "phone": "(02) 6171 7414",
        "official_url": "https://www.specsavers.com.au/stores/gungahlin",
        "services": "Optometry; Audiology",
        "audiology": "true",
        "venue_name": "",
        "venue_id": "",
        "location_type": "Shopping Centre",
        "classification_confidence": "Medium",
        "classification_basis": "Official address uses a shop/level format; venue name requires review",
        "store_area_sqm": "",
        "area_measure": "",
        "area_source": "",
        "area_date": "",
        "area_confidence": "Unknown",
        "source_url": "https://www.specsavers.com.au/stores/gungahlin",
        "fetched_at": "2026-07-23T00:53:33.174Z"
      }
    },
    {
      "type": "Feature",
      "geometry": {
        "type": "Point",
        "coordinates": [
          149.08653,
          -35.346428
        ]
      },
      "properties": {
        "retailer": "Specsavers",
        "store_id": "specsavers-3346",
        "name": "Woden Westfield",
        "status": "Active",
        "state": "ACT",
        "suburb": "Phillip",
        "postcode": "2606",
        "full_address": "Westfield Woden, Keltie Street, Phillip, ACT, 2606",
        "phone": "(02) 6281 1365",
        "official_url": "https://www.specsavers.com.au/stores/woden",
        "services": "Optometry; Audiology",
        "audiology": "true",
        "venue_name": "Woden Westfield",
        "venue_id": "act-westfield-woden",
        "location_type": "Shopping Centre",
        "classification_confidence": "High",
        "classification_basis": "Official name/address contains shopping-centre evidence",
        "store_area_sqm": "",
        "area_measure": "",
        "area_source": "",
        "area_date": "",
        "area_confidence": "Unknown",
        "source_url": "https://www.specsavers.com.au/stores/woden",
        "fetched_at": "2026-07-23T00:53:33.174Z"
      }
    },
    {
      "type": "Feature",
      "geometry": {
        "type": "Point",
        "coordinates": [
          149.06704,
          -35.41651
        ]
      },
      "properties": {
        "retailer": "OPSM",
        "store_id": "opsm-1009",
        "name": "OPSM Tuggeranong",
        "status": "Active",
        "state": "ACT",
        "suburb": "Tuggeranong",
        "postcode": "2900",
        "full_address": "Cnr Pitman St & Anketell St, Tuggeranong, ACT, 2900",
        "phone": "(02) 6293 1133",
        "official_url": "https://www.opsm.com.au/en/opsm-au/find-store",
        "services": "Collect & Return",
        "audiology": "false",
        "venue_name": "",
        "venue_id": "",
        "location_type": "Main Street / Street-front",
        "classification_confidence": "Medium",
        "classification_basis": "Official address is a numbered or corner street address without centre evidence",
        "store_area_sqm": "",
        "area_measure": "",
        "area_source": "",
        "area_date": "",
        "area_confidence": "Unknown",
        "source_url": "https://www.opsm.com.au/en/opsm-au/find-store",
        "fetched_at": "2026-07-23T00:26:21+00:00"
      }
    },
    {
      "type": "Feature",
      "geometry": {
        "type": "Point",
        "coordinates": [
          149.05272,
          -35.34148
        ]
      },
      "properties": {
        "retailer": "OPSM",
        "store_id": "opsm-2265",
        "name": "OPSM Weston",
        "status": "Active",
        "state": "ACT",
        "suburb": "Weston Creek",
        "postcode": "2611",
        "full_address": "Brierly St, Weston Creek, ACT, 2611",
        "phone": "(02) 6288 0599",
        "official_url": "https://www.opsm.com.au/en/opsm-au/find-store",
        "services": "Collect & Return",
        "audiology": "false",
        "venue_name": "",
        "venue_id": "",
        "location_type": "Main Street / Street-front",
        "classification_confidence": "Low",
        "classification_basis": "Official address contains street evidence but needs review",
        "store_area_sqm": "",
        "area_measure": "",
        "area_source": "",
        "area_date": "",
        "area_confidence": "Unknown",
        "source_url": "https://www.opsm.com.au/en/opsm-au/find-store",
        "fetched_at": "2026-07-23T00:26:21+00:00"
      }
    },
    {
      "type": "Feature",
      "geometry": {
        "type": "Point",
        "coordinates": [
          149.0528,
          -35.34154
        ]
      },
      "properties": {
        "retailer": "Specsavers",
        "store_id": "specsavers-3657",
        "name": "Weston Creek",
        "status": "Active",
        "state": "ACT",
        "suburb": "Weston Creek",
        "postcode": "2611",
        "full_address": "Shop 007, Cooleman Court, Brierly Street, Weston Creek, ACT, 2611",
        "phone": "(02) 6106 9227",
        "official_url": "https://www.specsavers.com.au/stores/westoncreek",
        "services": "Optometry; Audiology",
        "audiology": "true",
        "venue_name": "",
        "venue_id": "",
        "location_type": "Shopping Centre",
        "classification_confidence": "Medium",
        "classification_basis": "Official address uses a shop/level format; venue name requires review",
        "store_area_sqm": "",
        "area_measure": "",
        "area_source": "",
        "area_date": "",
        "area_confidence": "Unknown",
        "source_url": "https://www.specsavers.com.au/stores/westoncreek",
        "fetched_at": "2026-07-23T00:53:33.174Z"
      }
    },
    {
      "type": "Feature",
      "geometry": {
        "type": "Point",
        "coordinates": [
          149.0855,
          -35.34644
        ]
      },
      "properties": {
        "retailer": "OPSM",
        "store_id": "opsm-1226",
        "name": "OPSM Woden",
        "status": "Active",
        "state": "ACT",
        "suburb": "Woden Valley",
        "postcode": "2606",
        "full_address": "Keltie St, Woden Valley, ACT, 2606",
        "phone": "(02) 6282 1043",
        "official_url": "https://www.opsm.com.au/en/opsm-au/find-store",
        "services": "Dry Eye, Collect & Return",
        "audiology": "false",
        "venue_name": "",
        "venue_id": "",
        "location_type": "Main Street / Street-front",
        "classification_confidence": "Low",
        "classification_basis": "Official address contains street evidence but needs review",
        "store_area_sqm": "",
        "area_measure": "",
        "area_source": "",
        "area_date": "",
        "area_confidence": "Unknown",
        "source_url": "https://www.opsm.com.au/en/opsm-au/find-store",
        "fetched_at": "2026-07-23T00:26:21+00:00"
      }
    },
    {
      "type": "Feature",
      "geometry": {
        "type": "Point",
        "coordinates": [
          146.91603,
          -36.08091
        ]
      },
      "properties": {
        "retailer": "OPSM",
        "store_id": "opsm-1017",
        "name": "OPSM Albury",
        "status": "Active",
        "state": "NSW",
        "suburb": "Albury",
        "postcode": "2640",
        "full_address": "569 Dean St, Albury, NSW, 2640",
        "phone": "(02) 6021 3381",
        "official_url": "https://www.opsm.com.au/en/opsm-au/find-store",
        "services": "Audiology, Dry Eye, Collect & Return",
        "audiology": "true",
        "venue_name": "",
        "venue_id": "",
        "location_type": "Main Street / Street-front",
        "classification_confidence": "Medium",
        "classification_basis": "Official address is a numbered or corner street address without centre evidence",
        "store_area_sqm": "",
        "area_measure": "",
        "area_source": "",
        "area_date": "",
        "area_confidence": "Unknown",
        "source_url": "https://www.opsm.com.au/en/opsm-au/find-store",
        "fetched_at": "2026-07-23T00:26:21+00:00"
      }
    },
    {
      "type": "Feature",
      "geometry": {
        "type": "Point",
        "coordinates": [
          146.91747,
          -36.081432
        ]
      },
      "properties": {
        "retailer": "Specsavers",
        "store_id": "specsavers-3465",
        "name": "Albury",
        "status": "Active",
        "state": "NSW",
        "suburb": "Albury",
        "postcode": "2640",
        "full_address": "511-517 Dean St, Shop 2, Albury, NSW, 2640",
        "phone": "(02) 6023 5815",
        "official_url": "https://www.specsavers.com.au/stores/albury",
        "services": "Optometry; Audiology",
        "audiology": "true",
        "venue_name": "",
        "venue_id": "",
        "location_type": "Shopping Centre",
        "classification_confidence": "Medium",
        "classification_basis": "Official address uses a shop/level format; venue name requires review",
        "store_area_sqm": "",
        "area_measure": "",
        "area_source": "",
        "area_date": "",
        "area_confidence": "Unknown",
        "source_url": "https://www.specsavers.com.au/stores/albury",
        "fetched_at": "2026-07-23T00:53:33.174Z"
      }
    },
    {
      "type": "Feature",
      "geometry": {
        "type": "Point",
        "coordinates": [
          151.66266,
          -30.51218
        ]
      },
      "properties": {
        "retailer": "OPSM",
        "store_id": "opsm-1108",
        "name": "OPSM Armidale",
        "status": "Active",
        "state": "NSW",
        "suburb": "Armidale",
        "postcode": "2350",
        "full_address": "Cnr Beardy & Jessie St, Armidale, NSW, 2350",
        "phone": "(02) 6772 3242",
        "official_url": "https://www.opsm.com.au/en/opsm-au/find-store",
        "services": "Collect & Return",
        "audiology": "false",
        "venue_name": "",
        "venue_id": "",
        "location_type": "Main Street / Street-front",
        "classification_confidence": "Medium",
        "classification_basis": "Official address is a numbered or corner street address without centre evidence",
        "store_area_sqm": "",
        "area_measure": "",
        "area_source": "",
        "area_date": "",
        "area_confidence": "Unknown",
        "source_url": "https://www.opsm.com.au/en/opsm-au/find-store",
        "fetched_at": "2026-07-23T00:26:21+00:00"
      }
    },
    {
      "type": "Feature",
      "geometry": {
        "type": "Point",
        "coordinates": [
          151.66284,
          -30.512236
        ]
      },
      "properties": {
        "retailer": "Specsavers",
        "store_id": "specsavers-3611",
        "name": "Armidale",
        "status": "Active",
        "state": "NSW",
        "suburb": "Armidale",
        "postcode": "2350",
        "full_address": "Shop 24, Armidale Central, 225 Beardy Street, Armidale, NSW, 2350",
        "phone": "(02) 6362 0901",
        "official_url": "https://www.specsavers.com.au/stores/armidale",
        "services": "Optometry; Audiology",
        "audiology": "true",
        "venue_name": "",
        "venue_id": "",
        "location_type": "Shopping Centre",
        "classification_confidence": "Medium",
        "classification_basis": "Official address uses a shop/level format; venue name requires review",
        "store_area_sqm": "",
        "area_measure": "",
        "area_source": "",
        "area_date": "",
        "area_confidence": "Unknown",
        "source_url": "https://www.specsavers.com.au/stores/armidale",
        "fetched_at": "2026-07-23T00:53:33.174Z"
      }
    },
    {
      "type": "Feature",
      "geometry": {
        "type": "Point",
        "coordinates": [
          151.12414,
          -33.88953
        ]
      },
      "properties": {
        "retailer": "OPSM",
        "store_id": "opsm-1175",
        "name": "OPSM Ashfield",
        "status": "Active",
        "state": "NSW",
        "suburb": "Ashfield",
        "postcode": "2131",
        "full_address": "260A Liverpool Rd, Ashfield, NSW, 2131",
        "phone": "(02) 9798 0645",
        "official_url": "https://www.opsm.com.au/en/opsm-au/find-store",
        "services": "Collect & Return",
        "audiology": "false",
        "venue_name": "",
        "venue_id": "",
        "location_type": "Main Street / Street-front",
        "classification_confidence": "Medium",
        "classification_basis": "Official address is a numbered or corner street address without centre evidence",
        "store_area_sqm": "",
        "area_measure": "",
        "area_source": "",
        "area_date": "",
        "area_confidence": "Unknown",
        "source_url": "https://www.opsm.com.au/en/opsm-au/find-store",
        "fetched_at": "2026-07-23T00:26:21+00:00"
      }
    },
    {
      "type": "Feature",
      "geometry": {
        "type": "Point",
        "coordinates": [
          151.12392,
          -33.88912
        ]
      },
      "properties": {
        "retailer": "Specsavers",
        "store_id": "specsavers-3519",
        "name": "Ashfield",
        "status": "Active",
        "state": "NSW",
        "suburb": "Ashfield",
        "postcode": "2131",
        "full_address": "Shop 63, Ashfield Mall, 260A Liverpool Road, Ashfield, NSW, 2131",
        "phone": "(02) 9011 6988",
        "official_url": "https://www.specsavers.com.au/stores/ashfield",
        "services": "Optometry; Audiology",
        "audiology": "true",
        "venue_name": "Ashfield Mall",
        "venue_id": "nsw-ashfield",
        "location_type": "Shopping Centre",
        "classification_confidence": "High",
        "classification_basis": "Official name/address contains shopping-centre evidence",
        "store_area_sqm": "",
        "area_measure": "",
        "area_source": "",
        "area_date": "",
        "area_confidence": "Unknown",
        "source_url": "https://www.specsavers.com.au/stores/ashfield",
        "fetched_at": "2026-07-23T00:53:33.174Z"
      }
    },
    {
      "type": "Feature",
      "geometry": {
        "type": "Point",
        "coordinates": [
          151.26431,
          -33.79323
        ]
      },
      "properties": {
        "retailer": "OPSM",
        "store_id": "opsm-2986",
        "name": "OPSM Balgowlah",
        "status": "Active",
        "state": "NSW",
        "suburb": "Balgowlah",
        "postcode": "2093",
        "full_address": "197-215 Condamine St, Balgowlah, NSW, 2093",
        "phone": "(02) 9949 5023",
        "official_url": "https://www.opsm.com.au/en/opsm-au/find-store",
        "services": "Collect & Return",
        "audiology": "false",
        "venue_name": "",
        "venue_id": "",
        "location_type": "Main Street / Street-front",
        "classification_confidence": "Medium",
        "classification_basis": "Official address is a numbered or corner street address without centre evidence",
        "store_area_sqm": "",
        "area_measure": "",
        "area_source": "",
        "area_date": "",
        "area_confidence": "Unknown",
        "source_url": "https://www.opsm.com.au/en/opsm-au/find-store",
        "fetched_at": "2026-07-23T00:26:21+00:00"
      }
    },
    {
      "type": "Feature",
      "geometry": {
        "type": "Point",
        "coordinates": [
          151.26442,
          -33.793247
        ]
      },
      "properties": {
        "retailer": "Specsavers",
        "store_id": "specsavers-3624",
        "name": "Balgowlah",
        "status": "Active",
        "state": "NSW",
        "suburb": "Balgowlah",
        "postcode": "2093",
        "full_address": "Shop 41/42 Balgowlah Shopping Centre, 197-215 Condamine Street, Balgowlah, NSW, 2093",
        "phone": "(02) 9907 1169",
        "official_url": "https://www.specsavers.com.au/stores/balgowlah",
        "services": "Optometry; Audiology",
        "audiology": "true",
        "venue_name": "",
        "venue_id": "",
        "location_type": "Shopping Centre",
        "classification_confidence": "High",
        "classification_basis": "Official name/address contains shopping-centre evidence",
        "store_area_sqm": "",
        "area_measure": "",
        "area_source": "",
        "area_date": "",
        "area_confidence": "Unknown",
        "source_url": "https://www.specsavers.com.au/stores/balgowlah",
        "fetched_at": "2026-07-23T00:53:33.174Z"
      }
    },
    {
      "type": "Feature",
      "geometry": {
        "type": "Point",
        "coordinates": [
          153.55944,
          -28.85811
        ]
      },
      "properties": {
        "retailer": "OPSM",
        "store_id": "opsm-1259",
        "name": "OPSM Ballina",
        "status": "Active",
        "state": "NSW",
        "suburb": "Ballina",
        "postcode": "2478",
        "full_address": "Cnr Kerr St & Fox St, Ballina, NSW, 2478",
        "phone": "(02) 6686 5071",
        "official_url": "https://www.opsm.com.au/en/opsm-au/find-store",
        "services": "Collect & Return",
        "audiology": "false",
        "venue_name": "",
        "venue_id": "",
        "location_type": "Main Street / Street-front",
        "classification_confidence": "Medium",
        "classification_basis": "Official address is a numbered or corner street address without centre evidence",
        "store_area_sqm": "",
        "area_measure": "",
        "area_source": "",
        "area_date": "",
        "area_confidence": "Unknown",
        "source_url": "https://www.opsm.com.au/en/opsm-au/find-store",
        "fetched_at": "2026-07-23T00:26:21+00:00"
      }
    },
    {
      "type": "Feature",
      "geometry": {
        "type": "Point",
        "coordinates": [
          153.55989,
          -28.870071
        ]
      },
      "properties": {
        "retailer": "Specsavers",
        "store_id": "specsavers-3296",
        "name": "Ballina",
        "status": "Active",
        "state": "NSW",
        "suburb": "Ballina",
        "postcode": "2478",
        "full_address": "155 River St, Ballina, NSW, 2478",
        "phone": "(02) 6686 4004",
        "official_url": "https://www.specsavers.com.au/stores/ballina",
        "services": "Optometry; Audiology",
        "audiology": "true",
        "venue_name": "",
        "venue_id": "",
        "location_type": "Main Street / Street-front",
        "classification_confidence": "Medium",
        "classification_basis": "Official address is a numbered or corner street address without centre evidence",
        "store_area_sqm": "",
        "area_measure": "",
        "area_source": "",
        "area_date": "",
        "area_confidence": "Unknown",
        "source_url": "https://www.specsavers.com.au/stores/ballina",
        "fetched_at": "2026-07-23T00:53:33.174Z"
      }
    },
    {
      "type": "Feature",
      "geometry": {
        "type": "Point",
        "coordinates": [
          151.1806581,
          -33.857109
        ]
      },
      "properties": {
        "retailer": "Bailey Nelson",
        "store_id": "bailey-nelson-balmain",
        "name": "Bailey Nelson Balmain",
        "status": "Active",
        "state": "NSW",
        "suburb": "Balmain",
        "postcode": "2041",
        "full_address": "295 Darling Street, Balmain, NSW, 2041",
        "phone": "+61283571359",
        "official_url": "https://baileynelson.com.au/pages/optometrist-balmain",
        "services": "Optometry Services; Bulk-Billed Eye Tests; Private Eye Tests from $65; Contact Lens Eye Tests; Visual Fields Testing; Ultra-wide retinal imaging; Optical & Sunglass styling; Free frame adjustments",
        "audiology": "false",
        "venue_name": "",
        "venue_id": "",
        "location_type": "Main Street / Street-front",
        "classification_confidence": "Medium",
        "classification_basis": "Official address is a numbered or corner street address without centre evidence",
        "store_area_sqm": "",
        "area_measure": "",
        "area_source": "",
        "area_date": "",
        "area_confidence": "Unknown",
        "source_url": "https://baileynelson.com.au/pages/optometrist-balmain",
        "fetched_at": "2026-07-23T01:01:27+00:00"
      }
    },
    {
      "type": "Feature",
      "geometry": {
        "type": "Point",
        "coordinates": [
          151.18176,
          -33.8578
        ]
      },
      "properties": {
        "retailer": "OPSM",
        "store_id": "opsm-2984",
        "name": "OPSM Balmain",
        "status": "Active",
        "state": "NSW",
        "suburb": "Balmain",
        "postcode": "2041",
        "full_address": "270 Darling St, Balmain, NSW, 2041",
        "phone": "(02) 9001 0514",
        "official_url": "https://www.opsm.com.au/en/opsm-au/find-store",
        "services": "Collect & Return",
        "audiology": "false",
        "venue_name": "",
        "venue_id": "",
        "location_type": "Main Street / Street-front",
        "classification_confidence": "Medium",
        "classification_basis": "Official address is a numbered or corner street address without centre evidence",
        "store_area_sqm": "",
        "area_measure": "",
        "area_source": "",
        "area_date": "",
        "area_confidence": "Unknown",
        "source_url": "https://www.opsm.com.au/en/opsm-au/find-store",
        "fetched_at": "2026-07-23T00:26:21+00:00"
      }
    },
    {
      "type": "Feature",
      "geometry": {
        "type": "Point",
        "coordinates": [
          151.03819,
          -33.9163
        ]
      },
      "properties": {
        "retailer": "OPSM",
        "store_id": "opsm-1178",
        "name": "Opsm Bankstown",
        "status": "Active",
        "state": "NSW",
        "suburb": "Bankstown",
        "postcode": "2200",
        "full_address": "Bankstown Central, Stacey Street, Bankstown, NSW, 2200",
        "phone": "(02) 9709 2420",
        "official_url": "https://www.opsm.com.au/en/opsm-au/find-store",
        "services": "Audiology, Dry Eye, Collect & Return",
        "audiology": "true",
        "venue_name": "",
        "venue_id": "",
        "location_type": "Main Street / Street-front",
        "classification_confidence": "Low",
        "classification_basis": "Official address contains street evidence but needs review",
        "store_area_sqm": "",
        "area_measure": "",
        "area_source": "",
        "area_date": "",
        "area_confidence": "Unknown",
        "source_url": "https://www.opsm.com.au/en/opsm-au/find-store",
        "fetched_at": "2026-07-23T00:26:21+00:00"
      }
    },
    {
      "type": "Feature",
      "geometry": {
        "type": "Point",
        "coordinates": [
          151.039,
          -33.91623
        ]
      },
      "properties": {
        "retailer": "Specsavers",
        "store_id": "specsavers-3383",
        "name": "Bankstown Centro Lvl 1",
        "status": "Active",
        "state": "NSW",
        "suburb": "Bankstown",
        "postcode": "2200",
        "full_address": "Shop SP345A, North Terrace, Bankstown, NSW, 2200",
        "phone": "(02) 9707 2933",
        "official_url": "https://www.specsavers.com.au/stores/bankstown",
        "services": "Optometry; Audiology",
        "audiology": "true",
        "venue_name": "",
        "venue_id": "",
        "location_type": "Shopping Centre",
        "classification_confidence": "Medium",
        "classification_basis": "Official address uses a shop/level format; venue name requires review",
        "store_area_sqm": "",
        "area_measure": "",
        "area_source": "",
        "area_date": "",
        "area_confidence": "Unknown",
        "source_url": "https://www.specsavers.com.au/stores/bankstown",
        "fetched_at": "2026-07-23T00:53:33.174Z"
      }
    },
    {
      "type": "Feature",
      "geometry": {
        "type": "Point",
        "coordinates": [
          150.9932,
          -33.89985
        ]
      },
      "properties": {
        "retailer": "Specsavers",
        "store_id": "specsavers-3622",
        "name": "Bass Hill",
        "status": "Active",
        "state": "NSW",
        "suburb": "Bass Hill",
        "postcode": "2197",
        "full_address": "Shop 15-17 Bass Hill Plaza, 753 Hume Highway, Bass Hill, NSW, 2197",
        "phone": "(02) 9724 7488",
        "official_url": "https://www.specsavers.com.au/stores/basshill",
        "services": "Optometry; Audiology",
        "audiology": "true",
        "venue_name": "",
        "venue_id": "",
        "location_type": "Shopping Centre",
        "classification_confidence": "High",
        "classification_basis": "Official name/address contains shopping-centre evidence",
        "store_area_sqm": "",
        "area_measure": "",
        "area_source": "",
        "area_date": "",
        "area_confidence": "Unknown",
        "source_url": "https://www.specsavers.com.au/stores/basshill",
        "fetched_at": "2026-07-23T00:53:33.174Z"
      }
    },
    {
      "type": "Feature",
      "geometry": {
        "type": "Point",
        "coordinates": [
          151.47296,
          -33.37342
        ]
      },
      "properties": {
        "retailer": "OPSM",
        "store_id": "opsm-2990",
        "name": "OPSM Bateau Bay",
        "status": "Active",
        "state": "NSW",
        "suburb": "Bateau Bay",
        "postcode": "2261",
        "full_address": "The Entrance Rd, Bateau Bay, NSW, 2261",
        "phone": "(02) 4333 4370",
        "official_url": "https://www.opsm.com.au/en/opsm-au/find-store",
        "services": "Collect & Return",
        "audiology": "false",
        "venue_name": "",
        "venue_id": "",
        "location_type": "Main Street / Street-front",
        "classification_confidence": "Low",
        "classification_basis": "Official address contains street evidence but needs review",
        "store_area_sqm": "",
        "area_measure": "",
        "area_source": "",
        "area_date": "",
        "area_confidence": "Unknown",
        "source_url": "https://www.opsm.com.au/en/opsm-au/find-store",
        "fetched_at": "2026-07-23T00:26:21+00:00"
      }
    },
    {
      "type": "Feature",
      "geometry": {
        "type": "Point",
        "coordinates": [
          151.47351,
          -33.37356
        ]
      },
      "properties": {
        "retailer": "Specsavers",
        "store_id": "specsavers-3523",
        "name": "Bateau Bay",
        "status": "Active",
        "state": "NSW",
        "suburb": "Bateau Bay",
        "postcode": "2261",
        "full_address": "Shop 91, Bateau Bay Square, 12 Bay Village Road, Bateau Bay, NSW, 2261",
        "phone": "(02) 4333 6650",
        "official_url": "https://www.specsavers.com.au/stores/bateaubay",
        "services": "Optometry",
        "audiology": "false",
        "venue_name": "Bateau Bay Square",
        "venue_id": "nsw-bateau-bay-square",
        "location_type": "Shopping Centre",
        "classification_confidence": "High",
        "classification_basis": "Official name/address contains shopping-centre evidence",
        "store_area_sqm": "",
        "area_measure": "",
        "area_source": "",
        "area_date": "",
        "area_confidence": "Unknown",
        "source_url": "https://www.specsavers.com.au/stores/bateaubay",
        "fetched_at": "2026-07-23T00:53:33.174Z"
      }
    },
    {
      "type": "Feature",
      "geometry": {
        "type": "Point",
        "coordinates": [
          150.17782,
          -35.70684
        ]
      },
      "properties": {
        "retailer": "OPSM",
        "store_id": "opsm-2995",
        "name": "OPSM Batemans Bay",
        "status": "Active",
        "state": "NSW",
        "suburb": "Batemans Bay",
        "postcode": "2536",
        "full_address": "Orient St, Batemans Bay, NSW, 2536",
        "phone": "(02) 4472 7088",
        "official_url": "https://www.opsm.com.au/en/opsm-au/find-store",
        "services": "Collect & Return",
        "audiology": "false",
        "venue_name": "",
        "venue_id": "",
        "location_type": "Main Street / Street-front",
        "classification_confidence": "Low",
        "classification_basis": "Official address contains street evidence but needs review",
        "store_area_sqm": "",
        "area_measure": "",
        "area_source": "",
        "area_date": "",
        "area_confidence": "Unknown",
        "source_url": "https://www.opsm.com.au/en/opsm-au/find-store",
        "fetched_at": "2026-07-23T00:26:21+00:00"
      }
    },
    {
      "type": "Feature",
      "geometry": {
        "type": "Point",
        "coordinates": [
          150.17723,
          -35.708836
        ]
      },
      "properties": {
        "retailer": "Specsavers",
        "store_id": "specsavers-3276",
        "name": "Batemans Bay",
        "status": "Active",
        "state": "NSW",
        "suburb": "Batemans Bay",
        "postcode": "2536",
        "full_address": "1/30 Orient Street, Batemans Bay, NSW, 2536",
        "phone": "(02) 4472 5565",
        "official_url": "https://www.specsavers.com.au/stores/batemansbay",
        "services": "Optometry; Audiology",
        "audiology": "true",
        "venue_name": "",
        "venue_id": "",
        "location_type": "Main Street / Street-front",
        "classification_confidence": "Medium",
        "classification_basis": "Official address is a numbered or corner street address without centre evidence",
        "store_area_sqm": "",
        "area_measure": "",
        "area_source": "",
        "area_date": "",
        "area_confidence": "Unknown",
        "source_url": "https://www.specsavers.com.au/stores/batemansbay",
        "fetched_at": "2026-07-23T00:53:33.174Z"
      }
    },
    {
      "type": "Feature",
      "geometry": {
        "type": "Point",
        "coordinates": [
          149.58267,
          -33.41777
        ]
      },
      "properties": {
        "retailer": "OPSM",
        "store_id": "opsm-1020",
        "name": "OPSM Bathurst",
        "status": "Active",
        "state": "NSW",
        "suburb": "Bathurst",
        "postcode": "2795",
        "full_address": "121 Howick St, Bathurst, NSW, 2795",
        "phone": "(02) 6331 4023",
        "official_url": "https://www.opsm.com.au/en/opsm-au/find-store",
        "services": "Collect & Return",
        "audiology": "false",
        "venue_name": "",
        "venue_id": "",
        "location_type": "Main Street / Street-front",
        "classification_confidence": "Medium",
        "classification_basis": "Official address is a numbered or corner street address without centre evidence",
        "store_area_sqm": "",
        "area_measure": "",
        "area_source": "",
        "area_date": "",
        "area_confidence": "Unknown",
        "source_url": "https://www.opsm.com.au/en/opsm-au/find-store",
        "fetched_at": "2026-07-23T00:26:21+00:00"
      }
    },
    {
      "type": "Feature",
      "geometry": {
        "type": "Point",
        "coordinates": [
          149.58176,
          -33.41865
        ]
      },
      "properties": {
        "retailer": "Specsavers",
        "store_id": "specsavers-3513",
        "name": "Bathurst",
        "status": "Active",
        "state": "NSW",
        "suburb": "Bathurst",
        "postcode": "2795",
        "full_address": "Shop 4 & 5, Bathurst City Centre, 210 Howick Street, Bathurst, NSW, 2795",
        "phone": "(02) 6332 6414",
        "official_url": "https://www.specsavers.com.au/stores/bathurst",
        "services": "Optometry; Audiology",
        "audiology": "true",
        "venue_name": "Bathurst City Centre",
        "venue_id": "nsw-bathurst-city",
        "location_type": "Shopping Centre",
        "classification_confidence": "High",
        "classification_basis": "Official name/address contains shopping-centre evidence",
        "store_area_sqm": "",
        "area_measure": "",
        "area_source": "",
        "area_date": "",
        "area_confidence": "Unknown",
        "source_url": "https://www.specsavers.com.au/stores/bathurst",
        "fetched_at": "2026-07-23T00:53:33.174Z"
      }
    },
    {
      "type": "Feature",
      "geometry": {
        "type": "Point",
        "coordinates": [
          150.99103,
          -33.759014
        ]
      },
      "properties": {
        "retailer": "Specsavers",
        "store_id": "specsavers-3633",
        "name": "Baulkham Hills",
        "status": "Active",
        "state": "NSW",
        "suburb": "Baulkham Hills",
        "postcode": "2153",
        "full_address": "375-383 Windsor Road, Shop 50/51 Grove Square, Baulkham Hills, NSW, 2153",
        "phone": "(02) 9620 6755",
        "official_url": "https://www.specsavers.com.au/stores/baulkhamhills",
        "services": "Optometry; Audiology",
        "audiology": "true",
        "venue_name": "",
        "venue_id": "",
        "location_type": "Shopping Centre",
        "classification_confidence": "High",
        "classification_basis": "Official name/address contains shopping-centre evidence",
        "store_area_sqm": "",
        "area_measure": "",
        "area_source": "",
        "area_date": "",
        "area_confidence": "Unknown",
        "source_url": "https://www.specsavers.com.au/stores/baulkhamhills",
        "fetched_at": "2026-07-23T00:53:33.174Z"
      }
    },
    {
      "type": "Feature",
      "geometry": {
        "type": "Point",
        "coordinates": [
          149.23459,
          -35.35179
        ]
      },
      "properties": {
        "retailer": "OPSM",
        "store_id": "opsm-2943",
        "name": "Jason Harley Bega by OPSM",
        "status": "Active",
        "state": "NSW",
        "suburb": "Bega",
        "postcode": "2550",
        "full_address": "1/209 Carp St, Bega, NSW, 2550",
        "phone": "(02) 6492 5511",
        "official_url": "https://www.opsm.com.au/en/opsm-au/find-store",
        "services": "Collect & Return",
        "audiology": "false",
        "venue_name": "",
        "venue_id": "",
        "location_type": "Main Street / Street-front",
        "classification_confidence": "Medium",
        "classification_basis": "Official address is a numbered or corner street address without centre evidence",
        "store_area_sqm": "",
        "area_measure": "",
        "area_source": "",
        "area_date": "",
        "area_confidence": "Unknown",
        "source_url": "https://www.opsm.com.au/en/opsm-au/find-store",
        "fetched_at": "2026-07-23T00:26:21+00:00"
      }
    },
    {
      "type": "Feature",
      "geometry": {
        "type": "Point",
        "coordinates": [
          149.8414,
          -36.675735
        ]
      },
      "properties": {
        "retailer": "Specsavers",
        "store_id": "specsavers-3589",
        "name": "Bega",
        "status": "Active",
        "state": "NSW",
        "suburb": "Bega",
        "postcode": "2550",
        "full_address": "Sapphire Marketplace, Shop T20/106 Auckland Street, Bega, NSW, 2550",
        "phone": "(02) 6492 5000",
        "official_url": "https://www.specsavers.com.au/stores/bega",
        "services": "Optometry; Audiology",
        "audiology": "true",
        "venue_name": "Sapphire Marketplace",
        "venue_id": "nsw-marketplace-sapphire",
        "location_type": "Shopping Centre",
        "classification_confidence": "High",
        "classification_basis": "Official name/address contains shopping-centre evidence",
        "store_area_sqm": "",
        "area_measure": "",
        "area_source": "",
        "area_date": "",
        "area_confidence": "Unknown",
        "source_url": "https://www.specsavers.com.au/stores/bega",
        "fetched_at": "2026-07-23T00:53:33.174Z"
      }
    },
    {
      "type": "Feature",
      "geometry": {
        "type": "Point",
        "coordinates": [
          150.90623,
          -33.77046
        ]
      },
      "properties": {
        "retailer": "OPSM",
        "store_id": "opsm-1462",
        "name": "OPSM Blacktown",
        "status": "Active",
        "state": "NSW",
        "suburb": "Blacktown",
        "postcode": "2148",
        "full_address": "17 Patrick St, Blacktown, NSW, 2148",
        "phone": "(02) 9622 4400",
        "official_url": "https://www.opsm.com.au/en/opsm-au/find-store",
        "services": "Collect & Return",
        "audiology": "false",
        "venue_name": "",
        "venue_id": "",
        "location_type": "Main Street / Street-front",
        "classification_confidence": "Medium",
        "classification_basis": "Official address is a numbered or corner street address without centre evidence",
        "store_area_sqm": "",
        "area_measure": "",
        "area_source": "",
        "area_date": "",
        "area_confidence": "Unknown",
        "source_url": "https://www.opsm.com.au/en/opsm-au/find-store",
        "fetched_at": "2026-07-23T00:26:21+00:00"
      }
    },
    {
      "type": "Feature",
      "geometry": {
        "type": "Point",
        "coordinates": [
          150.90656,
          -33.772507
        ]
      },
      "properties": {
        "retailer": "Specsavers",
        "store_id": "specsavers-3357",
        "name": "Blacktown Westpoint S/C",
        "status": "Active",
        "state": "NSW",
        "suburb": "Blacktown",
        "postcode": "2148",
        "full_address": "Shop 1059, Level 1, Westpoint Shopping Centre, 17 Patrick Street, Blacktown, NSW, 2148",
        "phone": "(02) 9621 0033",
        "official_url": "https://www.specsavers.com.au/stores/blacktown",
        "services": "Optometry; Audiology",
        "audiology": "true",
        "venue_name": "Blacktown Westpoint Shopping Centre",
        "venue_id": "nsw-blacktown-westpoint",
        "location_type": "Shopping Centre",
        "classification_confidence": "High",
        "classification_basis": "Official name/address contains shopping-centre evidence",
        "store_area_sqm": "",
        "area_measure": "",
        "area_source": "",
        "area_date": "",
        "area_confidence": "Unknown",
        "source_url": "https://www.specsavers.com.au/stores/blacktown",
        "fetched_at": "2026-07-23T00:53:33.174Z"
      }
    },
    {
      "type": "Feature",
      "geometry": {
        "type": "Point",
        "coordinates": [
          151.2745168,
          -33.8895405
        ]
      },
      "properties": {
        "retailer": "Bailey Nelson",
        "store_id": "bailey-nelson-bondi-beach",
        "name": "Bailey Nelson Bondi Beach",
        "status": "Active",
        "state": "NSW",
        "suburb": "Bondi Beach",
        "postcode": "2026",
        "full_address": "157 Curlewis Street, Bondi Beach, NSW, 2026",
        "phone": "+61283571352",
        "official_url": "https://baileynelson.com.au/pages/optometrist-bondi-beach",
        "services": "Optometry Services; Bulk-Billed Eye Tests; Private Eye Tests from $65; Contact Lens Eye Tests; Visual Fields Testing; Ultra-wide retinal imaging; Optical & Sunglass styling; Free frame adjustments",
        "audiology": "false",
        "venue_name": "",
        "venue_id": "",
        "location_type": "Main Street / Street-front",
        "classification_confidence": "Medium",
        "classification_basis": "Official address is a numbered or corner street address without centre evidence",
        "store_area_sqm": "",
        "area_measure": "",
        "area_source": "",
        "area_date": "",
        "area_confidence": "Unknown",
        "source_url": "https://baileynelson.com.au/pages/optometrist-bondi-beach",
        "fetched_at": "2026-07-23T01:01:27+00:00"
      }
    },
    {
      "type": "Feature",
      "geometry": {
        "type": "Point",
        "coordinates": [
          151.2507681,
          -33.8925777
        ]
      },
      "properties": {
        "retailer": "Bailey Nelson",
        "store_id": "bailey-nelson-bondi-junction",
        "name": "Bailey Nelson Bondi Junction",
        "status": "Active",
        "state": "NSW",
        "suburb": "Bondi Junction",
        "postcode": "2022",
        "full_address": "Westfield Bondi Junction, Bondi Junction, NSW, 2022",
        "phone": "+61283571357",
        "official_url": "https://baileynelson.com.au/pages/optometrist-bondi-junction",
        "services": "Optometry Services; Bulk-Billed Eye Tests; Private Eye Tests from $65; Contact Lens Eye Tests; Visual Fields Testing; Ultra-wide retinal imaging; Optical & Sunglass styling; Free frame adjustments",
        "audiology": "false",
        "venue_name": "Bondi Junction",
        "venue_id": "nsw-bondi-junction",
        "location_type": "Shopping Centre",
        "classification_confidence": "High",
        "classification_basis": "Official name/address contains shopping-centre evidence",
        "store_area_sqm": "",
        "area_measure": "",
        "area_source": "",
        "area_date": "",
        "area_confidence": "Unknown",
        "source_url": "https://baileynelson.com.au/pages/optometrist-bondi-junction",
        "fetched_at": "2026-07-23T01:01:27+00:00"
      }
    },
    {
      "type": "Feature",
      "geometry": {
        "type": "Point",
        "coordinates": [
          151.25231,
          -33.89151
        ]
      },
      "properties": {
        "retailer": "OPSM",
        "store_id": "opsm-1103",
        "name": "OPSM Bondi Junction",
        "status": "Active",
        "state": "NSW",
        "suburb": "Bondi Junction",
        "postcode": "2022",
        "full_address": "251 Oxford St, Bondi Junction, NSW, 2022",
        "phone": "(02) 9389 4044",
        "official_url": "https://www.opsm.com.au/en/opsm-au/find-store",
        "services": "Dry Eye, Collect & Return",
        "audiology": "false",
        "venue_name": "Bondi Junction",
        "venue_id": "nsw-bondi-junction",
        "location_type": "Shopping Centre",
        "classification_confidence": "High",
        "classification_basis": "Official name/address contains shopping-centre evidence",
        "store_area_sqm": "",
        "area_measure": "",
        "area_source": "",
        "area_date": "",
        "area_confidence": "Unknown",
        "source_url": "https://www.opsm.com.au/en/opsm-au/find-store",
        "fetched_at": "2026-07-23T00:26:21+00:00"
      }
    },
    {
      "type": "Feature",
      "geometry": {
        "type": "Point",
        "coordinates": [
          151.24777,
          -33.893154
        ]
      },
      "properties": {
        "retailer": "Specsavers",
        "store_id": "specsavers-3606",
        "name": "Bondi Junction Eastgate",
        "status": "Active",
        "state": "NSW",
        "suburb": "Bondi Junction",
        "postcode": "2022",
        "full_address": "Shop 63, Eastgate Shopping Centre, 71/91 Spring St, Bondi Junction, NSW, 2022",
        "phone": "(02) 9060 7844",
        "official_url": "https://www.specsavers.com.au/stores/bondieastgate",
        "services": "Optometry; Audiology",
        "audiology": "true",
        "venue_name": "Bondi Junction Eastgate",
        "venue_id": "nsw-bondi-eastgate-junction",
        "location_type": "Shopping Centre",
        "classification_confidence": "High",
        "classification_basis": "Official name/address contains shopping-centre evidence",
        "store_area_sqm": "",
        "area_measure": "",
        "area_source": "",
        "area_date": "",
        "area_confidence": "Unknown",
        "source_url": "https://www.specsavers.com.au/stores/bondieastgate",
        "fetched_at": "2026-07-23T00:53:33.174Z"
      }
    },
    {
      "type": "Feature",
      "geometry": {
        "type": "Point",
        "coordinates": [
          151.25047,
          -33.89269
        ]
      },
      "properties": {
        "retailer": "Specsavers",
        "store_id": "specsavers-3399",
        "name": "Bondi Junction Westfield",
        "status": "Active",
        "state": "NSW",
        "suburb": "Bondi Junction",
        "postcode": "2022",
        "full_address": "1031/500 Oxford Street, Bondi Junction, NSW, 2022",
        "phone": "(02) 9386 0788",
        "official_url": "https://www.specsavers.com.au/stores/bondijunction",
        "services": "Optometry",
        "audiology": "false",
        "venue_name": "Bondi Junction Westfield",
        "venue_id": "nsw-bondi-junction-westfield",
        "location_type": "Shopping Centre",
        "classification_confidence": "High",
        "classification_basis": "Official name/address contains shopping-centre evidence",
        "store_area_sqm": "",
        "area_measure": "",
        "area_source": "",
        "area_date": "",
        "area_confidence": "Unknown",
        "source_url": "https://www.specsavers.com.au/stores/bondijunction",
        "fetched_at": "2026-07-23T00:53:33.174Z"
      }
    },
    {
      "type": "Feature",
      "geometry": {
        "type": "Point",
        "coordinates": [
          150.88864,
          -33.88623
        ]
      },
      "properties": {
        "retailer": "Specsavers",
        "store_id": "specsavers-3612",
        "name": "Bonnyrigg Plaza",
        "status": "Active",
        "state": "NSW",
        "suburb": "Bonnyrigg",
        "postcode": "2177",
        "full_address": "Shop 29 Bonnyrigg Plaza, 100 Bonnyrigg Avenue, Bonnyrigg, NSW, 2177",
        "phone": "(02) 9060 7800",
        "official_url": "https://www.specsavers.com.au/stores/bonnyrigg",
        "services": "Optometry; Audiology",
        "audiology": "true",
        "venue_name": "Bonnyrigg Plaza",
        "venue_id": "nsw-bonnyrigg-plaza",
        "location_type": "Shopping Centre",
        "classification_confidence": "High",
        "classification_basis": "Official name/address contains shopping-centre evidence",
        "store_area_sqm": "",
        "area_measure": "",
        "area_source": "",
        "area_date": "",
        "area_confidence": "Unknown",
        "source_url": "https://www.specsavers.com.au/stores/bonnyrigg",
        "fetched_at": "2026-07-23T00:53:33.174Z"
      }
    },
    {
      "type": "Feature",
      "geometry": {
        "type": "Point",
        "coordinates": [
          150.41777,
          -34.48032
        ]
      },
      "properties": {
        "retailer": "OPSM",
        "store_id": "opsm-1658",
        "name": "OPSM Bowral",
        "status": "Active",
        "state": "NSW",
        "suburb": "Bowral",
        "postcode": "2576",
        "full_address": "320 - 326 Bong Bong St, Bowral, NSW, 2576",
        "phone": "(02) 4862 1190",
        "official_url": "https://www.opsm.com.au/en/opsm-au/find-store",
        "services": "Collect & Return",
        "audiology": "false",
        "venue_name": "",
        "venue_id": "",
        "location_type": "Main Street / Street-front",
        "classification_confidence": "Medium",
        "classification_basis": "Official address is a numbered or corner street address without centre evidence",
        "store_area_sqm": "",
        "area_measure": "",
        "area_source": "",
        "area_date": "",
        "area_confidence": "Unknown",
        "source_url": "https://www.opsm.com.au/en/opsm-au/find-store",
        "fetched_at": "2026-07-23T00:26:21+00:00"
      }
    },
    {
      "type": "Feature",
      "geometry": {
        "type": "Point",
        "coordinates": [
          141.46465,
          -31.95918
        ]
      },
      "properties": {
        "retailer": "OPSM",
        "store_id": "opsm-7062",
        "name": "OPSM Broken Hill",
        "status": "Active",
        "state": "NSW",
        "suburb": "Broken Hill",
        "postcode": "2880",
        "full_address": "249 Argent Street, Broken Hill, NSW, 2880",
        "phone": "(08) 8087 3202",
        "official_url": "https://www.opsm.com.au/en/opsm-au/find-store",
        "services": "",
        "audiology": "false",
        "venue_name": "",
        "venue_id": "",
        "location_type": "Main Street / Street-front",
        "classification_confidence": "Medium",
        "classification_basis": "Official address is a numbered or corner street address without centre evidence",
        "store_area_sqm": "",
        "area_measure": "",
        "area_source": "",
        "area_date": "",
        "area_confidence": "Unknown",
        "source_url": "https://www.opsm.com.au/en/opsm-au/find-store",
        "fetched_at": "2026-07-23T00:26:21+00:00"
      }
    },
    {
      "type": "Feature",
      "geometry": {
        "type": "Point",
        "coordinates": [
          151.2651111,
          -33.7665187
        ]
      },
      "properties": {
        "retailer": "Bailey Nelson",
        "store_id": "bailey-nelson-warringah-mall",
        "name": "Bailey Nelson Warringah Mall",
        "status": "Active",
        "state": "NSW",
        "suburb": "Brookvale",
        "postcode": "2100",
        "full_address": "Shop 1530 Westfield Warringah Mall, 145 Condamine St, Brookvale, NSW, 2100",
        "phone": "+61283571356",
        "official_url": "https://baileynelson.com.au/pages/optometrist-warringah-mall",
        "services": "Optometry Services; Bulk-Billed Eye Tests; Private Eye Tests from $65; Contact Lens Eye Tests; Visual Fields Testing; Ultra-wide retinal imaging; Optical & Sunglass styling; Free frame adjustments",
        "audiology": "false",
        "venue_name": "Warringah Mall",
        "venue_id": "nsw-warringah",
        "location_type": "Shopping Centre",
        "classification_confidence": "High",
        "classification_basis": "Official name/address contains shopping-centre evidence",
        "store_area_sqm": "",
        "area_measure": "",
        "area_source": "",
        "area_date": "",
        "area_confidence": "Unknown",
        "source_url": "https://baileynelson.com.au/pages/optometrist-warringah-mall",
        "fetched_at": "2026-07-23T01:01:27+00:00"
      }
    },
    {
      "type": "Feature",
      "geometry": {
        "type": "Point",
        "coordinates": [
          151.26572,
          -33.76669
        ]
      },
      "properties": {
        "retailer": "OPSM",
        "store_id": "opsm-1201",
        "name": "OPSM Warringah Mall",
        "status": "Active",
        "state": "NSW",
        "suburb": "Brookvale",
        "postcode": "2100",
        "full_address": "145 Old Pittwater Rd, Brookvale, NSW, 2100",
        "phone": "(02) 9905 2666",
        "official_url": "https://www.opsm.com.au/en/opsm-au/find-store",
        "services": "Dry Eye, Collect & Return",
        "audiology": "false",
        "venue_name": "Warringah Mall",
        "venue_id": "nsw-warringah",
        "location_type": "Shopping Centre",
        "classification_confidence": "High",
        "classification_basis": "Official name/address contains shopping-centre evidence",
        "store_area_sqm": "",
        "area_measure": "",
        "area_source": "",
        "area_date": "",
        "area_confidence": "Unknown",
        "source_url": "https://www.opsm.com.au/en/opsm-au/find-store",
        "fetched_at": "2026-07-23T00:26:21+00:00"
      }
    },
    {
      "type": "Feature",
      "geometry": {
        "type": "Point",
        "coordinates": [
          151.26483,
          -33.76819
        ]
      },
      "properties": {
        "retailer": "Specsavers",
        "store_id": "specsavers-3361",
        "name": "Warringah Mall S/C",
        "status": "Active",
        "state": "NSW",
        "suburb": "Brookvale",
        "postcode": "2100",
        "full_address": "SH1164/1165, Warringah Mall, Condamine Street & Old Pittwater Road, Brookvale, NSW, 2100",
        "phone": "(02) 9907 1677",
        "official_url": "https://www.specsavers.com.au/stores/warringah",
        "services": "Optometry; Audiology",
        "audiology": "true",
        "venue_name": "Warringah Mall Shopping Centre",
        "venue_id": "nsw-warringah",
        "location_type": "Shopping Centre",
        "classification_confidence": "High",
        "classification_basis": "Official name/address contains shopping-centre evidence",
        "store_area_sqm": "",
        "area_measure": "",
        "area_source": "",
        "area_date": "",
        "area_confidence": "Unknown",
        "source_url": "https://www.specsavers.com.au/stores/warringah",
        "fetched_at": "2026-07-23T00:53:33.174Z"
      }
    },
    {
      "type": "Feature",
      "geometry": {
        "type": "Point",
        "coordinates": [
          151.10507,
          -33.8748
        ]
      },
      "properties": {
        "retailer": "OPSM",
        "store_id": "opsm-2216",
        "name": "OPSM Burwood",
        "status": "Active",
        "state": "NSW",
        "suburb": "Burwood",
        "postcode": "2134",
        "full_address": "Burwood Rd, Burwood, NSW, 2134",
        "phone": "(02) 9747 3925",
        "official_url": "https://www.opsm.com.au/en/opsm-au/find-store",
        "services": "Collect & Return",
        "audiology": "false",
        "venue_name": "",
        "venue_id": "",
        "location_type": "Main Street / Street-front",
        "classification_confidence": "Low",
        "classification_basis": "Official address contains street evidence but needs review",
        "store_area_sqm": "",
        "area_measure": "",
        "area_source": "",
        "area_date": "",
        "area_confidence": "Unknown",
        "source_url": "https://www.opsm.com.au/en/opsm-au/find-store",
        "fetched_at": "2026-07-23T00:26:21+00:00"
      }
    },
    {
      "type": "Feature",
      "geometry": {
        "type": "Point",
        "coordinates": [
          151.10512,
          -33.87459
        ]
      },
      "properties": {
        "retailer": "Specsavers",
        "store_id": "specsavers-3298",
        "name": "Burwood Westfield",
        "status": "Active",
        "state": "NSW",
        "suburb": "Burwood",
        "postcode": "2134",
        "full_address": "100 Burwood Road, Burwood, NSW, 2134",
        "phone": "(02) 9744 2900",
        "official_url": "https://www.specsavers.com.au/stores/burwood",
        "services": "Optometry; Audiology",
        "audiology": "true",
        "venue_name": "Burwood Westfield",
        "venue_id": "nsw-burwood-westfield",
        "location_type": "Shopping Centre",
        "classification_confidence": "High",
        "classification_basis": "Official name/address contains shopping-centre evidence",
        "store_area_sqm": "",
        "area_measure": "",
        "area_source": "",
        "area_date": "",
        "area_confidence": "Unknown",
        "source_url": "https://www.specsavers.com.au/stores/burwood",
        "fetched_at": "2026-07-23T00:53:33.174Z"
      }
    },
    {
      "type": "Feature",
      "geometry": {
        "type": "Point",
        "coordinates": [
          153.6133449,
          -28.6421951
        ]
      },
      "properties": {
        "retailer": "Bailey Nelson",
        "store_id": "bailey-nelson-byron-bay",
        "name": "Bailey Nelson Byron Bay",
        "status": "Active",
        "state": "NSW",
        "suburb": "Byron Bay",
        "postcode": "2481",
        "full_address": "15 Lawson Street, Byron Bay, NSW, 2481",
        "phone": "+61256439793",
        "official_url": "https://baileynelson.com.au/pages/optometrist-byron-bay",
        "services": "Optometry Services; Bulk-Billed Eye Tests; Private Eye Tests from $65; Contact Lens Eye Tests; Visual Fields Testing; Ultra-wide retinal imaging; Optical & Sunglass styling; Free frame adjustments",
        "audiology": "false",
        "venue_name": "",
        "venue_id": "",
        "location_type": "Main Street / Street-front",
        "classification_confidence": "Medium",
        "classification_basis": "Official address is a numbered or corner street address without centre evidence",
        "store_area_sqm": "",
        "area_measure": "",
        "area_source": "",
        "area_date": "",
        "area_confidence": "Unknown",
        "source_url": "https://baileynelson.com.au/pages/optometrist-byron-bay",
        "fetched_at": "2026-07-23T01:01:27+00:00"
      }
    },
    {
      "type": "Feature",
      "geometry": {
        "type": "Point",
        "coordinates": [
          153.61203,
          -28.64371
        ]
      },
      "properties": {
        "retailer": "OPSM",
        "store_id": "opsm-2992",
        "name": "OPSM Byron Bay",
        "status": "Active",
        "state": "NSW",
        "suburb": "Byron Bay",
        "postcode": "2481",
        "full_address": "56 Jonson St, Byron Bay, NSW, 2481",
        "phone": "(02) 8840 3720",
        "official_url": "https://www.opsm.com.au/en/opsm-au/find-store",
        "services": "Collect & Return",
        "audiology": "false",
        "venue_name": "",
        "venue_id": "",
        "location_type": "Main Street / Street-front",
        "classification_confidence": "Medium",
        "classification_basis": "Official address is a numbered or corner street address without centre evidence",
        "store_area_sqm": "",
        "area_measure": "",
        "area_source": "",
        "area_date": "",
        "area_confidence": "Unknown",
        "source_url": "https://www.opsm.com.au/en/opsm-au/find-store",
        "fetched_at": "2026-07-23T00:26:21+00:00"
      }
    },
    {
      "type": "Feature",
      "geometry": {
        "type": "Point",
        "coordinates": [
          150.79812,
          -34.0773
        ]
      },
      "properties": {
        "retailer": "OPSM",
        "store_id": "opsm-1192",
        "name": "OPSM Macarthur Square",
        "status": "Active",
        "state": "NSW",
        "suburb": "Campbelltown",
        "postcode": "2560",
        "full_address": "200 Gilchrist Dr, Campbelltown, NSW, 2560",
        "phone": "(02) 4625 2773",
        "official_url": "https://www.opsm.com.au/en/opsm-au/find-store",
        "services": "Collect & Return",
        "audiology": "false",
        "venue_name": "Macarthur Square",
        "venue_id": "nsw-macarthur-square",
        "location_type": "Shopping Centre",
        "classification_confidence": "High",
        "classification_basis": "Official name/address contains shopping-centre evidence",
        "store_area_sqm": "",
        "area_measure": "",
        "area_source": "",
        "area_date": "",
        "area_confidence": "Unknown",
        "source_url": "https://www.opsm.com.au/en/opsm-au/find-store",
        "fetched_at": "2026-07-23T00:26:21+00:00"
      }
    },
    {
      "type": "Feature",
      "geometry": {
        "type": "Point",
        "coordinates": [
          150.81082,
          -34.069263
        ]
      },
      "properties": {
        "retailer": "Specsavers",
        "store_id": "specsavers-3347",
        "name": "Campbelltown",
        "status": "Active",
        "state": "NSW",
        "suburb": "Campbelltown",
        "postcode": "2560",
        "full_address": "L15/271 Queen Street, Campbelltown, NSW, 2560",
        "phone": "(02) 4628 0757",
        "official_url": "https://www.specsavers.com.au/stores/campbelltown",
        "services": "Optometry; Audiology",
        "audiology": "true",
        "venue_name": "",
        "venue_id": "",
        "location_type": "Main Street / Street-front",
        "classification_confidence": "Medium",
        "classification_basis": "Official address is a numbered or corner street address without centre evidence",
        "store_area_sqm": "",
        "area_measure": "",
        "area_source": "",
        "area_date": "",
        "area_confidence": "Unknown",
        "source_url": "https://www.specsavers.com.au/stores/campbelltown",
        "fetched_at": "2026-07-23T00:53:33.174Z"
      }
    },
    {
      "type": "Feature",
      "geometry": {
        "type": "Point",
        "coordinates": [
          150.79637,
          -34.07498
        ]
      },
      "properties": {
        "retailer": "Specsavers",
        "store_id": "specsavers-3348",
        "name": "Macarthur Square",
        "status": "Active",
        "state": "NSW",
        "suburb": "Campbelltown",
        "postcode": "2560",
        "full_address": "Shop LO3 U144, 200 Gilchrist Drive, Campbelltown, NSW, 2560",
        "phone": "(02) 4628 7544",
        "official_url": "https://www.specsavers.com.au/stores/macarthur",
        "services": "Optometry; Audiology",
        "audiology": "true",
        "venue_name": "Macarthur Square",
        "venue_id": "nsw-macarthur-square",
        "location_type": "Shopping Centre",
        "classification_confidence": "High",
        "classification_basis": "Official name/address contains shopping-centre evidence",
        "store_area_sqm": "",
        "area_measure": "",
        "area_source": "",
        "area_date": "",
        "area_confidence": "Unknown",
        "source_url": "https://www.specsavers.com.au/stores/macarthur",
        "fetched_at": "2026-07-23T00:53:33.174Z"
      }
    },
    {
      "type": "Feature",
      "geometry": {
        "type": "Point",
        "coordinates": [
          151.05203,
          -33.77669
        ]
      },
      "properties": {
        "retailer": "Specsavers",
        "store_id": "specsavers-3663",
        "name": "Carlingford",
        "status": "Active",
        "state": "NSW",
        "suburb": "Carlingford",
        "postcode": "2118",
        "full_address": "Shop 204, Carlingford Court, Cnr Carlingford Road & Pennant Hill Road, Carlingford, NSW, 2118",
        "phone": "(02) 8660 0998",
        "official_url": "https://www.specsavers.com.au/stores/carlingford",
        "services": "Optometry",
        "audiology": "false",
        "venue_name": "",
        "venue_id": "",
        "location_type": "Shopping Centre",
        "classification_confidence": "Medium",
        "classification_basis": "Official address uses a shop/level format; venue name requires review",
        "store_area_sqm": "",
        "area_measure": "",
        "area_source": "",
        "area_date": "",
        "area_confidence": "Unknown",
        "source_url": "https://www.specsavers.com.au/stores/carlingford",
        "fetched_at": "2026-07-23T00:53:33.174Z"
      }
    },
    {
      "type": "Feature",
      "geometry": {
        "type": "Point",
        "coordinates": [
          151.0065959,
          -33.7300053
        ]
      },
      "properties": {
        "retailer": "Bailey Nelson",
        "store_id": "bailey-nelson-castle-towers",
        "name": "Bailey Nelson Castle Towers",
        "status": "Active",
        "state": "NSW",
        "suburb": "Castle Hill",
        "postcode": "2154",
        "full_address": "Shop 389, 6-14 Castle St, Castle Hill, NSW, 2154",
        "phone": "+61283571354",
        "official_url": "https://baileynelson.com.au/pages/optometrist-castle-towers",
        "services": "Optometry Services; Bulk-Billed Eye Tests; Private Eye Tests from $65; Contact Lens Eye Tests; Visual Fields Testing; Ultra-wide retinal imaging; Optical & Sunglass styling; Free frame adjustments",
        "audiology": "false",
        "venue_name": "Castle Towers",
        "venue_id": "nsw-castle-towers",
        "location_type": "Shopping Centre",
        "classification_confidence": "High",
        "classification_basis": "Reviewed official store name and address",
        "store_area_sqm": "",
        "area_measure": "",
        "area_source": "",
        "area_date": "",
        "area_confidence": "Unknown",
        "source_url": "https://baileynelson.com.au/pages/optometrist-castle-towers",
        "fetched_at": "2026-07-23T01:01:27+00:00"
      }
    },
    {
      "type": "Feature",
      "geometry": {
        "type": "Point",
        "coordinates": [
          151.00542,
          -33.73048
        ]
      },
      "properties": {
        "retailer": "OPSM",
        "store_id": "opsm-1321",
        "name": "OPSM Castle Towers",
        "status": "Active",
        "state": "NSW",
        "suburb": "Castle Hill",
        "postcode": "2154",
        "full_address": "341 CASTLE TOWERS SHOPPING CENTRE, Castle Hill, NSW, 2154",
        "phone": "(02) 9634 6157",
        "official_url": "https://www.opsm.com.au/en/opsm-au/find-store",
        "services": "Dry Eye, Kids Vision Centre, Return",
        "audiology": "false",
        "venue_name": "Castle Towers",
        "venue_id": "nsw-castle-towers",
        "location_type": "Shopping Centre",
        "classification_confidence": "High",
        "classification_basis": "Reviewed official store name and address",
        "store_area_sqm": "",
        "area_measure": "",
        "area_source": "",
        "area_date": "",
        "area_confidence": "Unknown",
        "source_url": "https://www.opsm.com.au/en/opsm-au/find-store",
        "fetched_at": "2026-07-23T00:26:21+00:00"
      }
    },
    {
      "type": "Feature",
      "geometry": {
        "type": "Point",
        "coordinates": [
          151.0065,
          -33.730434
        ]
      },
      "properties": {
        "retailer": "Specsavers",
        "store_id": "specsavers-3405",
        "name": "Castle Hill - Castle Towers",
        "status": "Active",
        "state": "NSW",
        "suburb": "Castle Hill",
        "postcode": "2154",
        "full_address": "Shop 331 Castle Hill S/C, 6-14 Castle Street, Castle Hill, NSW, 2154",
        "phone": "(02) 8850 1334",
        "official_url": "https://www.specsavers.com.au/stores/castlehill",
        "services": "Optometry; Audiology",
        "audiology": "true",
        "venue_name": "Castle Towers",
        "venue_id": "nsw-castle-towers",
        "location_type": "Shopping Centre",
        "classification_confidence": "High",
        "classification_basis": "Reviewed official store name and address",
        "store_area_sqm": "",
        "area_measure": "",
        "area_source": "",
        "area_date": "",
        "area_confidence": "Unknown",
        "source_url": "https://www.specsavers.com.au/stores/castlehill",
        "fetched_at": "2026-07-23T00:53:33.174Z"
      }
    },
    {
      "type": "Feature",
      "geometry": {
        "type": "Point",
        "coordinates": [
          150.90007,
          -33.94762
        ]
      },
      "properties": {
        "retailer": "Specsavers",
        "store_id": "specsavers-3558",
        "name": "Casula",
        "status": "Active",
        "state": "NSW",
        "suburb": "Casula",
        "postcode": "2170",
        "full_address": "Casula Mall, 1 Ingham Dr, Casula, NSW, 2170",
        "phone": "(02) 9822 7239",
        "official_url": "https://www.specsavers.com.au/stores/casula",
        "services": "Optometry",
        "audiology": "false",
        "venue_name": "Casula Mall",
        "venue_id": "nsw-casula",
        "location_type": "Shopping Centre",
        "classification_confidence": "High",
        "classification_basis": "Official name/address contains shopping-centre evidence",
        "store_area_sqm": "",
        "area_measure": "",
        "area_source": "",
        "area_date": "",
        "area_confidence": "Unknown",
        "source_url": "https://www.specsavers.com.au/stores/casula",
        "fetched_at": "2026-07-23T00:53:33.174Z"
      }
    },
    {
      "type": "Feature",
      "geometry": {
        "type": "Point",
        "coordinates": [
          151.35481,
          -32.834255
        ]
      },
      "properties": {
        "retailer": "Specsavers",
        "store_id": "specsavers-3382",
        "name": "Cessnock Plaza S/C",
        "status": "Active",
        "state": "NSW",
        "suburb": "Cessnock",
        "postcode": "2325",
        "full_address": "Cessnock Plaza Shopping Centre, Shop 2, Cessnock, NSW, 2325",
        "phone": "(02) 4990 6299",
        "official_url": "https://www.specsavers.com.au/stores/cessnock",
        "services": "Optometry",
        "audiology": "false",
        "venue_name": "Cessnock Plaza Shopping Centre",
        "venue_id": "nsw-cessnock-plaza",
        "location_type": "Shopping Centre",
        "classification_confidence": "High",
        "classification_basis": "Official name/address contains shopping-centre evidence",
        "store_area_sqm": "",
        "area_measure": "",
        "area_source": "",
        "area_date": "",
        "area_confidence": "Unknown",
        "source_url": "https://www.specsavers.com.au/stores/cessnock",
        "fetched_at": "2026-07-23T00:53:33.174Z"
      }
    },
    {
      "type": "Feature",
      "geometry": {
        "type": "Point",
        "coordinates": [
          151.69361,
          -32.96465
        ]
      },
      "properties": {
        "retailer": "OPSM",
        "store_id": "opsm-1219",
        "name": "OPSM Charlestown",
        "status": "Active",
        "state": "NSW",
        "suburb": "Charlestown",
        "postcode": "2290",
        "full_address": "Pearson St, Charlestown, NSW, 2290",
        "phone": "(02) 4943 9066",
        "official_url": "https://www.opsm.com.au/en/opsm-au/find-store",
        "services": "Dry Eye, Collect & Return",
        "audiology": "false",
        "venue_name": "",
        "venue_id": "",
        "location_type": "Main Street / Street-front",
        "classification_confidence": "Low",
        "classification_basis": "Official address contains street evidence but needs review",
        "store_area_sqm": "",
        "area_measure": "",
        "area_source": "",
        "area_date": "",
        "area_confidence": "Unknown",
        "source_url": "https://www.opsm.com.au/en/opsm-au/find-store",
        "fetched_at": "2026-07-23T00:26:21+00:00"
      }
    },
    {
      "type": "Feature",
      "geometry": {
        "type": "Point",
        "coordinates": [
          151.6937,
          -32.965057
        ]
      },
      "properties": {
        "retailer": "Specsavers",
        "store_id": "specsavers-3329",
        "name": "Charlestown Square",
        "status": "Active",
        "state": "NSW",
        "suburb": "Charlestown",
        "postcode": "2290",
        "full_address": "L01, 1024 Charlestown Square, 30 Pearson St, Charlestown, NSW, 2290",
        "phone": "(02) 4920 9866",
        "official_url": "https://www.specsavers.com.au/stores/charlestown",
        "services": "Optometry; Audiology",
        "audiology": "true",
        "venue_name": "Charlestown Square",
        "venue_id": "nsw-charlestown-square",
        "location_type": "Shopping Centre",
        "classification_confidence": "High",
        "classification_basis": "Official name/address contains shopping-centre evidence",
        "store_area_sqm": "",
        "area_measure": "",
        "area_source": "",
        "area_date": "",
        "area_confidence": "Unknown",
        "source_url": "https://www.specsavers.com.au/stores/charlestown",
        "fetched_at": "2026-07-23T00:53:33.174Z"
      }
    },
    {
      "type": "Feature",
      "geometry": {
        "type": "Point",
        "coordinates": [
          151.1837921,
          -33.796909
        ]
      },
      "properties": {
        "retailer": "Bailey Nelson",
        "store_id": "bailey-nelson-chatswood",
        "name": "Bailey Nelson Chatswood",
        "status": "Active",
        "state": "NSW",
        "suburb": "Chatswood",
        "postcode": "2067",
        "full_address": "1 Anderson Street, Chatswood, NSW, 2067",
        "phone": "+61283571355",
        "official_url": "https://baileynelson.com.au/pages/optometrist-chatswood",
        "services": "Optometry Services; Bulk-Billed Eye Tests; Private Eye Tests from $65; Contact Lens Eye Tests; Visual Fields Testing; Ultra-wide retinal imaging; Optical & Sunglass styling; Free frame adjustments",
        "audiology": "false",
        "venue_name": "",
        "venue_id": "",
        "location_type": "Main Street / Street-front",
        "classification_confidence": "Medium",
        "classification_basis": "Official address is a numbered or corner street address without centre evidence",
        "store_area_sqm": "",
        "area_measure": "",
        "area_source": "",
        "area_date": "",
        "area_confidence": "Unknown",
        "source_url": "https://baileynelson.com.au/pages/optometrist-chatswood",
        "fetched_at": "2026-07-23T01:01:27+00:00"
      }
    },
    {
      "type": "Feature",
      "geometry": {
        "type": "Point",
        "coordinates": [
          151.18381,
          -33.79671
        ]
      },
      "properties": {
        "retailer": "OPSM",
        "store_id": "opsm-1460",
        "name": "OPSM Chatswood Westfield",
        "status": "Active",
        "state": "NSW",
        "suburb": "Chatswood",
        "postcode": "2067",
        "full_address": "1 Anderson St, Chatswood, NSW, 2067",
        "phone": "(02) 9413 2055",
        "official_url": "https://www.opsm.com.au/en/opsm-au/find-store",
        "services": "Dry Eye, Kids Vision Centre, Collect & Return",
        "audiology": "false",
        "venue_name": "Chatswood Westfield",
        "venue_id": "nsw-chatswood-westfield",
        "location_type": "Shopping Centre",
        "classification_confidence": "High",
        "classification_basis": "Official name/address contains shopping-centre evidence",
        "store_area_sqm": "",
        "area_measure": "",
        "area_source": "",
        "area_date": "",
        "area_confidence": "Unknown",
        "source_url": "https://www.opsm.com.au/en/opsm-au/find-store",
        "fetched_at": "2026-07-23T00:26:21+00:00"
      }
    },
    {
      "type": "Feature",
      "geometry": {
        "type": "Point",
        "coordinates": [
          151.18256,
          -33.796463
        ]
      },
      "properties": {
        "retailer": "Specsavers",
        "store_id": "specsavers-3319",
        "name": "Chatswood",
        "status": "Active",
        "state": "NSW",
        "suburb": "Chatswood",
        "postcode": "2067",
        "full_address": "Shop A, 398 Victoria Avenue, Chatswood, NSW, 2067",
        "phone": "(02) 9411 3390",
        "official_url": "https://www.specsavers.com.au/stores/chatswood",
        "services": "Optometry; Audiology",
        "audiology": "true",
        "venue_name": "",
        "venue_id": "",
        "location_type": "Shopping Centre",
        "classification_confidence": "Medium",
        "classification_basis": "Official address uses a shop/level format; venue name requires review",
        "store_area_sqm": "",
        "area_measure": "",
        "area_source": "",
        "area_date": "",
        "area_confidence": "Unknown",
        "source_url": "https://www.specsavers.com.au/stores/chatswood",
        "fetched_at": "2026-07-23T00:53:33.174Z"
      }
    },
    {
      "type": "Feature",
      "geometry": {
        "type": "Point",
        "coordinates": [
          151.18597,
          -33.79449
        ]
      },
      "properties": {
        "retailer": "Specsavers",
        "store_id": "specsavers-3659",
        "name": "Chatswood Chase",
        "status": "Active",
        "state": "NSW",
        "suburb": "Chatswood",
        "postcode": "2067",
        "full_address": "Shop B-022 Chatswood Chase, 345 Victoria Avenue, Chatswood, NSW, 2067",
        "phone": "(02) 9411 3390",
        "official_url": "https://www.specsavers.com.au/stores/chatswoodchase",
        "services": "Optometry; Audiology",
        "audiology": "true",
        "venue_name": "Chatswood Chase",
        "venue_id": "nsw-chase-chatswood",
        "location_type": "Shopping Centre",
        "classification_confidence": "High",
        "classification_basis": "Official name/address contains shopping-centre evidence",
        "store_area_sqm": "",
        "area_measure": "",
        "area_source": "",
        "area_date": "",
        "area_confidence": "Unknown",
        "source_url": "https://www.specsavers.com.au/stores/chatswoodchase",
        "fetched_at": "2026-07-23T00:53:33.174Z"
      }
    },
    {
      "type": "Feature",
      "geometry": {
        "type": "Point",
        "coordinates": [
          151.04392,
          -33.7207
        ]
      },
      "properties": {
        "retailer": "OPSM",
        "store_id": "opsm-1086",
        "name": "OPSM Cherrybrook",
        "status": "Active",
        "state": "NSW",
        "suburb": "Cherrybrook",
        "postcode": "2126",
        "full_address": "41 - 47 Shepherds Dr, Cherrybrook, NSW, 2126",
        "phone": "(02) 9481 4287",
        "official_url": "https://www.opsm.com.au/en/opsm-au/find-store",
        "services": "Dry Eye, Kids Vision Centre, Collect & Return",
        "audiology": "false",
        "venue_name": "",
        "venue_id": "",
        "location_type": "Unclassified",
        "classification_confidence": "Low",
        "classification_basis": "Insufficient official venue or street evidence",
        "store_area_sqm": "",
        "area_measure": "",
        "area_source": "",
        "area_date": "",
        "area_confidence": "Unknown",
        "source_url": "https://www.opsm.com.au/en/opsm-au/find-store",
        "fetched_at": "2026-07-23T00:26:21+00:00"
      }
    },
    {
      "type": "Feature",
      "geometry": {
        "type": "Point",
        "coordinates": [
          151.06133,
          -33.89335
        ]
      },
      "properties": {
        "retailer": "Specsavers",
        "store_id": "specsavers-3668",
        "name": "Chullora",
        "status": "Active",
        "state": "NSW",
        "suburb": "Chullora",
        "postcode": "2190",
        "full_address": "Shop 39 & 39A, Chullora Marketplace, 355-357 Waterloo Road, Chullora, NSW, 2190",
        "phone": "(02) 9791 0585",
        "official_url": "https://www.specsavers.com.au/stores/chullora",
        "services": "Optometry; Audiology",
        "audiology": "true",
        "venue_name": "Chullora Marketplace",
        "venue_id": "nsw-chullora-marketplace",
        "location_type": "Shopping Centre",
        "classification_confidence": "High",
        "classification_basis": "Official name/address contains shopping-centre evidence",
        "store_area_sqm": "",
        "area_measure": "",
        "area_source": "",
        "area_date": "",
        "area_confidence": "Unknown",
        "source_url": "https://www.specsavers.com.au/stores/chullora",
        "fetched_at": "2026-07-23T00:53:33.174Z"
      }
    },
    {
      "type": "Feature",
      "geometry": {
        "type": "Point",
        "coordinates": [
          153.13172,
          -30.2828
        ]
      },
      "properties": {
        "retailer": "OPSM",
        "store_id": "opsm-1229",
        "name": "OPSM Coffs Harbour",
        "status": "Active",
        "state": "NSW",
        "suburb": "Coffs Harbour",
        "postcode": "2450",
        "full_address": "253 Pacific Hwy, Coffs Harbour, NSW, 2450",
        "phone": "(02) 6652 3893",
        "official_url": "https://www.opsm.com.au/en/opsm-au/find-store",
        "services": "Collect & Return",
        "audiology": "false",
        "venue_name": "",
        "venue_id": "",
        "location_type": "Main Street / Street-front",
        "classification_confidence": "Medium",
        "classification_basis": "Official address is a numbered or corner street address without centre evidence",
        "store_area_sqm": "",
        "area_measure": "",
        "area_source": "",
        "area_date": "",
        "area_confidence": "Unknown",
        "source_url": "https://www.opsm.com.au/en/opsm-au/find-store",
        "fetched_at": "2026-07-23T00:26:21+00:00"
      }
    },
    {
      "type": "Feature",
      "geometry": {
        "type": "Point",
        "coordinates": [
          153.13156,
          -30.28371
        ]
      },
      "properties": {
        "retailer": "Specsavers",
        "store_id": "specsavers-3339",
        "name": "Coffs Harbour - Park Beach",
        "status": "Active",
        "state": "NSW",
        "suburb": "Coffs Harbour",
        "postcode": "2450",
        "full_address": "Shop 21 Park Beach Plaza, 253 Pacific Hwy, Coffs Harbour, NSW, 2450",
        "phone": "(02) 6651 8883",
        "official_url": "https://www.specsavers.com.au/stores/coffsparkbeach",
        "services": "Optometry; Audiology",
        "audiology": "true",
        "venue_name": "",
        "venue_id": "",
        "location_type": "Shopping Centre",
        "classification_confidence": "High",
        "classification_basis": "Official name/address contains shopping-centre evidence",
        "store_area_sqm": "",
        "area_measure": "",
        "area_source": "",
        "area_date": "",
        "area_confidence": "Unknown",
        "source_url": "https://www.specsavers.com.au/stores/coffsparkbeach",
        "fetched_at": "2026-07-23T00:53:33.174Z"
      }
    },
    {
      "type": "Feature",
      "geometry": {
        "type": "Point",
        "coordinates": [
          153.11536,
          -30.29738
        ]
      },
      "properties": {
        "retailer": "Specsavers",
        "store_id": "specsavers-3301",
        "name": "Coffs Harbour City Centre",
        "status": "Active",
        "state": "NSW",
        "suburb": "Coffs Harbour",
        "postcode": "2450",
        "full_address": "City Centre Square, Shop 80, Coffs Harbour, NSW, 2450",
        "phone": "(02) 6651 4300",
        "official_url": "https://www.specsavers.com.au/stores/coffsharbour",
        "services": "Optometry; Audiology",
        "audiology": "true",
        "venue_name": "Coffs Harbour City Centre",
        "venue_id": "nsw-city-coffs-harbour",
        "location_type": "Shopping Centre",
        "classification_confidence": "High",
        "classification_basis": "Official name/address contains shopping-centre evidence",
        "store_area_sqm": "",
        "area_measure": "",
        "area_source": "",
        "area_date": "",
        "area_confidence": "Unknown",
        "source_url": "https://www.specsavers.com.au/stores/coffsharbour",
        "fetched_at": "2026-07-23T00:53:33.174Z"
      }
    },
    {
      "type": "Feature",
      "geometry": {
        "type": "Point",
        "coordinates": [
          150.89778,
          -34.37432
        ]
      },
      "properties": {
        "retailer": "Specsavers",
        "store_id": "specsavers-3413",
        "name": "Corrimal Shopping Centre",
        "status": "Active",
        "state": "NSW",
        "suburb": "Corrimal",
        "postcode": "2518",
        "full_address": "Shop 29-32 Corrimal Village, 270 Princes Highway, Corrimal, NSW, 2518",
        "phone": "(02) 4283 3172",
        "official_url": "https://www.specsavers.com.au/stores/corrimal",
        "services": "Optometry; Audiology",
        "audiology": "true",
        "venue_name": "Corrimal Shopping Centre",
        "venue_id": "nsw-corrimal",
        "location_type": "Shopping Centre",
        "classification_confidence": "High",
        "classification_basis": "Official name/address contains shopping-centre evidence",
        "store_area_sqm": "",
        "area_measure": "",
        "area_source": "",
        "area_date": "",
        "area_confidence": "Unknown",
        "source_url": "https://www.specsavers.com.au/stores/corrimal",
        "fetched_at": "2026-07-23T00:53:33.174Z"
      }
    },
    {
      "type": "Feature",
      "geometry": {
        "type": "Point",
        "coordinates": [
          151.20054,
          -33.82462
        ]
      },
      "properties": {
        "retailer": "OPSM",
        "store_id": "opsm-1439",
        "name": "OPSM Crows Nest",
        "status": "Active",
        "state": "NSW",
        "suburb": "Crows Nest",
        "postcode": "2065",
        "full_address": "106 Willoughby Rd, Crows Nest, NSW, 2065",
        "phone": "(02) 9438 2100",
        "official_url": "https://www.opsm.com.au/en/opsm-au/find-store",
        "services": "Collect & Return",
        "audiology": "false",
        "venue_name": "",
        "venue_id": "",
        "location_type": "Main Street / Street-front",
        "classification_confidence": "Medium",
        "classification_basis": "Official address is a numbered or corner street address without centre evidence",
        "store_area_sqm": "",
        "area_measure": "",
        "area_source": "",
        "area_date": "",
        "area_confidence": "Unknown",
        "source_url": "https://www.opsm.com.au/en/opsm-au/find-store",
        "fetched_at": "2026-07-23T00:26:21+00:00"
      }
    },
    {
      "type": "Feature",
      "geometry": {
        "type": "Point",
        "coordinates": [
          150.79449,
          -34.49482
        ]
      },
      "properties": {
        "retailer": "OPSM",
        "store_id": "opsm-1133",
        "name": "OPSM Dapto",
        "status": "Active",
        "state": "NSW",
        "suburb": "Dapto",
        "postcode": "2530",
        "full_address": "Cnr Princes Hwy & Moombara St, Dapto, NSW, 2530",
        "phone": "(02) 4261 5550",
        "official_url": "https://www.opsm.com.au/en/opsm-au/find-store",
        "services": "Collect & Return",
        "audiology": "false",
        "venue_name": "",
        "venue_id": "",
        "location_type": "Main Street / Street-front",
        "classification_confidence": "Medium",
        "classification_basis": "Official address is a numbered or corner street address without centre evidence",
        "store_area_sqm": "",
        "area_measure": "",
        "area_source": "",
        "area_date": "",
        "area_confidence": "Unknown",
        "source_url": "https://www.opsm.com.au/en/opsm-au/find-store",
        "fetched_at": "2026-07-23T00:26:21+00:00"
      }
    },
    {
      "type": "Feature",
      "geometry": {
        "type": "Point",
        "coordinates": [
          150.7944,
          -34.494804
        ]
      },
      "properties": {
        "retailer": "Specsavers",
        "store_id": "specsavers-3531",
        "name": "Dapto",
        "status": "Active",
        "state": "NSW",
        "suburb": "Dapto",
        "postcode": "2530",
        "full_address": "Dapto Mall, Shop 128, Dapto, NSW, 2530",
        "phone": "(02) 4260 8645",
        "official_url": "https://www.specsavers.com.au/stores/dapto",
        "services": "Optometry; Audiology",
        "audiology": "true",
        "venue_name": "Dapto Mall",
        "venue_id": "nsw-dapto",
        "location_type": "Shopping Centre",
        "classification_confidence": "High",
        "classification_basis": "Official name/address contains shopping-centre evidence",
        "store_area_sqm": "",
        "area_measure": "",
        "area_source": "",
        "area_date": "",
        "area_confidence": "Unknown",
        "source_url": "https://www.specsavers.com.au/stores/dapto",
        "fetched_at": "2026-07-23T00:53:33.174Z"
      }
    },
    {
      "type": "Feature",
      "geometry": {
        "type": "Point",
        "coordinates": [
          151.28482,
          -33.75462
        ]
      },
      "properties": {
        "retailer": "OPSM",
        "store_id": "opsm-1205",
        "name": "OPSM Dee Why",
        "status": "Active",
        "state": "NSW",
        "suburb": "Dee Why",
        "postcode": "2099",
        "full_address": "15-19 Pacific Pde, Dee Why, NSW, 2099",
        "phone": "(02) 9981 2442",
        "official_url": "https://www.opsm.com.au/en/opsm-au/find-store",
        "services": "Collect & Return",
        "audiology": "false",
        "venue_name": "",
        "venue_id": "",
        "location_type": "Unclassified",
        "classification_confidence": "Low",
        "classification_basis": "Insufficient official venue or street evidence",
        "store_area_sqm": "",
        "area_measure": "",
        "area_source": "",
        "area_date": "",
        "area_confidence": "Unknown",
        "source_url": "https://www.opsm.com.au/en/opsm-au/find-store",
        "fetched_at": "2026-07-23T00:26:21+00:00"
      }
    },
    {
      "type": "Feature",
      "geometry": {
        "type": "Point",
        "coordinates": [
          148.60056,
          -32.25026
        ]
      },
      "properties": {
        "retailer": "OPSM",
        "store_id": "opsm-1227",
        "name": "OPSM Dubbo",
        "status": "Active",
        "state": "NSW",
        "suburb": "Dubbo",
        "postcode": "2830",
        "full_address": "177 Macquarie St, Dubbo, NSW, 2830",
        "phone": "(02) 6882 4710",
        "official_url": "https://www.opsm.com.au/en/opsm-au/find-store",
        "services": "Collect & Return",
        "audiology": "false",
        "venue_name": "",
        "venue_id": "",
        "location_type": "Main Street / Street-front",
        "classification_confidence": "Medium",
        "classification_basis": "Official address is a numbered or corner street address without centre evidence",
        "store_area_sqm": "",
        "area_measure": "",
        "area_source": "",
        "area_date": "",
        "area_confidence": "Unknown",
        "source_url": "https://www.opsm.com.au/en/opsm-au/find-store",
        "fetched_at": "2026-07-23T00:26:21+00:00"
      }
    },
    {
      "type": "Feature",
      "geometry": {
        "type": "Point",
        "coordinates": [
          148.6309,
          -32.255867
        ]
      },
      "properties": {
        "retailer": "Specsavers",
        "store_id": "specsavers-3681",
        "name": "Dubbo East",
        "status": "Active",
        "state": "NSW",
        "suburb": "Dubbo",
        "postcode": "2830",
        "full_address": "Shop 14, Orana Mall Marketplace, 56 Windsor Parade, Dubbo, NSW, 2830",
        "phone": "(02) 6882 8855",
        "official_url": "https://www.specsavers.com.au/stores/dubbo-east",
        "services": "Optometry; Audiology",
        "audiology": "true",
        "venue_name": "Orana Mall Marketplace",
        "venue_id": "nsw-marketplace-orana",
        "location_type": "Shopping Centre",
        "classification_confidence": "High",
        "classification_basis": "Official name/address contains shopping-centre evidence",
        "store_area_sqm": "",
        "area_measure": "",
        "area_source": "",
        "area_date": "",
        "area_confidence": "Unknown",
        "source_url": "https://www.specsavers.com.au/stores/dubbo-east",
        "fetched_at": "2026-07-23T00:53:33.174Z"
      }
    },
    {
      "type": "Feature",
      "geometry": {
        "type": "Point",
        "coordinates": [
          148.59955,
          -32.250015
        ]
      },
      "properties": {
        "retailer": "Specsavers",
        "store_id": "specsavers-3489",
        "name": "Dubbo Square",
        "status": "Active",
        "state": "NSW",
        "suburb": "Dubbo",
        "postcode": "2830",
        "full_address": "Shop 14B, Dubbo Square, 177 Macquarie Street, Dubbo, NSW, 2830",
        "phone": "(02) 6882 8855",
        "official_url": "https://www.specsavers.com.au/stores/dubbo",
        "services": "Optometry; Audiology",
        "audiology": "true",
        "venue_name": "Dubbo Square",
        "venue_id": "nsw-dubbo-square",
        "location_type": "Shopping Centre",
        "classification_confidence": "High",
        "classification_basis": "Official name/address contains shopping-centre evidence",
        "store_area_sqm": "",
        "area_measure": "",
        "area_source": "",
        "area_date": "",
        "area_confidence": "Unknown",
        "source_url": "https://www.specsavers.com.au/stores/dubbo",
        "fetched_at": "2026-07-23T00:53:33.174Z"
      }
    },
    {
      "type": "Feature",
      "geometry": {
        "type": "Point",
        "coordinates": [
          151.5913572,
          -32.7627913
        ]
      },
      "properties": {
        "retailer": "Bailey Nelson",
        "store_id": "bailey-nelson-green-hills",
        "name": "Bailey Nelson Green Hills",
        "status": "Active",
        "state": "NSW",
        "suburb": "East Maitland",
        "postcode": "2323",
        "full_address": "1 Molly Morgan Dr, East Maitland, NSW, 2323",
        "phone": "+61240818935",
        "official_url": "https://baileynelson.com.au/pages/optometrist-green-hills",
        "services": "Optometry Services; Bulk-Billed Eye Tests; Private Eye Tests from $65; Contact Lens Eye Tests; Visual Fields Testing; Ultra-wide retinal imaging; Optical & Sunglass styling; Free frame adjustments",
        "audiology": "false",
        "venue_name": "",
        "venue_id": "",
        "location_type": "Unclassified",
        "classification_confidence": "Low",
        "classification_basis": "Insufficient official venue or street evidence",
        "store_area_sqm": "",
        "area_measure": "",
        "area_source": "",
        "area_date": "",
        "area_confidence": "Unknown",
        "source_url": "https://baileynelson.com.au/pages/optometrist-green-hills",
        "fetched_at": "2026-07-23T01:01:27+00:00"
      }
    },
    {
      "type": "Feature",
      "geometry": {
        "type": "Point",
        "coordinates": [
          151.59151,
          -32.76187
        ]
      },
      "properties": {
        "retailer": "OPSM",
        "store_id": "opsm-1403",
        "name": "OPSM Green Hills",
        "status": "Active",
        "state": "NSW",
        "suburb": "East Maitland",
        "postcode": "2323",
        "full_address": "1 Molly Morgan Dr, East Maitland, NSW, 2323",
        "phone": "(02) 83213480",
        "official_url": "https://www.opsm.com.au/en/opsm-au/find-store",
        "services": "Collect & Return",
        "audiology": "false",
        "venue_name": "",
        "venue_id": "",
        "location_type": "Unclassified",
        "classification_confidence": "Low",
        "classification_basis": "Insufficient official venue or street evidence",
        "store_area_sqm": "",
        "area_measure": "",
        "area_source": "",
        "area_date": "",
        "area_confidence": "Unknown",
        "source_url": "https://www.opsm.com.au/en/opsm-au/find-store",
        "fetched_at": "2026-07-23T00:26:21+00:00"
      }
    },
    {
      "type": "Feature",
      "geometry": {
        "type": "Point",
        "coordinates": [
          151.59111,
          -32.76294
        ]
      },
      "properties": {
        "retailer": "Specsavers",
        "store_id": "specsavers-3446",
        "name": "East Maitland - Green Hills",
        "status": "Active",
        "state": "NSW",
        "suburb": "East Maitland",
        "postcode": "2323",
        "full_address": "Shop 012/1 Molly Morgan Drive, East Maitland, NSW, 2323",
        "phone": "(02) 4933 0844",
        "official_url": "https://www.specsavers.com.au/stores/eastmaitland",
        "services": "Optometry; Audiology",
        "audiology": "true",
        "venue_name": "",
        "venue_id": "",
        "location_type": "Shopping Centre",
        "classification_confidence": "Medium",
        "classification_basis": "Official address uses a shop/level format; venue name requires review",
        "store_area_sqm": "",
        "area_measure": "",
        "area_source": "",
        "area_date": "",
        "area_confidence": "Unknown",
        "source_url": "https://www.specsavers.com.au/stores/eastmaitland",
        "fetched_at": "2026-07-23T00:53:33.174Z"
      }
    },
    {
      "type": "Feature",
      "geometry": {
        "type": "Point",
        "coordinates": [
          151.2240871,
          -33.9447872
        ]
      },
      "properties": {
        "retailer": "Bailey Nelson",
        "store_id": "bailey-nelson-eastgardens",
        "name": "Bailey Nelson Eastgardens - Now Open",
        "status": "Active",
        "state": "NSW",
        "suburb": "Eastgardens",
        "postcode": "2036",
        "full_address": "152 Bunnerong Rd, Eastgardens, NSW, 2036",
        "phone": "+61283942761",
        "official_url": "https://baileynelson.com.au/pages/optometrist-eastgardens",
        "services": "Optometry Services; Bulk-Billed Eye Tests; Private Eye Tests from $65; Contact Lens Eye Tests; Visual Fields Testing; Ultra-wide retinal imaging; Optical & Sunglass styling; Free frame adjustments",
        "audiology": "false",
        "venue_name": "",
        "venue_id": "",
        "location_type": "Main Street / Street-front",
        "classification_confidence": "Medium",
        "classification_basis": "Official address is a numbered or corner street address without centre evidence",
        "store_area_sqm": "",
        "area_measure": "",
        "area_source": "",
        "area_date": "",
        "area_confidence": "Unknown",
        "source_url": "https://baileynelson.com.au/pages/optometrist-eastgardens",
        "fetched_at": "2026-07-23T01:01:27+00:00"
      }
    },
    {
      "type": "Feature",
      "geometry": {
        "type": "Point",
        "coordinates": [
          151.22435,
          -33.944916
        ]
      },
      "properties": {
        "retailer": "Specsavers",
        "store_id": "specsavers-3355",
        "name": "Eastgardens Westfield",
        "status": "Active",
        "state": "NSW",
        "suburb": "Eastgardens",
        "postcode": "2036",
        "full_address": "Level 2, Westfield Eastgardens Shopping Centre, 152 Bunnerong Road, Eastgardens, NSW, 2036",
        "phone": "(02) 8347 1499",
        "official_url": "https://www.specsavers.com.au/stores/eastgardens",
        "services": "Optometry; Audiology",
        "audiology": "true",
        "venue_name": "Eastgardens Westfield",
        "venue_id": "nsw-eastgardens-westfield",
        "location_type": "Shopping Centre",
        "classification_confidence": "High",
        "classification_basis": "Official name/address contains shopping-centre evidence",
        "store_area_sqm": "",
        "area_measure": "",
        "area_source": "",
        "area_date": "",
        "area_confidence": "Unknown",
        "source_url": "https://www.specsavers.com.au/stores/eastgardens",
        "fetched_at": "2026-07-23T00:53:33.174Z"
      }
    },
    {
      "type": "Feature",
      "geometry": {
        "type": "Point",
        "coordinates": [
          151.3927555,
          -33.4376053
        ]
      },
      "properties": {
        "retailer": "Bailey Nelson",
        "store_id": "bailey-nelson-erina-fair",
        "name": "Bailey Nelson Erina Fair",
        "status": "Active",
        "state": "NSW",
        "suburb": "Erina",
        "postcode": "2250",
        "full_address": "620-658 Terrigal Drive, Erina, NSW, 2250",
        "phone": "+61243163121",
        "official_url": "https://baileynelson.com.au/pages/optometrist-erina-fair",
        "services": "Optometry Services; Bulk-Billed Eye Tests; Private Eye Tests from $65; Contact Lens Eye Tests; Visual Fields Testing; Ultra-wide retinal imaging; Optical & Sunglass styling; Free frame adjustments",
        "audiology": "false",
        "venue_name": "Erina Fair",
        "venue_id": "nsw-erina-fair",
        "location_type": "Shopping Centre",
        "classification_confidence": "High",
        "classification_basis": "Official name/address contains shopping-centre evidence",
        "store_area_sqm": "",
        "area_measure": "",
        "area_source": "",
        "area_date": "",
        "area_confidence": "Unknown",
        "source_url": "https://baileynelson.com.au/pages/optometrist-erina-fair",
        "fetched_at": "2026-07-23T01:01:27+00:00"
      }
    },
    {
      "type": "Feature",
      "geometry": {
        "type": "Point",
        "coordinates": [
          151.39395,
          -33.43802
        ]
      },
      "properties": {
        "retailer": "OPSM",
        "store_id": "opsm-1416",
        "name": "OPSM Erina",
        "status": "Active",
        "state": "NSW",
        "suburb": "Erina",
        "postcode": "2250",
        "full_address": "Terrigal Dr, Erina, NSW, 2250",
        "phone": "(02) 4365 1024",
        "official_url": "https://www.opsm.com.au/en/opsm-au/find-store",
        "services": "Dry Eye, Collect & Return",
        "audiology": "false",
        "venue_name": "",
        "venue_id": "",
        "location_type": "Unclassified",
        "classification_confidence": "Low",
        "classification_basis": "Insufficient official venue or street evidence",
        "store_area_sqm": "",
        "area_measure": "",
        "area_source": "",
        "area_date": "",
        "area_confidence": "Unknown",
        "source_url": "https://www.opsm.com.au/en/opsm-au/find-store",
        "fetched_at": "2026-07-23T00:26:21+00:00"
      }
    },
    {
      "type": "Feature",
      "geometry": {
        "type": "Point",
        "coordinates": [
          151.39474,
          -33.438686
        ]
      },
      "properties": {
        "retailer": "Specsavers",
        "store_id": "specsavers-3331",
        "name": "Erina Fair",
        "status": "Active",
        "state": "NSW",
        "suburb": "Erina",
        "postcode": "2250",
        "full_address": "Erina Fair Shopping Centre, Shop T095-T097, Terrigal Drive, Erina, NSW, 2250",
        "phone": "(02) 4367 3666",
        "official_url": "https://www.specsavers.com.au/stores/erina",
        "services": "Optometry; Audiology",
        "audiology": "true",
        "venue_name": "Erina Fair",
        "venue_id": "nsw-erina-fair",
        "location_type": "Shopping Centre",
        "classification_confidence": "High",
        "classification_basis": "Official name/address contains shopping-centre evidence",
        "store_area_sqm": "",
        "area_measure": "",
        "area_source": "",
        "area_date": "",
        "area_confidence": "Unknown",
        "source_url": "https://www.specsavers.com.au/stores/erina",
        "fetched_at": "2026-07-23T00:53:33.174Z"
      }
    },
    {
      "type": "Feature",
      "geometry": {
        "type": "Point",
        "coordinates": [
          150.95642,
          -33.868855
        ]
      },
      "properties": {
        "retailer": "Specsavers",
        "store_id": "specsavers-3468",
        "name": "Fairfield - Neeta City S/C",
        "status": "Active",
        "state": "NSW",
        "suburb": "Fairfield",
        "postcode": "2165",
        "full_address": "Shop G66, Neeta City S/C, 54 Smart Street, Fairfield, NSW, 2165",
        "phone": "(02) 9723 3360",
        "official_url": "https://www.specsavers.com.au/stores/fairfield",
        "services": "Optometry",
        "audiology": "false",
        "venue_name": "Neeta City Shopping Centre",
        "venue_id": "nsw-city-neeta",
        "location_type": "Shopping Centre",
        "classification_confidence": "High",
        "classification_basis": "Official name/address contains shopping-centre evidence",
        "store_area_sqm": "",
        "area_measure": "",
        "area_source": "",
        "area_date": "",
        "area_confidence": "Unknown",
        "source_url": "https://www.specsavers.com.au/stores/fairfield",
        "fetched_at": "2026-07-23T00:53:33.174Z"
      }
    },
    {
      "type": "Feature",
      "geometry": {
        "type": "Point",
        "coordinates": [
          150.86287,
          -34.436413
        ]
      },
      "properties": {
        "retailer": "Specsavers",
        "store_id": "specsavers-3685",
        "name": "Figtree",
        "status": "Active",
        "state": "NSW",
        "suburb": "Figtree",
        "postcode": "2525",
        "full_address": "Shop T29, Figtree Grove Shopping Centre, 19 Princes Highway, Figtree, NSW, 2525",
        "phone": "(02) 4225 0827",
        "official_url": "https://www.specsavers.com.au/stores/figtree",
        "services": "Optometry; Audiology",
        "audiology": "true",
        "venue_name": "Figtree Grove Shopping Centre",
        "venue_id": "nsw-figtree-grove",
        "location_type": "Shopping Centre",
        "classification_confidence": "High",
        "classification_basis": "Official name/address contains shopping-centre evidence",
        "store_area_sqm": "",
        "area_measure": "",
        "area_source": "",
        "area_date": "",
        "area_confidence": "Unknown",
        "source_url": "https://www.specsavers.com.au/stores/figtree",
        "fetched_at": "2026-07-23T00:53:33.174Z"
      }
    },
    {
      "type": "Feature",
      "geometry": {
        "type": "Point",
        "coordinates": [
          152.52014,
          -32.19959
        ]
      },
      "properties": {
        "retailer": "OPSM",
        "store_id": "opsm-1350",
        "name": "OPSM Forster",
        "status": "Active",
        "state": "NSW",
        "suburb": "Forster",
        "postcode": "2428",
        "full_address": "Breese Pde, Forster, NSW, 2428",
        "phone": "(02) 6555 7254",
        "official_url": "https://www.opsm.com.au/en/opsm-au/find-store",
        "services": "Collect & Return",
        "audiology": "false",
        "venue_name": "",
        "venue_id": "",
        "location_type": "Unclassified",
        "classification_confidence": "Low",
        "classification_basis": "Insufficient official venue or street evidence",
        "store_area_sqm": "",
        "area_measure": "",
        "area_source": "",
        "area_date": "",
        "area_confidence": "Unknown",
        "source_url": "https://www.opsm.com.au/en/opsm-au/find-store",
        "fetched_at": "2026-07-23T00:26:21+00:00"
      }
    },
    {
      "type": "Feature",
      "geometry": {
        "type": "Point",
        "coordinates": [
          152.51933,
          -32.199314
        ]
      },
      "properties": {
        "retailer": "Specsavers",
        "store_id": "specsavers-3613",
        "name": "Forster Stockland",
        "status": "Active",
        "state": "NSW",
        "suburb": "Forster",
        "postcode": "2428",
        "full_address": "Shop 125, Stockland Forster Shopping Centre, Bresse Pde, Forster, NSW, 2428",
        "phone": "(02) 6550 0922",
        "official_url": "https://www.specsavers.com.au/stores/forster",
        "services": "Optometry; Audiology",
        "audiology": "true",
        "venue_name": "Stockland Forster Shopping Centre",
        "venue_id": "nsw-forster-stockland",
        "location_type": "Shopping Centre",
        "classification_confidence": "High",
        "classification_basis": "Official name/address contains shopping-centre evidence",
        "store_area_sqm": "",
        "area_measure": "",
        "area_source": "",
        "area_date": "",
        "area_confidence": "Unknown",
        "source_url": "https://www.specsavers.com.au/stores/forster",
        "fetched_at": "2026-07-23T00:53:33.174Z"
      }
    },
    {
      "type": "Feature",
      "geometry": {
        "type": "Point",
        "coordinates": [
          151.22431,
          -33.75016
        ]
      },
      "properties": {
        "retailer": "OPSM",
        "store_id": "opsm-1473",
        "name": "OPSM Forestway",
        "status": "Active",
        "state": "NSW",
        "suburb": "Frenchs Forest",
        "postcode": "2086",
        "full_address": "20 Forest Way, Frenchs Forest, NSW, 2086",
        "phone": "(02) 9452 1555",
        "official_url": "https://www.opsm.com.au/en/opsm-au/find-store",
        "services": "Collect & Return",
        "audiology": "false",
        "venue_name": "",
        "venue_id": "",
        "location_type": "Unclassified",
        "classification_confidence": "Low",
        "classification_basis": "Insufficient official venue or street evidence",
        "store_area_sqm": "",
        "area_measure": "",
        "area_source": "",
        "area_date": "",
        "area_confidence": "Unknown",
        "source_url": "https://www.opsm.com.au/en/opsm-au/find-store",
        "fetched_at": "2026-07-23T00:26:21+00:00"
      }
    },
    {
      "type": "Feature",
      "geometry": {
        "type": "Point",
        "coordinates": [
          151.64267,
          -32.93487
        ]
      },
      "properties": {
        "retailer": "Specsavers",
        "store_id": "specsavers-3336",
        "name": "Glendale Stockland S/C",
        "status": "Active",
        "state": "NSW",
        "suburb": "Glendale",
        "postcode": "2285",
        "full_address": "Shop 32, Stockland Shopping Centre, 387 Lake Road, Glendale, NSW, 2285",
        "phone": "(02) 4956 5344",
        "official_url": "https://www.specsavers.com.au/stores/glendale",
        "services": "Optometry; Audiology",
        "audiology": "true",
        "venue_name": "Glendale Stockland Shopping Centre",
        "venue_id": "nsw-glendale-stockland",
        "location_type": "Shopping Centre",
        "classification_confidence": "High",
        "classification_basis": "Official name/address contains shopping-centre evidence",
        "store_area_sqm": "",
        "area_measure": "",
        "area_source": "",
        "area_date": "",
        "area_confidence": "Unknown",
        "source_url": "https://www.specsavers.com.au/stores/glendale",
        "fetched_at": "2026-07-23T00:53:33.174Z"
      }
    },
    {
      "type": "Feature",
      "geometry": {
        "type": "Point",
        "coordinates": [
          150.66869,
          -33.78896
        ]
      },
      "properties": {
        "retailer": "Specsavers",
        "store_id": "specsavers-3682",
        "name": "Glenmore Park",
        "status": "Active",
        "state": "NSW",
        "suburb": "Glenmore Park",
        "postcode": "2745",
        "full_address": "Shop T11 Home Co., Glenmore Park Town Centre, Glenmore Park, NSW, 2745",
        "phone": "(02) 4721 7725",
        "official_url": "https://www.specsavers.com.au/stores/glenmore-park",
        "services": "Optometry",
        "audiology": "false",
        "venue_name": "Glenmore Park Town Centre",
        "venue_id": "nsw-glenmore-park-town",
        "location_type": "Shopping Centre",
        "classification_confidence": "High",
        "classification_basis": "Official name/address contains shopping-centre evidence",
        "store_area_sqm": "",
        "area_measure": "",
        "area_source": "",
        "area_date": "",
        "area_confidence": "Unknown",
        "source_url": "https://www.specsavers.com.au/stores/glenmore-park",
        "fetched_at": "2026-07-23T00:53:33.174Z"
      }
    },
    {
      "type": "Feature",
      "geometry": {
        "type": "Point",
        "coordinates": [
          151.15273,
          -33.75507
        ]
      },
      "properties": {
        "retailer": "OPSM",
        "store_id": "opsm-1113",
        "name": "OPSM Gordon",
        "status": "Active",
        "state": "NSW",
        "suburb": "Gordon",
        "postcode": "2072",
        "full_address": "767 Pacific Hwy, Gordon, NSW, 2072",
        "phone": "(02) 9498 6031",
        "official_url": "https://www.opsm.com.au/en/opsm-au/find-store",
        "services": "Collect & Return",
        "audiology": "false",
        "venue_name": "",
        "venue_id": "",
        "location_type": "Main Street / Street-front",
        "classification_confidence": "Medium",
        "classification_basis": "Official address is a numbered or corner street address without centre evidence",
        "store_area_sqm": "",
        "area_measure": "",
        "area_source": "",
        "area_date": "",
        "area_confidence": "Unknown",
        "source_url": "https://www.opsm.com.au/en/opsm-au/find-store",
        "fetched_at": "2026-07-23T00:26:21+00:00"
      }
    },
    {
      "type": "Feature",
      "geometry": {
        "type": "Point",
        "coordinates": [
          151.34248,
          -33.425247
        ]
      },
      "properties": {
        "retailer": "Specsavers",
        "store_id": "specsavers-3334",
        "name": "Gosford - Imperial S/C",
        "status": "Active",
        "state": "NSW",
        "suburb": "Gosford",
        "postcode": "2250",
        "full_address": "Shop 105/106, Imperial S/C, 171 Mann Street, Gosford, NSW, 2250",
        "phone": "(02) 4325 3444",
        "official_url": "https://www.specsavers.com.au/stores/gosford",
        "services": "Optometry",
        "audiology": "false",
        "venue_name": "Imperial Shopping Centre",
        "venue_id": "nsw-imperial",
        "location_type": "Shopping Centre",
        "classification_confidence": "High",
        "classification_basis": "Official name/address contains shopping-centre evidence",
        "store_area_sqm": "",
        "area_measure": "",
        "area_source": "",
        "area_date": "",
        "area_confidence": "Unknown",
        "source_url": "https://www.specsavers.com.au/stores/gosford",
        "fetched_at": "2026-07-23T00:53:33.174Z"
      }
    },
    {
      "type": "Feature",
      "geometry": {
        "type": "Point",
        "coordinates": [
          149.72049,
          -34.75267
        ]
      },
      "properties": {
        "retailer": "OPSM",
        "store_id": "opsm-1016",
        "name": "OPSM Goulburn",
        "status": "Active",
        "state": "NSW",
        "suburb": "Goulburn",
        "postcode": "2580",
        "full_address": "217 Auburn St, Goulburn, NSW, 2580",
        "phone": "(02) 4821 1074",
        "official_url": "https://www.opsm.com.au/en/opsm-au/find-store",
        "services": "Collect & Return",
        "audiology": "false",
        "venue_name": "",
        "venue_id": "",
        "location_type": "Main Street / Street-front",
        "classification_confidence": "Medium",
        "classification_basis": "Official address is a numbered or corner street address without centre evidence",
        "store_area_sqm": "",
        "area_measure": "",
        "area_source": "",
        "area_date": "",
        "area_confidence": "Unknown",
        "source_url": "https://www.opsm.com.au/en/opsm-au/find-store",
        "fetched_at": "2026-07-23T00:26:21+00:00"
      }
    },
    {
      "type": "Feature",
      "geometry": {
        "type": "Point",
        "coordinates": [
          149.71866,
          -34.75393
        ]
      },
      "properties": {
        "retailer": "Specsavers",
        "store_id": "specsavers-3498",
        "name": "Goulburn",
        "status": "Active",
        "state": "NSW",
        "suburb": "Goulburn",
        "postcode": "2580",
        "full_address": "Shop 1 & 2, The Belmore Centre, 210 Auburn Street, Goulburn, NSW, 2580",
        "phone": "(02) 4821 4655",
        "official_url": "https://www.specsavers.com.au/stores/goulburn",
        "services": "Optometry; Audiology",
        "audiology": "true",
        "venue_name": "The Belmore Centre",
        "venue_id": "nsw-belmore-the",
        "location_type": "Shopping Centre",
        "classification_confidence": "High",
        "classification_basis": "Official name/address contains shopping-centre evidence",
        "store_area_sqm": "",
        "area_measure": "",
        "area_source": "",
        "area_date": "",
        "area_confidence": "Unknown",
        "source_url": "https://www.specsavers.com.au/stores/goulburn",
        "fetched_at": "2026-07-23T00:53:33.174Z"
      }
    },
    {
      "type": "Feature",
      "geometry": {
        "type": "Point",
        "coordinates": [
          152.93628,
          -29.692156
        ]
      },
      "properties": {
        "retailer": "Specsavers",
        "store_id": "specsavers-3605",
        "name": "Grafton Shoppingworld",
        "status": "Active",
        "state": "NSW",
        "suburb": "Grafton",
        "postcode": "2460",
        "full_address": "Tenancy 12, Grafton Shoppingworld, 52-74 Fitzroy Street, Grafton, NSW, 2460",
        "phone": "(02) 6675 0716",
        "official_url": "https://www.specsavers.com.au/stores/grafton",
        "services": "Optometry; Audiology",
        "audiology": "true",
        "venue_name": "",
        "venue_id": "",
        "location_type": "Shopping Centre",
        "classification_confidence": "Medium",
        "classification_basis": "Official address uses a shop/level format; venue name requires review",
        "store_area_sqm": "",
        "area_measure": "",
        "area_source": "",
        "area_date": "",
        "area_confidence": "Unknown",
        "source_url": "https://www.specsavers.com.au/stores/grafton",
        "fetched_at": "2026-07-23T00:53:33.174Z"
      }
    },
    {
      "type": "Feature",
      "geometry": {
        "type": "Point",
        "coordinates": [
          146.0452,
          -34.28805
        ]
      },
      "properties": {
        "retailer": "OPSM",
        "store_id": "opsm-1550",
        "name": "OPSM Griffith",
        "status": "Active",
        "state": "NSW",
        "suburb": "Griffith",
        "postcode": "2680",
        "full_address": "314 Banna Ave, Griffith, NSW, 2680",
        "phone": "(02) 6962 2198",
        "official_url": "https://www.opsm.com.au/en/opsm-au/find-store",
        "services": "Collect & Return",
        "audiology": "false",
        "venue_name": "",
        "venue_id": "",
        "location_type": "Main Street / Street-front",
        "classification_confidence": "Medium",
        "classification_basis": "Official address is a numbered or corner street address without centre evidence",
        "store_area_sqm": "",
        "area_measure": "",
        "area_source": "",
        "area_date": "",
        "area_confidence": "Unknown",
        "source_url": "https://www.opsm.com.au/en/opsm-au/find-store",
        "fetched_at": "2026-07-23T00:26:21+00:00"
      }
    },
    {
      "type": "Feature",
      "geometry": {
        "type": "Point",
        "coordinates": [
          146.05164,
          -34.290394
        ]
      },
      "properties": {
        "retailer": "Specsavers",
        "store_id": "specsavers-3592",
        "name": "Griffith",
        "status": "Active",
        "state": "NSW",
        "suburb": "Griffith",
        "postcode": "2680",
        "full_address": "Shop T3 & 4A, Griffith Central Shopping Centre, 10-12 Yambil Street, Griffith, NSW, 2680",
        "phone": "(02) 6912 2122",
        "official_url": "https://www.specsavers.com.au/stores/griffith",
        "services": "Optometry; Audiology",
        "audiology": "true",
        "venue_name": "Griffith Central Shopping Centre",
        "venue_id": "nsw-central-griffith",
        "location_type": "Shopping Centre",
        "classification_confidence": "High",
        "classification_basis": "Official name/address contains shopping-centre evidence",
        "store_area_sqm": "",
        "area_measure": "",
        "area_source": "",
        "area_date": "",
        "area_confidence": "Unknown",
        "source_url": "https://www.specsavers.com.au/stores/griffith",
        "fetched_at": "2026-07-23T00:53:33.174Z"
      }
    },
    {
      "type": "Feature",
      "geometry": {
        "type": "Point",
        "coordinates": [
          150.84517,
          -33.93744
        ]
      },
      "properties": {
        "retailer": "Specsavers",
        "store_id": "specsavers-3586",
        "name": "Carnes Hill",
        "status": "Active",
        "state": "NSW",
        "suburb": "Horningsea Park",
        "postcode": "2171",
        "full_address": "Shop B10, Carnes Hill Marketplace, Cnr Cowpasture & Kurrajong Roads, Horningsea Park, NSW, 2171",
        "phone": "(02) 9190 5375",
        "official_url": "https://www.specsavers.com.au/stores/carneshill",
        "services": "Optometry",
        "audiology": "false",
        "venue_name": "Carnes Hill Marketplace",
        "venue_id": "nsw-carnes-hill-marketplace",
        "location_type": "Shopping Centre",
        "classification_confidence": "High",
        "classification_basis": "Official name/address contains shopping-centre evidence",
        "store_area_sqm": "",
        "area_measure": "",
        "area_source": "",
        "area_date": "",
        "area_confidence": "Unknown",
        "source_url": "https://www.specsavers.com.au/stores/carneshill",
        "fetched_at": "2026-07-23T00:53:33.174Z"
      }
    },
    {
      "type": "Feature",
      "geometry": {
        "type": "Point",
        "coordinates": [
          151.0997034,
          -33.7043001
        ]
      },
      "properties": {
        "retailer": "Bailey Nelson",
        "store_id": "bailey-nelson-hornsby",
        "name": "Bailey Nelson Hornsby",
        "status": "Active",
        "state": "NSW",
        "suburb": "Hornsby",
        "postcode": "2077",
        "full_address": "Shop 2023, Westfield Hornsby, Hornsby, NSW, 2077",
        "phone": "+61283571353",
        "official_url": "https://baileynelson.com.au/pages/optometrist-hornsby",
        "services": "Optometry Services; Bulk-Billed Eye Tests; Private Eye Tests from $65; Contact Lens Eye Tests; Visual Fields Testing; Ultra-wide retinal imaging; Optical & Sunglass styling; Free frame adjustments",
        "audiology": "false",
        "venue_name": "Westfield Hornsby",
        "venue_id": "nsw-hornsby-westfield",
        "location_type": "Shopping Centre",
        "classification_confidence": "High",
        "classification_basis": "Official name/address contains shopping-centre evidence",
        "store_area_sqm": "",
        "area_measure": "",
        "area_source": "",
        "area_date": "",
        "area_confidence": "Unknown",
        "source_url": "https://baileynelson.com.au/pages/optometrist-hornsby",
        "fetched_at": "2026-07-23T01:01:27+00:00"
      }
    },
    {
      "type": "Feature",
      "geometry": {
        "type": "Point",
        "coordinates": [
          151.0999,
          -33.70429
        ]
      },
      "properties": {
        "retailer": "OPSM",
        "store_id": "opsm-1102",
        "name": "OPSM Hornsby",
        "status": "Active",
        "state": "NSW",
        "suburb": "Hornsby",
        "postcode": "2077",
        "full_address": "236 Pacific Hwy, Hornsby, NSW, 2077",
        "phone": "(02) 9477 3439",
        "official_url": "https://www.opsm.com.au/en/opsm-au/find-store",
        "services": "Collect & Return",
        "audiology": "false",
        "venue_name": "",
        "venue_id": "",
        "location_type": "Main Street / Street-front",
        "classification_confidence": "Medium",
        "classification_basis": "Official address is a numbered or corner street address without centre evidence",
        "store_area_sqm": "",
        "area_measure": "",
        "area_source": "",
        "area_date": "",
        "area_confidence": "Unknown",
        "source_url": "https://www.opsm.com.au/en/opsm-au/find-store",
        "fetched_at": "2026-07-23T00:26:21+00:00"
      }
    },
    {
      "type": "Feature",
      "geometry": {
        "type": "Point",
        "coordinates": [
          151.10081,
          -33.704235
        ]
      },
      "properties": {
        "retailer": "Specsavers",
        "store_id": "specsavers-3418",
        "name": "Hornsby Westfield",
        "status": "Active",
        "state": "NSW",
        "suburb": "Hornsby",
        "postcode": "2077",
        "full_address": "Level 1, Shop 1076-1077 Westfield Hornsby, Cnr Florence and Hunter Streets, Hornsby, NSW, 2077",
        "phone": "(02) 9476 0177",
        "official_url": "https://www.specsavers.com.au/stores/hornsby",
        "services": "Optometry; Audiology",
        "audiology": "true",
        "venue_name": "Hornsby Westfield",
        "venue_id": "nsw-hornsby-westfield",
        "location_type": "Shopping Centre",
        "classification_confidence": "High",
        "classification_basis": "Official name/address contains shopping-centre evidence",
        "store_area_sqm": "",
        "area_measure": "",
        "area_source": "",
        "area_date": "",
        "area_confidence": "Unknown",
        "source_url": "https://www.specsavers.com.au/stores/hornsby",
        "fetched_at": "2026-07-23T00:53:33.174Z"
      }
    },
    {
      "type": "Feature",
      "geometry": {
        "type": "Point",
        "coordinates": [
          151.10515,
          -33.96595
        ]
      },
      "properties": {
        "retailer": "OPSM",
        "store_id": "opsm-2217",
        "name": "OPSM Hurstville",
        "status": "Active",
        "state": "NSW",
        "suburb": "Hurstville",
        "postcode": "2220",
        "full_address": "Cnr Cross St & Park Rd, Hurstville, NSW, 2220",
        "phone": "(02) 9579 5955",
        "official_url": "https://www.opsm.com.au/en/opsm-au/find-store",
        "services": "Dry Eye, Collect & Return",
        "audiology": "false",
        "venue_name": "",
        "venue_id": "",
        "location_type": "Main Street / Street-front",
        "classification_confidence": "Medium",
        "classification_basis": "Official address is a numbered or corner street address without centre evidence",
        "store_area_sqm": "",
        "area_measure": "",
        "area_source": "",
        "area_date": "",
        "area_confidence": "Unknown",
        "source_url": "https://www.opsm.com.au/en/opsm-au/find-store",
        "fetched_at": "2026-07-23T00:26:21+00:00"
      }
    },
    {
      "type": "Feature",
      "geometry": {
        "type": "Point",
        "coordinates": [
          151.10483,
          -33.966118
        ]
      },
      "properties": {
        "retailer": "Specsavers",
        "store_id": "specsavers-3402",
        "name": "Hurstville Westfield",
        "status": "Active",
        "state": "NSW",
        "suburb": "Hurstville",
        "postcode": "2220",
        "full_address": "Shop 232 Westfield Hurstville, Hurstville, NSW, 2220",
        "phone": "(02) 9580 0010",
        "official_url": "https://www.specsavers.com.au/stores/hurstville",
        "services": "Optometry; Audiology",
        "audiology": "true",
        "venue_name": "Hurstville Westfield",
        "venue_id": "nsw-hurstville-westfield",
        "location_type": "Shopping Centre",
        "classification_confidence": "High",
        "classification_basis": "Official name/address contains shopping-centre evidence",
        "store_area_sqm": "",
        "area_measure": "",
        "area_source": "",
        "area_date": "",
        "area_confidence": "Unknown",
        "source_url": "https://www.specsavers.com.au/stores/hurstville",
        "fetched_at": "2026-07-23T00:53:33.174Z"
      }
    },
    {
      "type": "Feature",
      "geometry": {
        "type": "Point",
        "coordinates": [
          150.86618,
          -33.998306
        ]
      },
      "properties": {
        "retailer": "Specsavers",
        "store_id": "specsavers-3344",
        "name": "Ingleburn",
        "status": "Active",
        "state": "NSW",
        "suburb": "Ingleburn",
        "postcode": "2565",
        "full_address": "3/30-32 Oxford Rd, Ingleburn, NSW, 2565",
        "phone": "(02) 9605 5751",
        "official_url": "https://www.specsavers.com.au/stores/ingleburn",
        "services": "Optometry",
        "audiology": "false",
        "venue_name": "",
        "venue_id": "",
        "location_type": "Main Street / Street-front",
        "classification_confidence": "Medium",
        "classification_basis": "Official address is a numbered or corner street address without centre evidence",
        "store_area_sqm": "",
        "area_measure": "",
        "area_source": "",
        "area_date": "",
        "area_confidence": "Unknown",
        "source_url": "https://www.specsavers.com.au/stores/ingleburn",
        "fetched_at": "2026-07-23T00:53:33.174Z"
      }
    },
    {
      "type": "Feature",
      "geometry": {
        "type": "Point",
        "coordinates": [
          151.11284,
          -29.773144
        ]
      },
      "properties": {
        "retailer": "Specsavers",
        "store_id": "specsavers-3684",
        "name": "Inverell",
        "status": "Active",
        "state": "NSW",
        "suburb": "Inverell",
        "postcode": "2360",
        "full_address": "71 Byron Street, Inverell, NSW, 2360",
        "phone": "(02) 5732 1605",
        "official_url": "https://www.specsavers.com.au/stores/inverell",
        "services": "Optometry",
        "audiology": "false",
        "venue_name": "",
        "venue_id": "",
        "location_type": "Main Street / Street-front",
        "classification_confidence": "Medium",
        "classification_basis": "Official address is a numbered or corner street address without centre evidence",
        "store_area_sqm": "",
        "area_measure": "",
        "area_source": "",
        "area_date": "",
        "area_confidence": "Unknown",
        "source_url": "https://www.specsavers.com.au/stores/inverell",
        "fetched_at": "2026-07-23T00:53:33.174Z"
      }
    },
    {
      "type": "Feature",
      "geometry": {
        "type": "Point",
        "coordinates": [
          151.6901,
          -32.9024
        ]
      },
      "properties": {
        "retailer": "OPSM",
        "store_id": "opsm-4719",
        "name": "OPSM Jesmond",
        "status": "Active",
        "state": "NSW",
        "suburb": "Jesmond",
        "postcode": "2299",
        "full_address": "28 Blue Gum Rd, Jesmond, NSW, 2299",
        "phone": "(02) 4951 7488",
        "official_url": "https://www.opsm.com.au/en/opsm-au/find-store",
        "services": "",
        "audiology": "false",
        "venue_name": "",
        "venue_id": "",
        "location_type": "Main Street / Street-front",
        "classification_confidence": "Medium",
        "classification_basis": "Official address is a numbered or corner street address without centre evidence",
        "store_area_sqm": "",
        "area_measure": "",
        "area_source": "",
        "area_date": "",
        "area_confidence": "Unknown",
        "source_url": "https://www.opsm.com.au/en/opsm-au/find-store",
        "fetched_at": "2026-07-23T00:26:21+00:00"
      }
    },
    {
      "type": "Feature",
      "geometry": {
        "type": "Point",
        "coordinates": [
          151.68979,
          -32.90314
        ]
      },
      "properties": {
        "retailer": "Specsavers",
        "store_id": "specsavers-3471",
        "name": "Jesmond Central",
        "status": "Active",
        "state": "NSW",
        "suburb": "Jesmond",
        "postcode": "2299",
        "full_address": "004/28 Blue Gum Rd, Jesmond, NSW, 2299",
        "phone": "(02) 4951 6279",
        "official_url": "https://www.specsavers.com.au/stores/jesmond",
        "services": "Optometry",
        "audiology": "false",
        "venue_name": "",
        "venue_id": "",
        "location_type": "Main Street / Street-front",
        "classification_confidence": "Medium",
        "classification_basis": "Official address is a numbered or corner street address without centre evidence",
        "store_area_sqm": "",
        "area_measure": "",
        "area_source": "",
        "area_date": "",
        "area_confidence": "Unknown",
        "source_url": "https://www.specsavers.com.au/stores/jesmond",
        "fetched_at": "2026-07-23T00:53:33.174Z"
      }
    },
    {
      "type": "Feature",
      "geometry": {
        "type": "Point",
        "coordinates": [
          150.31107,
          -33.71558
        ]
      },
      "properties": {
        "retailer": "OPSM",
        "store_id": "opsm-1279",
        "name": "OPSM Katoomba",
        "status": "Active",
        "state": "NSW",
        "suburb": "Katoomba",
        "postcode": "2780",
        "full_address": "Katoomba St, Katoomba, NSW, 2780",
        "phone": "(02) 4782 2525",
        "official_url": "https://www.opsm.com.au/en/opsm-au/find-store",
        "services": "Collect & Return",
        "audiology": "false",
        "venue_name": "",
        "venue_id": "",
        "location_type": "Main Street / Street-front",
        "classification_confidence": "Low",
        "classification_basis": "Official address contains street evidence but needs review",
        "store_area_sqm": "",
        "area_measure": "",
        "area_source": "",
        "area_date": "",
        "area_confidence": "Unknown",
        "source_url": "https://www.opsm.com.au/en/opsm-au/find-store",
        "fetched_at": "2026-07-23T00:26:21+00:00"
      }
    },
    {
      "type": "Feature",
      "geometry": {
        "type": "Point",
        "coordinates": [
          150.31181,
          -33.714283
        ]
      },
      "properties": {
        "retailer": "Specsavers",
        "store_id": "specsavers-3475",
        "name": "Katoomba",
        "status": "Active",
        "state": "NSW",
        "suburb": "Katoomba",
        "postcode": "2780",
        "full_address": "98 Katoomba St, Katoomba, NSW, 2780",
        "phone": "(02) 4782 4688",
        "official_url": "https://www.specsavers.com.au/stores/katoomba",
        "services": "Optometry",
        "audiology": "false",
        "venue_name": "",
        "venue_id": "",
        "location_type": "Main Street / Street-front",
        "classification_confidence": "Medium",
        "classification_basis": "Official address is a numbered or corner street address without centre evidence",
        "store_area_sqm": "",
        "area_measure": "",
        "area_source": "",
        "area_date": "",
        "area_confidence": "Unknown",
        "source_url": "https://www.specsavers.com.au/stores/katoomba",
        "fetched_at": "2026-07-23T00:53:33.174Z"
      }
    },
    {
      "type": "Feature",
      "geometry": {
        "type": "Point",
        "coordinates": [
          152.84123,
          -31.08043
        ]
      },
      "properties": {
        "retailer": "OPSM",
        "store_id": "opsm-2218",
        "name": "OPSM Kempsey",
        "status": "Active",
        "state": "NSW",
        "suburb": "Kempsey",
        "postcode": "2440",
        "full_address": "1A Belgrave St, Kempsey, NSW, 2440",
        "phone": "(02) 6562 5886",
        "official_url": "https://www.opsm.com.au/en/opsm-au/find-store",
        "services": "Collect & Return",
        "audiology": "false",
        "venue_name": "",
        "venue_id": "",
        "location_type": "Main Street / Street-front",
        "classification_confidence": "Medium",
        "classification_basis": "Official address is a numbered or corner street address without centre evidence",
        "store_area_sqm": "",
        "area_measure": "",
        "area_source": "",
        "area_date": "",
        "area_confidence": "Unknown",
        "source_url": "https://www.opsm.com.au/en/opsm-au/find-store",
        "fetched_at": "2026-07-23T00:26:21+00:00"
      }
    },
    {
      "type": "Feature",
      "geometry": {
        "type": "Point",
        "coordinates": [
          150.85022,
          -34.666958
        ]
      },
      "properties": {
        "retailer": "Specsavers",
        "store_id": "specsavers-3677",
        "name": "Kiama",
        "status": "Active",
        "state": "NSW",
        "suburb": "Kiama",
        "postcode": "2533",
        "full_address": "143 Terralong Street, 143 Terralong Street, Kiama, NSW, 2533",
        "phone": "(02) 4261 4300",
        "official_url": "https://www.specsavers.com.au/stores/kiama",
        "services": "Optometry",
        "audiology": "false",
        "venue_name": "",
        "venue_id": "",
        "location_type": "Main Street / Street-front",
        "classification_confidence": "Medium",
        "classification_basis": "Official address is a numbered or corner street address without centre evidence",
        "store_area_sqm": "",
        "area_measure": "",
        "area_source": "",
        "area_date": "",
        "area_confidence": "Unknown",
        "source_url": "https://www.specsavers.com.au/stores/kiama",
        "fetched_at": "2026-07-23T00:53:33.174Z"
      }
    },
    {
      "type": "Feature",
      "geometry": {
        "type": "Point",
        "coordinates": [
          151.7112084,
          -32.9422944
        ]
      },
      "properties": {
        "retailer": "Bailey Nelson",
        "store_id": "bailey-nelson-kotara",
        "name": "Bailey Nelson Kotara",
        "status": "Active",
        "state": "NSW",
        "suburb": "Kotara",
        "postcode": "2289",
        "full_address": "Northcott Drive, Kotara, NSW, 2289",
        "phone": "+61240818930",
        "official_url": "https://baileynelson.com.au/pages/optometrist-kotara",
        "services": "Optometry Services; Bulk-Billed Eye Tests; Private Eye Tests from $65; Contact Lens Eye Tests; Visual Fields Testing; Ultra-wide retinal imaging; Optical & Sunglass styling; Free frame adjustments",
        "audiology": "false",
        "venue_name": "",
        "venue_id": "",
        "location_type": "Main Street / Street-front",
        "classification_confidence": "Low",
        "classification_basis": "Official address contains street evidence but needs review",
        "store_area_sqm": "",
        "area_measure": "",
        "area_source": "",
        "area_date": "",
        "area_confidence": "Unknown",
        "source_url": "https://baileynelson.com.au/pages/optometrist-kotara",
        "fetched_at": "2026-07-23T01:01:27+00:00"
      }
    },
    {
      "type": "Feature",
      "geometry": {
        "type": "Point",
        "coordinates": [
          151.7113,
          -32.94249
        ]
      },
      "properties": {
        "retailer": "OPSM",
        "store_id": "opsm-1396",
        "name": "OPSM Kotara",
        "status": "Active",
        "state": "NSW",
        "suburb": "Kotara",
        "postcode": "2289",
        "full_address": "Cnr Northcott Dr & Park Ave, Kotara, NSW, 2289",
        "phone": "(02) 4956 1544",
        "official_url": "https://www.opsm.com.au/en/opsm-au/find-store",
        "services": "Collect & Return",
        "audiology": "false",
        "venue_name": "",
        "venue_id": "",
        "location_type": "Main Street / Street-front",
        "classification_confidence": "Medium",
        "classification_basis": "Official address is a numbered or corner street address without centre evidence",
        "store_area_sqm": "",
        "area_measure": "",
        "area_source": "",
        "area_date": "",
        "area_confidence": "Unknown",
        "source_url": "https://www.opsm.com.au/en/opsm-au/find-store",
        "fetched_at": "2026-07-23T00:26:21+00:00"
      }
    },
    {
      "type": "Feature",
      "geometry": {
        "type": "Point",
        "coordinates": [
          151.71138,
          -32.942368
        ]
      },
      "properties": {
        "retailer": "Specsavers",
        "store_id": "specsavers-3333",
        "name": "Kotara Westfield",
        "status": "Active",
        "state": "NSW",
        "suburb": "Kotara",
        "postcode": "2289",
        "full_address": "Shop 15, Level 2, Westfield Kotara, Northcott Dr, Kotara, NSW, 2289",
        "phone": "(02) 4952 3733",
        "official_url": "https://www.specsavers.com.au/stores/kotara",
        "services": "Optometry; Audiology",
        "audiology": "true",
        "venue_name": "Kotara Westfield",
        "venue_id": "nsw-kotara-westfield",
        "location_type": "Shopping Centre",
        "classification_confidence": "High",
        "classification_basis": "Official name/address contains shopping-centre evidence",
        "store_area_sqm": "",
        "area_measure": "",
        "area_source": "",
        "area_date": "",
        "area_confidence": "Unknown",
        "source_url": "https://www.specsavers.com.au/stores/kotara",
        "fetched_at": "2026-07-23T00:53:33.174Z"
      }
    },
    {
      "type": "Feature",
      "geometry": {
        "type": "Point",
        "coordinates": [
          151.50465,
          -33.24173
        ]
      },
      "properties": {
        "retailer": "OPSM",
        "store_id": "opsm-1320",
        "name": "OPSM Lake Haven",
        "status": "Active",
        "state": "NSW",
        "suburb": "Lake Haven",
        "postcode": "2263",
        "full_address": "92 Lake Haven Dr, Lake Haven, NSW, 2263",
        "phone": "(02) 4393 2904",
        "official_url": "https://www.opsm.com.au/en/opsm-au/find-store",
        "services": "Collect & Return",
        "audiology": "false",
        "venue_name": "",
        "venue_id": "",
        "location_type": "Unclassified",
        "classification_confidence": "Low",
        "classification_basis": "Insufficient official venue or street evidence",
        "store_area_sqm": "",
        "area_measure": "",
        "area_source": "",
        "area_date": "",
        "area_confidence": "Unknown",
        "source_url": "https://www.opsm.com.au/en/opsm-au/find-store",
        "fetched_at": "2026-07-23T00:26:21+00:00"
      }
    },
    {
      "type": "Feature",
      "geometry": {
        "type": "Point",
        "coordinates": [
          151.5039,
          -33.240383
        ]
      },
      "properties": {
        "retailer": "Specsavers",
        "store_id": "specsavers-3511",
        "name": "Lake Haven",
        "status": "Active",
        "state": "NSW",
        "suburb": "Lake Haven",
        "postcode": "2263",
        "full_address": "Shop 61/62, Lake Haven Shopping Centre, Lake Haven Drive, Lake Haven, NSW, 2263",
        "phone": "(02) 4394 2777",
        "official_url": "https://www.specsavers.com.au/stores/lakehaven",
        "services": "Optometry; Audiology",
        "audiology": "true",
        "venue_name": "Lake Haven Shopping Centre",
        "venue_id": "nsw-haven-lake",
        "location_type": "Shopping Centre",
        "classification_confidence": "High",
        "classification_basis": "Official name/address contains shopping-centre evidence",
        "store_area_sqm": "",
        "area_measure": "",
        "area_source": "",
        "area_date": "",
        "area_confidence": "Unknown",
        "source_url": "https://www.specsavers.com.au/stores/lakehaven",
        "fetched_at": "2026-07-23T00:53:33.174Z"
      }
    },
    {
      "type": "Feature",
      "geometry": {
        "type": "Point",
        "coordinates": [
          152.79572,
          -31.65243
        ]
      },
      "properties": {
        "retailer": "OPSM",
        "store_id": "opsm-2295",
        "name": "OPSM Laurieton",
        "status": "Active",
        "state": "NSW",
        "suburb": "Laurieton",
        "postcode": "2443",
        "full_address": "8/16 Laurie St, Laurieton, NSW, 2443",
        "phone": "(02) 6559 9007",
        "official_url": "https://www.opsm.com.au/en/opsm-au/find-store",
        "services": "Collect & Return",
        "audiology": "false",
        "venue_name": "",
        "venue_id": "",
        "location_type": "Main Street / Street-front",
        "classification_confidence": "Medium",
        "classification_basis": "Official address is a numbered or corner street address without centre evidence",
        "store_area_sqm": "",
        "area_measure": "",
        "area_source": "",
        "area_date": "",
        "area_confidence": "Unknown",
        "source_url": "https://www.opsm.com.au/en/opsm-au/find-store",
        "fetched_at": "2026-07-23T00:26:21+00:00"
      }
    },
    {
      "type": "Feature",
      "geometry": {
        "type": "Point",
        "coordinates": [
          146.93501,
          -36.04846
        ]
      },
      "properties": {
        "retailer": "OPSM",
        "store_id": "opsm-1243",
        "name": "OPSM Lavington",
        "status": "Active",
        "state": "NSW",
        "suburb": "Lavington",
        "postcode": "2641",
        "full_address": "351 Griffith Rd, Lavington, NSW, 2641",
        "phone": "(02) 6040 6077",
        "official_url": "https://www.opsm.com.au/en/opsm-au/find-store",
        "services": "Collect & Return",
        "audiology": "false",
        "venue_name": "",
        "venue_id": "",
        "location_type": "Main Street / Street-front",
        "classification_confidence": "Medium",
        "classification_basis": "Official address is a numbered or corner street address without centre evidence",
        "store_area_sqm": "",
        "area_measure": "",
        "area_source": "",
        "area_date": "",
        "area_confidence": "Unknown",
        "source_url": "https://www.opsm.com.au/en/opsm-au/find-store",
        "fetched_at": "2026-07-23T00:26:21+00:00"
      }
    },
    {
      "type": "Feature",
      "geometry": {
        "type": "Point",
        "coordinates": [
          146.93512,
          -36.048428
        ]
      },
      "properties": {
        "retailer": "Specsavers",
        "store_id": "specsavers-3466",
        "name": "Lavington Square",
        "status": "Active",
        "state": "NSW",
        "suburb": "Lavington",
        "postcode": "2641",
        "full_address": "Shop SP043, Lavington Square, 351 Griffith Road, Lavington, NSW, 2641",
        "phone": "(02) 6025 2907",
        "official_url": "https://www.specsavers.com.au/stores/lavington",
        "services": "Optometry; Audiology",
        "audiology": "true",
        "venue_name": "Lavington Square",
        "venue_id": "nsw-lavington-square",
        "location_type": "Shopping Centre",
        "classification_confidence": "High",
        "classification_basis": "Official name/address contains shopping-centre evidence",
        "store_area_sqm": "",
        "area_measure": "",
        "area_source": "",
        "area_date": "",
        "area_confidence": "Unknown",
        "source_url": "https://www.specsavers.com.au/stores/lavington",
        "fetched_at": "2026-07-23T00:53:33.174Z"
      }
    },
    {
      "type": "Feature",
      "geometry": {
        "type": "Point",
        "coordinates": [
          151.14919,
          -33.88495
        ]
      },
      "properties": {
        "retailer": "OPSM",
        "store_id": "opsm-1179",
        "name": "OPSM Leichhardt",
        "status": "Active",
        "state": "NSW",
        "suburb": "Leichhardt",
        "postcode": "2040",
        "full_address": "Cnr Marion St & Flood St, Leichhardt, NSW, 2040",
        "phone": "(02) 9569 4289",
        "official_url": "https://www.opsm.com.au/en/opsm-au/find-store",
        "services": "Collect & Return",
        "audiology": "false",
        "venue_name": "",
        "venue_id": "",
        "location_type": "Main Street / Street-front",
        "classification_confidence": "Medium",
        "classification_basis": "Official address is a numbered or corner street address without centre evidence",
        "store_area_sqm": "",
        "area_measure": "",
        "area_source": "",
        "area_date": "",
        "area_confidence": "Unknown",
        "source_url": "https://www.opsm.com.au/en/opsm-au/find-store",
        "fetched_at": "2026-07-23T00:26:21+00:00"
      }
    },
    {
      "type": "Feature",
      "geometry": {
        "type": "Point",
        "coordinates": [
          151.14975,
          -33.884857
        ]
      },
      "properties": {
        "retailer": "Specsavers",
        "store_id": "specsavers-3423",
        "name": "Leichhardt Marketplace",
        "status": "Active",
        "state": "NSW",
        "suburb": "Leichhardt",
        "postcode": "2040",
        "full_address": "12/122-138 Flood Street, Leichhardt, NSW, 2040",
        "phone": "(02) 9518 0234",
        "official_url": "https://www.specsavers.com.au/stores/leichhardt",
        "services": "Optometry; Audiology",
        "audiology": "true",
        "venue_name": "Leichhardt Marketplace",
        "venue_id": "nsw-leichhardt-marketplace",
        "location_type": "Shopping Centre",
        "classification_confidence": "High",
        "classification_basis": "Official name/address contains shopping-centre evidence",
        "store_area_sqm": "",
        "area_measure": "",
        "area_source": "",
        "area_date": "",
        "area_confidence": "Unknown",
        "source_url": "https://www.specsavers.com.au/stores/leichhardt",
        "fetched_at": "2026-07-23T00:53:33.174Z"
      }
    },
    {
      "type": "Feature",
      "geometry": {
        "type": "Point",
        "coordinates": [
          151.04956,
          -33.849342
        ]
      },
      "properties": {
        "retailer": "Specsavers",
        "store_id": "specsavers-3638",
        "name": "Lidcombe",
        "status": "Active",
        "state": "NSW",
        "suburb": "Lidcombe",
        "postcode": "2141",
        "full_address": "Shop G-010 & G-011 Lidcombe Shopping Centre, 92 Parramatta Road, Lidcombe, NSW, 2141",
        "phone": "(02) 9648 3556",
        "official_url": "https://www.specsavers.com.au/stores/lidcombe",
        "services": "Optometry; Audiology",
        "audiology": "true",
        "venue_name": "& G-011 Lidcombe Shopping Centre",
        "venue_id": "nsw-011-and-g-lidcombe",
        "location_type": "Shopping Centre",
        "classification_confidence": "High",
        "classification_basis": "Official name/address contains shopping-centre evidence",
        "store_area_sqm": "",
        "area_measure": "",
        "area_source": "",
        "area_date": "",
        "area_confidence": "Unknown",
        "source_url": "https://www.specsavers.com.au/stores/lidcombe",
        "fetched_at": "2026-07-23T00:53:33.174Z"
      }
    },
    {
      "type": "Feature",
      "geometry": {
        "type": "Point",
        "coordinates": [
          153.28656,
          -28.8105
        ]
      },
      "properties": {
        "retailer": "OPSM",
        "store_id": "opsm-1210",
        "name": "OPSM Lismore",
        "status": "Active",
        "state": "NSW",
        "suburb": "Lismore",
        "postcode": "2480",
        "full_address": "Cnr Brewster St & Uralba St, Lismore, NSW, 2480",
        "phone": "(02) 6621 2095",
        "official_url": "https://www.opsm.com.au/en/opsm-au/find-store",
        "services": "Collect & Return",
        "audiology": "false",
        "venue_name": "",
        "venue_id": "",
        "location_type": "Main Street / Street-front",
        "classification_confidence": "Medium",
        "classification_basis": "Official address is a numbered or corner street address without centre evidence",
        "store_area_sqm": "",
        "area_measure": "",
        "area_source": "",
        "area_date": "",
        "area_confidence": "Unknown",
        "source_url": "https://www.opsm.com.au/en/opsm-au/find-store",
        "fetched_at": "2026-07-23T00:26:21+00:00"
      }
    },
    {
      "type": "Feature",
      "geometry": {
        "type": "Point",
        "coordinates": [
          153.2871,
          -28.811014
        ]
      },
      "properties": {
        "retailer": "Specsavers",
        "store_id": "specsavers-3299",
        "name": "Lismore S/C",
        "status": "Active",
        "state": "NSW",
        "suburb": "Lismore",
        "postcode": "2480",
        "full_address": "Lismore Shopping Square,, Corner of Brewster and Uralba Street, Lismore, NSW, 2480",
        "phone": "(02) 6621 8600",
        "official_url": "https://www.specsavers.com.au/stores/lismore",
        "services": "Optometry; Audiology",
        "audiology": "true",
        "venue_name": "Lismore Shopping Centre",
        "venue_id": "nsw-lismore",
        "location_type": "Shopping Centre",
        "classification_confidence": "High",
        "classification_basis": "Official name/address contains shopping-centre evidence",
        "store_area_sqm": "",
        "area_measure": "",
        "area_source": "",
        "area_date": "",
        "area_confidence": "Unknown",
        "source_url": "https://www.specsavers.com.au/stores/lismore",
        "fetched_at": "2026-07-23T00:53:33.174Z"
      }
    },
    {
      "type": "Feature",
      "geometry": {
        "type": "Point",
        "coordinates": [
          150.92359,
          -33.91883
        ]
      },
      "properties": {
        "retailer": "OPSM",
        "store_id": "opsm-1106",
        "name": "OPSM Liverpool",
        "status": "Active",
        "state": "NSW",
        "suburb": "Liverpool",
        "postcode": "2170",
        "full_address": "Macquarie St, Liverpool, NSW, 2170",
        "phone": "(02) 9602 3105",
        "official_url": "https://www.opsm.com.au/en/opsm-au/find-store",
        "services": "Collect & Return",
        "audiology": "false",
        "venue_name": "",
        "venue_id": "",
        "location_type": "Main Street / Street-front",
        "classification_confidence": "Low",
        "classification_basis": "Official address contains street evidence but needs review",
        "store_area_sqm": "",
        "area_measure": "",
        "area_source": "",
        "area_date": "",
        "area_confidence": "Unknown",
        "source_url": "https://www.opsm.com.au/en/opsm-au/find-store",
        "fetched_at": "2026-07-23T00:26:21+00:00"
      }
    },
    {
      "type": "Feature",
      "geometry": {
        "type": "Point",
        "coordinates": [
          150.9243,
          -33.91972
        ]
      },
      "properties": {
        "retailer": "Specsavers",
        "store_id": "specsavers-3373",
        "name": "Liverpool Westfield",
        "status": "Active",
        "state": "NSW",
        "suburb": "Liverpool",
        "postcode": "2170",
        "full_address": "122 Macquarie Street, Liverpool, NSW, 2170",
        "phone": "(02) 9600 6864",
        "official_url": "https://www.specsavers.com.au/stores/liverpool",
        "services": "Optometry",
        "audiology": "false",
        "venue_name": "Liverpool Westfield",
        "venue_id": "nsw-liverpool-westfield",
        "location_type": "Shopping Centre",
        "classification_confidence": "High",
        "classification_basis": "Official name/address contains shopping-centre evidence",
        "store_area_sqm": "",
        "area_measure": "",
        "area_source": "",
        "area_date": "",
        "area_confidence": "Unknown",
        "source_url": "https://www.specsavers.com.au/stores/liverpool",
        "fetched_at": "2026-07-23T00:53:33.174Z"
      }
    },
    {
      "type": "Feature",
      "geometry": {
        "type": "Point",
        "coordinates": [
          151.55492,
          -32.73188
        ]
      },
      "properties": {
        "retailer": "OPSM",
        "store_id": "opsm-1013",
        "name": "OPSM Maitland",
        "status": "Active",
        "state": "NSW",
        "suburb": "Maitland",
        "postcode": "2320",
        "full_address": "418 High St, Maitland, NSW, 2320",
        "phone": "(02) 4933 6923",
        "official_url": "https://www.opsm.com.au/en/opsm-au/find-store",
        "services": "Collect & Return",
        "audiology": "false",
        "venue_name": "",
        "venue_id": "",
        "location_type": "Main Street / Street-front",
        "classification_confidence": "Medium",
        "classification_basis": "Official address is a numbered or corner street address without centre evidence",
        "store_area_sqm": "",
        "area_measure": "",
        "area_source": "",
        "area_date": "",
        "area_confidence": "Unknown",
        "source_url": "https://www.opsm.com.au/en/opsm-au/find-store",
        "fetched_at": "2026-07-23T00:26:21+00:00"
      }
    },
    {
      "type": "Feature",
      "geometry": {
        "type": "Point",
        "coordinates": [
          151.2872737,
          -33.7970173
        ]
      },
      "properties": {
        "retailer": "Bailey Nelson",
        "store_id": "bailey-nelson-manly",
        "name": "Bailey Nelson Manly",
        "status": "Active",
        "state": "NSW",
        "suburb": "Manly",
        "postcode": "2095",
        "full_address": "4-10 Sydney Rd, Manly, NSW, 2095",
        "phone": "+61283571358",
        "official_url": "https://baileynelson.com.au/pages/optometrist-manly",
        "services": "Optometry Services; Bulk-Billed Eye Tests; Private Eye Tests from $65; Contact Lens Eye Tests; Visual Fields Testing; Ultra-wide retinal imaging; Optical & Sunglass styling; Free frame adjustments",
        "audiology": "false",
        "venue_name": "",
        "venue_id": "",
        "location_type": "Main Street / Street-front",
        "classification_confidence": "Medium",
        "classification_basis": "Official address is a numbered or corner street address without centre evidence",
        "store_area_sqm": "",
        "area_measure": "",
        "area_source": "",
        "area_date": "",
        "area_confidence": "Unknown",
        "source_url": "https://baileynelson.com.au/pages/optometrist-manly",
        "fetched_at": "2026-07-23T01:01:27+00:00"
      }
    },
    {
      "type": "Feature",
      "geometry": {
        "type": "Point",
        "coordinates": [
          151.23863,
          -33.94028
        ]
      },
      "properties": {
        "retailer": "Specsavers",
        "store_id": "specsavers-3647",
        "name": "Maroubra",
        "status": "Active",
        "state": "NSW",
        "suburb": "Maroubra",
        "postcode": "2035",
        "full_address": "Shop 2, Pacific Square S/C, 737 Anzac Parade, Maroubra, NSW, 2035",
        "phone": "(02) 8347 0933",
        "official_url": "https://www.specsavers.com.au/stores/maroubra",
        "services": "Optometry; Audiology",
        "audiology": "true",
        "venue_name": "Pacific Square Shopping Centre",
        "venue_id": "nsw-pacific-square",
        "location_type": "Shopping Centre",
        "classification_confidence": "High",
        "classification_basis": "Official name/address contains shopping-centre evidence",
        "store_area_sqm": "",
        "area_measure": "",
        "area_source": "",
        "area_date": "",
        "area_confidence": "Unknown",
        "source_url": "https://www.specsavers.com.au/stores/maroubra",
        "fetched_at": "2026-07-23T00:53:33.174Z"
      }
    },
    {
      "type": "Feature",
      "geometry": {
        "type": "Point",
        "coordinates": [
          151.17218,
          -33.90808
        ]
      },
      "properties": {
        "retailer": "OPSM",
        "store_id": "opsm-2991",
        "name": "OPSM Marrickville",
        "status": "Active",
        "state": "NSW",
        "suburb": "Marrickville",
        "postcode": "2204",
        "full_address": "20 Smidmore St, Marrickville, NSW, 2204",
        "phone": "(02) 9136 7697",
        "official_url": "https://www.opsm.com.au/en/opsm-au/find-store",
        "services": "Collect & Return",
        "audiology": "false",
        "venue_name": "",
        "venue_id": "",
        "location_type": "Main Street / Street-front",
        "classification_confidence": "Medium",
        "classification_basis": "Official address is a numbered or corner street address without centre evidence",
        "store_area_sqm": "",
        "area_measure": "",
        "area_source": "",
        "area_date": "",
        "area_confidence": "Unknown",
        "source_url": "https://www.opsm.com.au/en/opsm-au/find-store",
        "fetched_at": "2026-07-23T00:26:21+00:00"
      }
    },
    {
      "type": "Feature",
      "geometry": {
        "type": "Point",
        "coordinates": [
          151.17223,
          -33.907146
        ]
      },
      "properties": {
        "retailer": "Specsavers",
        "store_id": "specsavers-3544",
        "name": "Marrickville",
        "status": "Active",
        "state": "NSW",
        "suburb": "Marrickville",
        "postcode": "2204",
        "full_address": "Shop 86B/34 Victoria Road, Marrickville, NSW, 2204",
        "phone": "(02) 9557 8108",
        "official_url": "https://www.specsavers.com.au/stores/marrickville",
        "services": "Optometry",
        "audiology": "false",
        "venue_name": "",
        "venue_id": "",
        "location_type": "Shopping Centre",
        "classification_confidence": "Medium",
        "classification_basis": "Official address uses a shop/level format; venue name requires review",
        "store_area_sqm": "",
        "area_measure": "",
        "area_source": "",
        "area_date": "",
        "area_confidence": "Unknown",
        "source_url": "https://www.specsavers.com.au/stores/marrickville",
        "fetched_at": "2026-07-23T00:53:33.174Z"
      }
    },
    {
      "type": "Feature",
      "geometry": {
        "type": "Point",
        "coordinates": [
          151.01581,
          -34.01346
        ]
      },
      "properties": {
        "retailer": "Specsavers",
        "store_id": "specsavers-3532",
        "name": "Menai",
        "status": "Active",
        "state": "NSW",
        "suburb": "Menai",
        "postcode": "2234",
        "full_address": "T30 Menai Marketplace S/C, 152-194 Allison Crescent, Menai, NSW, 2234",
        "phone": "(02) 9543 7070",
        "official_url": "https://www.specsavers.com.au/stores/menai",
        "services": "Optometry; Audiology",
        "audiology": "true",
        "venue_name": "T30 Menai Marketplace Shopping Centre",
        "venue_id": "nsw-marketplace-menai-t30",
        "location_type": "Shopping Centre",
        "classification_confidence": "High",
        "classification_basis": "Official name/address contains shopping-centre evidence",
        "store_area_sqm": "",
        "area_measure": "",
        "area_source": "",
        "area_date": "",
        "area_confidence": "Unknown",
        "source_url": "https://www.specsavers.com.au/stores/menai",
        "fetched_at": "2026-07-23T00:53:33.174Z"
      }
    },
    {
      "type": "Feature",
      "geometry": {
        "type": "Point",
        "coordinates": [
          149.91068,
          -36.88782
        ]
      },
      "properties": {
        "retailer": "OPSM",
        "store_id": "opsm-2942",
        "name": "Jason Harley Merimbula by OPSM",
        "status": "Active",
        "state": "NSW",
        "suburb": "Merimbula",
        "postcode": "2548",
        "full_address": "40 Market Street, Merimbula, NSW, 2548",
        "phone": "(02) 6495 3104",
        "official_url": "https://www.opsm.com.au/en/opsm-au/find-store",
        "services": "Collect & Return",
        "audiology": "false",
        "venue_name": "",
        "venue_id": "",
        "location_type": "Main Street / Street-front",
        "classification_confidence": "Medium",
        "classification_basis": "Official address is a numbered or corner street address without centre evidence",
        "store_area_sqm": "",
        "area_measure": "",
        "area_source": "",
        "area_date": "",
        "area_confidence": "Unknown",
        "source_url": "https://www.opsm.com.au/en/opsm-au/find-store",
        "fetched_at": "2026-07-23T00:26:21+00:00"
      }
    },
    {
      "type": "Feature",
      "geometry": {
        "type": "Point",
        "coordinates": [
          150.98941,
          -33.834496
        ]
      },
      "properties": {
        "retailer": "Specsavers",
        "store_id": "specsavers-3454",
        "name": "Merrylands Stockland",
        "status": "Active",
        "state": "NSW",
        "suburb": "Merrylands",
        "postcode": "2160",
        "full_address": "Shop 1016, Stockland Merrylands, 1 McFarlane Street, Merrylands, NSW, 2160",
        "phone": "(02) 9637 7050",
        "official_url": "https://www.specsavers.com.au/stores/merrylands",
        "services": "Optometry; Audiology",
        "audiology": "true",
        "venue_name": "",
        "venue_id": "",
        "location_type": "Shopping Centre",
        "classification_confidence": "Medium",
        "classification_basis": "Official address uses a shop/level format; venue name requires review",
        "store_area_sqm": "",
        "area_measure": "",
        "area_source": "",
        "area_date": "",
        "area_confidence": "Unknown",
        "source_url": "https://www.specsavers.com.au/stores/merrylands",
        "fetched_at": "2026-07-23T00:53:33.174Z"
      }
    },
    {
      "type": "Feature",
      "geometry": {
        "type": "Point",
        "coordinates": [
          151.1006368,
          -34.0355512
        ]
      },
      "properties": {
        "retailer": "Bailey Nelson",
        "store_id": "bailey-nelson-miranda",
        "name": "Bailey Nelson Miranda",
        "status": "Active",
        "state": "NSW",
        "suburb": "Miranda",
        "postcode": "2228",
        "full_address": "600 Kingsway, Miranda, NSW, 2228",
        "phone": "+61283571351",
        "official_url": "https://baileynelson.com.au/pages/optometrist-miranda",
        "services": "Optometry Services; Bulk-Billed Eye Tests; Private Eye Tests from $65; Contact Lens Eye Tests; Visual Fields Testing; Ultra-wide retinal imaging; Optical & Sunglass styling; Free frame adjustments",
        "audiology": "false",
        "venue_name": "",
        "venue_id": "",
        "location_type": "Unclassified",
        "classification_confidence": "Low",
        "classification_basis": "Insufficient official venue or street evidence",
        "store_area_sqm": "",
        "area_measure": "",
        "area_source": "",
        "area_date": "",
        "area_confidence": "Unknown",
        "source_url": "https://baileynelson.com.au/pages/optometrist-miranda",
        "fetched_at": "2026-07-23T01:01:27+00:00"
      }
    },
    {
      "type": "Feature",
      "geometry": {
        "type": "Point",
        "coordinates": [
          151.10063,
          -34.03555
        ]
      },
      "properties": {
        "retailer": "OPSM",
        "store_id": "opsm-1174",
        "name": "OPSM Miranda",
        "status": "Active",
        "state": "NSW",
        "suburb": "Miranda",
        "postcode": "2228",
        "full_address": "600 The Kingsway, Miranda, NSW, 2228",
        "phone": "(02) 9524 6789",
        "official_url": "https://www.opsm.com.au/en/opsm-au/find-store",
        "services": "Dry Eye, Collect & Return",
        "audiology": "false",
        "venue_name": "",
        "venue_id": "",
        "location_type": "Unclassified",
        "classification_confidence": "Low",
        "classification_basis": "Insufficient official venue or street evidence",
        "store_area_sqm": "",
        "area_measure": "",
        "area_source": "",
        "area_date": "",
        "area_confidence": "Unknown",
        "source_url": "https://www.opsm.com.au/en/opsm-au/find-store",
        "fetched_at": "2026-07-23T00:26:21+00:00"
      }
    },
    {
      "type": "Feature",
      "geometry": {
        "type": "Point",
        "coordinates": [
          151.10007,
          -34.03511
        ]
      },
      "properties": {
        "retailer": "Specsavers",
        "store_id": "specsavers-3417",
        "name": "Miranda Westfield Lv 2",
        "status": "Active",
        "state": "NSW",
        "suburb": "Miranda",
        "postcode": "2228",
        "full_address": "Shop 2012, Level 2, Westfield Miranda, 600 Kingsway, Miranda, NSW, 2228",
        "phone": "(02) 9524 0577",
        "official_url": "https://www.specsavers.com.au/stores/miranda",
        "services": "Optometry",
        "audiology": "false",
        "venue_name": "Miranda Westfield Lv 2",
        "venue_id": "nsw-2-lv-miranda-westfield",
        "location_type": "Shopping Centre",
        "classification_confidence": "High",
        "classification_basis": "Official name/address contains shopping-centre evidence",
        "store_area_sqm": "",
        "area_measure": "",
        "area_source": "",
        "area_date": "",
        "area_confidence": "Unknown",
        "source_url": "https://www.specsavers.com.au/stores/miranda",
        "fetched_at": "2026-07-23T00:53:33.174Z"
      }
    },
    {
      "type": "Feature",
      "geometry": {
        "type": "Point",
        "coordinates": [
          151.10007,
          -34.03511
        ]
      },
      "properties": {
        "retailer": "Specsavers",
        "store_id": "specsavers-3559",
        "name": "Miranda Westfield Lvl 1",
        "status": "Active",
        "state": "NSW",
        "suburb": "Miranda",
        "postcode": "2228",
        "full_address": "Shop 1096, Level 1, Westfield Miranda, 600 Kingsway, Miranda, NSW, 2228",
        "phone": "(02) 9525 1733",
        "official_url": "https://www.specsavers.com.au/stores/mirandaeast",
        "services": "Optometry; Audiology",
        "audiology": "true",
        "venue_name": "Miranda Westfield Lvl 1",
        "venue_id": "nsw-1-lvl-miranda-westfield",
        "location_type": "Shopping Centre",
        "classification_confidence": "High",
        "classification_basis": "Official name/address contains shopping-centre evidence",
        "store_area_sqm": "",
        "area_measure": "",
        "area_source": "",
        "area_date": "",
        "area_confidence": "Unknown",
        "source_url": "https://www.specsavers.com.au/stores/mirandaeast",
        "fetched_at": "2026-07-23T00:53:33.174Z"
      }
    },
    {
      "type": "Feature",
      "geometry": {
        "type": "Point",
        "coordinates": [
          150.43784,
          -34.4473
        ]
      },
      "properties": {
        "retailer": "Specsavers",
        "store_id": "specsavers-3561",
        "name": "Mittagong",
        "status": "Active",
        "state": "NSW",
        "suburb": "Mittagong",
        "postcode": "2575",
        "full_address": "Shop 18, Highlands Marketplace, 197 Old Hume Highway, Mittagong, NSW, 2575",
        "phone": "(02) 4871 3844",
        "official_url": "https://www.specsavers.com.au/stores/mittagong",
        "services": "Optometry; Audiology",
        "audiology": "true",
        "venue_name": "Highlands Marketplace",
        "venue_id": "nsw-highlands-marketplace",
        "location_type": "Shopping Centre",
        "classification_confidence": "High",
        "classification_basis": "Official name/address contains shopping-centre evidence",
        "store_area_sqm": "",
        "area_measure": "",
        "area_source": "",
        "area_date": "",
        "area_confidence": "Unknown",
        "source_url": "https://www.specsavers.com.au/stores/mittagong",
        "fetched_at": "2026-07-23T00:53:33.174Z"
      }
    },
    {
      "type": "Feature",
      "geometry": {
        "type": "Point",
        "coordinates": [
          151.30329,
          -33.67635
        ]
      },
      "properties": {
        "retailer": "OPSM",
        "store_id": "opsm-2941",
        "name": "OPSM Mona Vale",
        "status": "Active",
        "state": "NSW",
        "suburb": "Mona Vale",
        "postcode": "2103",
        "full_address": "Bungan St, Mona Vale, NSW, 2103",
        "phone": "(02) 9999 4756",
        "official_url": "https://www.opsm.com.au/en/opsm-au/find-store",
        "services": "Collect & Return",
        "audiology": "false",
        "venue_name": "",
        "venue_id": "",
        "location_type": "Main Street / Street-front",
        "classification_confidence": "Low",
        "classification_basis": "Official address contains street evidence but needs review",
        "store_area_sqm": "",
        "area_measure": "",
        "area_source": "",
        "area_date": "",
        "area_confidence": "Unknown",
        "source_url": "https://www.opsm.com.au/en/opsm-au/find-store",
        "fetched_at": "2026-07-23T00:26:21+00:00"
      }
    },
    {
      "type": "Feature",
      "geometry": {
        "type": "Point",
        "coordinates": [
          151.48817,
          -33.10645
        ]
      },
      "properties": {
        "retailer": "Specsavers",
        "store_id": "specsavers-3321",
        "name": "Morisset Square",
        "status": "Active",
        "state": "NSW",
        "suburb": "Morisset",
        "postcode": "2264",
        "full_address": "Shops 16 & 17, Morisset Square, 35 Yambo St, Morisset, NSW, 2264",
        "phone": "(02) 4973 3003",
        "official_url": "https://www.specsavers.com.au/stores/morisset",
        "services": "Optometry; Audiology",
        "audiology": "true",
        "venue_name": "Morisset Square",
        "venue_id": "nsw-morisset-square",
        "location_type": "Shopping Centre",
        "classification_confidence": "High",
        "classification_basis": "Official name/address contains shopping-centre evidence",
        "store_area_sqm": "",
        "area_measure": "",
        "area_source": "",
        "area_date": "",
        "area_confidence": "Unknown",
        "source_url": "https://www.specsavers.com.au/stores/morisset",
        "fetched_at": "2026-07-23T00:53:33.174Z"
      }
    },
    {
      "type": "Feature",
      "geometry": {
        "type": "Point",
        "coordinates": [
          151.2420018,
          -33.8253654
        ]
      },
      "properties": {
        "retailer": "Bailey Nelson",
        "store_id": "bailey-nelson-mosman",
        "name": "Bailey Nelson Mosman",
        "status": "Active",
        "state": "NSW",
        "suburb": "Mosman",
        "postcode": "2088",
        "full_address": "Shop 3 - 597 Military Road, Mosman, NSW, 2088",
        "phone": "+61290008068",
        "official_url": "https://baileynelson.com.au/pages/optometrist-mosman",
        "services": "Optometry Services; Bulk-Billed Eye Tests; Private Eye Tests from $65; Contact Lens Eye Tests; Visual Fields Testing; Ultra-wide retinal imaging; Optical & Sunglass styling; Free frame adjustments",
        "audiology": "false",
        "venue_name": "",
        "venue_id": "",
        "location_type": "Shopping Centre",
        "classification_confidence": "Medium",
        "classification_basis": "Official address uses a shop/level format; venue name requires review",
        "store_area_sqm": "",
        "area_measure": "",
        "area_source": "",
        "area_date": "",
        "area_confidence": "Unknown",
        "source_url": "https://baileynelson.com.au/pages/optometrist-mosman",
        "fetched_at": "2026-07-23T01:01:27+00:00"
      }
    },
    {
      "type": "Feature",
      "geometry": {
        "type": "Point",
        "coordinates": [
          151.24024,
          -33.82412
        ]
      },
      "properties": {
        "retailer": "OPSM",
        "store_id": "opsm-2967",
        "name": "OPSM Mosman Bridgepoint",
        "status": "Active",
        "state": "NSW",
        "suburb": "Mosman",
        "postcode": "2088",
        "full_address": "Cnr Brady St & Military Rd, Mosman, NSW, 2088",
        "phone": "(02) 9969 8761",
        "official_url": "https://www.opsm.com.au/en/opsm-au/find-store",
        "services": "Collect & Return",
        "audiology": "false",
        "venue_name": "",
        "venue_id": "",
        "location_type": "Main Street / Street-front",
        "classification_confidence": "Medium",
        "classification_basis": "Official address is a numbered or corner street address without centre evidence",
        "store_area_sqm": "",
        "area_measure": "",
        "area_source": "",
        "area_date": "",
        "area_confidence": "Unknown",
        "source_url": "https://www.opsm.com.au/en/opsm-au/find-store",
        "fetched_at": "2026-07-23T00:26:21+00:00"
      }
    },
    {
      "type": "Feature",
      "geometry": {
        "type": "Point",
        "coordinates": [
          150.82053,
          -33.76684
        ]
      },
      "properties": {
        "retailer": "OPSM",
        "store_id": "opsm-1193",
        "name": "OPSM Mt Druitt",
        "status": "Active",
        "state": "NSW",
        "suburb": "Mount Druitt",
        "postcode": "2770",
        "full_address": "Cnr Luxford Ave & Carlisle Ave, Mount Druitt, NSW, 2770",
        "phone": "(02) 9625 7056",
        "official_url": "https://www.opsm.com.au/en/opsm-au/find-store",
        "services": "Collect & Return",
        "audiology": "false",
        "venue_name": "",
        "venue_id": "",
        "location_type": "Main Street / Street-front",
        "classification_confidence": "Medium",
        "classification_basis": "Official address is a numbered or corner street address without centre evidence",
        "store_area_sqm": "",
        "area_measure": "",
        "area_source": "",
        "area_date": "",
        "area_confidence": "Unknown",
        "source_url": "https://www.opsm.com.au/en/opsm-au/find-store",
        "fetched_at": "2026-07-23T00:26:21+00:00"
      }
    },
    {
      "type": "Feature",
      "geometry": {
        "type": "Point",
        "coordinates": [
          150.82048,
          -33.767002
        ]
      },
      "properties": {
        "retailer": "Specsavers",
        "store_id": "specsavers-3323",
        "name": "Mt Druitt Westfield",
        "status": "Active",
        "state": "NSW",
        "suburb": "Mount Druitt",
        "postcode": "2770",
        "full_address": "Westfield Mount Druitt, Cnr Carlisle Avenue & Luxford Road, Mount Druitt, NSW, 2770",
        "phone": "(02) 9832 2081",
        "official_url": "https://www.specsavers.com.au/stores/mtdruitt",
        "services": "Optometry; Audiology",
        "audiology": "true",
        "venue_name": "Mt Druitt Westfield",
        "venue_id": "nsw-druitt-mt-westfield",
        "location_type": "Shopping Centre",
        "classification_confidence": "High",
        "classification_basis": "Official name/address contains shopping-centre evidence",
        "store_area_sqm": "",
        "area_measure": "",
        "area_source": "",
        "area_date": "",
        "area_confidence": "Unknown",
        "source_url": "https://www.specsavers.com.au/stores/mtdruitt",
        "fetched_at": "2026-07-23T00:53:33.174Z"
      }
    },
    {
      "type": "Feature",
      "geometry": {
        "type": "Point",
        "coordinates": [
          151.67253,
          -32.98427
        ]
      },
      "properties": {
        "retailer": "OPSM",
        "store_id": "opsm-1217",
        "name": "OPSM Lake Macquarie",
        "status": "Active",
        "state": "NSW",
        "suburb": "Mt Hutton",
        "postcode": "2290",
        "full_address": "46 Wilson Rd, Mt Hutton, NSW, 2290",
        "phone": "(02) 4945 4090",
        "official_url": "https://www.opsm.com.au/en/opsm-au/find-store",
        "services": "Collect & Return",
        "audiology": "false",
        "venue_name": "",
        "venue_id": "",
        "location_type": "Main Street / Street-front",
        "classification_confidence": "Medium",
        "classification_basis": "Official address is a numbered or corner street address without centre evidence",
        "store_area_sqm": "",
        "area_measure": "",
        "area_source": "",
        "area_date": "",
        "area_confidence": "Unknown",
        "source_url": "https://www.opsm.com.au/en/opsm-au/find-store",
        "fetched_at": "2026-07-23T00:26:21+00:00"
      }
    },
    {
      "type": "Feature",
      "geometry": {
        "type": "Point",
        "coordinates": [
          151.67255,
          -32.98463
        ]
      },
      "properties": {
        "retailer": "Specsavers",
        "store_id": "specsavers-3335",
        "name": "Mt Hutton - Lake Macquarie",
        "status": "Active",
        "state": "NSW",
        "suburb": "Mt Hutton",
        "postcode": "2290",
        "full_address": "Shop T76 Lake Macquarie Square, 46 -56 Wilsons Rd, Mt Hutton, NSW, 2290",
        "phone": "(02) 4948 0100",
        "official_url": "https://www.specsavers.com.au/stores/mthutton",
        "services": "Optometry; Audiology",
        "audiology": "true",
        "venue_name": "",
        "venue_id": "",
        "location_type": "Shopping Centre",
        "classification_confidence": "High",
        "classification_basis": "Official name/address contains shopping-centre evidence",
        "store_area_sqm": "",
        "area_measure": "",
        "area_source": "",
        "area_date": "",
        "area_confidence": "Unknown",
        "source_url": "https://www.specsavers.com.au/stores/mthutton",
        "fetched_at": "2026-07-23T00:53:33.174Z"
      }
    },
    {
      "type": "Feature",
      "geometry": {
        "type": "Point",
        "coordinates": [
          150.73702,
          -34.04195
        ]
      },
      "properties": {
        "retailer": "OPSM",
        "store_id": "opsm-1056",
        "name": "OPSM Narellan",
        "status": "Active",
        "state": "NSW",
        "suburb": "Narellan",
        "postcode": "2567",
        "full_address": "326 Camden Valley Way, Narellan, NSW, 2567",
        "phone": "(02) 4648 2742",
        "official_url": "https://www.opsm.com.au/en/opsm-au/find-store",
        "services": "Collect & Return",
        "audiology": "false",
        "venue_name": "",
        "venue_id": "",
        "location_type": "Unclassified",
        "classification_confidence": "Low",
        "classification_basis": "Insufficient official venue or street evidence",
        "store_area_sqm": "",
        "area_measure": "",
        "area_source": "",
        "area_date": "",
        "area_confidence": "Unknown",
        "source_url": "https://www.opsm.com.au/en/opsm-au/find-store",
        "fetched_at": "2026-07-23T00:26:21+00:00"
      }
    },
    {
      "type": "Feature",
      "geometry": {
        "type": "Point",
        "coordinates": [
          150.73727,
          -34.04177
        ]
      },
      "properties": {
        "retailer": "Specsavers",
        "store_id": "specsavers-3345",
        "name": "Narellan Town Centre",
        "status": "Active",
        "state": "NSW",
        "suburb": "Narellan",
        "postcode": "2567",
        "full_address": "Shop 80 & 81, Narellan Town Centre, 326 Camden Valley Way, Narellan, NSW, 2567",
        "phone": "(02) 4647 4577",
        "official_url": "https://www.specsavers.com.au/stores/narellan",
        "services": "Optometry; Audiology",
        "audiology": "true",
        "venue_name": "Narellan Town Centre",
        "venue_id": "nsw-narellan-town",
        "location_type": "Shopping Centre",
        "classification_confidence": "High",
        "classification_basis": "Official name/address contains shopping-centre evidence",
        "store_area_sqm": "",
        "area_measure": "",
        "area_source": "",
        "area_date": "",
        "area_confidence": "Unknown",
        "source_url": "https://www.specsavers.com.au/stores/narellan",
        "fetched_at": "2026-07-23T00:53:33.174Z"
      }
    },
    {
      "type": "Feature",
      "geometry": {
        "type": "Point",
        "coordinates": [
          151.2221,
          -33.83119
        ]
      },
      "properties": {
        "retailer": "Specsavers",
        "store_id": "specsavers-3494",
        "name": "Neutral Bay",
        "status": "Active",
        "state": "NSW",
        "suburb": "Neutral Bay",
        "postcode": "2089",
        "full_address": "Shops 1-3, 184 Military Road, Neutral Bay, NSW, 2089",
        "phone": "(02) 8969 6254",
        "official_url": "https://www.specsavers.com.au/stores/neutralbay",
        "services": "Optometry; Audiology",
        "audiology": "true",
        "venue_name": "",
        "venue_id": "",
        "location_type": "Shopping Centre",
        "classification_confidence": "Medium",
        "classification_basis": "Official address uses a shop/level format; venue name requires review",
        "store_area_sqm": "",
        "area_measure": "",
        "area_source": "",
        "area_date": "",
        "area_confidence": "Unknown",
        "source_url": "https://www.specsavers.com.au/stores/neutralbay",
        "fetched_at": "2026-07-23T00:53:33.174Z"
      }
    },
    {
      "type": "Feature",
      "geometry": {
        "type": "Point",
        "coordinates": [
          151.7824,
          -32.927
        ]
      },
      "properties": {
        "retailer": "OPSM",
        "store_id": "opsm-4718",
        "name": "OPSM Newcastle",
        "status": "Active",
        "state": "NSW",
        "suburb": "Newcastle",
        "postcode": "2300",
        "full_address": "122-132 Hunter St, Newcastle, NSW, 2300",
        "phone": "(02) 4929 5211",
        "official_url": "https://www.opsm.com.au/en/opsm-au/find-store",
        "services": "",
        "audiology": "false",
        "venue_name": "",
        "venue_id": "",
        "location_type": "Main Street / Street-front",
        "classification_confidence": "Medium",
        "classification_basis": "Official address is a numbered or corner street address without centre evidence",
        "store_area_sqm": "",
        "area_measure": "",
        "area_source": "",
        "area_date": "",
        "area_confidence": "Unknown",
        "source_url": "https://www.opsm.com.au/en/opsm-au/find-store",
        "fetched_at": "2026-07-23T00:26:21+00:00"
      }
    },
    {
      "type": "Feature",
      "geometry": {
        "type": "Point",
        "coordinates": [
          151.76286,
          -32.929016
        ]
      },
      "properties": {
        "retailer": "Specsavers",
        "store_id": "specsavers-3632",
        "name": "Newcastle Marketown",
        "status": "Active",
        "state": "NSW",
        "suburb": "Newcastle West",
        "postcode": "2302",
        "full_address": "Tenancy G-02, Marketown Shopping Centre, 23 Steel St, Newcastle West, NSW, 2302",
        "phone": "(02) 4951 2855",
        "official_url": "https://www.specsavers.com.au/stores/newcastlemarketown",
        "services": "Optometry; Audiology",
        "audiology": "true",
        "venue_name": "Marketown Shopping Centre",
        "venue_id": "nsw-marketown",
        "location_type": "Shopping Centre",
        "classification_confidence": "High",
        "classification_basis": "Official name/address contains shopping-centre evidence",
        "store_area_sqm": "",
        "area_measure": "",
        "area_source": "",
        "area_date": "",
        "area_confidence": "Unknown",
        "source_url": "https://www.specsavers.com.au/stores/newcastlemarketown",
        "fetched_at": "2026-07-23T00:53:33.174Z"
      }
    },
    {
      "type": "Feature",
      "geometry": {
        "type": "Point",
        "coordinates": [
          151.1811783,
          -33.8954608
        ]
      },
      "properties": {
        "retailer": "Bailey Nelson",
        "store_id": "bailey-nelson-newtown",
        "name": "Bailey Nelson Newtown",
        "status": "Active",
        "state": "NSW",
        "suburb": "Newtown",
        "postcode": "2042",
        "full_address": "239 King Street, Newtown, NSW, 2042",
        "phone": "+61283571350",
        "official_url": "https://baileynelson.com.au/pages/optometrist-newtown",
        "services": "Optometry Services; Bulk-Billed Eye Tests; Private Eye Tests from $65; Contact Lens Eye Tests; Visual Fields Testing; Ultra-wide retinal imaging; Optical & Sunglass styling; Free frame adjustments",
        "audiology": "false",
        "venue_name": "",
        "venue_id": "",
        "location_type": "Main Street / Street-front",
        "classification_confidence": "Medium",
        "classification_basis": "Official address is a numbered or corner street address without centre evidence",
        "store_area_sqm": "",
        "area_measure": "",
        "area_source": "",
        "area_date": "",
        "area_confidence": "Unknown",
        "source_url": "https://baileynelson.com.au/pages/optometrist-newtown",
        "fetched_at": "2026-07-23T01:01:27+00:00"
      }
    },
    {
      "type": "Feature",
      "geometry": {
        "type": "Point",
        "coordinates": [
          151.02783,
          -33.768658
        ]
      },
      "properties": {
        "retailer": "Specsavers",
        "store_id": "specsavers-3398",
        "name": "North Rocks Shopping Centre",
        "status": "Active",
        "state": "NSW",
        "suburb": "North Rocks",
        "postcode": "2151",
        "full_address": "Shop 36 North Rocks S/C, 328 -336 North Rocks Road, North Rocks, NSW, 2151",
        "phone": "(02) 9871 1177",
        "official_url": "https://www.specsavers.com.au/stores/northrocks",
        "services": "Optometry; Audiology",
        "audiology": "true",
        "venue_name": "North Rocks Shopping Centre",
        "venue_id": "nsw-north-rocks",
        "location_type": "Shopping Centre",
        "classification_confidence": "High",
        "classification_basis": "Official name/address contains shopping-centre evidence",
        "store_area_sqm": "",
        "area_measure": "",
        "area_source": "",
        "area_date": "",
        "area_confidence": "Unknown",
        "source_url": "https://www.specsavers.com.au/stores/northrocks",
        "fetched_at": "2026-07-23T00:53:33.174Z"
      }
    },
    {
      "type": "Feature",
      "geometry": {
        "type": "Point",
        "coordinates": [
          151.1205172,
          -33.7767187
        ]
      },
      "properties": {
        "retailer": "Bailey Nelson",
        "store_id": "bailey-nelson-macquarie",
        "name": "Bailey Nelson Macquarie Centre",
        "status": "Active",
        "state": "NSW",
        "suburb": "North Ryde",
        "postcode": "2113",
        "full_address": "Level 1, Shop 13A, Macquarie Centre, Corner of Herring Road & Waterloo Road, North Ryde, NSW, 2113",
        "phone": "+61290008062",
        "official_url": "https://baileynelson.com.au/pages/optometrist-macquarie",
        "services": "Optometry Services; Bulk-Billed Eye Tests; Private Eye Tests from $65; Contact Lens Eye Tests; Visual Fields Testing; Ultra-wide retinal imaging; Optical & Sunglass styling; Free frame adjustments",
        "audiology": "false",
        "venue_name": "Macquarie Centre",
        "venue_id": "nsw-macquarie-centre",
        "location_type": "Shopping Centre",
        "classification_confidence": "High",
        "classification_basis": "Reviewed official store name and address",
        "store_area_sqm": "",
        "area_measure": "",
        "area_source": "",
        "area_date": "",
        "area_confidence": "Unknown",
        "source_url": "https://baileynelson.com.au/pages/optometrist-macquarie",
        "fetched_at": "2026-07-23T01:01:27+00:00"
      }
    },
    {
      "type": "Feature",
      "geometry": {
        "type": "Point",
        "coordinates": [
          151.12051,
          -33.77671
        ]
      },
      "properties": {
        "retailer": "OPSM",
        "store_id": "opsm-1213",
        "name": "OPSM Macquarie Centre",
        "status": "Active",
        "state": "NSW",
        "suburb": "North Ryde",
        "postcode": "2113",
        "full_address": "Cnr Herring And Waterloo Rd, North Ryde, NSW, 2113",
        "phone": "(02) 9878 4377",
        "official_url": "https://www.opsm.com.au/en/opsm-au/find-store",
        "services": "Dry Eye, Kids Vision Centre, Collect & Return",
        "audiology": "false",
        "venue_name": "Macquarie Centre",
        "venue_id": "nsw-macquarie-centre",
        "location_type": "Shopping Centre",
        "classification_confidence": "High",
        "classification_basis": "Reviewed official store name and address",
        "store_area_sqm": "",
        "area_measure": "",
        "area_source": "",
        "area_date": "",
        "area_confidence": "Unknown",
        "source_url": "https://www.opsm.com.au/en/opsm-au/find-store",
        "fetched_at": "2026-07-23T00:26:21+00:00"
      }
    },
    {
      "type": "Feature",
      "geometry": {
        "type": "Point",
        "coordinates": [
          151.12158,
          -33.777058
        ]
      },
      "properties": {
        "retailer": "Specsavers",
        "store_id": "specsavers-3359",
        "name": "Macquarie S/C North Ryde",
        "status": "Active",
        "state": "NSW",
        "suburb": "North Ryde",
        "postcode": "2113",
        "full_address": "Shop 9 Maquarie Shopping Centre, Cnr Herring & Waterloo Roads, North Ryde, NSW, 2113",
        "phone": "(02) 9889 2556",
        "official_url": "https://www.specsavers.com.au/stores/northryde",
        "services": "Optometry; Audiology",
        "audiology": "true",
        "venue_name": "Macquarie Centre",
        "venue_id": "nsw-macquarie-centre",
        "location_type": "Shopping Centre",
        "classification_confidence": "High",
        "classification_basis": "Reviewed official store name and address",
        "store_area_sqm": "",
        "area_measure": "",
        "area_source": "",
        "area_date": "",
        "area_confidence": "Unknown",
        "source_url": "https://www.specsavers.com.au/stores/northryde",
        "fetched_at": "2026-07-23T00:53:33.174Z"
      }
    },
    {
      "type": "Feature",
      "geometry": {
        "type": "Point",
        "coordinates": [
          151.20657,
          -33.83753
        ]
      },
      "properties": {
        "retailer": "OPSM",
        "store_id": "opsm-2200",
        "name": "OPSM North Sydney",
        "status": "Active",
        "state": "NSW",
        "suburb": "North Sydney",
        "postcode": "2060",
        "full_address": "100 Miller St, North Sydney, NSW, 2060",
        "phone": "(02) 8866 1629",
        "official_url": "https://www.opsm.com.au/en/opsm-au/find-store",
        "services": "Collect & Return",
        "audiology": "false",
        "venue_name": "",
        "venue_id": "",
        "location_type": "Main Street / Street-front",
        "classification_confidence": "Medium",
        "classification_basis": "Official address is a numbered or corner street address without centre evidence",
        "store_area_sqm": "",
        "area_measure": "",
        "area_source": "",
        "area_date": "",
        "area_confidence": "Unknown",
        "source_url": "https://www.opsm.com.au/en/opsm-au/find-store",
        "fetched_at": "2026-07-23T00:26:21+00:00"
      }
    },
    {
      "type": "Feature",
      "geometry": {
        "type": "Point",
        "coordinates": [
          151.2077,
          -33.840374
        ]
      },
      "properties": {
        "retailer": "Specsavers",
        "store_id": "specsavers-3356",
        "name": "North Sydney - Greenwood Plaza",
        "status": "Active",
        "state": "NSW",
        "suburb": "North Sydney",
        "postcode": "2060",
        "full_address": "Shop M13-14 Greenwood Plaza, Pacific Highway, North Sydney, NSW, 2060",
        "phone": "(02) 9460 3300",
        "official_url": "https://www.specsavers.com.au/stores/northsydney",
        "services": "Optometry",
        "audiology": "false",
        "venue_name": "Greenwood Plaza",
        "venue_id": "nsw-greenwood-plaza",
        "location_type": "Shopping Centre",
        "classification_confidence": "High",
        "classification_basis": "Official name/address contains shopping-centre evidence",
        "store_area_sqm": "",
        "area_measure": "",
        "area_source": "",
        "area_date": "",
        "area_confidence": "Unknown",
        "source_url": "https://www.specsavers.com.au/stores/northsydney",
        "fetched_at": "2026-07-23T00:53:33.174Z"
      }
    },
    {
      "type": "Feature",
      "geometry": {
        "type": "Point",
        "coordinates": [
          150.60319,
          -34.87433
        ]
      },
      "properties": {
        "retailer": "OPSM",
        "store_id": "opsm-2994",
        "name": "OPSM Nowra",
        "status": "Active",
        "state": "NSW",
        "suburb": "Nowra",
        "postcode": "2540",
        "full_address": "Kinghorne St, Nowra, NSW, 2540",
        "phone": "(02) 4421 3420",
        "official_url": "https://www.opsm.com.au/en/opsm-au/find-store",
        "services": "Collect & Return",
        "audiology": "false",
        "venue_name": "",
        "venue_id": "",
        "location_type": "Main Street / Street-front",
        "classification_confidence": "Low",
        "classification_basis": "Official address contains street evidence but needs review",
        "store_area_sqm": "",
        "area_measure": "",
        "area_source": "",
        "area_date": "",
        "area_confidence": "Unknown",
        "source_url": "https://www.opsm.com.au/en/opsm-au/find-store",
        "fetched_at": "2026-07-23T00:26:21+00:00"
      }
    },
    {
      "type": "Feature",
      "geometry": {
        "type": "Point",
        "coordinates": [
          150.60243,
          -34.87682
        ]
      },
      "properties": {
        "retailer": "Specsavers",
        "store_id": "specsavers-3315",
        "name": "Nowra Central",
        "status": "Active",
        "state": "NSW",
        "suburb": "Nowra",
        "postcode": "2541",
        "full_address": "57 Kinghorne St, Cnr Worrigee & Kinghorne Streets, Nowra, NSW, 2541",
        "phone": "(02) 4421 0500",
        "official_url": "https://www.specsavers.com.au/stores/nowracentral",
        "services": "Optometry; Audiology",
        "audiology": "true",
        "venue_name": "",
        "venue_id": "",
        "location_type": "Main Street / Street-front",
        "classification_confidence": "Medium",
        "classification_basis": "Official address is a numbered or corner street address without centre evidence",
        "store_area_sqm": "",
        "area_measure": "",
        "area_source": "",
        "area_date": "",
        "area_confidence": "Unknown",
        "source_url": "https://www.specsavers.com.au/stores/nowracentral",
        "fetched_at": "2026-07-23T00:53:33.174Z"
      }
    },
    {
      "type": "Feature",
      "geometry": {
        "type": "Point",
        "coordinates": [
          150.60666,
          -34.87693
        ]
      },
      "properties": {
        "retailer": "Specsavers",
        "store_id": "specsavers-3316",
        "name": "Nowra Plaza",
        "status": "Active",
        "state": "NSW",
        "suburb": "Nowra",
        "postcode": "2541",
        "full_address": "Shop 20 & 21 Nowra Centre Plaza, 32-60 East Street, Nowra, NSW, 2541",
        "phone": "(02) 4423 1811",
        "official_url": "https://www.specsavers.com.au/stores/nowra-plaza",
        "services": "Optometry; Audiology",
        "audiology": "true",
        "venue_name": "Nowra Plaza",
        "venue_id": "nsw-nowra-plaza",
        "location_type": "Shopping Centre",
        "classification_confidence": "High",
        "classification_basis": "Official name/address contains shopping-centre evidence",
        "store_area_sqm": "",
        "area_measure": "",
        "area_source": "",
        "area_date": "",
        "area_confidence": "Unknown",
        "source_url": "https://www.specsavers.com.au/stores/nowra-plaza",
        "fetched_at": "2026-07-23T00:53:33.174Z"
      }
    },
    {
      "type": "Feature",
      "geometry": {
        "type": "Point",
        "coordinates": [
          150.74166,
          -34.01285
        ]
      },
      "properties": {
        "retailer": "OPSM",
        "store_id": "opsm-4614",
        "name": "OPSM Oran Park",
        "status": "Active",
        "state": "NSW",
        "suburb": "Oran Park",
        "postcode": "2570",
        "full_address": "351 Oran Park Dr., Oran Park, NSW, 2570",
        "phone": "(02) 4744 3831",
        "official_url": "https://www.opsm.com.au/en/opsm-au/find-store",
        "services": "",
        "audiology": "false",
        "venue_name": "",
        "venue_id": "",
        "location_type": "Unclassified",
        "classification_confidence": "Low",
        "classification_basis": "Insufficient official venue or street evidence",
        "store_area_sqm": "",
        "area_measure": "",
        "area_source": "",
        "area_date": "",
        "area_confidence": "Unknown",
        "source_url": "https://www.opsm.com.au/en/opsm-au/find-store",
        "fetched_at": "2026-07-23T00:26:21+00:00"
      }
    },
    {
      "type": "Feature",
      "geometry": {
        "type": "Point",
        "coordinates": [
          150.74046,
          -34.000046
        ]
      },
      "properties": {
        "retailer": "Specsavers",
        "store_id": "specsavers-3675",
        "name": "Oran Park",
        "status": "Active",
        "state": "NSW",
        "suburb": "Oran Park",
        "postcode": "2570",
        "full_address": "Q4 351 Oran Park Drive, Oran Park, NSW, 2570",
        "phone": "(02) 4620 0801",
        "official_url": "https://www.specsavers.com.au/stores/oranpark",
        "services": "Optometry",
        "audiology": "false",
        "venue_name": "",
        "venue_id": "",
        "location_type": "Main Street / Street-front",
        "classification_confidence": "Medium",
        "classification_basis": "Official address is a numbered or corner street address without centre evidence",
        "store_area_sqm": "",
        "area_measure": "",
        "area_source": "",
        "area_date": "",
        "area_confidence": "Unknown",
        "source_url": "https://www.specsavers.com.au/stores/oranpark",
        "fetched_at": "2026-07-23T00:53:33.174Z"
      }
    },
    {
      "type": "Feature",
      "geometry": {
        "type": "Point",
        "coordinates": [
          149.10032,
          -33.28296
        ]
      },
      "properties": {
        "retailer": "OPSM",
        "store_id": "opsm-1028",
        "name": "OPSM Orange",
        "status": "Active",
        "state": "NSW",
        "suburb": "Orange",
        "postcode": "2800",
        "full_address": "227-237 Summer St, Orange, NSW, 2800",
        "phone": "(02) 6362 1284",
        "official_url": "https://www.opsm.com.au/en/opsm-au/find-store",
        "services": "Dry Eye, Collect & Return",
        "audiology": "false",
        "venue_name": "",
        "venue_id": "",
        "location_type": "Main Street / Street-front",
        "classification_confidence": "Medium",
        "classification_basis": "Official address is a numbered or corner street address without centre evidence",
        "store_area_sqm": "",
        "area_measure": "",
        "area_source": "",
        "area_date": "",
        "area_confidence": "Unknown",
        "source_url": "https://www.opsm.com.au/en/opsm-au/find-store",
        "fetched_at": "2026-07-23T00:26:21+00:00"
      }
    },
    {
      "type": "Feature",
      "geometry": {
        "type": "Point",
        "coordinates": [
          149.10057,
          -33.28267
        ]
      },
      "properties": {
        "retailer": "Specsavers",
        "store_id": "specsavers-3517",
        "name": "Orange",
        "status": "Active",
        "state": "NSW",
        "suburb": "Orange",
        "postcode": "2800",
        "full_address": "Shop No 122, Orange Central S/C, 227-237 Summer Street, Orange, NSW, 2800",
        "phone": "(02) 6362 1045",
        "official_url": "https://www.specsavers.com.au/stores/orange",
        "services": "Optometry; Audiology",
        "audiology": "true",
        "venue_name": "Orange Central Shopping Centre",
        "venue_id": "nsw-central-orange",
        "location_type": "Shopping Centre",
        "classification_confidence": "High",
        "classification_basis": "Official name/address contains shopping-centre evidence",
        "store_area_sqm": "",
        "area_measure": "",
        "area_source": "",
        "area_date": "",
        "area_confidence": "Unknown",
        "source_url": "https://www.specsavers.com.au/stores/orange",
        "fetched_at": "2026-07-23T00:53:33.174Z"
      }
    },
    {
      "type": "Feature",
      "geometry": {
        "type": "Point",
        "coordinates": [
          151.2289799,
          -33.8860014
        ]
      },
      "properties": {
        "retailer": "Bailey Nelson",
        "store_id": "bailey-nelson-paddington",
        "name": "Bailey Nelson Paddington - New Location",
        "status": "Active",
        "state": "NSW",
        "suburb": "Paddington",
        "postcode": "2021",
        "full_address": "372 Oxford Street, Paddington, NSW, 2021",
        "phone": "+61290008061",
        "official_url": "https://baileynelson.com.au/pages/optometrist-paddington",
        "services": "Optometry Services; Bulk-Billed Eye Tests; Private Eye Tests from $65; Contact Lens Eye Tests; Visual Fields Testing; Ultra-wide retinal imaging; Optical & Sunglass styling; Free frame adjustments",
        "audiology": "false",
        "venue_name": "",
        "venue_id": "",
        "location_type": "Main Street / Street-front",
        "classification_confidence": "Medium",
        "classification_basis": "Official address is a numbered or corner street address without centre evidence",
        "store_area_sqm": "",
        "area_measure": "",
        "area_source": "",
        "area_date": "",
        "area_confidence": "Unknown",
        "source_url": "https://baileynelson.com.au/pages/optometrist-paddington",
        "fetched_at": "2026-07-23T01:01:27+00:00"
      }
    },
    {
      "type": "Feature",
      "geometry": {
        "type": "Point",
        "coordinates": [
          151.22597,
          -33.945
        ]
      },
      "properties": {
        "retailer": "OPSM",
        "store_id": "opsm-1180",
        "name": "OPSM Eastgardens",
        "status": "Active",
        "state": "NSW",
        "suburb": "Pagewood",
        "postcode": "2035",
        "full_address": "152 Bunnerong Rd, Pagewood, NSW, 2035",
        "phone": "(02) 9349 3377",
        "official_url": "https://www.opsm.com.au/en/opsm-au/find-store",
        "services": "Collect & Return",
        "audiology": "false",
        "venue_name": "",
        "venue_id": "",
        "location_type": "Main Street / Street-front",
        "classification_confidence": "Medium",
        "classification_basis": "Official address is a numbered or corner street address without centre evidence",
        "store_area_sqm": "",
        "area_measure": "",
        "area_source": "",
        "area_date": "",
        "area_confidence": "Unknown",
        "source_url": "https://www.opsm.com.au/en/opsm-au/find-store",
        "fetched_at": "2026-07-23T00:26:21+00:00"
      }
    },
    {
      "type": "Feature",
      "geometry": {
        "type": "Point",
        "coordinates": [
          148.17464,
          -33.13424
        ]
      },
      "properties": {
        "retailer": "OPSM",
        "store_id": "opsm-1117",
        "name": "OPSM Parkes",
        "status": "Active",
        "state": "NSW",
        "suburb": "Parkes",
        "postcode": "2870",
        "full_address": "299 Clarinda St, Parkes, NSW, 2870",
        "phone": "(02) 6862 1576",
        "official_url": "https://www.opsm.com.au/en/opsm-au/find-store",
        "services": "Collect & Return",
        "audiology": "false",
        "venue_name": "",
        "venue_id": "",
        "location_type": "Main Street / Street-front",
        "classification_confidence": "Medium",
        "classification_basis": "Official address is a numbered or corner street address without centre evidence",
        "store_area_sqm": "",
        "area_measure": "",
        "area_source": "",
        "area_date": "",
        "area_confidence": "Unknown",
        "source_url": "https://www.opsm.com.au/en/opsm-au/find-store",
        "fetched_at": "2026-07-23T00:26:21+00:00"
      }
    },
    {
      "type": "Feature",
      "geometry": {
        "type": "Point",
        "coordinates": [
          151.00279,
          -33.81736
        ]
      },
      "properties": {
        "retailer": "OPSM",
        "store_id": "opsm-1326",
        "name": "OPSM Parramatta",
        "status": "Active",
        "state": "NSW",
        "suburb": "Parramatta",
        "postcode": "2150",
        "full_address": "159-175 Church St, Parramatta, NSW, 2150",
        "phone": "(02) 9633 2394",
        "official_url": "https://www.opsm.com.au/en/opsm-au/find-store",
        "services": "Dry Eye, Collect & Return",
        "audiology": "false",
        "venue_name": "",
        "venue_id": "",
        "location_type": "Main Street / Street-front",
        "classification_confidence": "Medium",
        "classification_basis": "Official address is a numbered or corner street address without centre evidence",
        "store_area_sqm": "",
        "area_measure": "",
        "area_source": "",
        "area_date": "",
        "area_confidence": "Unknown",
        "source_url": "https://www.opsm.com.au/en/opsm-au/find-store",
        "fetched_at": "2026-07-23T00:26:21+00:00"
      }
    },
    {
      "type": "Feature",
      "geometry": {
        "type": "Point",
        "coordinates": [
          151.00162,
          -33.817665
        ]
      },
      "properties": {
        "retailer": "Specsavers",
        "store_id": "specsavers-3625",
        "name": "Parramatta Westfield - Level 1",
        "status": "Active",
        "state": "NSW",
        "suburb": "Parramatta",
        "postcode": "2150",
        "full_address": "Parramatta Westfield Shop 1150, Level 1, 159 - 175 Church Street, Parramatta, NSW, 2150",
        "phone": "(02) 9633 2480",
        "official_url": "https://www.specsavers.com.au/stores/parramattasouth",
        "services": "Optometry; Audiology",
        "audiology": "true",
        "venue_name": "Parramatta Westfield",
        "venue_id": "nsw-parramatta-westfield",
        "location_type": "Shopping Centre",
        "classification_confidence": "High",
        "classification_basis": "Official name/address contains shopping-centre evidence",
        "store_area_sqm": "",
        "area_measure": "",
        "area_source": "",
        "area_date": "",
        "area_confidence": "Unknown",
        "source_url": "https://www.specsavers.com.au/stores/parramattasouth",
        "fetched_at": "2026-07-23T00:53:33.174Z"
      }
    },
    {
      "type": "Feature",
      "geometry": {
        "type": "Point",
        "coordinates": [
          151.00197,
          -33.817642
        ]
      },
      "properties": {
        "retailer": "Specsavers",
        "store_id": "specsavers-3385",
        "name": "Parramatta Westfield - Level 5",
        "status": "Active",
        "state": "NSW",
        "suburb": "Parramatta",
        "postcode": "2150",
        "full_address": "Westfield Parramatta, 5070/159-175 Church Street, Parramatta, NSW, 2150",
        "phone": "(02) 9635 6233",
        "official_url": "https://www.specsavers.com.au/stores/parramatta",
        "services": "Optometry",
        "audiology": "false",
        "venue_name": "Parramatta Westfield",
        "venue_id": "nsw-parramatta-westfield",
        "location_type": "Shopping Centre",
        "classification_confidence": "High",
        "classification_basis": "Official name/address contains shopping-centre evidence",
        "store_area_sqm": "",
        "area_measure": "",
        "area_source": "",
        "area_date": "",
        "area_confidence": "Unknown",
        "source_url": "https://www.specsavers.com.au/stores/parramatta",
        "fetched_at": "2026-07-23T00:53:33.174Z"
      }
    },
    {
      "type": "Feature",
      "geometry": {
        "type": "Point",
        "coordinates": [
          150.69256,
          -33.75743
        ]
      },
      "properties": {
        "retailer": "OPSM",
        "store_id": "opsm-1300",
        "name": "OPSM Nepean",
        "status": "Active",
        "state": "NSW",
        "suburb": "Penrith",
        "postcode": "2750",
        "full_address": "Cnr Station St & Woodriff St, Penrith, NSW, 2750",
        "phone": "(02) 4722 8593",
        "official_url": "https://www.opsm.com.au/en/opsm-au/find-store",
        "services": "Collect & Return",
        "audiology": "false",
        "venue_name": "",
        "venue_id": "",
        "location_type": "Main Street / Street-front",
        "classification_confidence": "Medium",
        "classification_basis": "Official address is a numbered or corner street address without centre evidence",
        "store_area_sqm": "",
        "area_measure": "",
        "area_source": "",
        "area_date": "",
        "area_confidence": "Unknown",
        "source_url": "https://www.opsm.com.au/en/opsm-au/find-store",
        "fetched_at": "2026-07-23T00:26:21+00:00"
      }
    },
    {
      "type": "Feature",
      "geometry": {
        "type": "Point",
        "coordinates": [
          150.6927,
          -33.75154
        ]
      },
      "properties": {
        "retailer": "OPSM",
        "store_id": "opsm-1328",
        "name": "OPSM Penrith Plaza",
        "status": "Active",
        "state": "NSW",
        "suburb": "Penrith",
        "postcode": "2750",
        "full_address": "585 High St, Penrith, NSW, 2750",
        "phone": "(02) 4721 8477",
        "official_url": "https://www.opsm.com.au/en/opsm-au/find-store",
        "services": "Dry Eye, Collect & Return",
        "audiology": "false",
        "venue_name": "Penrith Plaza",
        "venue_id": "nsw-penrith-plaza",
        "location_type": "Shopping Centre",
        "classification_confidence": "High",
        "classification_basis": "Official name/address contains shopping-centre evidence",
        "store_area_sqm": "",
        "area_measure": "",
        "area_source": "",
        "area_date": "",
        "area_confidence": "Unknown",
        "source_url": "https://www.opsm.com.au/en/opsm-au/find-store",
        "fetched_at": "2026-07-23T00:26:21+00:00"
      }
    },
    {
      "type": "Feature",
      "geometry": {
        "type": "Point",
        "coordinates": [
          150.69188,
          -33.75792
        ]
      },
      "properties": {
        "retailer": "Specsavers",
        "store_id": "specsavers-3578",
        "name": "Penrith Nepean",
        "status": "Active",
        "state": "NSW",
        "suburb": "Penrith",
        "postcode": "2750",
        "full_address": "SP007, Nepean Village, Woodriff St, Penrith, NSW, 2750",
        "phone": "(02) 4721 4333",
        "official_url": "https://www.specsavers.com.au/stores/penrithnepean",
        "services": "Optometry; Audiology",
        "audiology": "true",
        "venue_name": "Nepean Village",
        "venue_id": "nsw-nepean-village",
        "location_type": "Shopping Centre",
        "classification_confidence": "High",
        "classification_basis": "Official name/address contains shopping-centre evidence",
        "store_area_sqm": "",
        "area_measure": "",
        "area_source": "",
        "area_date": "",
        "area_confidence": "Unknown",
        "source_url": "https://www.specsavers.com.au/stores/penrithnepean",
        "fetched_at": "2026-07-23T00:53:33.174Z"
      }
    },
    {
      "type": "Feature",
      "geometry": {
        "type": "Point",
        "coordinates": [
          150.69214,
          -33.75123
        ]
      },
      "properties": {
        "retailer": "Specsavers",
        "store_id": "specsavers-3386",
        "name": "Penrith Westfield",
        "status": "Active",
        "state": "NSW",
        "suburb": "Penrith",
        "postcode": "2750",
        "full_address": "Westfield Penrith S/C, 585 High Street, Penrith, NSW, 2750",
        "phone": "(02) 4732 4677",
        "official_url": "https://www.specsavers.com.au/stores/penrith",
        "services": "Optometry; Audiology",
        "audiology": "true",
        "venue_name": "Penrith Westfield",
        "venue_id": "nsw-penrith-westfield",
        "location_type": "Shopping Centre",
        "classification_confidence": "High",
        "classification_basis": "Official name/address contains shopping-centre evidence",
        "store_area_sqm": "",
        "area_measure": "",
        "area_source": "",
        "area_date": "",
        "area_confidence": "Unknown",
        "source_url": "https://www.specsavers.com.au/stores/penrith",
        "fetched_at": "2026-07-23T00:53:33.174Z"
      }
    },
    {
      "type": "Feature",
      "geometry": {
        "type": "Point",
        "coordinates": [
          150.83603,
          -33.7458
        ]
      },
      "properties": {
        "retailer": "OPSM",
        "store_id": "opsm-1351",
        "name": "OPSM Plumpton",
        "status": "Active",
        "state": "NSW",
        "suburb": "Plumpton",
        "postcode": "2761",
        "full_address": "Hyatts Rd & Jersey Rd, Plumpton, NSW, 2761",
        "phone": "(02) 9677 2387",
        "official_url": "https://www.opsm.com.au/en/opsm-au/find-store",
        "services": "Collect & Return",
        "audiology": "false",
        "venue_name": "",
        "venue_id": "",
        "location_type": "Main Street / Street-front",
        "classification_confidence": "Low",
        "classification_basis": "Official address contains street evidence but needs review",
        "store_area_sqm": "",
        "area_measure": "",
        "area_source": "",
        "area_date": "",
        "area_confidence": "Unknown",
        "source_url": "https://www.opsm.com.au/en/opsm-au/find-store",
        "fetched_at": "2026-07-23T00:26:21+00:00"
      }
    },
    {
      "type": "Feature",
      "geometry": {
        "type": "Point",
        "coordinates": [
          150.83592,
          -33.74577
        ]
      },
      "properties": {
        "retailer": "Specsavers",
        "store_id": "specsavers-3528",
        "name": "Plumpton Marketplace",
        "status": "Active",
        "state": "NSW",
        "suburb": "Plumpton",
        "postcode": "2761",
        "full_address": "Shop 27/28 Plumpton Marketplace, 28 Hyatts Road, Plumpton, NSW, 2761",
        "phone": "(02) 9625 0848",
        "official_url": "https://www.specsavers.com.au/stores/plumpton",
        "services": "Optometry; Audiology",
        "audiology": "true",
        "venue_name": "Plumpton Marketplace",
        "venue_id": "nsw-marketplace-plumpton",
        "location_type": "Shopping Centre",
        "classification_confidence": "High",
        "classification_basis": "Official name/address contains shopping-centre evidence",
        "store_area_sqm": "",
        "area_measure": "",
        "area_source": "",
        "area_date": "",
        "area_confidence": "Unknown",
        "source_url": "https://www.specsavers.com.au/stores/plumpton",
        "fetched_at": "2026-07-23T00:53:33.174Z"
      }
    },
    {
      "type": "Feature",
      "geometry": {
        "type": "Point",
        "coordinates": [
          152.89538,
          -31.42759
        ]
      },
      "properties": {
        "retailer": "OPSM",
        "store_id": "opsm-2297",
        "name": "OPSM Port Central",
        "status": "Active",
        "state": "NSW",
        "suburb": "Port Macquarie",
        "postcode": "2444",
        "full_address": "40-42 Horton St, Port Macquarie, NSW, 2444",
        "phone": "(02) 6583 1377",
        "official_url": "https://www.opsm.com.au/en/opsm-au/find-store",
        "services": "Collect & Return",
        "audiology": "false",
        "venue_name": "",
        "venue_id": "",
        "location_type": "Main Street / Street-front",
        "classification_confidence": "Medium",
        "classification_basis": "Official address is a numbered or corner street address without centre evidence",
        "store_area_sqm": "",
        "area_measure": "",
        "area_source": "",
        "area_date": "",
        "area_confidence": "Unknown",
        "source_url": "https://www.opsm.com.au/en/opsm-au/find-store",
        "fetched_at": "2026-07-23T00:26:21+00:00"
      }
    },
    {
      "type": "Feature",
      "geometry": {
        "type": "Point",
        "coordinates": [
          152.89538,
          -31.42759
        ]
      },
      "properties": {
        "retailer": "OPSM",
        "store_id": "opsm-2296",
        "name": "OPSM Port Macquarie",
        "status": "Active",
        "state": "NSW",
        "suburb": "Port Macquarie",
        "postcode": "2444",
        "full_address": "Cnr Park & Bay St, Port Macquarie, NSW, 2444",
        "phone": "(02) 6583 4271",
        "official_url": "https://www.opsm.com.au/en/opsm-au/find-store",
        "services": "Collect & Return",
        "audiology": "false",
        "venue_name": "",
        "venue_id": "",
        "location_type": "Main Street / Street-front",
        "classification_confidence": "Medium",
        "classification_basis": "Official address is a numbered or corner street address without centre evidence",
        "store_area_sqm": "",
        "area_measure": "",
        "area_source": "",
        "area_date": "",
        "area_confidence": "Unknown",
        "source_url": "https://www.opsm.com.au/en/opsm-au/find-store",
        "fetched_at": "2026-07-23T00:26:21+00:00"
      }
    },
    {
      "type": "Feature",
      "geometry": {
        "type": "Point",
        "coordinates": [
          152.90842,
          -31.430004
        ]
      },
      "properties": {
        "retailer": "Specsavers",
        "store_id": "specsavers-3438",
        "name": "Port Macquarie",
        "status": "Active",
        "state": "NSW",
        "suburb": "Port Macquarie",
        "postcode": "2444",
        "full_address": "2/46 Horton St, Port Macquarie, NSW, 2444",
        "phone": "(02) 6583 5174",
        "official_url": "https://www.specsavers.com.au/stores/portmacquarie",
        "services": "Optometry; Audiology",
        "audiology": "true",
        "venue_name": "",
        "venue_id": "",
        "location_type": "Main Street / Street-front",
        "classification_confidence": "Medium",
        "classification_basis": "Official address is a numbered or corner street address without centre evidence",
        "store_area_sqm": "",
        "area_measure": "",
        "area_source": "",
        "area_date": "",
        "area_confidence": "Unknown",
        "source_url": "https://www.specsavers.com.au/stores/portmacquarie",
        "fetched_at": "2026-07-23T00:53:33.174Z"
      }
    },
    {
      "type": "Feature",
      "geometry": {
        "type": "Point",
        "coordinates": [
          152.89526,
          -31.426834
        ]
      },
      "properties": {
        "retailer": "Specsavers",
        "store_id": "specsavers-3584",
        "name": "Port Macquarie West",
        "status": "Active",
        "state": "NSW",
        "suburb": "Port Macquarie",
        "postcode": "2444",
        "full_address": "Settlement City Shopping Centre, Cnr Park and Bay Streets, Port Macquarie, NSW, 2444",
        "phone": "(02) 6583 5177",
        "official_url": "https://www.specsavers.com.au/stores/portmacquariewest",
        "services": "Optometry; Audiology",
        "audiology": "true",
        "venue_name": "Settlement City Shopping Centre",
        "venue_id": "nsw-city-settlement",
        "location_type": "Shopping Centre",
        "classification_confidence": "High",
        "classification_basis": "Official name/address contains shopping-centre evidence",
        "store_area_sqm": "",
        "area_measure": "",
        "area_source": "",
        "area_date": "",
        "area_confidence": "Unknown",
        "source_url": "https://www.specsavers.com.au/stores/portmacquariewest",
        "fetched_at": "2026-07-23T00:53:33.174Z"
      }
    },
    {
      "type": "Feature",
      "geometry": {
        "type": "Point",
        "coordinates": [
          149.23459,
          -35.35179
        ]
      },
      "properties": {
        "retailer": "OPSM",
        "store_id": "opsm-1384",
        "name": "OPSM Queanbeyan",
        "status": "Active",
        "state": "NSW",
        "suburb": "Queanbeyan",
        "postcode": "2620",
        "full_address": "131 Monaro St, Queanbeyan, NSW, 2620",
        "phone": "(02) 6299 4411",
        "official_url": "https://www.opsm.com.au/en/opsm-au/find-store",
        "services": "Kids Vision Centre, Collect & Return",
        "audiology": "false",
        "venue_name": "",
        "venue_id": "",
        "location_type": "Main Street / Street-front",
        "classification_confidence": "Medium",
        "classification_basis": "Official address is a numbered or corner street address without centre evidence",
        "store_area_sqm": "",
        "area_measure": "",
        "area_source": "",
        "area_date": "",
        "area_confidence": "Unknown",
        "source_url": "https://www.opsm.com.au/en/opsm-au/find-store",
        "fetched_at": "2026-07-23T00:26:21+00:00"
      }
    },
    {
      "type": "Feature",
      "geometry": {
        "type": "Point",
        "coordinates": [
          149.23451,
          -35.35333
        ]
      },
      "properties": {
        "retailer": "Specsavers",
        "store_id": "specsavers-3574",
        "name": "Queanbeyan - Riverside",
        "status": "Active",
        "state": "NSW",
        "suburb": "Queanbeyan",
        "postcode": "2620",
        "full_address": "Riverside Plaza Queanbeyan, 22/131 Monaro Street, Queanbeyan, NSW, 2620",
        "phone": "(02) 6232 9533",
        "official_url": "https://www.specsavers.com.au/stores/queanbeyan",
        "services": "Optometry; Audiology",
        "audiology": "true",
        "venue_name": "Riverside Plaza Queanbeyan",
        "venue_id": "nsw-plaza-queanbeyan-riverside",
        "location_type": "Shopping Centre",
        "classification_confidence": "High",
        "classification_basis": "Official name/address contains shopping-centre evidence",
        "store_area_sqm": "",
        "area_measure": "",
        "area_source": "",
        "area_date": "",
        "area_confidence": "Unknown",
        "source_url": "https://www.specsavers.com.au/stores/queanbeyan",
        "fetched_at": "2026-07-23T00:53:33.174Z"
      }
    },
    {
      "type": "Feature",
      "geometry": {
        "type": "Point",
        "coordinates": [
          151.24106,
          -33.91542
        ]
      },
      "properties": {
        "retailer": "OPSM",
        "store_id": "opsm-2971",
        "name": "OPSM Randwick",
        "status": "Active",
        "state": "NSW",
        "suburb": "Randwick",
        "postcode": "2031",
        "full_address": "73 Belmore Rd, Randwick, NSW, 2031",
        "phone": "(02) 9399 3365",
        "official_url": "https://www.opsm.com.au/en/opsm-au/find-store",
        "services": "Collect & Return",
        "audiology": "false",
        "venue_name": "",
        "venue_id": "",
        "location_type": "Main Street / Street-front",
        "classification_confidence": "Medium",
        "classification_basis": "Official address is a numbered or corner street address without centre evidence",
        "store_area_sqm": "",
        "area_measure": "",
        "area_source": "",
        "area_date": "",
        "area_confidence": "Unknown",
        "source_url": "https://www.opsm.com.au/en/opsm-au/find-store",
        "fetched_at": "2026-07-23T00:26:21+00:00"
      }
    },
    {
      "type": "Feature",
      "geometry": {
        "type": "Point",
        "coordinates": [
          151.24101,
          -33.915173
        ]
      },
      "properties": {
        "retailer": "Specsavers",
        "store_id": "specsavers-3313",
        "name": "Randwick - Royal Randwick",
        "status": "Active",
        "state": "NSW",
        "suburb": "Randwick",
        "postcode": "2031",
        "full_address": "73 Belmore Rd, Shop 57 Royal Randwick Shopping Centre, Randwick, NSW, 2031",
        "phone": "(02) 9326 6040",
        "official_url": "https://www.specsavers.com.au/stores/randwick",
        "services": "Optometry",
        "audiology": "false",
        "venue_name": "",
        "venue_id": "",
        "location_type": "Shopping Centre",
        "classification_confidence": "High",
        "classification_basis": "Official name/address contains shopping-centre evidence",
        "store_area_sqm": "",
        "area_measure": "",
        "area_source": "",
        "area_date": "",
        "area_confidence": "Unknown",
        "source_url": "https://www.specsavers.com.au/stores/randwick",
        "fetched_at": "2026-07-23T00:53:33.174Z"
      }
    },
    {
      "type": "Feature",
      "geometry": {
        "type": "Point",
        "coordinates": [
          151.74363,
          -32.76086
        ]
      },
      "properties": {
        "retailer": "OPSM",
        "store_id": "opsm-1430",
        "name": "OPSM Raymond Terrace",
        "status": "Active",
        "state": "NSW",
        "suburb": "Raymond Terrace",
        "postcode": "2324",
        "full_address": "Port Stephens St, Raymond Terrace, NSW, 2324",
        "phone": "(02) 4987 3171",
        "official_url": "https://www.opsm.com.au/en/opsm-au/find-store",
        "services": "Collect & Return",
        "audiology": "false",
        "venue_name": "",
        "venue_id": "",
        "location_type": "Main Street / Street-front",
        "classification_confidence": "Low",
        "classification_basis": "Official address contains street evidence but needs review",
        "store_area_sqm": "",
        "area_measure": "",
        "area_source": "",
        "area_date": "",
        "area_confidence": "Unknown",
        "source_url": "https://www.opsm.com.au/en/opsm-au/find-store",
        "fetched_at": "2026-07-23T00:26:21+00:00"
      }
    },
    {
      "type": "Feature",
      "geometry": {
        "type": "Point",
        "coordinates": [
          151.74434,
          -32.761185
        ]
      },
      "properties": {
        "retailer": "Specsavers",
        "store_id": "specsavers-3652",
        "name": "Raymond Terrace",
        "status": "Active",
        "state": "NSW",
        "suburb": "Raymond Terrace",
        "postcode": "2324",
        "full_address": "Shop 22, Raymond Terrace Marketplace, 35 William Street, Raymond Terrace, NSW, 2324",
        "phone": "(02) 4062 1110",
        "official_url": "https://www.specsavers.com.au/stores/raymondterrace",
        "services": "Optometry; Audiology",
        "audiology": "true",
        "venue_name": "Raymond Terrace Marketplace",
        "venue_id": "nsw-marketplace-raymond-terrace",
        "location_type": "Shopping Centre",
        "classification_confidence": "High",
        "classification_basis": "Official name/address contains shopping-centre evidence",
        "store_area_sqm": "",
        "area_measure": "",
        "area_source": "",
        "area_date": "",
        "area_confidence": "Unknown",
        "source_url": "https://www.specsavers.com.au/stores/raymondterrace",
        "fetched_at": "2026-07-23T00:53:33.174Z"
      }
    },
    {
      "type": "Feature",
      "geometry": {
        "type": "Point",
        "coordinates": [
          151.08538,
          -33.83515
        ]
      },
      "properties": {
        "retailer": "OPSM",
        "store_id": "opsm-2966",
        "name": "OPSM Rhodes",
        "status": "Active",
        "state": "NSW",
        "suburb": "Rhodes",
        "postcode": "2138",
        "full_address": "1 Rider Blvd, Rhodes, NSW, 2138",
        "phone": "(02) 9743 5616",
        "official_url": "https://www.opsm.com.au/en/opsm-au/find-store",
        "services": "Collect & Return",
        "audiology": "false",
        "venue_name": "",
        "venue_id": "",
        "location_type": "Unclassified",
        "classification_confidence": "Low",
        "classification_basis": "Insufficient official venue or street evidence",
        "store_area_sqm": "",
        "area_measure": "",
        "area_source": "",
        "area_date": "",
        "area_confidence": "Unknown",
        "source_url": "https://www.opsm.com.au/en/opsm-au/find-store",
        "fetched_at": "2026-07-23T00:26:21+00:00"
      }
    },
    {
      "type": "Feature",
      "geometry": {
        "type": "Point",
        "coordinates": [
          151.08524,
          -33.835712
        ]
      },
      "properties": {
        "retailer": "Specsavers",
        "store_id": "specsavers-3588",
        "name": "Rhodes",
        "status": "Active",
        "state": "NSW",
        "suburb": "Rhodes",
        "postcode": "2138",
        "full_address": "Rhodes Waterside S/C, 1 Rider Blvd, Shop 59, Rhodes, NSW, 2138",
        "phone": "(02) 8384 0325",
        "official_url": "https://www.specsavers.com.au/stores/rhodes",
        "services": "Optometry; Audiology",
        "audiology": "true",
        "venue_name": "Rhodes Waterside Shopping Centre",
        "venue_id": "nsw-rhodes-waterside",
        "location_type": "Shopping Centre",
        "classification_confidence": "High",
        "classification_basis": "Official name/address contains shopping-centre evidence",
        "store_area_sqm": "",
        "area_measure": "",
        "area_source": "",
        "area_date": "",
        "area_confidence": "Unknown",
        "source_url": "https://www.specsavers.com.au/stores/rhodes",
        "fetched_at": "2026-07-23T00:53:33.174Z"
      }
    },
    {
      "type": "Feature",
      "geometry": {
        "type": "Point",
        "coordinates": [
          150.75006,
          -33.59608
        ]
      },
      "properties": {
        "retailer": "OPSM",
        "store_id": "opsm-1257",
        "name": "OPSM Richmond",
        "status": "Active",
        "state": "NSW",
        "suburb": "Richmond",
        "postcode": "2753",
        "full_address": "253 Windsor St, Richmond, NSW, 2753",
        "phone": "(02) 4578 4093",
        "official_url": "https://www.opsm.com.au/en/opsm-au/find-store",
        "services": "Collect & Return",
        "audiology": "false",
        "venue_name": "",
        "venue_id": "",
        "location_type": "Main Street / Street-front",
        "classification_confidence": "Medium",
        "classification_basis": "Official address is a numbered or corner street address without centre evidence",
        "store_area_sqm": "",
        "area_measure": "",
        "area_source": "",
        "area_date": "",
        "area_confidence": "Unknown",
        "source_url": "https://www.opsm.com.au/en/opsm-au/find-store",
        "fetched_at": "2026-07-23T00:26:21+00:00"
      }
    },
    {
      "type": "Feature",
      "geometry": {
        "type": "Point",
        "coordinates": [
          150.75275,
          -33.600674
        ]
      },
      "properties": {
        "retailer": "Specsavers",
        "store_id": "specsavers-3439",
        "name": "Richmond Marketplace",
        "status": "Active",
        "state": "NSW",
        "suburb": "Richmond",
        "postcode": "2753",
        "full_address": "Shop 4 & 5 Richmond Marketplace, March Street, Richmond, NSW, 2753",
        "phone": "(02) 4578 3905",
        "official_url": "https://www.specsavers.com.au/stores/richmond",
        "services": "Optometry; Audiology",
        "audiology": "true",
        "venue_name": "Richmond Marketplace",
        "venue_id": "nsw-marketplace-richmond",
        "location_type": "Shopping Centre",
        "classification_confidence": "High",
        "classification_basis": "Official name/address contains shopping-centre evidence",
        "store_area_sqm": "",
        "area_measure": "",
        "area_source": "",
        "area_date": "",
        "area_confidence": "Unknown",
        "source_url": "https://www.specsavers.com.au/stores/richmond",
        "fetched_at": "2026-07-23T00:53:33.174Z"
      }
    },
    {
      "type": "Feature",
      "geometry": {
        "type": "Point",
        "coordinates": [
          151.14012,
          -33.95821
        ]
      },
      "properties": {
        "retailer": "Specsavers",
        "store_id": "specsavers-3546",
        "name": "Rockdale",
        "status": "Active",
        "state": "NSW",
        "suburb": "Rockdale",
        "postcode": "2216",
        "full_address": "1 Rockdale Plaza Drive, Rockdale Plaza, Rockdale, NSW, 2216",
        "phone": "(02) 9587 6755",
        "official_url": "https://www.specsavers.com.au/stores/rockdale",
        "services": "Optometry; Audiology",
        "audiology": "true",
        "venue_name": "Rockdale Plaza Drive",
        "venue_id": "nsw-drive-plaza-rockdale",
        "location_type": "Shopping Centre",
        "classification_confidence": "High",
        "classification_basis": "Official name/address contains shopping-centre evidence",
        "store_area_sqm": "",
        "area_measure": "",
        "area_source": "",
        "area_date": "",
        "area_confidence": "Unknown",
        "source_url": "https://www.specsavers.com.au/stores/rockdale",
        "fetched_at": "2026-07-23T00:53:33.174Z"
      }
    },
    {
      "type": "Feature",
      "geometry": {
        "type": "Point",
        "coordinates": [
          151.06921,
          -33.93492
        ]
      },
      "properties": {
        "retailer": "OPSM",
        "store_id": "opsm-1415",
        "name": "OPSM Roselands",
        "status": "Active",
        "state": "NSW",
        "suburb": "Roselands",
        "postcode": "2196",
        "full_address": "Roselands Dr, Roselands, NSW, 2196",
        "phone": "(02) 9759 0825",
        "official_url": "https://www.opsm.com.au/en/opsm-au/find-store",
        "services": "Collect & Return",
        "audiology": "false",
        "venue_name": "",
        "venue_id": "",
        "location_type": "Unclassified",
        "classification_confidence": "Low",
        "classification_basis": "Insufficient official venue or street evidence",
        "store_area_sqm": "",
        "area_measure": "",
        "area_source": "",
        "area_date": "",
        "area_confidence": "Unknown",
        "source_url": "https://www.opsm.com.au/en/opsm-au/find-store",
        "fetched_at": "2026-07-23T00:26:21+00:00"
      }
    },
    {
      "type": "Feature",
      "geometry": {
        "type": "Point",
        "coordinates": [
          151.06874,
          -33.93476
        ]
      },
      "properties": {
        "retailer": "Specsavers",
        "store_id": "specsavers-3419",
        "name": "Roselands",
        "status": "Active",
        "state": "NSW",
        "suburb": "Roselands",
        "postcode": "2196",
        "full_address": "Shop G017, Roselands Shopping Centre, Roselands Drive, Roselands, NSW, 2196",
        "phone": "(02) 9758 4937",
        "official_url": "https://www.specsavers.com.au/stores/roselands",
        "services": "Optometry; Audiology",
        "audiology": "true",
        "venue_name": "Roselands Shopping Centre",
        "venue_id": "nsw-roselands",
        "location_type": "Shopping Centre",
        "classification_confidence": "High",
        "classification_basis": "Official name/address contains shopping-centre evidence",
        "store_area_sqm": "",
        "area_measure": "",
        "area_source": "",
        "area_date": "",
        "area_confidence": "Unknown",
        "source_url": "https://www.specsavers.com.au/stores/roselands",
        "fetched_at": "2026-07-23T00:53:33.174Z"
      }
    },
    {
      "type": "Feature",
      "geometry": {
        "type": "Point",
        "coordinates": [
          150.92434,
          -33.69094
        ]
      },
      "properties": {
        "retailer": "OPSM",
        "store_id": "opsm-4633",
        "name": "OPSM Rouse Hill",
        "status": "Active",
        "state": "NSW",
        "suburb": "Rouse Hill",
        "postcode": "2155",
        "full_address": "10-14 Market Place, Rouse Hill, NSW, 2155",
        "phone": "(02) 8882 9399",
        "official_url": "https://www.opsm.com.au/en/opsm-au/find-store",
        "services": "Audiology, Dry Eye, Kids Vision Centre, Collect & Return",
        "audiology": "true",
        "venue_name": "",
        "venue_id": "",
        "location_type": "Unclassified",
        "classification_confidence": "Low",
        "classification_basis": "Insufficient official venue or street evidence",
        "store_area_sqm": "",
        "area_measure": "",
        "area_source": "",
        "area_date": "",
        "area_confidence": "Unknown",
        "source_url": "https://www.opsm.com.au/en/opsm-au/find-store",
        "fetched_at": "2026-07-23T00:26:21+00:00"
      }
    },
    {
      "type": "Feature",
      "geometry": {
        "type": "Point",
        "coordinates": [
          150.92526,
          -33.691624
        ]
      },
      "properties": {
        "retailer": "Specsavers",
        "store_id": "specsavers-3526",
        "name": "Rouse Hill Town Centre",
        "status": "Active",
        "state": "NSW",
        "suburb": "Rouse Hill",
        "postcode": "2155",
        "full_address": "Shop GR 058/59, Rouse Hill Town Centre, Corner Windsor Road & White Hart Drive, Rouse Hill, NSW, 2155",
        "phone": "(02) 8205 7940",
        "official_url": "https://www.specsavers.com.au/stores/rousehill",
        "services": "Optometry; Audiology",
        "audiology": "true",
        "venue_name": "Rouse Hill Town Centre",
        "venue_id": "nsw-hill-rouse-town",
        "location_type": "Shopping Centre",
        "classification_confidence": "High",
        "classification_basis": "Official name/address contains shopping-centre evidence",
        "store_area_sqm": "",
        "area_measure": "",
        "area_source": "",
        "area_date": "",
        "area_confidence": "Unknown",
        "source_url": "https://www.specsavers.com.au/stores/rousehill",
        "fetched_at": "2026-07-23T00:53:33.174Z"
      }
    },
    {
      "type": "Feature",
      "geometry": {
        "type": "Point",
        "coordinates": [
          151.10571,
          -33.8121
        ]
      },
      "properties": {
        "retailer": "OPSM",
        "store_id": "opsm-1551",
        "name": "OPSM Top Ryde",
        "status": "Active",
        "state": "NSW",
        "suburb": "Ryde",
        "postcode": "2112",
        "full_address": "109-129 Blaxland Rd, Ryde, NSW, 2112",
        "phone": "(02) 9807 6211",
        "official_url": "https://www.opsm.com.au/en/opsm-au/find-store",
        "services": "Collect & Return",
        "audiology": "false",
        "venue_name": "",
        "venue_id": "",
        "location_type": "Main Street / Street-front",
        "classification_confidence": "Medium",
        "classification_basis": "Official address is a numbered or corner street address without centre evidence",
        "store_area_sqm": "",
        "area_measure": "",
        "area_source": "",
        "area_date": "",
        "area_confidence": "Unknown",
        "source_url": "https://www.opsm.com.au/en/opsm-au/find-store",
        "fetched_at": "2026-07-23T00:26:21+00:00"
      }
    },
    {
      "type": "Feature",
      "geometry": {
        "type": "Point",
        "coordinates": [
          151.10602,
          -33.81218
        ]
      },
      "properties": {
        "retailer": "Specsavers",
        "store_id": "specsavers-3428",
        "name": "Top Ryde City",
        "status": "Active",
        "state": "NSW",
        "suburb": "Ryde",
        "postcode": "2112",
        "full_address": "Shop 2005, Level LG1, Top Ryde City Shopping Centre, Cnr Devlin St &, Blaxland Rd, Ryde, NSW, 2112",
        "phone": "(02) 9807 5049",
        "official_url": "https://www.specsavers.com.au/stores/topryde",
        "services": "Optometry; Audiology",
        "audiology": "true",
        "venue_name": "Top Ryde City Shopping Centre",
        "venue_id": "nsw-city-ryde-top",
        "location_type": "Shopping Centre",
        "classification_confidence": "High",
        "classification_basis": "Official name/address contains shopping-centre evidence",
        "store_area_sqm": "",
        "area_measure": "",
        "area_source": "",
        "area_date": "",
        "area_confidence": "Unknown",
        "source_url": "https://www.specsavers.com.au/stores/topryde",
        "fetched_at": "2026-07-23T00:53:33.174Z"
      }
    },
    {
      "type": "Feature",
      "geometry": {
        "type": "Point",
        "coordinates": [
          152.10689,
          -32.73537
        ]
      },
      "properties": {
        "retailer": "OPSM",
        "store_id": "opsm-1375",
        "name": "OPSM Salamander Bay",
        "status": "Active",
        "state": "NSW",
        "suburb": "Salamander Bay",
        "postcode": "2317",
        "full_address": "2 Town Centre Circuit, Salamander Bay, NSW, 2317",
        "phone": "(02) 4982 0770",
        "official_url": "https://www.opsm.com.au/en/opsm-au/find-store",
        "services": "Collect & Return",
        "audiology": "false",
        "venue_name": "Town Centre Circuit",
        "venue_id": "nsw-circuit-town",
        "location_type": "Shopping Centre",
        "classification_confidence": "High",
        "classification_basis": "Official name/address contains shopping-centre evidence",
        "store_area_sqm": "",
        "area_measure": "",
        "area_source": "",
        "area_date": "",
        "area_confidence": "Unknown",
        "source_url": "https://www.opsm.com.au/en/opsm-au/find-store",
        "fetched_at": "2026-07-23T00:26:21+00:00"
      }
    },
    {
      "type": "Feature",
      "geometry": {
        "type": "Point",
        "coordinates": [
          152.1069,
          -32.73578
        ]
      },
      "properties": {
        "retailer": "Specsavers",
        "store_id": "specsavers-3563",
        "name": "Salamander Bay",
        "status": "Active",
        "state": "NSW",
        "suburb": "Salamander Bay",
        "postcode": "2317",
        "full_address": "Shop G016 Salamander S/C, 2 Town Centre Circuit, Salamander Bay, NSW, 2317",
        "phone": "(02) 4982 7788",
        "official_url": "https://www.specsavers.com.au/stores/salamander-bay",
        "services": "Optometry; Audiology",
        "audiology": "true",
        "venue_name": "",
        "venue_id": "",
        "location_type": "Shopping Centre",
        "classification_confidence": "High",
        "classification_basis": "Official name/address contains shopping-centre evidence",
        "store_area_sqm": "",
        "area_measure": "",
        "area_source": "",
        "area_date": "",
        "area_confidence": "Unknown",
        "source_url": "https://www.specsavers.com.au/stores/salamander-bay",
        "fetched_at": "2026-07-23T00:53:33.174Z"
      }
    },
    {
      "type": "Feature",
      "geometry": {
        "type": "Point",
        "coordinates": [
          150.93121,
          -33.775494
        ]
      },
      "properties": {
        "retailer": "Specsavers",
        "store_id": "specsavers-3516",
        "name": "Seven Hills",
        "status": "Active",
        "state": "NSW",
        "suburb": "Seven Hills",
        "postcode": "2147",
        "full_address": "Shop 57, Seven Hills Plaza, Cnr Prospect Hwy & Federal Road, Seven Hills, NSW, 2147",
        "phone": "(02) 9622 4964",
        "official_url": "https://www.specsavers.com.au/stores/sevenhills",
        "services": "Optometry",
        "audiology": "false",
        "venue_name": "Seven Hills Plaza",
        "venue_id": "nsw-hills-plaza-seven",
        "location_type": "Shopping Centre",
        "classification_confidence": "High",
        "classification_basis": "Official name/address contains shopping-centre evidence",
        "store_area_sqm": "",
        "area_measure": "",
        "area_source": "",
        "area_date": "",
        "area_confidence": "Unknown",
        "source_url": "https://www.specsavers.com.au/stores/sevenhills",
        "fetched_at": "2026-07-23T00:53:33.174Z"
      }
    },
    {
      "type": "Feature",
      "geometry": {
        "type": "Point",
        "coordinates": [
          150.8393,
          -34.5629
        ]
      },
      "properties": {
        "retailer": "OPSM",
        "store_id": "opsm-1105",
        "name": "SHELLHARBOUR",
        "status": "Active",
        "state": "NSW",
        "suburb": "Shellharbour",
        "postcode": "2529",
        "full_address": "Shop 1004-1005, Shellharbour, NSW, 2529",
        "phone": "(02) 4296 7777",
        "official_url": "https://www.opsm.com.au/en/opsm-au/find-store",
        "services": "Dry Eye, Collect & Return",
        "audiology": "false",
        "venue_name": "",
        "venue_id": "",
        "location_type": "Shopping Centre",
        "classification_confidence": "Medium",
        "classification_basis": "Official address uses a shop/level format; venue name requires review",
        "store_area_sqm": "",
        "area_measure": "",
        "area_source": "",
        "area_date": "",
        "area_confidence": "Unknown",
        "source_url": "https://www.opsm.com.au/en/opsm-au/find-store",
        "fetched_at": "2026-07-23T00:26:21+00:00"
      }
    },
    {
      "type": "Feature",
      "geometry": {
        "type": "Point",
        "coordinates": [
          150.839,
          -34.56457
        ]
      },
      "properties": {
        "retailer": "Specsavers",
        "store_id": "specsavers-3377",
        "name": "Shellharbour Stockland",
        "status": "Active",
        "state": "NSW",
        "suburb": "Shellharbour City",
        "postcode": "2529",
        "full_address": "Shop 52, Stockland Shellharbour Shopping Centre, 211 Lake Entrance Road, Shellharbour City, NSW, 2529",
        "phone": "(02) 4296 2342",
        "official_url": "https://www.specsavers.com.au/stores/shellharbour",
        "services": "Optometry; Audiology",
        "audiology": "true",
        "venue_name": "Stockland Shellharbour Shopping Centre",
        "venue_id": "nsw-shellharbour-stockland",
        "location_type": "Shopping Centre",
        "classification_confidence": "High",
        "classification_basis": "Official name/address contains shopping-centre evidence",
        "store_area_sqm": "",
        "area_measure": "",
        "area_source": "",
        "area_date": "",
        "area_confidence": "Unknown",
        "source_url": "https://www.specsavers.com.au/stores/shellharbour",
        "fetched_at": "2026-07-23T00:53:33.174Z"
      }
    },
    {
      "type": "Feature",
      "geometry": {
        "type": "Point",
        "coordinates": [
          151.1639,
          -32.566
        ]
      },
      "properties": {
        "retailer": "OPSM",
        "store_id": "opsm-4702",
        "name": "OPSM Singleton",
        "status": "Active",
        "state": "NSW",
        "suburb": "Singleton",
        "postcode": "2330",
        "full_address": "1 Gowrie St, Singleton, NSW, 2330",
        "phone": "(02) 6571 1266",
        "official_url": "https://www.opsm.com.au/en/opsm-au/find-store",
        "services": "",
        "audiology": "false",
        "venue_name": "",
        "venue_id": "",
        "location_type": "Main Street / Street-front",
        "classification_confidence": "Medium",
        "classification_basis": "Official address is a numbered or corner street address without centre evidence",
        "store_area_sqm": "",
        "area_measure": "",
        "area_source": "",
        "area_date": "",
        "area_confidence": "Unknown",
        "source_url": "https://www.opsm.com.au/en/opsm-au/find-store",
        "fetched_at": "2026-07-23T00:26:21+00:00"
      }
    },
    {
      "type": "Feature",
      "geometry": {
        "type": "Point",
        "coordinates": [
          151.16463,
          -32.566017
        ]
      },
      "properties": {
        "retailer": "Specsavers",
        "store_id": "specsavers-3614",
        "name": "Singleton",
        "status": "Active",
        "state": "NSW",
        "suburb": "Singleton",
        "postcode": "2330",
        "full_address": "Shop 26 Singleton Square, 1 Gowrie St, Singleton, Singleton, NSW, 2330",
        "phone": "(02) 6528 0720",
        "official_url": "https://www.specsavers.com.au/stores/singleton",
        "services": "Optometry; Audiology",
        "audiology": "true",
        "venue_name": "",
        "venue_id": "",
        "location_type": "Shopping Centre",
        "classification_confidence": "High",
        "classification_basis": "Official name/address contains shopping-centre evidence",
        "store_area_sqm": "",
        "area_measure": "",
        "area_source": "",
        "area_date": "",
        "area_confidence": "Unknown",
        "source_url": "https://www.specsavers.com.au/stores/singleton",
        "fetched_at": "2026-07-23T00:53:33.174Z"
      }
    },
    {
      "type": "Feature",
      "geometry": {
        "type": "Point",
        "coordinates": [
          151.15871,
          -33.72977
        ]
      },
      "properties": {
        "retailer": "OPSM",
        "store_id": "opsm-1398",
        "name": "OPSM St Ives",
        "status": "Active",
        "state": "NSW",
        "suburb": "St Ives",
        "postcode": "2075",
        "full_address": "166 Mona Vale Rd, St Ives, NSW, 2075",
        "phone": "(02) 9449 1066",
        "official_url": "https://www.opsm.com.au/en/opsm-au/find-store",
        "services": "Collect & Return",
        "audiology": "false",
        "venue_name": "",
        "venue_id": "",
        "location_type": "Main Street / Street-front",
        "classification_confidence": "Medium",
        "classification_basis": "Official address is a numbered or corner street address without centre evidence",
        "store_area_sqm": "",
        "area_measure": "",
        "area_source": "",
        "area_date": "",
        "area_confidence": "Unknown",
        "source_url": "https://www.opsm.com.au/en/opsm-au/find-store",
        "fetched_at": "2026-07-23T00:26:21+00:00"
      }
    },
    {
      "type": "Feature",
      "geometry": {
        "type": "Point",
        "coordinates": [
          151.16032,
          -33.730137
        ]
      },
      "properties": {
        "retailer": "Specsavers",
        "store_id": "specsavers-3637",
        "name": "St Ives",
        "status": "Active",
        "state": "NSW",
        "suburb": "St Ives",
        "postcode": "2075",
        "full_address": "196 Mona Vale Rd, St Ives, NSW, 2075",
        "phone": "(02) 9423 0225",
        "official_url": "https://www.specsavers.com.au/stores/stives",
        "services": "Optometry; Audiology",
        "audiology": "true",
        "venue_name": "",
        "venue_id": "",
        "location_type": "Main Street / Street-front",
        "classification_confidence": "Medium",
        "classification_basis": "Official address is a numbered or corner street address without centre evidence",
        "store_area_sqm": "",
        "area_measure": "",
        "area_source": "",
        "area_date": "",
        "area_confidence": "Unknown",
        "source_url": "https://www.specsavers.com.au/stores/stives",
        "fetched_at": "2026-07-23T00:53:33.174Z"
      }
    },
    {
      "type": "Feature",
      "geometry": {
        "type": "Point",
        "coordinates": [
          150.77034,
          -33.76669
        ]
      },
      "properties": {
        "retailer": "Specsavers",
        "store_id": "specsavers-3496",
        "name": "St Marys Village S/C",
        "status": "Active",
        "state": "NSW",
        "suburb": "St Marys",
        "postcode": "2760",
        "full_address": "Shop 33, St Marys Village, Charles Hackett Drive, St Marys, NSW, 2760",
        "phone": "(02) 9673 1068",
        "official_url": "https://www.specsavers.com.au/stores/stmarys",
        "services": "Optometry",
        "audiology": "false",
        "venue_name": "St Marys Village Shopping Centre",
        "venue_id": "nsw-marys-st-village",
        "location_type": "Shopping Centre",
        "classification_confidence": "High",
        "classification_basis": "Official name/address contains shopping-centre evidence",
        "store_area_sqm": "",
        "area_measure": "",
        "area_source": "",
        "area_date": "",
        "area_confidence": "Unknown",
        "source_url": "https://www.specsavers.com.au/stores/stmarys",
        "fetched_at": "2026-07-23T00:53:33.174Z"
      }
    },
    {
      "type": "Feature",
      "geometry": {
        "type": "Point",
        "coordinates": [
          150.92029,
          -33.71977
        ]
      },
      "properties": {
        "retailer": "Specsavers",
        "store_id": "specsavers-3367",
        "name": "Stanhope Gardens",
        "status": "Active",
        "state": "NSW",
        "suburb": "Stanhope Gardens",
        "postcode": "2768",
        "full_address": "Shop 39 Stanhope Village S/C, Cnr Stanhope Parkway & Sentry Drive, Stanhope Gardens, NSW, 2768",
        "phone": "(02) 9836 2769",
        "official_url": "https://www.specsavers.com.au/stores/stanhopegardens",
        "services": "Optometry; Audiology",
        "audiology": "true",
        "venue_name": "",
        "venue_id": "",
        "location_type": "Shopping Centre",
        "classification_confidence": "High",
        "classification_basis": "Official name/address contains shopping-centre evidence",
        "store_area_sqm": "",
        "area_measure": "",
        "area_source": "",
        "area_date": "",
        "area_confidence": "Unknown",
        "source_url": "https://www.specsavers.com.au/stores/stanhopegardens",
        "fetched_at": "2026-07-23T00:53:33.174Z"
      }
    },
    {
      "type": "Feature",
      "geometry": {
        "type": "Point",
        "coordinates": [
          151.2090642,
          -33.8705971
        ]
      },
      "properties": {
        "retailer": "Bailey Nelson",
        "store_id": "bailey-nelson-pitt-st-sydney",
        "name": "Bailey Nelson Pitt Street - Westfield Sydney",
        "status": "Active",
        "state": "NSW",
        "suburb": "Sydney",
        "postcode": "2000",
        "full_address": "188 Pitt St, Sydney, NSW, 2000",
        "phone": "+61290008067",
        "official_url": "https://baileynelson.com.au/pages/optometrist-pitt-st-sydney",
        "services": "Optometry Services; Bulk-Billed Eye Tests; Private Eye Tests from $65; Contact Lens Eye Tests; Visual Fields Testing; Ultra-wide retinal imaging; Optical & Sunglass styling; Free frame adjustments",
        "audiology": "false",
        "venue_name": "",
        "venue_id": "",
        "location_type": "Shopping Centre",
        "classification_confidence": "High",
        "classification_basis": "Official name/address contains shopping-centre evidence",
        "store_area_sqm": "",
        "area_measure": "",
        "area_source": "",
        "area_date": "",
        "area_confidence": "Unknown",
        "source_url": "https://baileynelson.com.au/pages/optometrist-pitt-st-sydney",
        "fetched_at": "2026-07-23T01:01:27+00:00"
      }
    },
    {
      "type": "Feature",
      "geometry": {
        "type": "Point",
        "coordinates": [
          151.20677,
          -33.87025
        ]
      },
      "properties": {
        "retailer": "OPSM",
        "store_id": "opsm-1304",
        "name": "OPSM George Street",
        "status": "Active",
        "state": "NSW",
        "suburb": "Sydney",
        "postcode": "2000",
        "full_address": "413 George St, Sydney, NSW, 2000",
        "phone": "(02) 9299 3061",
        "official_url": "https://www.opsm.com.au/en/opsm-au/find-store",
        "services": "Dry Eye, Collect & Return",
        "audiology": "false",
        "venue_name": "",
        "venue_id": "",
        "location_type": "Main Street / Street-front",
        "classification_confidence": "Medium",
        "classification_basis": "Official address is a numbered or corner street address without centre evidence",
        "store_area_sqm": "",
        "area_measure": "",
        "area_source": "",
        "area_date": "",
        "area_confidence": "Unknown",
        "source_url": "https://www.opsm.com.au/en/opsm-au/find-store",
        "fetched_at": "2026-07-23T00:26:21+00:00"
      }
    },
    {
      "type": "Feature",
      "geometry": {
        "type": "Point",
        "coordinates": [
          151.20677,
          -33.87025
        ]
      },
      "properties": {
        "retailer": "OPSM",
        "store_id": "opsm-1177",
        "name": "OPSM Macquarie St",
        "status": "Active",
        "state": "NSW",
        "suburb": "Sydney",
        "postcode": "2000",
        "full_address": "183 Macquarie St, Sydney, NSW, 2000",
        "phone": "(02) 9232 7995",
        "official_url": "https://www.opsm.com.au/en/opsm-au/find-store",
        "services": "Dry Eye, Collect & Return",
        "audiology": "false",
        "venue_name": "",
        "venue_id": "",
        "location_type": "Main Street / Street-front",
        "classification_confidence": "Medium",
        "classification_basis": "Official address is a numbered or corner street address without centre evidence",
        "store_area_sqm": "",
        "area_measure": "",
        "area_source": "",
        "area_date": "",
        "area_confidence": "Unknown",
        "source_url": "https://www.opsm.com.au/en/opsm-au/find-store",
        "fetched_at": "2026-07-23T00:26:21+00:00"
      }
    },
    {
      "type": "Feature",
      "geometry": {
        "type": "Point",
        "coordinates": [
          151.20712,
          -33.870464
        ]
      },
      "properties": {
        "retailer": "Specsavers",
        "store_id": "specsavers-3581",
        "name": "Sydney - Pitt Street Mall",
        "status": "Active",
        "state": "NSW",
        "suburb": "Sydney",
        "postcode": "2000",
        "full_address": "Unit 18LG, 450 George St, Westfield Sydney Central, Sydney, NSW, 2000",
        "phone": "(02) 9223 4055",
        "official_url": "https://www.specsavers.com.au/stores/sydneycentral",
        "services": "Optometry",
        "audiology": "false",
        "venue_name": "Pitt Street Mall",
        "venue_id": "nsw-pitt-street",
        "location_type": "Shopping Centre",
        "classification_confidence": "High",
        "classification_basis": "Official name/address contains shopping-centre evidence",
        "store_area_sqm": "",
        "area_measure": "",
        "area_source": "",
        "area_date": "",
        "area_confidence": "Unknown",
        "source_url": "https://www.specsavers.com.au/stores/sydneycentral",
        "fetched_at": "2026-07-23T00:53:33.174Z"
      }
    },
    {
      "type": "Feature",
      "geometry": {
        "type": "Point",
        "coordinates": [
          151.10419,
          -34.01019
        ]
      },
      "properties": {
        "retailer": "OPSM",
        "store_id": "opsm-2996",
        "name": "Optometrist Sylvania by OPSM",
        "status": "Active",
        "state": "NSW",
        "suburb": "Sylvania",
        "postcode": "2224",
        "full_address": "Shop 2, Southgate Shopping Centre, Sylvania, NSW, 2224",
        "phone": "(02)95446655",
        "official_url": "https://www.opsm.com.au/en/opsm-au/find-store",
        "services": "Collect & Return",
        "audiology": "false",
        "venue_name": "Southgate Shopping Centre",
        "venue_id": "nsw-southgate",
        "location_type": "Shopping Centre",
        "classification_confidence": "High",
        "classification_basis": "Official name/address contains shopping-centre evidence",
        "store_area_sqm": "",
        "area_measure": "",
        "area_source": "",
        "area_date": "",
        "area_confidence": "Unknown",
        "source_url": "https://www.opsm.com.au/en/opsm-au/find-store",
        "fetched_at": "2026-07-23T00:26:21+00:00"
      }
    },
    {
      "type": "Feature",
      "geometry": {
        "type": "Point",
        "coordinates": [
          151.10327,
          -34.01019
        ]
      },
      "properties": {
        "retailer": "Specsavers",
        "store_id": "specsavers-3488",
        "name": "Sylvania - Southgate S/C",
        "status": "Active",
        "state": "NSW",
        "suburb": "Sylvania",
        "postcode": "2224",
        "full_address": "Shop 29, Southgate Shopping Centre, 124 Corner Princes Highway and, Port Hacking Rd, Sylvania, NSW, 2224",
        "phone": "(02) 9522 9965",
        "official_url": "https://www.specsavers.com.au/stores/sylvania",
        "services": "Optometry; Audiology",
        "audiology": "true",
        "venue_name": "Southgate Shopping Centre",
        "venue_id": "nsw-southgate",
        "location_type": "Shopping Centre",
        "classification_confidence": "High",
        "classification_basis": "Official name/address contains shopping-centre evidence",
        "store_area_sqm": "",
        "area_measure": "",
        "area_source": "",
        "area_date": "",
        "area_confidence": "Unknown",
        "source_url": "https://www.specsavers.com.au/stores/sylvania",
        "fetched_at": "2026-07-23T00:53:33.174Z"
      }
    },
    {
      "type": "Feature",
      "geometry": {
        "type": "Point",
        "coordinates": [
          150.92956,
          -31.09066
        ]
      },
      "properties": {
        "retailer": "OPSM",
        "store_id": "opsm-2938",
        "name": "OPSM Tamworth",
        "status": "Active",
        "state": "NSW",
        "suburb": "Tamworth",
        "postcode": "2340",
        "full_address": "335 Peel St, Tamworth, NSW, 2340",
        "phone": "(02) 6766 3256",
        "official_url": "https://www.opsm.com.au/en/opsm-au/find-store",
        "services": "Collect & Return",
        "audiology": "false",
        "venue_name": "",
        "venue_id": "",
        "location_type": "Main Street / Street-front",
        "classification_confidence": "Medium",
        "classification_basis": "Official address is a numbered or corner street address without centre evidence",
        "store_area_sqm": "",
        "area_measure": "",
        "area_source": "",
        "area_date": "",
        "area_confidence": "Unknown",
        "source_url": "https://www.opsm.com.au/en/opsm-au/find-store",
        "fetched_at": "2026-07-23T00:26:21+00:00"
      }
    },
    {
      "type": "Feature",
      "geometry": {
        "type": "Point",
        "coordinates": [
          150.92892,
          -31.089302
        ]
      },
      "properties": {
        "retailer": "Specsavers",
        "store_id": "specsavers-3403",
        "name": "Tamworth",
        "status": "Active",
        "state": "NSW",
        "suburb": "Tamworth",
        "postcode": "2340",
        "full_address": "300-304 Peel St, Tamworth, NSW, 2340",
        "phone": "(02) 6766 4666",
        "official_url": "https://www.specsavers.com.au/stores/tamworth",
        "services": "Optometry",
        "audiology": "false",
        "venue_name": "",
        "venue_id": "",
        "location_type": "Main Street / Street-front",
        "classification_confidence": "Medium",
        "classification_basis": "Official address is a numbered or corner street address without centre evidence",
        "store_area_sqm": "",
        "area_measure": "",
        "area_source": "",
        "area_date": "",
        "area_confidence": "Unknown",
        "source_url": "https://www.specsavers.com.au/stores/tamworth",
        "fetched_at": "2026-07-23T00:53:33.174Z"
      }
    },
    {
      "type": "Feature",
      "geometry": {
        "type": "Point",
        "coordinates": [
          152.45861,
          -31.91072
        ]
      },
      "properties": {
        "retailer": "OPSM",
        "store_id": "opsm-2298",
        "name": "OPSM Taree",
        "status": "Active",
        "state": "NSW",
        "suburb": "Taree",
        "postcode": "2430",
        "full_address": "60 Manning Street, Taree, NSW, 2430",
        "phone": "(02) 6552 2391",
        "official_url": "https://www.opsm.com.au/en/opsm-au/find-store",
        "services": "Collect & Return",
        "audiology": "false",
        "venue_name": "",
        "venue_id": "",
        "location_type": "Main Street / Street-front",
        "classification_confidence": "Medium",
        "classification_basis": "Official address is a numbered or corner street address without centre evidence",
        "store_area_sqm": "",
        "area_measure": "",
        "area_source": "",
        "area_date": "",
        "area_confidence": "Unknown",
        "source_url": "https://www.opsm.com.au/en/opsm-au/find-store",
        "fetched_at": "2026-07-23T00:26:21+00:00"
      }
    },
    {
      "type": "Feature",
      "geometry": {
        "type": "Point",
        "coordinates": [
          152.46,
          -31.911173
        ]
      },
      "properties": {
        "retailer": "Specsavers",
        "store_id": "specsavers-3469",
        "name": "Taree",
        "status": "Active",
        "state": "NSW",
        "suburb": "Taree",
        "postcode": "2430",
        "full_address": "42-44 Manning Street,, Shop 2, Taree, NSW, 2430",
        "phone": "(02) 6552 7331",
        "official_url": "https://www.specsavers.com.au/stores/taree",
        "services": "Optometry; Audiology",
        "audiology": "true",
        "venue_name": "",
        "venue_id": "",
        "location_type": "Shopping Centre",
        "classification_confidence": "Medium",
        "classification_basis": "Official address uses a shop/level format; venue name requires review",
        "store_area_sqm": "",
        "area_measure": "",
        "area_source": "",
        "area_date": "",
        "area_confidence": "Unknown",
        "source_url": "https://www.specsavers.com.au/stores/taree",
        "fetched_at": "2026-07-23T00:53:33.174Z"
      }
    },
    {
      "type": "Feature",
      "geometry": {
        "type": "Point",
        "coordinates": [
          153.0921,
          -30.35346
        ]
      },
      "properties": {
        "retailer": "OPSM",
        "store_id": "opsm-1228",
        "name": "OPSM Toormina",
        "status": "Active",
        "state": "NSW",
        "suburb": "Toormina",
        "postcode": "2452",
        "full_address": "5 Toormina Rd, Toormina, NSW, 2452",
        "phone": "(02) 6653 1277",
        "official_url": "https://www.opsm.com.au/en/opsm-au/find-store",
        "services": "Collect & Return",
        "audiology": "false",
        "venue_name": "",
        "venue_id": "",
        "location_type": "Main Street / Street-front",
        "classification_confidence": "Medium",
        "classification_basis": "Official address is a numbered or corner street address without centre evidence",
        "store_area_sqm": "",
        "area_measure": "",
        "area_source": "",
        "area_date": "",
        "area_confidence": "Unknown",
        "source_url": "https://www.opsm.com.au/en/opsm-au/find-store",
        "fetched_at": "2026-07-23T00:26:21+00:00"
      }
    },
    {
      "type": "Feature",
      "geometry": {
        "type": "Point",
        "coordinates": [
          151.59539,
          -33.01256
        ]
      },
      "properties": {
        "retailer": "OPSM",
        "store_id": "opsm-2266",
        "name": "OPSM Toronto",
        "status": "Active",
        "state": "NSW",
        "suburb": "Toronto",
        "postcode": "2283",
        "full_address": "47 The Blvd, Toronto, NSW, 2283",
        "phone": "(02) 4950 5545",
        "official_url": "https://www.opsm.com.au/en/opsm-au/find-store",
        "services": "Collect & Return",
        "audiology": "false",
        "venue_name": "",
        "venue_id": "",
        "location_type": "Unclassified",
        "classification_confidence": "Low",
        "classification_basis": "Insufficient official venue or street evidence",
        "store_area_sqm": "",
        "area_measure": "",
        "area_source": "",
        "area_date": "",
        "area_confidence": "Unknown",
        "source_url": "https://www.opsm.com.au/en/opsm-au/find-store",
        "fetched_at": "2026-07-23T00:26:21+00:00"
      }
    },
    {
      "type": "Feature",
      "geometry": {
        "type": "Point",
        "coordinates": [
          151.5965,
          -33.01354
        ]
      },
      "properties": {
        "retailer": "Specsavers",
        "store_id": "specsavers-3459",
        "name": "Toronto",
        "status": "Active",
        "state": "NSW",
        "suburb": "Toronto",
        "postcode": "2283",
        "full_address": "29 The Boulevarde, Toronto, NSW, 2283",
        "phone": "(02) 4959 2377",
        "official_url": "https://www.specsavers.com.au/stores/toronto",
        "services": "Optometry; Audiology",
        "audiology": "true",
        "venue_name": "",
        "venue_id": "",
        "location_type": "Main Street / Street-front",
        "classification_confidence": "Medium",
        "classification_basis": "Official address is a numbered or corner street address without centre evidence",
        "store_area_sqm": "",
        "area_measure": "",
        "area_source": "",
        "area_date": "",
        "area_confidence": "Unknown",
        "source_url": "https://www.specsavers.com.au/stores/toronto",
        "fetched_at": "2026-07-23T00:53:33.174Z"
      }
    },
    {
      "type": "Feature",
      "geometry": {
        "type": "Point",
        "coordinates": [
          151.41389,
          -33.30802
        ]
      },
      "properties": {
        "retailer": "OPSM",
        "store_id": "opsm-1127",
        "name": "OPSM Tuggerah",
        "status": "Active",
        "state": "NSW",
        "suburb": "Tuggerah",
        "postcode": "2259",
        "full_address": "Cnr Cobbs Rd & Gavenlock Rd, Tuggerah, NSW, 2259",
        "phone": "(02) 4353 5223",
        "official_url": "https://www.opsm.com.au/en/opsm-au/find-store",
        "services": "Collect & Return",
        "audiology": "false",
        "venue_name": "",
        "venue_id": "",
        "location_type": "Main Street / Street-front",
        "classification_confidence": "Medium",
        "classification_basis": "Official address is a numbered or corner street address without centre evidence",
        "store_area_sqm": "",
        "area_measure": "",
        "area_source": "",
        "area_date": "",
        "area_confidence": "Unknown",
        "source_url": "https://www.opsm.com.au/en/opsm-au/find-store",
        "fetched_at": "2026-07-23T00:26:21+00:00"
      }
    },
    {
      "type": "Feature",
      "geometry": {
        "type": "Point",
        "coordinates": [
          151.41144,
          -33.308376
        ]
      },
      "properties": {
        "retailer": "Specsavers",
        "store_id": "specsavers-3332",
        "name": "Tuggerah Westfield",
        "status": "Active",
        "state": "NSW",
        "suburb": "Tuggerah",
        "postcode": "2259",
        "full_address": "Westfield Tuggerah, 2038 Wyong Road, Tuggerah, NSW, 2259",
        "phone": "(02) 4351 0766",
        "official_url": "https://www.specsavers.com.au/stores/tuggerah",
        "services": "Optometry; Audiology",
        "audiology": "true",
        "venue_name": "Tuggerah Westfield",
        "venue_id": "nsw-tuggerah-westfield",
        "location_type": "Shopping Centre",
        "classification_confidence": "High",
        "classification_basis": "Official name/address contains shopping-centre evidence",
        "store_area_sqm": "",
        "area_measure": "",
        "area_source": "",
        "area_date": "",
        "area_confidence": "Unknown",
        "source_url": "https://www.specsavers.com.au/stores/tuggerah",
        "fetched_at": "2026-07-23T00:53:33.174Z"
      }
    },
    {
      "type": "Feature",
      "geometry": {
        "type": "Point",
        "coordinates": [
          153.54382,
          -28.17218
        ]
      },
      "properties": {
        "retailer": "OPSM",
        "store_id": "opsm-1107",
        "name": "OPSM Tweed Mall",
        "status": "Active",
        "state": "NSW",
        "suburb": "Tweed Heads",
        "postcode": "2485",
        "full_address": "Corner Bay St & Wharf St, Tweed Heads, NSW, 2485",
        "phone": "(07) 5536 3024",
        "official_url": "https://www.opsm.com.au/en/opsm-au/find-store",
        "services": "Collect & Return",
        "audiology": "false",
        "venue_name": "Tweed Mall",
        "venue_id": "nsw-tweed",
        "location_type": "Shopping Centre",
        "classification_confidence": "High",
        "classification_basis": "Official name/address contains shopping-centre evidence",
        "store_area_sqm": "",
        "area_measure": "",
        "area_source": "",
        "area_date": "",
        "area_confidence": "Unknown",
        "source_url": "https://www.opsm.com.au/en/opsm-au/find-store",
        "fetched_at": "2026-07-23T00:26:21+00:00"
      }
    },
    {
      "type": "Feature",
      "geometry": {
        "type": "Point",
        "coordinates": [
          153.54608,
          -28.20204
        ]
      },
      "properties": {
        "retailer": "OPSM",
        "store_id": "opsm-1406",
        "name": "OPSM Tweed City",
        "status": "Active",
        "state": "NSW",
        "suburb": "Tweed Heads South",
        "postcode": "2486",
        "full_address": "SHOP 227 TWEED CITY SHOPPING CENTRE, 54 MINJUNGBAL, Tweed Heads South, NSW, 2486",
        "phone": "(07) 3445 0552",
        "official_url": "https://www.opsm.com.au/en/opsm-au/find-store",
        "services": "Dry Eye, Collect & Return",
        "audiology": "false",
        "venue_name": "",
        "venue_id": "",
        "location_type": "Shopping Centre",
        "classification_confidence": "High",
        "classification_basis": "Official name/address contains shopping-centre evidence",
        "store_area_sqm": "",
        "area_measure": "",
        "area_source": "",
        "area_date": "",
        "area_confidence": "Unknown",
        "source_url": "https://www.opsm.com.au/en/opsm-au/find-store",
        "fetched_at": "2026-07-23T00:26:21+00:00"
      }
    },
    {
      "type": "Feature",
      "geometry": {
        "type": "Point",
        "coordinates": [
          153.54582,
          -28.201036
        ]
      },
      "properties": {
        "retailer": "Specsavers",
        "store_id": "specsavers-3371",
        "name": "Tweed City S/C",
        "status": "Active",
        "state": "NSW",
        "suburb": "Tweed Heads South",
        "postcode": "2486",
        "full_address": "Tweed City Shopping Centre, Shop 113 & Shop 114/54 Minjungbal Drive, Tweed Heads South, NSW, 2486",
        "phone": "(07) 5524 8660",
        "official_url": "https://www.specsavers.com.au/stores/tweedcity",
        "services": "Optometry; Audiology",
        "audiology": "true",
        "venue_name": "Tweed City Shopping Centre",
        "venue_id": "nsw-city-tweed",
        "location_type": "Shopping Centre",
        "classification_confidence": "High",
        "classification_basis": "Official name/address contains shopping-centre evidence",
        "store_area_sqm": "",
        "area_measure": "",
        "area_source": "",
        "area_date": "",
        "area_confidence": "Unknown",
        "source_url": "https://www.specsavers.com.au/stores/tweedcity",
        "fetched_at": "2026-07-23T00:53:33.174Z"
      }
    },
    {
      "type": "Feature",
      "geometry": {
        "type": "Point",
        "coordinates": [
          150.47359,
          -35.35753
        ]
      },
      "properties": {
        "retailer": "OPSM",
        "store_id": "opsm-2993",
        "name": "OPSM Ulladulla",
        "status": "Active",
        "state": "NSW",
        "suburb": "Ulladulla",
        "postcode": "2539",
        "full_address": "93 Princess Highway, Ulladulla, NSW, 2539",
        "phone": "(02) 4455 1288",
        "official_url": "https://www.opsm.com.au/en/opsm-au/find-store",
        "services": "Dry Eye, Collect & Return",
        "audiology": "false",
        "venue_name": "",
        "venue_id": "",
        "location_type": "Main Street / Street-front",
        "classification_confidence": "Medium",
        "classification_basis": "Official address is a numbered or corner street address without centre evidence",
        "store_area_sqm": "",
        "area_measure": "",
        "area_source": "",
        "area_date": "",
        "area_confidence": "Unknown",
        "source_url": "https://www.opsm.com.au/en/opsm-au/find-store",
        "fetched_at": "2026-07-23T00:26:21+00:00"
      }
    },
    {
      "type": "Feature",
      "geometry": {
        "type": "Point",
        "coordinates": [
          150.47401,
          -35.35865
        ]
      },
      "properties": {
        "retailer": "Specsavers",
        "store_id": "specsavers-3673",
        "name": "Ulladulla",
        "status": "Active",
        "state": "NSW",
        "suburb": "Ulladulla",
        "postcode": "2539",
        "full_address": "Shop 2 & 2A Ulladulla Shopping Centre, 116 Princes Highway, Ulladulla, NSW, 2539",
        "phone": "(02) 4421 6811",
        "official_url": "https://www.specsavers.com.au/stores/ulladulla",
        "services": "Optometry; Audiology",
        "audiology": "true",
        "venue_name": "& 2A Ulladulla Shopping Centre",
        "venue_id": "nsw-2a-and-ulladulla",
        "location_type": "Shopping Centre",
        "classification_confidence": "High",
        "classification_basis": "Official name/address contains shopping-centre evidence",
        "store_area_sqm": "",
        "area_measure": "",
        "area_source": "",
        "area_date": "",
        "area_confidence": "Unknown",
        "source_url": "https://www.specsavers.com.au/stores/ulladulla",
        "fetched_at": "2026-07-23T00:53:33.174Z"
      }
    },
    {
      "type": "Feature",
      "geometry": {
        "type": "Point",
        "coordinates": [
          151.1943646,
          -33.8834174
        ]
      },
      "properties": {
        "retailer": "Bailey Nelson",
        "store_id": "bailey-nelson-broadway",
        "name": "Bailey Nelson Broadway",
        "status": "Active",
        "state": "NSW",
        "suburb": "Ultimo",
        "postcode": "2007",
        "full_address": "1 Bay Street, Ultimo, NSW, 2007",
        "phone": "+61290008069",
        "official_url": "https://baileynelson.com.au/pages/optometrist-broadway",
        "services": "Optometry Services; Bulk-Billed Eye Tests; Private Eye Tests from $65; Contact Lens Eye Tests; Visual Fields Testing; Ultra-wide retinal imaging; Optical & Sunglass styling; Free frame adjustments",
        "audiology": "false",
        "venue_name": "",
        "venue_id": "",
        "location_type": "Main Street / Street-front",
        "classification_confidence": "Medium",
        "classification_basis": "Official address is a numbered or corner street address without centre evidence",
        "store_area_sqm": "",
        "area_measure": "",
        "area_source": "",
        "area_date": "",
        "area_confidence": "Unknown",
        "source_url": "https://baileynelson.com.au/pages/optometrist-broadway",
        "fetched_at": "2026-07-23T01:01:27+00:00"
      }
    },
    {
      "type": "Feature",
      "geometry": {
        "type": "Point",
        "coordinates": [
          151.19366,
          -33.88367
        ]
      },
      "properties": {
        "retailer": "OPSM",
        "store_id": "opsm-1423",
        "name": "OPSM Broadway",
        "status": "Active",
        "state": "NSW",
        "suburb": "Ultimo",
        "postcode": "2007",
        "full_address": "1 Bay St, Ultimo, NSW, 2007",
        "phone": "(02) 9212 6366",
        "official_url": "https://www.opsm.com.au/en/opsm-au/find-store",
        "services": "Collect & Return",
        "audiology": "false",
        "venue_name": "",
        "venue_id": "",
        "location_type": "Main Street / Street-front",
        "classification_confidence": "Medium",
        "classification_basis": "Official address is a numbered or corner street address without centre evidence",
        "store_area_sqm": "",
        "area_measure": "",
        "area_source": "",
        "area_date": "",
        "area_confidence": "Unknown",
        "source_url": "https://www.opsm.com.au/en/opsm-au/find-store",
        "fetched_at": "2026-07-23T00:26:21+00:00"
      }
    },
    {
      "type": "Feature",
      "geometry": {
        "type": "Point",
        "coordinates": [
          151.19388,
          -33.883568
        ]
      },
      "properties": {
        "retailer": "Specsavers",
        "store_id": "specsavers-3505",
        "name": "Broadway Sydney",
        "status": "Active",
        "state": "NSW",
        "suburb": "Ultimo",
        "postcode": "2007",
        "full_address": "Shop G27(Near Coles) Broadway, 1 Bay Street, Ultimo, NSW, 2007",
        "phone": "(02) 9211 4088",
        "official_url": "https://www.specsavers.com.au/stores/broadway",
        "services": "Optometry",
        "audiology": "false",
        "venue_name": "",
        "venue_id": "",
        "location_type": "Shopping Centre",
        "classification_confidence": "Medium",
        "classification_basis": "Official address uses a shop/level format; venue name requires review",
        "store_area_sqm": "",
        "area_measure": "",
        "area_source": "",
        "area_date": "",
        "area_confidence": "Unknown",
        "source_url": "https://www.specsavers.com.au/stores/broadway",
        "fetched_at": "2026-07-23T00:53:33.174Z"
      }
    },
    {
      "type": "Feature",
      "geometry": {
        "type": "Point",
        "coordinates": [
          147.36967,
          -35.11539
        ]
      },
      "properties": {
        "retailer": "OPSM",
        "store_id": "opsm-1021",
        "name": "OPSM Wagga Wagga",
        "status": "Active",
        "state": "NSW",
        "suburb": "Wagga Wagga",
        "postcode": "2650",
        "full_address": "87 Bayliss St, Wagga Wagga, NSW, 2650",
        "phone": "(02) 6921 3160",
        "official_url": "https://www.opsm.com.au/en/opsm-au/find-store",
        "services": "Dry Eye, Collect & Return",
        "audiology": "false",
        "venue_name": "",
        "venue_id": "",
        "location_type": "Main Street / Street-front",
        "classification_confidence": "Medium",
        "classification_basis": "Official address is a numbered or corner street address without centre evidence",
        "store_area_sqm": "",
        "area_measure": "",
        "area_source": "",
        "area_date": "",
        "area_confidence": "Unknown",
        "source_url": "https://www.opsm.com.au/en/opsm-au/find-store",
        "fetched_at": "2026-07-23T00:26:21+00:00"
      }
    },
    {
      "type": "Feature",
      "geometry": {
        "type": "Point",
        "coordinates": [
          147.37082,
          -35.114376
        ]
      },
      "properties": {
        "retailer": "Specsavers",
        "store_id": "specsavers-3254",
        "name": "Wagga Wagga",
        "status": "Active",
        "state": "NSW",
        "suburb": "Wagga Wagga",
        "postcode": "2650",
        "full_address": "Shop 1 & 2, 56 Forsyth St, Wagga Wagga, NSW, 2650",
        "phone": "(02) 6921 2111",
        "official_url": "https://www.specsavers.com.au/stores/waggawagga",
        "services": "Optometry; Audiology",
        "audiology": "true",
        "venue_name": "",
        "venue_id": "",
        "location_type": "Shopping Centre",
        "classification_confidence": "Medium",
        "classification_basis": "Official address uses a shop/level format; venue name requires review",
        "store_area_sqm": "",
        "area_measure": "",
        "area_source": "",
        "area_date": "",
        "area_confidence": "Unknown",
        "source_url": "https://www.specsavers.com.au/stores/waggawagga",
        "fetched_at": "2026-07-23T00:53:33.174Z"
      }
    },
    {
      "type": "Feature",
      "geometry": {
        "type": "Point",
        "coordinates": [
          151.668,
          -32.898
        ]
      },
      "properties": {
        "retailer": "OPSM",
        "store_id": "opsm-2959",
        "name": "OPSM Wallsend",
        "status": "Active",
        "state": "NSW",
        "suburb": "Wallsend",
        "postcode": "2287",
        "full_address": "24 Kokera St, Wallsend, NSW, 2287",
        "phone": "(02) 8865 8346",
        "official_url": "https://www.opsm.com.au/en/opsm-au/find-store",
        "services": "Collect & Return",
        "audiology": "false",
        "venue_name": "",
        "venue_id": "",
        "location_type": "Main Street / Street-front",
        "classification_confidence": "Medium",
        "classification_basis": "Official address is a numbered or corner street address without centre evidence",
        "store_area_sqm": "",
        "area_measure": "",
        "area_source": "",
        "area_date": "",
        "area_confidence": "Unknown",
        "source_url": "https://www.opsm.com.au/en/opsm-au/find-store",
        "fetched_at": "2026-07-23T00:26:21+00:00"
      }
    },
    {
      "type": "Feature",
      "geometry": {
        "type": "Point",
        "coordinates": [
          150.86299,
          -34.546833
        ]
      },
      "properties": {
        "retailer": "Specsavers",
        "store_id": "specsavers-3220",
        "name": "Warilla Grove Shopping Centre",
        "status": "Active",
        "state": "NSW",
        "suburb": "Warilla",
        "postcode": "2528",
        "full_address": "Shop 4A & 5, HomeCo. Warilla Grove, 43-57 Shellharbour Rd, Warilla, NSW, 2528",
        "phone": "(02) 4296 2342",
        "official_url": "https://www.specsavers.com.au/stores/warilla",
        "services": "Optometry; Audiology",
        "audiology": "true",
        "venue_name": "Warilla Grove Shopping Centre",
        "venue_id": "nsw-grove-warilla",
        "location_type": "Shopping Centre",
        "classification_confidence": "High",
        "classification_basis": "Official name/address contains shopping-centre evidence",
        "store_area_sqm": "",
        "area_measure": "",
        "area_source": "",
        "area_date": "",
        "area_confidence": "Unknown",
        "source_url": "https://www.specsavers.com.au/stores/warilla",
        "fetched_at": "2026-07-23T00:53:33.174Z"
      }
    },
    {
      "type": "Feature",
      "geometry": {
        "type": "Point",
        "coordinates": [
          150.88948,
          -34.486053
        ]
      },
      "properties": {
        "retailer": "Specsavers",
        "store_id": "specsavers-3210",
        "name": "Warrawong",
        "status": "Active",
        "state": "NSW",
        "suburb": "Warrawong",
        "postcode": "2502",
        "full_address": "Shop 39/40, Warrawong Plaza SC, King street & Cowper Street, Warrawong, NSW, 2502",
        "phone": "(02) 9138 0722",
        "official_url": "https://www.specsavers.com.au/stores/warrawong",
        "services": "Optometry; Audiology",
        "audiology": "true",
        "venue_name": "Warrawong Plaza SC",
        "venue_id": "nsw-plaza-sc-warrawong",
        "location_type": "Shopping Centre",
        "classification_confidence": "High",
        "classification_basis": "Official name/address contains shopping-centre evidence",
        "store_area_sqm": "",
        "area_measure": "",
        "area_source": "",
        "area_date": "",
        "area_confidence": "Unknown",
        "source_url": "https://www.specsavers.com.au/stores/warrawong",
        "fetched_at": "2026-07-23T00:53:33.174Z"
      }
    },
    {
      "type": "Feature",
      "geometry": {
        "type": "Point",
        "coordinates": [
          151.29617,
          -33.69569
        ]
      },
      "properties": {
        "retailer": "OPSM",
        "store_id": "opsm-1068",
        "name": "OPSM Warriewood",
        "status": "Active",
        "state": "NSW",
        "suburb": "Warriewood",
        "postcode": "2102",
        "full_address": "Jacksons Rd, Warriewood, NSW, 2102",
        "phone": "(02) 9913 9071",
        "official_url": "https://www.opsm.com.au/en/opsm-au/find-store",
        "services": "Collect & Return",
        "audiology": "false",
        "venue_name": "",
        "venue_id": "",
        "location_type": "Main Street / Street-front",
        "classification_confidence": "Low",
        "classification_basis": "Official address contains street evidence but needs review",
        "store_area_sqm": "",
        "area_measure": "",
        "area_source": "",
        "area_date": "",
        "area_confidence": "Unknown",
        "source_url": "https://www.opsm.com.au/en/opsm-au/find-store",
        "fetched_at": "2026-07-23T00:26:21+00:00"
      }
    },
    {
      "type": "Feature",
      "geometry": {
        "type": "Point",
        "coordinates": [
          151.29584,
          -33.695763
        ]
      },
      "properties": {
        "retailer": "Specsavers",
        "store_id": "specsavers-3575",
        "name": "Warriewood",
        "status": "Active",
        "state": "NSW",
        "suburb": "Warriewood",
        "postcode": "2102",
        "full_address": "Warriewood Square, Jacksons Road, Warriewood, NSW, 2102",
        "phone": "(02) 9913 1844",
        "official_url": "https://www.specsavers.com.au/stores/warriewood",
        "services": "Optometry; Audiology",
        "audiology": "true",
        "venue_name": "Warriewood Square",
        "venue_id": "nsw-square-warriewood",
        "location_type": "Shopping Centre",
        "classification_confidence": "High",
        "classification_basis": "Official name/address contains shopping-centre evidence",
        "store_area_sqm": "",
        "area_measure": "",
        "area_source": "",
        "area_date": "",
        "area_confidence": "Unknown",
        "source_url": "https://www.specsavers.com.au/stores/warriewood",
        "fetched_at": "2026-07-23T00:53:33.174Z"
      }
    },
    {
      "type": "Feature",
      "geometry": {
        "type": "Point",
        "coordinates": [
          152.73391,
          -31.45755
        ]
      },
      "properties": {
        "retailer": "OPSM",
        "store_id": "opsm-2299",
        "name": "OPSM Wauchope",
        "status": "Active",
        "state": "NSW",
        "suburb": "Wauchope",
        "postcode": "2446",
        "full_address": "High St, Wauchope, NSW, 2446",
        "phone": "(02) 6585 2755",
        "official_url": "https://www.opsm.com.au/en/opsm-au/find-store",
        "services": "Collect & Return",
        "audiology": "false",
        "venue_name": "",
        "venue_id": "",
        "location_type": "Main Street / Street-front",
        "classification_confidence": "Low",
        "classification_basis": "Official address contains street evidence but needs review",
        "store_area_sqm": "",
        "area_measure": "",
        "area_source": "",
        "area_date": "",
        "area_confidence": "Unknown",
        "source_url": "https://www.opsm.com.au/en/opsm-au/find-store",
        "fetched_at": "2026-07-23T00:26:21+00:00"
      }
    },
    {
      "type": "Feature",
      "geometry": {
        "type": "Point",
        "coordinates": [
          150.89779,
          -33.85862
        ]
      },
      "properties": {
        "retailer": "OPSM",
        "store_id": "opsm-1307",
        "name": "OPSM Wetherill Park",
        "status": "Active",
        "state": "NSW",
        "suburb": "Wetherill Park",
        "postcode": "2164",
        "full_address": "Polding St, Wetherill Park, NSW, 2164",
        "phone": "(02) 9729 0339",
        "official_url": "https://www.opsm.com.au/en/opsm-au/find-store",
        "services": "Collect & Return",
        "audiology": "false",
        "venue_name": "",
        "venue_id": "",
        "location_type": "Main Street / Street-front",
        "classification_confidence": "Low",
        "classification_basis": "Official address contains street evidence but needs review",
        "store_area_sqm": "",
        "area_measure": "",
        "area_source": "",
        "area_date": "",
        "area_confidence": "Unknown",
        "source_url": "https://www.opsm.com.au/en/opsm-au/find-store",
        "fetched_at": "2026-07-23T00:26:21+00:00"
      }
    },
    {
      "type": "Feature",
      "geometry": {
        "type": "Point",
        "coordinates": [
          150.89783,
          -33.858765
        ]
      },
      "properties": {
        "retailer": "Specsavers",
        "store_id": "specsavers-3497",
        "name": "Wetherill Park Stockland",
        "status": "Active",
        "state": "NSW",
        "suburb": "Wetherill Park",
        "postcode": "2164",
        "full_address": "1/561-583 Polding Street, Wetherill Park, NSW, 2164",
        "phone": "(02) 9756 0510",
        "official_url": "https://www.specsavers.com.au/stores/wetherillpark",
        "services": "Optometry",
        "audiology": "false",
        "venue_name": "",
        "venue_id": "",
        "location_type": "Main Street / Street-front",
        "classification_confidence": "Medium",
        "classification_basis": "Official address is a numbered or corner street address without centre evidence",
        "store_area_sqm": "",
        "area_measure": "",
        "area_source": "",
        "area_date": "",
        "area_confidence": "Unknown",
        "source_url": "https://www.specsavers.com.au/stores/wetherillpark",
        "fetched_at": "2026-07-23T00:53:33.174Z"
      }
    },
    {
      "type": "Feature",
      "geometry": {
        "type": "Point",
        "coordinates": [
          150.81879,
          -33.606937
        ]
      },
      "properties": {
        "retailer": "Specsavers",
        "store_id": "specsavers-3678",
        "name": "Windsor",
        "status": "Active",
        "state": "NSW",
        "suburb": "Windsor",
        "postcode": "2756",
        "full_address": "Shop 19, Windsor Riverview Shopping Centre, 227 George Street, Windsor, NSW, 2756",
        "phone": "(02) 4577 3447",
        "official_url": "https://www.specsavers.com.au/stores/windsor",
        "services": "Optometry; Audiology",
        "audiology": "true",
        "venue_name": "Windsor Riverview Shopping Centre",
        "venue_id": "nsw-riverview-windsor",
        "location_type": "Shopping Centre",
        "classification_confidence": "High",
        "classification_basis": "Official name/address contains shopping-centre evidence",
        "store_area_sqm": "",
        "area_measure": "",
        "area_source": "",
        "area_date": "",
        "area_confidence": "Unknown",
        "source_url": "https://www.specsavers.com.au/stores/windsor",
        "fetched_at": "2026-07-23T00:53:33.174Z"
      }
    },
    {
      "type": "Feature",
      "geometry": {
        "type": "Point",
        "coordinates": [
          150.96801,
          -33.77275
        ]
      },
      "properties": {
        "retailer": "OPSM",
        "store_id": "opsm-2928",
        "name": "OPSM Winston Hills",
        "status": "Active",
        "state": "NSW",
        "suburb": "Winston Hills",
        "postcode": "2153",
        "full_address": "180 Caroline Chisholm Dr, Winston Hills, NSW, 2153",
        "phone": "(02) 9674 8632",
        "official_url": "https://www.opsm.com.au/en/opsm-au/find-store",
        "services": "Collect & Return",
        "audiology": "false",
        "venue_name": "",
        "venue_id": "",
        "location_type": "Unclassified",
        "classification_confidence": "Low",
        "classification_basis": "Insufficient official venue or street evidence",
        "store_area_sqm": "",
        "area_measure": "",
        "area_source": "",
        "area_date": "",
        "area_confidence": "Unknown",
        "source_url": "https://www.opsm.com.au/en/opsm-au/find-store",
        "fetched_at": "2026-07-23T00:26:21+00:00"
      }
    },
    {
      "type": "Feature",
      "geometry": {
        "type": "Point",
        "coordinates": [
          150.96922,
          -33.77288
        ]
      },
      "properties": {
        "retailer": "Specsavers",
        "store_id": "specsavers-3501",
        "name": "Winston Hills Mall",
        "status": "Active",
        "state": "NSW",
        "suburb": "Winston Hills",
        "postcode": "2153",
        "full_address": "180-190 Caroline Chisholm, Shop 60 Winston Hills Mall, Winston Hills, NSW, 2153",
        "phone": "(02) 9624 6486",
        "official_url": "https://www.specsavers.com.au/stores/winstonhills",
        "services": "Optometry; Audiology",
        "audiology": "true",
        "venue_name": "Winston Hills Mall",
        "venue_id": "nsw-hills-winston",
        "location_type": "Shopping Centre",
        "classification_confidence": "High",
        "classification_basis": "Official name/address contains shopping-centre evidence",
        "store_area_sqm": "",
        "area_measure": "",
        "area_source": "",
        "area_date": "",
        "area_confidence": "Unknown",
        "source_url": "https://www.specsavers.com.au/stores/winstonhills",
        "fetched_at": "2026-07-23T00:53:33.174Z"
      }
    },
    {
      "type": "Feature",
      "geometry": {
        "type": "Point",
        "coordinates": [
          150.8942,
          -34.42477
        ]
      },
      "properties": {
        "retailer": "OPSM",
        "store_id": "opsm-1015",
        "name": "OPSM Wollongong",
        "status": "Active",
        "state": "NSW",
        "suburb": "Wollongong",
        "postcode": "2500",
        "full_address": "200 Crown St, Wollongong, NSW, 2500",
        "phone": "(02) 4229 4444",
        "official_url": "https://www.opsm.com.au/en/opsm-au/find-store",
        "services": "Collect & Return",
        "audiology": "false",
        "venue_name": "",
        "venue_id": "",
        "location_type": "Main Street / Street-front",
        "classification_confidence": "Medium",
        "classification_basis": "Official address is a numbered or corner street address without centre evidence",
        "store_area_sqm": "",
        "area_measure": "",
        "area_source": "",
        "area_date": "",
        "area_confidence": "Unknown",
        "source_url": "https://www.opsm.com.au/en/opsm-au/find-store",
        "fetched_at": "2026-07-23T00:26:21+00:00"
      }
    },
    {
      "type": "Feature",
      "geometry": {
        "type": "Point",
        "coordinates": [
          150.89447,
          -34.42537
        ]
      },
      "properties": {
        "retailer": "Specsavers",
        "store_id": "specsavers-3456",
        "name": "Wollongong - Crown St Mall",
        "status": "Active",
        "state": "NSW",
        "suburb": "Wollongong",
        "postcode": "2500",
        "full_address": "179 Crown Street, Wollongong, NSW, 2500",
        "phone": "(02) 4225 0652",
        "official_url": "https://www.specsavers.com.au/stores/wollongong",
        "services": "Optometry; Audiology",
        "audiology": "true",
        "venue_name": "Crown St Mall",
        "venue_id": "nsw-crown-st",
        "location_type": "Shopping Centre",
        "classification_confidence": "High",
        "classification_basis": "Official name/address contains shopping-centre evidence",
        "store_area_sqm": "",
        "area_measure": "",
        "area_source": "",
        "area_date": "",
        "area_confidence": "Unknown",
        "source_url": "https://www.specsavers.com.au/stores/wollongong",
        "fetched_at": "2026-07-23T00:53:33.174Z"
      }
    },
    {
      "type": "Feature",
      "geometry": {
        "type": "Point",
        "coordinates": [
          151.32397,
          -33.48774
        ]
      },
      "properties": {
        "retailer": "OPSM",
        "store_id": "opsm-1311",
        "name": "OPSM Woy Woy",
        "status": "Active",
        "state": "NSW",
        "suburb": "Woy Woy",
        "postcode": "2256",
        "full_address": "Railway St, Woy Woy, NSW, 2256",
        "phone": "(02) 4342 3033",
        "official_url": "https://www.opsm.com.au/en/opsm-au/find-store",
        "services": "Collect & Return",
        "audiology": "false",
        "venue_name": "",
        "venue_id": "",
        "location_type": "Main Street / Street-front",
        "classification_confidence": "Low",
        "classification_basis": "Official address contains street evidence but needs review",
        "store_area_sqm": "",
        "area_measure": "",
        "area_source": "",
        "area_date": "",
        "area_confidence": "Unknown",
        "source_url": "https://www.opsm.com.au/en/opsm-au/find-store",
        "fetched_at": "2026-07-23T00:26:21+00:00"
      }
    },
    {
      "type": "Feature",
      "geometry": {
        "type": "Point",
        "coordinates": [
          151.3238,
          -33.488037
        ]
      },
      "properties": {
        "retailer": "Specsavers",
        "store_id": "specsavers-3538",
        "name": "Woy Woy",
        "status": "Active",
        "state": "NSW",
        "suburb": "Woy Woy",
        "postcode": "2256",
        "full_address": "Railway Street, Shop 27, Deepwater Plaza Centre, Woy Woy, NSW, 2256",
        "phone": "(02) 4342 5900",
        "official_url": "https://www.specsavers.com.au/stores/woywoy",
        "services": "Optometry; Audiology",
        "audiology": "true",
        "venue_name": "Deepwater Plaza Centre",
        "venue_id": "nsw-deepwater-plaza",
        "location_type": "Shopping Centre",
        "classification_confidence": "High",
        "classification_basis": "Official name/address contains shopping-centre evidence",
        "store_area_sqm": "",
        "area_measure": "",
        "area_source": "",
        "area_date": "",
        "area_confidence": "Unknown",
        "source_url": "https://www.specsavers.com.au/stores/woywoy",
        "fetched_at": "2026-07-23T00:53:33.174Z"
      }
    },
    {
      "type": "Feature",
      "geometry": {
        "type": "Point",
        "coordinates": [
          133.88087,
          -23.69941
        ]
      },
      "properties": {
        "retailer": "OPSM",
        "store_id": "opsm-1582",
        "name": "OPSM Alice Springs",
        "status": "Active",
        "state": "NT",
        "suburb": "Alice Springs",
        "postcode": "0870",
        "full_address": "Hartley St, Alice Springs, NT, 0870",
        "phone": "(08) 8952 8277",
        "official_url": "https://www.opsm.com.au/en/opsm-au/find-store",
        "services": "Collect & Return",
        "audiology": "false",
        "venue_name": "",
        "venue_id": "",
        "location_type": "Main Street / Street-front",
        "classification_confidence": "Low",
        "classification_basis": "Official address contains street evidence but needs review",
        "store_area_sqm": "",
        "area_measure": "",
        "area_source": "",
        "area_date": "",
        "area_confidence": "Unknown",
        "source_url": "https://www.opsm.com.au/en/opsm-au/find-store",
        "fetched_at": "2026-07-23T00:26:21+00:00"
      }
    },
    {
      "type": "Feature",
      "geometry": {
        "type": "Point",
        "coordinates": [
          130.88083,
          -12.37553
        ]
      },
      "properties": {
        "retailer": "OPSM",
        "store_id": "opsm-1200",
        "name": "OPSM Casuarina",
        "status": "Active",
        "state": "NT",
        "suburb": "Darwin",
        "postcode": "0810",
        "full_address": "247 Trower Rd, Darwin, NT, 0810",
        "phone": "(08) 8927 9377",
        "official_url": "https://www.opsm.com.au/en/opsm-au/find-store",
        "services": "Dry Eye, Kids Vision Centre, Collect & Return",
        "audiology": "false",
        "venue_name": "",
        "venue_id": "",
        "location_type": "Main Street / Street-front",
        "classification_confidence": "Medium",
        "classification_basis": "Official address is a numbered or corner street address without centre evidence",
        "store_area_sqm": "",
        "area_measure": "",
        "area_source": "",
        "area_date": "",
        "area_confidence": "Unknown",
        "source_url": "https://www.opsm.com.au/en/opsm-au/find-store",
        "fetched_at": "2026-07-23T00:26:21+00:00"
      }
    },
    {
      "type": "Feature",
      "geometry": {
        "type": "Point",
        "coordinates": [
          130.84219,
          -12.46378
        ]
      },
      "properties": {
        "retailer": "OPSM",
        "store_id": "opsm-1577",
        "name": "OPSM Darwin",
        "status": "Active",
        "state": "NT",
        "suburb": "Darwin",
        "postcode": "0800",
        "full_address": "Smith St Mall, Darwin, NT, 0800",
        "phone": "(08) 8941 1577",
        "official_url": "https://www.opsm.com.au/en/opsm-au/find-store",
        "services": "Kids Vision Centre, Collect & Return",
        "audiology": "false",
        "venue_name": "Smith St Mall",
        "venue_id": "nt-smith-st",
        "location_type": "Shopping Centre",
        "classification_confidence": "High",
        "classification_basis": "Official name/address contains shopping-centre evidence",
        "store_area_sqm": "",
        "area_measure": "",
        "area_source": "",
        "area_date": "",
        "area_confidence": "Unknown",
        "source_url": "https://www.opsm.com.au/en/opsm-au/find-store",
        "fetched_at": "2026-07-23T00:26:21+00:00"
      }
    },
    {
      "type": "Feature",
      "geometry": {
        "type": "Point",
        "coordinates": [
          130.89606,
          -12.377735
        ]
      },
      "properties": {
        "retailer": "Specsavers",
        "store_id": "specsavers-3317",
        "name": "Hibiscus Shoppingtown",
        "status": "Active",
        "state": "NT",
        "suburb": "Darwin",
        "postcode": "0812",
        "full_address": "Shop 20, Hibiscus Shoppingtown, Leanyer Drive, Darwin, NT, 0812",
        "phone": "(08) 8927 5139",
        "official_url": "https://www.specsavers.com.au/stores/darwinnorth",
        "services": "Optometry",
        "audiology": "false",
        "venue_name": "",
        "venue_id": "",
        "location_type": "Shopping Centre",
        "classification_confidence": "Medium",
        "classification_basis": "Official address uses a shop/level format; venue name requires review",
        "store_area_sqm": "",
        "area_measure": "",
        "area_source": "",
        "area_date": "",
        "area_confidence": "Unknown",
        "source_url": "https://www.specsavers.com.au/stores/darwinnorth",
        "fetched_at": "2026-07-23T00:53:33.174Z"
      }
    },
    {
      "type": "Feature",
      "geometry": {
        "type": "Point",
        "coordinates": [
          132.26553,
          -14.46567
        ]
      },
      "properties": {
        "retailer": "OPSM",
        "store_id": "opsm-1580",
        "name": "OPSM Katherine",
        "status": "Active",
        "state": "NT",
        "suburb": "Katherine",
        "postcode": "0851",
        "full_address": "Katherine Tce, Katherine, NT, 0851",
        "phone": "(08) 8972 2035",
        "official_url": "https://www.opsm.com.au/en/opsm-au/find-store",
        "services": "Collect & Return",
        "audiology": "false",
        "venue_name": "",
        "venue_id": "",
        "location_type": "Unclassified",
        "classification_confidence": "Low",
        "classification_basis": "Insufficient official venue or street evidence",
        "store_area_sqm": "",
        "area_measure": "",
        "area_source": "",
        "area_date": "",
        "area_confidence": "Unknown",
        "source_url": "https://www.opsm.com.au/en/opsm-au/find-store",
        "fetched_at": "2026-07-23T00:26:21+00:00"
      }
    },
    {
      "type": "Feature",
      "geometry": {
        "type": "Point",
        "coordinates": [
          130.9855,
          -12.483665
        ]
      },
      "properties": {
        "retailer": "Specsavers",
        "store_id": "specsavers-3318",
        "name": "Palmerston",
        "status": "Active",
        "state": "NT",
        "suburb": "Palmerston",
        "postcode": "0830",
        "full_address": "Shop 25, Oasis Shopping Centre, Cnr Chung Wah Terrace & Temple Tce, Palmerston, NT, 0830",
        "phone": "(08) 8932 6188",
        "official_url": "https://www.specsavers.com.au/stores/palmerston",
        "services": "Optometry; Audiology",
        "audiology": "true",
        "venue_name": "Oasis Shopping Centre",
        "venue_id": "nt-oasis",
        "location_type": "Shopping Centre",
        "classification_confidence": "High",
        "classification_basis": "Official name/address contains shopping-centre evidence",
        "store_area_sqm": "",
        "area_measure": "",
        "area_source": "",
        "area_date": "",
        "area_confidence": "Unknown",
        "source_url": "https://www.specsavers.com.au/stores/palmerston",
        "fetched_at": "2026-07-23T00:53:33.174Z"
      }
    },
    {
      "type": "Feature",
      "geometry": {
        "type": "Point",
        "coordinates": [
          130.98307,
          -12.47133
        ]
      },
      "properties": {
        "retailer": "OPSM",
        "store_id": "opsm-1191",
        "name": "OPSM Palmerston",
        "status": "Active",
        "state": "NT",
        "suburb": "Yarrawonga",
        "postcode": "0830",
        "full_address": "1 Roystonea Ave, Yarrawonga, NT, 0830",
        "phone": "(08) 8932 7320",
        "official_url": "https://www.opsm.com.au/en/opsm-au/find-store",
        "services": "Kids Vision Centre, Collect & Return",
        "audiology": "false",
        "venue_name": "",
        "venue_id": "",
        "location_type": "Main Street / Street-front",
        "classification_confidence": "Medium",
        "classification_basis": "Official address is a numbered or corner street address without centre evidence",
        "store_area_sqm": "",
        "area_measure": "",
        "area_source": "",
        "area_date": "",
        "area_confidence": "Unknown",
        "source_url": "https://www.opsm.com.au/en/opsm-au/find-store",
        "fetched_at": "2026-07-23T00:26:21+00:00"
      }
    },
    {
      "type": "Feature",
      "geometry": {
        "type": "Point",
        "coordinates": [
          146.76274,
          -19.3001
        ]
      },
      "properties": {
        "retailer": "OPSM",
        "store_id": "opsm-1161",
        "name": "OPSM Townsville",
        "status": "Active",
        "state": "QLD",
        "suburb": "Aitkenvale",
        "postcode": "4814",
        "full_address": "310 Ross River Rd, Aitkenvale, QLD, 4814",
        "phone": "(07) 4725 4822",
        "official_url": "https://www.opsm.com.au/en/opsm-au/find-store",
        "services": "Collect & Return",
        "audiology": "false",
        "venue_name": "",
        "venue_id": "",
        "location_type": "Main Street / Street-front",
        "classification_confidence": "Medium",
        "classification_basis": "Official address is a numbered or corner street address without centre evidence",
        "store_area_sqm": "",
        "area_measure": "",
        "area_source": "",
        "area_date": "",
        "area_confidence": "Unknown",
        "source_url": "https://www.opsm.com.au/en/opsm-au/find-store",
        "fetched_at": "2026-07-23T00:26:21+00:00"
      }
    },
    {
      "type": "Feature",
      "geometry": {
        "type": "Point",
        "coordinates": [
          146.76407,
          -19.298828
        ]
      },
      "properties": {
        "retailer": "Specsavers",
        "store_id": "specsavers-3499",
        "name": "Townsville Aitkenvale",
        "status": "Active",
        "state": "QLD",
        "suburb": "Aitkenvale",
        "postcode": "4814",
        "full_address": "310 Ross River Road, Shop 25, Townsville Shopping Centre, Aitkenvale, QLD, 4814",
        "phone": "(07) 4728 6114",
        "official_url": "https://www.specsavers.com.au/stores/townsvilleaitkenvale",
        "services": "Optometry; Audiology",
        "audiology": "true",
        "venue_name": "Townsville Shopping Centre",
        "venue_id": "qld-townsville",
        "location_type": "Shopping Centre",
        "classification_confidence": "High",
        "classification_basis": "Official name/address contains shopping-centre evidence",
        "store_area_sqm": "",
        "area_measure": "",
        "area_source": "",
        "area_date": "",
        "area_confidence": "Unknown",
        "source_url": "https://www.specsavers.com.au/stores/townsvilleaitkenvale",
        "fetched_at": "2026-07-23T00:53:33.174Z"
      }
    },
    {
      "type": "Feature",
      "geometry": {
        "type": "Point",
        "coordinates": [
          150.50374,
          -23.3901
        ]
      },
      "properties": {
        "retailer": "Specsavers",
        "store_id": "specsavers-3636",
        "name": "Rockhampton Allenstown",
        "status": "Active",
        "state": "QLD",
        "suburb": "Allenstown",
        "postcode": "4700",
        "full_address": "Shop 16 & 17A, Allenstown Square, 139-145 Derby Street, Allenstown, QLD, 4700",
        "phone": "(07) 4921 0762",
        "official_url": "https://www.specsavers.com.au/stores/rockhamptonallenstown",
        "services": "Optometry; Audiology",
        "audiology": "true",
        "venue_name": "Allenstown Square",
        "venue_id": "qld-allenstown-square",
        "location_type": "Shopping Centre",
        "classification_confidence": "High",
        "classification_basis": "Official name/address contains shopping-centre evidence",
        "store_area_sqm": "",
        "area_measure": "",
        "area_source": "",
        "area_date": "",
        "area_confidence": "Unknown",
        "source_url": "https://www.specsavers.com.au/stores/rockhamptonallenstown",
        "fetched_at": "2026-07-23T00:53:33.174Z"
      }
    },
    {
      "type": "Feature",
      "geometry": {
        "type": "Point",
        "coordinates": [
          153.35222,
          -27.947132
        ]
      },
      "properties": {
        "retailer": "Specsavers",
        "store_id": "specsavers-3224",
        "name": "Arundel Plaza",
        "status": "Active",
        "state": "QLD",
        "suburb": "Arundel",
        "postcode": "4212",
        "full_address": "Shop 12, Arundel Plaza, 230-232 Napper Road, Arundel, QLD, 4212",
        "phone": "(07) 5563 3937",
        "official_url": "https://www.specsavers.com.au/stores/arundel",
        "services": "Optometry",
        "audiology": "false",
        "venue_name": "Arundel Plaza",
        "venue_id": "qld-arundel-plaza",
        "location_type": "Shopping Centre",
        "classification_confidence": "High",
        "classification_basis": "Official name/address contains shopping-centre evidence",
        "store_area_sqm": "",
        "area_measure": "",
        "area_source": "",
        "area_date": "",
        "area_confidence": "Unknown",
        "source_url": "https://www.specsavers.com.au/stores/arundel",
        "fetched_at": "2026-07-23T00:53:33.174Z"
      }
    },
    {
      "type": "Feature",
      "geometry": {
        "type": "Point",
        "coordinates": [
          153.01364,
          -27.36192
        ]
      },
      "properties": {
        "retailer": "OPSM",
        "store_id": "opsm-2272",
        "name": "OPSM Aspley",
        "status": "Active",
        "state": "QLD",
        "suburb": "Aspley",
        "postcode": "4034",
        "full_address": "59 Albany Creek Rd, Aspley, QLD, 4034",
        "phone": "(07) 3263 8377",
        "official_url": "https://www.opsm.com.au/en/opsm-au/find-store",
        "services": "Collect & Return",
        "audiology": "false",
        "venue_name": "",
        "venue_id": "",
        "location_type": "Main Street / Street-front",
        "classification_confidence": "Medium",
        "classification_basis": "Official address is a numbered or corner street address without centre evidence",
        "store_area_sqm": "",
        "area_measure": "",
        "area_source": "",
        "area_date": "",
        "area_confidence": "Unknown",
        "source_url": "https://www.opsm.com.au/en/opsm-au/find-store",
        "fetched_at": "2026-07-23T00:26:21+00:00"
      }
    },
    {
      "type": "Feature",
      "geometry": {
        "type": "Point",
        "coordinates": [
          153.01357,
          -27.361555
        ]
      },
      "properties": {
        "retailer": "Specsavers",
        "store_id": "specsavers-3629",
        "name": "Aspley",
        "status": "Active",
        "state": "QLD",
        "suburb": "Aspley",
        "postcode": "4034",
        "full_address": "Shop 21, Aspley Hypermarket, 59 Albany Creek Road, Aspley, QLD, 4034",
        "phone": "(07) 3155 3775",
        "official_url": "https://www.specsavers.com.au/stores/aspley",
        "services": "Optometry; Audiology",
        "audiology": "true",
        "venue_name": "",
        "venue_id": "",
        "location_type": "Shopping Centre",
        "classification_confidence": "Medium",
        "classification_basis": "Official address uses a shop/level format; venue name requires review",
        "store_area_sqm": "",
        "area_measure": "",
        "area_source": "",
        "area_date": "",
        "area_confidence": "Unknown",
        "source_url": "https://www.specsavers.com.au/stores/aspley",
        "fetched_at": "2026-07-23T00:53:33.174Z"
      }
    },
    {
      "type": "Feature",
      "geometry": {
        "type": "Point",
        "coordinates": [
          152.31892,
          -24.887964
        ]
      },
      "properties": {
        "retailer": "Specsavers",
        "store_id": "specsavers-3378",
        "name": "Bundaberg Sugarland",
        "status": "Active",
        "state": "QLD",
        "suburb": "Avoca",
        "postcode": "4670",
        "full_address": "115 Takalvan Street, Shop 424 Sugarland Shoppingtown, Avoca, QLD, 4670",
        "phone": "(07) 4151 1196",
        "official_url": "https://www.specsavers.com.au/stores/bundabergsugarland",
        "services": "Optometry; Audiology",
        "audiology": "true",
        "venue_name": "",
        "venue_id": "",
        "location_type": "Shopping Centre",
        "classification_confidence": "Medium",
        "classification_basis": "Official address uses a shop/level format; venue name requires review",
        "store_area_sqm": "",
        "area_measure": "",
        "area_source": "",
        "area_date": "",
        "area_confidence": "Unknown",
        "source_url": "https://www.specsavers.com.au/stores/bundabergsugarland",
        "fetched_at": "2026-07-23T00:53:33.174Z"
      }
    },
    {
      "type": "Feature",
      "geometry": {
        "type": "Point",
        "coordinates": [
          152.9966,
          -27.98553
        ]
      },
      "properties": {
        "retailer": "Specsavers",
        "store_id": "specsavers-3285",
        "name": "Beaudesert Central",
        "status": "Active",
        "state": "QLD",
        "suburb": "Beaudesert",
        "postcode": "4285",
        "full_address": "Shop 3B Beaudesert Central S/C, 125-141 Brisbane Street, Beaudesert, QLD, 4285",
        "phone": "(07) 5541 1177",
        "official_url": "https://www.specsavers.com.au/stores/beaudesert",
        "services": "Optometry; Audiology",
        "audiology": "true",
        "venue_name": "",
        "venue_id": "",
        "location_type": "Shopping Centre",
        "classification_confidence": "High",
        "classification_basis": "Official name/address contains shopping-centre evidence",
        "store_area_sqm": "",
        "area_measure": "",
        "area_source": "",
        "area_date": "",
        "area_confidence": "Unknown",
        "source_url": "https://www.specsavers.com.au/stores/beaudesert",
        "fetched_at": "2026-07-23T00:53:33.174Z"
      }
    },
    {
      "type": "Feature",
      "geometry": {
        "type": "Point",
        "coordinates": [
          153.20769,
          -27.717701
        ]
      },
      "properties": {
        "retailer": "Specsavers",
        "store_id": "specsavers-3447",
        "name": "Beenleigh Marketplace",
        "status": "Active",
        "state": "QLD",
        "suburb": "Beenleigh",
        "postcode": "4207",
        "full_address": "Beenleigh Market Place, G002/114-118 George Street, Beenleigh, QLD, 4207",
        "phone": "(07) 3807 2683",
        "official_url": "https://www.specsavers.com.au/stores/beenleigh",
        "services": "Optometry; Audiology",
        "audiology": "true",
        "venue_name": "Beenleigh Marketplace",
        "venue_id": "qld-beenleigh-marketplace",
        "location_type": "Shopping Centre",
        "classification_confidence": "High",
        "classification_basis": "Official name/address contains shopping-centre evidence",
        "store_area_sqm": "",
        "area_measure": "",
        "area_source": "",
        "area_date": "",
        "area_confidence": "Unknown",
        "source_url": "https://www.specsavers.com.au/stores/beenleigh",
        "fetched_at": "2026-07-23T00:53:33.174Z"
      }
    },
    {
      "type": "Feature",
      "geometry": {
        "type": "Point",
        "coordinates": [
          152.95741,
          -26.856695
        ]
      },
      "properties": {
        "retailer": "Specsavers",
        "store_id": "specsavers-3207",
        "name": "Beerwah Village",
        "status": "Active",
        "state": "QLD",
        "suburb": "Beerwah",
        "postcode": "4519",
        "full_address": "Beerwah Village, Shop 6 & 7, Beerwah, QLD, 4519",
        "phone": "(07) 5494 0300",
        "official_url": "https://www.specsavers.com.au/stores/beerwah",
        "services": "Optometry; Audiology",
        "audiology": "true",
        "venue_name": "Beerwah Village",
        "venue_id": "qld-beerwah-village",
        "location_type": "Shopping Centre",
        "classification_confidence": "High",
        "classification_basis": "Official name/address contains shopping-centre evidence",
        "store_area_sqm": "",
        "area_measure": "",
        "area_source": "",
        "area_date": "",
        "area_confidence": "Unknown",
        "source_url": "https://www.specsavers.com.au/stores/beerwah",
        "fetched_at": "2026-07-23T00:53:33.174Z"
      }
    },
    {
      "type": "Feature",
      "geometry": {
        "type": "Point",
        "coordinates": [
          153.11627,
          -26.74019
        ]
      },
      "properties": {
        "retailer": "OPSM",
        "store_id": "opsm-2982",
        "name": "OPSM Birtinya",
        "status": "Active",
        "state": "QLD",
        "suburb": "Birtinya",
        "postcode": "4575",
        "full_address": "8 The Avenue, Birtinya, QLD, 4575",
        "phone": "(07) 5301 9276",
        "official_url": "https://www.opsm.com.au/en/opsm-au/find-store",
        "services": "Collect & Return",
        "audiology": "false",
        "venue_name": "",
        "venue_id": "",
        "location_type": "Main Street / Street-front",
        "classification_confidence": "Medium",
        "classification_basis": "Official address is a numbered or corner street address without centre evidence",
        "store_area_sqm": "",
        "area_measure": "",
        "area_source": "",
        "area_date": "",
        "area_confidence": "Unknown",
        "source_url": "https://www.opsm.com.au/en/opsm-au/find-store",
        "fetched_at": "2026-07-23T00:26:21+00:00"
      }
    },
    {
      "type": "Feature",
      "geometry": {
        "type": "Point",
        "coordinates": [
          153.15753,
          -27.063889
        ]
      },
      "properties": {
        "retailer": "Specsavers",
        "store_id": "specsavers-3619",
        "name": "Bribie Island",
        "status": "Active",
        "state": "QLD",
        "suburb": "Bongaree",
        "postcode": "4507",
        "full_address": "Shop 23, Bribie Island Shopping Centre, 239-255 Goodwin Dr, Bongaree, QLD, 4507",
        "phone": "(07) 3475 3070",
        "official_url": "https://www.specsavers.com.au/stores/bribieisland",
        "services": "Optometry; Audiology",
        "audiology": "true",
        "venue_name": "Bribie Island Shopping Centre",
        "venue_id": "qld-bribie-island",
        "location_type": "Shopping Centre",
        "classification_confidence": "High",
        "classification_basis": "Official name/address contains shopping-centre evidence",
        "store_area_sqm": "",
        "area_measure": "",
        "area_source": "",
        "area_date": "",
        "area_confidence": "Unknown",
        "source_url": "https://www.specsavers.com.au/stores/bribieisland",
        "fetched_at": "2026-07-23T00:53:33.174Z"
      }
    },
    {
      "type": "Feature",
      "geometry": {
        "type": "Point",
        "coordinates": [
          152.78985,
          -27.61489
        ]
      },
      "properties": {
        "retailer": "OPSM",
        "store_id": "opsm-1065",
        "name": "OPSM Booval",
        "status": "Active",
        "state": "QLD",
        "suburb": "Booval",
        "postcode": "4304",
        "full_address": "139 Brisbane Rd, Booval, QLD, 4304",
        "phone": "(07) 3281 2360",
        "official_url": "https://www.opsm.com.au/en/opsm-au/find-store",
        "services": "Collect & Return",
        "audiology": "false",
        "venue_name": "",
        "venue_id": "",
        "location_type": "Main Street / Street-front",
        "classification_confidence": "Medium",
        "classification_basis": "Official address is a numbered or corner street address without centre evidence",
        "store_area_sqm": "",
        "area_measure": "",
        "area_source": "",
        "area_date": "",
        "area_confidence": "Unknown",
        "source_url": "https://www.opsm.com.au/en/opsm-au/find-store",
        "fetched_at": "2026-07-23T00:26:21+00:00"
      }
    },
    {
      "type": "Feature",
      "geometry": {
        "type": "Point",
        "coordinates": [
          153.0276745,
          -27.4681543
        ]
      },
      "properties": {
        "retailer": "Bailey Nelson",
        "store_id": "bailey-nelson-brisbane-macarthur",
        "name": "Bailey Nelson Brisbane MacArthur",
        "status": "Active",
        "state": "QLD",
        "suburb": "Brisbane",
        "postcode": "4000",
        "full_address": "255 Queen St, Brisbane, QLD, 4000",
        "phone": "+61737093763",
        "official_url": "https://baileynelson.com.au/pages/optometrist-brisbane-macarthur",
        "services": "Optometry Services; Bulk-Billed Eye Tests; Private Eye Tests from $65; Contact Lens Eye Tests; Visual Fields Testing; Ultra-wide retinal imaging; Optical & Sunglass styling; Free frame adjustments",
        "audiology": "false",
        "venue_name": "",
        "venue_id": "",
        "location_type": "Main Street / Street-front",
        "classification_confidence": "Medium",
        "classification_basis": "Official address is a numbered or corner street address without centre evidence",
        "store_area_sqm": "",
        "area_measure": "",
        "area_source": "",
        "area_date": "",
        "area_confidence": "Unknown",
        "source_url": "https://baileynelson.com.au/pages/optometrist-brisbane-macarthur",
        "fetched_at": "2026-07-23T01:01:27+00:00"
      }
    },
    {
      "type": "Feature",
      "geometry": {
        "type": "Point",
        "coordinates": [
          153.02556,
          -27.47015
        ]
      },
      "properties": {
        "retailer": "OPSM",
        "store_id": "opsm-1513",
        "name": "OPSM Albert St Brisbane",
        "status": "Active",
        "state": "QLD",
        "suburb": "Brisbane",
        "postcode": "4000",
        "full_address": "186 Albert St, Brisbane, QLD, 4000",
        "phone": "(07) 3229 2200",
        "official_url": "https://www.opsm.com.au/en/opsm-au/find-store",
        "services": "Collect & Return",
        "audiology": "false",
        "venue_name": "",
        "venue_id": "",
        "location_type": "Main Street / Street-front",
        "classification_confidence": "Medium",
        "classification_basis": "Official address is a numbered or corner street address without centre evidence",
        "store_area_sqm": "",
        "area_measure": "",
        "area_source": "",
        "area_date": "",
        "area_confidence": "Unknown",
        "source_url": "https://www.opsm.com.au/en/opsm-au/find-store",
        "fetched_at": "2026-07-23T00:26:21+00:00"
      }
    },
    {
      "type": "Feature",
      "geometry": {
        "type": "Point",
        "coordinates": [
          153.02646,
          -27.46945
        ]
      },
      "properties": {
        "retailer": "OPSM",
        "store_id": "opsm-1464",
        "name": "OPSM Wintergarden",
        "status": "Active",
        "state": "QLD",
        "suburb": "Brisbane",
        "postcode": "4000",
        "full_address": "170-209 Queen St, Brisbane, QLD, 4000",
        "phone": "(07) 3221 1158",
        "official_url": "https://www.opsm.com.au/en/opsm-au/find-store",
        "services": "Collect & Return",
        "audiology": "false",
        "venue_name": "",
        "venue_id": "",
        "location_type": "Main Street / Street-front",
        "classification_confidence": "Medium",
        "classification_basis": "Official address is a numbered or corner street address without centre evidence",
        "store_area_sqm": "",
        "area_measure": "",
        "area_source": "",
        "area_date": "",
        "area_confidence": "Unknown",
        "source_url": "https://www.opsm.com.au/en/opsm-au/find-store",
        "fetched_at": "2026-07-23T00:26:21+00:00"
      }
    },
    {
      "type": "Feature",
      "geometry": {
        "type": "Point",
        "coordinates": [
          153.02873,
          -27.467556
        ]
      },
      "properties": {
        "retailer": "Specsavers",
        "store_id": "specsavers-3527",
        "name": "Brisbane - Creek Street",
        "status": "Active",
        "state": "QLD",
        "suburb": "Brisbane",
        "postcode": "4000",
        "full_address": "Shop 4, 307 Queen Street, Brisbane, QLD, 4000",
        "phone": "(07) 3117 2700",
        "official_url": "https://www.specsavers.com.au/stores/brisbanecbdeast",
        "services": "Optometry; Audiology",
        "audiology": "true",
        "venue_name": "",
        "venue_id": "",
        "location_type": "Shopping Centre",
        "classification_confidence": "Medium",
        "classification_basis": "Official address uses a shop/level format; venue name requires review",
        "store_area_sqm": "",
        "area_measure": "",
        "area_source": "",
        "area_date": "",
        "area_confidence": "Unknown",
        "source_url": "https://www.specsavers.com.au/stores/brisbanecbdeast",
        "fetched_at": "2026-07-23T00:53:33.174Z"
      }
    },
    {
      "type": "Feature",
      "geometry": {
        "type": "Point",
        "coordinates": [
          153.02559,
          -27.469778
        ]
      },
      "properties": {
        "retailer": "Specsavers",
        "store_id": "specsavers-3432",
        "name": "Brisbane CBD - Albert St",
        "status": "Active",
        "state": "QLD",
        "suburb": "Brisbane",
        "postcode": "4000",
        "full_address": "197 Albert St, Brisbane, QLD, 4000",
        "phone": "(07) 3211 4355",
        "official_url": "https://www.specsavers.com.au/stores/brisbanecbd",
        "services": "Optometry",
        "audiology": "false",
        "venue_name": "",
        "venue_id": "",
        "location_type": "Main Street / Street-front",
        "classification_confidence": "Medium",
        "classification_basis": "Official address is a numbered or corner street address without centre evidence",
        "store_area_sqm": "",
        "area_measure": "",
        "area_source": "",
        "area_date": "",
        "area_confidence": "Unknown",
        "source_url": "https://www.specsavers.com.au/stores/brisbanecbd",
        "fetched_at": "2026-07-23T00:53:33.174Z"
      }
    },
    {
      "type": "Feature",
      "geometry": {
        "type": "Point",
        "coordinates": [
          153.4266806,
          -28.0370278
        ]
      },
      "properties": {
        "retailer": "Bailey Nelson",
        "store_id": "bailey-nelson-gold-coast",
        "name": "Bailey Nelson Gold Coast Pacific Fair",
        "status": "Active",
        "state": "QLD",
        "suburb": "Broadbeach",
        "postcode": "4218",
        "full_address": "32 Hooker Boulevard, Broadbeach, QLD, 4218",
        "phone": "+61756168866",
        "official_url": "https://baileynelson.com.au/pages/optometrist-gold-coast",
        "services": "Optometry Services; Bulk-Billed Eye Tests; Private Eye Tests from $65; Contact Lens Eye Tests; Visual Fields Testing; Ultra-wide retinal imaging; Optical & Sunglass styling; Free frame adjustments",
        "audiology": "false",
        "venue_name": "Gold Coast Pacific Fair",
        "venue_id": "qld-coast-fair-gold-pacific",
        "location_type": "Shopping Centre",
        "classification_confidence": "High",
        "classification_basis": "Official name/address contains shopping-centre evidence",
        "store_area_sqm": "",
        "area_measure": "",
        "area_source": "",
        "area_date": "",
        "area_confidence": "Unknown",
        "source_url": "https://baileynelson.com.au/pages/optometrist-gold-coast",
        "fetched_at": "2026-07-23T01:01:27+00:00"
      }
    },
    {
      "type": "Feature",
      "geometry": {
        "type": "Point",
        "coordinates": [
          153.42698,
          -28.03722
        ]
      },
      "properties": {
        "retailer": "OPSM",
        "store_id": "opsm-1495",
        "name": "OPSM Pacific Fair",
        "status": "Active",
        "state": "QLD",
        "suburb": "Broadbeach",
        "postcode": "4218",
        "full_address": "2 Hooker Blvd, Broadbeach, QLD, 4218",
        "phone": "(07) 5570 6204",
        "official_url": "https://www.opsm.com.au/en/opsm-au/find-store",
        "services": "Dry Eye, Collect & Return",
        "audiology": "false",
        "venue_name": "Pacific Fair",
        "venue_id": "qld-fair-pacific",
        "location_type": "Shopping Centre",
        "classification_confidence": "High",
        "classification_basis": "Official name/address contains shopping-centre evidence",
        "store_area_sqm": "",
        "area_measure": "",
        "area_source": "",
        "area_date": "",
        "area_confidence": "Unknown",
        "source_url": "https://www.opsm.com.au/en/opsm-au/find-store",
        "fetched_at": "2026-07-23T00:26:21+00:00"
      }
    },
    {
      "type": "Feature",
      "geometry": {
        "type": "Point",
        "coordinates": [
          153.42802,
          -28.036512
        ]
      },
      "properties": {
        "retailer": "Specsavers",
        "store_id": "specsavers-3562",
        "name": "Pacific Fair",
        "status": "Active",
        "state": "QLD",
        "suburb": "Broadbeach",
        "postcode": "4218",
        "full_address": "Pacific Fair Shopping Centre, Hooker Boulevard, Broadbeach, QLD, 4218",
        "phone": "(07) 5526 9377",
        "official_url": "https://www.specsavers.com.au/stores/broadbeach",
        "services": "Optometry",
        "audiology": "false",
        "venue_name": "Pacific Fair",
        "venue_id": "qld-fair-pacific",
        "location_type": "Shopping Centre",
        "classification_confidence": "High",
        "classification_basis": "Official name/address contains shopping-centre evidence",
        "store_area_sqm": "",
        "area_measure": "",
        "area_source": "",
        "area_date": "",
        "area_confidence": "Unknown",
        "source_url": "https://www.specsavers.com.au/stores/broadbeach",
        "fetched_at": "2026-07-23T00:53:33.174Z"
      }
    },
    {
      "type": "Feature",
      "geometry": {
        "type": "Point",
        "coordinates": [
          153.04105,
          -27.66249
        ]
      },
      "properties": {
        "retailer": "OPSM",
        "store_id": "opsm-1357",
        "name": "OPSM Browns Plains",
        "status": "Active",
        "state": "QLD",
        "suburb": "Browns Plains",
        "postcode": "4118",
        "full_address": "27-29 Browns Plains Rd, Browns Plains, QLD, 4118",
        "phone": "(07) 3800 6911",
        "official_url": "https://www.opsm.com.au/en/opsm-au/find-store",
        "services": "Collect & Return",
        "audiology": "false",
        "venue_name": "",
        "venue_id": "",
        "location_type": "Main Street / Street-front",
        "classification_confidence": "Medium",
        "classification_basis": "Official address is a numbered or corner street address without centre evidence",
        "store_area_sqm": "",
        "area_measure": "",
        "area_source": "",
        "area_date": "",
        "area_confidence": "Unknown",
        "source_url": "https://www.opsm.com.au/en/opsm-au/find-store",
        "fetched_at": "2026-07-23T00:26:21+00:00"
      }
    },
    {
      "type": "Feature",
      "geometry": {
        "type": "Point",
        "coordinates": [
          153.04227,
          -27.662798
        ]
      },
      "properties": {
        "retailer": "Specsavers",
        "store_id": "specsavers-3411",
        "name": "Browns Plains -Grand Plaza S/C",
        "status": "Active",
        "state": "QLD",
        "suburb": "Browns Plains",
        "postcode": "4118",
        "full_address": "GF062, Grand Plaza Shopping Center, Grand Plaza Dr, Browns Plains, QLD, 4118",
        "phone": "(07) 3809 2897",
        "official_url": "https://www.specsavers.com.au/stores/brownsplains",
        "services": "Optometry",
        "audiology": "false",
        "venue_name": "Browns Plains -Grand Plaza Shopping Centre",
        "venue_id": "qld-browns-grand-plains-plaza",
        "location_type": "Shopping Centre",
        "classification_confidence": "High",
        "classification_basis": "Official name/address contains shopping-centre evidence",
        "store_area_sqm": "",
        "area_measure": "",
        "area_source": "",
        "area_date": "",
        "area_confidence": "Unknown",
        "source_url": "https://www.specsavers.com.au/stores/brownsplains",
        "fetched_at": "2026-07-23T00:53:33.174Z"
      }
    },
    {
      "type": "Feature",
      "geometry": {
        "type": "Point",
        "coordinates": [
          153.12945,
          -26.70449
        ]
      },
      "properties": {
        "retailer": "OPSM",
        "store_id": "opsm-7059",
        "name": "OPSM Kawana Waters",
        "status": "Active",
        "state": "QLD",
        "suburb": "Buddina",
        "postcode": "4575",
        "full_address": "119 Point Cartwright Dr, Buddina, QLD, 4575",
        "phone": "(07) 5478 1864",
        "official_url": "https://www.opsm.com.au/en/opsm-au/find-store",
        "services": "",
        "audiology": "false",
        "venue_name": "",
        "venue_id": "",
        "location_type": "Unclassified",
        "classification_confidence": "Low",
        "classification_basis": "Insufficient official venue or street evidence",
        "store_area_sqm": "",
        "area_measure": "",
        "area_source": "",
        "area_date": "",
        "area_confidence": "Unknown",
        "source_url": "https://www.opsm.com.au/en/opsm-au/find-store",
        "fetched_at": "2026-07-23T00:26:21+00:00"
      }
    },
    {
      "type": "Feature",
      "geometry": {
        "type": "Point",
        "coordinates": [
          153.13101,
          -26.70294
        ]
      },
      "properties": {
        "retailer": "Specsavers",
        "store_id": "specsavers-3202",
        "name": "Kawana Shoppingworld",
        "status": "Active",
        "state": "QLD",
        "suburb": "Buddina",
        "postcode": "4575",
        "full_address": "Kawana Shopping World, Shop 383-384, 119 Point Cartwright Dr, Buddina, QLD, 4575",
        "phone": "(07) 5444 2655",
        "official_url": "https://www.specsavers.com.au/stores/kawana",
        "services": "Optometry; Audiology",
        "audiology": "true",
        "venue_name": "",
        "venue_id": "",
        "location_type": "Shopping Centre",
        "classification_confidence": "Medium",
        "classification_basis": "Official address uses a shop/level format; venue name requires review",
        "store_area_sqm": "",
        "area_measure": "",
        "area_source": "",
        "area_date": "",
        "area_confidence": "Unknown",
        "source_url": "https://www.specsavers.com.au/stores/kawana",
        "fetched_at": "2026-07-23T00:53:33.174Z"
      }
    },
    {
      "type": "Feature",
      "geometry": {
        "type": "Point",
        "coordinates": [
          153.0494,
          -26.68759
        ]
      },
      "properties": {
        "retailer": "Specsavers",
        "store_id": "specsavers-3205",
        "name": "Buderim Marketplace",
        "status": "Active",
        "state": "QLD",
        "suburb": "Buderim",
        "postcode": "4556",
        "full_address": "Shop 10, Buderim Marketplace, 67 Burnett St, Buderim, QLD, 4556",
        "phone": "(07) 5445 4254",
        "official_url": "https://www.specsavers.com.au/stores/buderim",
        "services": "Optometry; Audiology",
        "audiology": "true",
        "venue_name": "Buderim Marketplace",
        "venue_id": "qld-buderim-marketplace",
        "location_type": "Shopping Centre",
        "classification_confidence": "High",
        "classification_basis": "Official name/address contains shopping-centre evidence",
        "store_area_sqm": "",
        "area_measure": "",
        "area_source": "",
        "area_date": "",
        "area_confidence": "Unknown",
        "source_url": "https://www.specsavers.com.au/stores/buderim",
        "fetched_at": "2026-07-23T00:53:33.174Z"
      }
    },
    {
      "type": "Feature",
      "geometry": {
        "type": "Point",
        "coordinates": [
          152.34968,
          -24.87208
        ]
      },
      "properties": {
        "retailer": "OPSM",
        "store_id": "opsm-1111",
        "name": "OPSM Bundaberg Hinkler",
        "status": "Active",
        "state": "QLD",
        "suburb": "Bundaberg",
        "postcode": "4670",
        "full_address": "16 Maryborough St, Bundaberg, QLD, 4670",
        "phone": "(07) 4152 4377",
        "official_url": "https://www.opsm.com.au/en/opsm-au/find-store",
        "services": "Collect & Return",
        "audiology": "false",
        "venue_name": "",
        "venue_id": "",
        "location_type": "Main Street / Street-front",
        "classification_confidence": "Medium",
        "classification_basis": "Official address is a numbered or corner street address without centre evidence",
        "store_area_sqm": "",
        "area_measure": "",
        "area_source": "",
        "area_date": "",
        "area_confidence": "Unknown",
        "source_url": "https://www.opsm.com.au/en/opsm-au/find-store",
        "fetched_at": "2026-07-23T00:26:21+00:00"
      }
    },
    {
      "type": "Feature",
      "geometry": {
        "type": "Point",
        "coordinates": [
          152.31848,
          -24.88723
        ]
      },
      "properties": {
        "retailer": "OPSM",
        "store_id": "opsm-1386",
        "name": "OPSM Bundaberg Sugarland",
        "status": "Active",
        "state": "QLD",
        "suburb": "Bundaberg",
        "postcode": "4670",
        "full_address": "115 - 119 Takalvan St, Bundaberg, QLD, 4670",
        "phone": "(07) 4151 7131",
        "official_url": "https://www.opsm.com.au/en/opsm-au/find-store",
        "services": "Collect & Return",
        "audiology": "false",
        "venue_name": "",
        "venue_id": "",
        "location_type": "Main Street / Street-front",
        "classification_confidence": "Medium",
        "classification_basis": "Official address is a numbered or corner street address without centre evidence",
        "store_area_sqm": "",
        "area_measure": "",
        "area_source": "",
        "area_date": "",
        "area_confidence": "Unknown",
        "source_url": "https://www.opsm.com.au/en/opsm-au/find-store",
        "fetched_at": "2026-07-23T00:26:21+00:00"
      }
    },
    {
      "type": "Feature",
      "geometry": {
        "type": "Point",
        "coordinates": [
          152.34973,
          -24.871937
        ]
      },
      "properties": {
        "retailer": "Specsavers",
        "store_id": "specsavers-3646",
        "name": "Bundaberg Hinkler",
        "status": "Active",
        "state": "QLD",
        "suburb": "Bundaberg Central",
        "postcode": "4670",
        "full_address": "16 Maryborough St, Tenancy 5, Bundaberg Central, QLD, 4670",
        "phone": "(07) 4151 1196",
        "official_url": "https://www.specsavers.com.au/stores/bundaberghinkler",
        "services": "Optometry; Audiology",
        "audiology": "true",
        "venue_name": "",
        "venue_id": "",
        "location_type": "Main Street / Street-front",
        "classification_confidence": "Medium",
        "classification_basis": "Official address is a numbered or corner street address without centre evidence",
        "store_area_sqm": "",
        "area_measure": "",
        "area_source": "",
        "area_date": "",
        "area_confidence": "Unknown",
        "source_url": "https://www.specsavers.com.au/stores/bundaberghinkler",
        "fetched_at": "2026-07-23T00:53:33.174Z"
      }
    },
    {
      "type": "Feature",
      "geometry": {
        "type": "Point",
        "coordinates": [
          153.4511243,
          -28.089137
        ]
      },
      "properties": {
        "retailer": "Bailey Nelson",
        "store_id": "bailey-nelson-burleigh-heads",
        "name": "Bailey Nelson Burleigh Heads",
        "status": "Active",
        "state": "QLD",
        "suburb": "Burleigh Heads",
        "postcode": "4220",
        "full_address": "15-17 James Street, Burleigh Heads, QLD, 4220",
        "phone": "+61 7 5690 5060",
        "official_url": "https://baileynelson.com.au/pages/optometrist-burleigh-heads",
        "services": "Optometry Services; Bulk-Billed Eye Tests; Private Eye Tests from $65; Contact Lens Eye Tests; Visual Fields Testing; Ultra-wide retinal imaging; Optical & Sunglass styling; Free frame adjustments",
        "audiology": "false",
        "venue_name": "",
        "venue_id": "",
        "location_type": "Main Street / Street-front",
        "classification_confidence": "Medium",
        "classification_basis": "Official address is a numbered or corner street address without centre evidence",
        "store_area_sqm": "",
        "area_measure": "",
        "area_source": "",
        "area_date": "",
        "area_confidence": "Unknown",
        "source_url": "https://baileynelson.com.au/pages/optometrist-burleigh-heads",
        "fetched_at": "2026-07-23T01:01:27+00:00"
      }
    },
    {
      "type": "Feature",
      "geometry": {
        "type": "Point",
        "coordinates": [
          153.44072,
          -28.09723
        ]
      },
      "properties": {
        "retailer": "OPSM",
        "store_id": "opsm-1085",
        "name": "OPSM Burleigh Heads",
        "status": "Active",
        "state": "QLD",
        "suburb": "Burleigh Heads",
        "postcode": "4220",
        "full_address": "149 West Burleigh Rd, Burleigh Heads, QLD, 4220",
        "phone": "(07) 5568 7023",
        "official_url": "https://www.opsm.com.au/en/opsm-au/find-store",
        "services": "Collect & Return",
        "audiology": "false",
        "venue_name": "",
        "venue_id": "",
        "location_type": "Main Street / Street-front",
        "classification_confidence": "Medium",
        "classification_basis": "Official address is a numbered or corner street address without centre evidence",
        "store_area_sqm": "",
        "area_measure": "",
        "area_source": "",
        "area_date": "",
        "area_confidence": "Unknown",
        "source_url": "https://www.opsm.com.au/en/opsm-au/find-store",
        "fetched_at": "2026-07-23T00:26:21+00:00"
      }
    },
    {
      "type": "Feature",
      "geometry": {
        "type": "Point",
        "coordinates": [
          153.44109,
          -28.097614
        ]
      },
      "properties": {
        "retailer": "Specsavers",
        "store_id": "specsavers-3225",
        "name": "Burleigh Heads Stockland",
        "status": "Active",
        "state": "QLD",
        "suburb": "Burleigh Heads",
        "postcode": "4220",
        "full_address": "Shop 93, Stockland Shopping Centre, 149 W Burleigh Rd, Burleigh Heads, QLD, 4220",
        "phone": "(07) 5535 6131",
        "official_url": "https://www.specsavers.com.au/stores/westburleigh",
        "services": "Optometry; Audiology",
        "audiology": "true",
        "venue_name": "Stockland Shopping Centre",
        "venue_id": "qld-stockland",
        "location_type": "Shopping Centre",
        "classification_confidence": "High",
        "classification_basis": "Official name/address contains shopping-centre evidence",
        "store_area_sqm": "",
        "area_measure": "",
        "area_source": "",
        "area_date": "",
        "area_confidence": "Unknown",
        "source_url": "https://www.specsavers.com.au/stores/westburleigh",
        "fetched_at": "2026-07-23T00:53:33.174Z"
      }
    },
    {
      "type": "Feature",
      "geometry": {
        "type": "Point",
        "coordinates": [
          145.77232,
          -16.9244
        ]
      },
      "properties": {
        "retailer": "OPSM",
        "store_id": "opsm-1336",
        "name": "OPSM Cairns Central",
        "status": "Active",
        "state": "QLD",
        "suburb": "Cairns",
        "postcode": "4870",
        "full_address": "1-21 Mcleod St, Cairns, QLD, 4870",
        "phone": "(07) 4051 1666",
        "official_url": "https://www.opsm.com.au/en/opsm-au/find-store",
        "services": "Collect & Return",
        "audiology": "false",
        "venue_name": "",
        "venue_id": "",
        "location_type": "Main Street / Street-front",
        "classification_confidence": "Medium",
        "classification_basis": "Official address is a numbered or corner street address without centre evidence",
        "store_area_sqm": "",
        "area_measure": "",
        "area_source": "",
        "area_date": "",
        "area_confidence": "Unknown",
        "source_url": "https://www.opsm.com.au/en/opsm-au/find-store",
        "fetched_at": "2026-07-23T00:26:21+00:00"
      }
    },
    {
      "type": "Feature",
      "geometry": {
        "type": "Point",
        "coordinates": [
          145.69179,
          -16.83688
        ]
      },
      "properties": {
        "retailer": "OPSM",
        "store_id": "opsm-1237",
        "name": "OPSM Smithfield",
        "status": "Active",
        "state": "QLD",
        "suburb": "Cairns",
        "postcode": "4878",
        "full_address": "Captain Cook Hwy & Kennedy Hwy, Cairns, QLD, 4878",
        "phone": "(07) 4038 2555",
        "official_url": "https://www.opsm.com.au/en/opsm-au/find-store",
        "services": "Collect & Return",
        "audiology": "false",
        "venue_name": "",
        "venue_id": "",
        "location_type": "Main Street / Street-front",
        "classification_confidence": "Low",
        "classification_basis": "Official address contains street evidence but needs review",
        "store_area_sqm": "",
        "area_measure": "",
        "area_source": "",
        "area_date": "",
        "area_confidence": "Unknown",
        "source_url": "https://www.opsm.com.au/en/opsm-au/find-store",
        "fetched_at": "2026-07-23T00:26:21+00:00"
      }
    },
    {
      "type": "Feature",
      "geometry": {
        "type": "Point",
        "coordinates": [
          145.77147,
          -16.92384
        ]
      },
      "properties": {
        "retailer": "Specsavers",
        "store_id": "specsavers-3223",
        "name": "Cairns S/C",
        "status": "Active",
        "state": "QLD",
        "suburb": "Cairns City",
        "postcode": "4870",
        "full_address": "Shop 128-129, Level 1, Cairns Central S/C, Spence Street, Cairns City, QLD, 4870",
        "phone": "(07) 4031 1310",
        "official_url": "https://www.specsavers.com.au/stores/cairns",
        "services": "Optometry; Audiology",
        "audiology": "true",
        "venue_name": "Cairns Shopping Centre",
        "venue_id": "qld-cairns",
        "location_type": "Shopping Centre",
        "classification_confidence": "High",
        "classification_basis": "Official name/address contains shopping-centre evidence",
        "store_area_sqm": "",
        "area_measure": "",
        "area_source": "",
        "area_date": "",
        "area_confidence": "Unknown",
        "source_url": "https://www.specsavers.com.au/stores/cairns",
        "fetched_at": "2026-07-23T00:53:33.174Z"
      }
    },
    {
      "type": "Feature",
      "geometry": {
        "type": "Point",
        "coordinates": [
          153.12537,
          -26.80295
        ]
      },
      "properties": {
        "retailer": "OPSM",
        "store_id": "opsm-1385",
        "name": "OPSM Caloundra",
        "status": "Active",
        "state": "QLD",
        "suburb": "Caloundra",
        "postcode": "4551",
        "full_address": "47 Bowman Rd, Caloundra, QLD, 4551",
        "phone": "(07) 5491 5507",
        "official_url": "https://www.opsm.com.au/en/opsm-au/find-store",
        "services": "Collect & Return",
        "audiology": "false",
        "venue_name": "",
        "venue_id": "",
        "location_type": "Main Street / Street-front",
        "classification_confidence": "Medium",
        "classification_basis": "Official address is a numbered or corner street address without centre evidence",
        "store_area_sqm": "",
        "area_measure": "",
        "area_source": "",
        "area_date": "",
        "area_confidence": "Unknown",
        "source_url": "https://www.opsm.com.au/en/opsm-au/find-store",
        "fetched_at": "2026-07-23T00:26:21+00:00"
      }
    },
    {
      "type": "Feature",
      "geometry": {
        "type": "Point",
        "coordinates": [
          153.12498,
          -26.802908
        ]
      },
      "properties": {
        "retailer": "Specsavers",
        "store_id": "specsavers-3692",
        "name": "Caloundra",
        "status": "Active",
        "state": "QLD",
        "suburb": "Caloundra",
        "postcode": "4551",
        "full_address": "Shop 5, Caloundra Shopping Centre, 47 Bowman Road, Caloundra, QLD, 4551",
        "phone": "(07) 5222 4080",
        "official_url": "https://www.specsavers.com.au/stores/caloundra",
        "services": "Optometry; Audiology",
        "audiology": "true",
        "venue_name": "Caloundra Shopping Centre",
        "venue_id": "qld-caloundra",
        "location_type": "Shopping Centre",
        "classification_confidence": "High",
        "classification_basis": "Official name/address contains shopping-centre evidence",
        "store_area_sqm": "",
        "area_measure": "",
        "area_source": "",
        "area_date": "",
        "area_confidence": "Unknown",
        "source_url": "https://www.specsavers.com.au/stores/caloundra",
        "fetched_at": "2026-07-23T00:53:33.174Z"
      }
    },
    {
      "type": "Feature",
      "geometry": {
        "type": "Point",
        "coordinates": [
          153.09844,
          -27.47144
        ]
      },
      "properties": {
        "retailer": "OPSM",
        "store_id": "opsm-1264",
        "name": "OPSM Cannon Hill",
        "status": "Active",
        "state": "QLD",
        "suburb": "Cannon Hill",
        "postcode": "4170",
        "full_address": "Wynnum Rd, Cannon Hill, QLD, 4170",
        "phone": "(07) 3899 3255",
        "official_url": "https://www.opsm.com.au/en/opsm-au/find-store",
        "services": "Collect & Return",
        "audiology": "false",
        "venue_name": "",
        "venue_id": "",
        "location_type": "Main Street / Street-front",
        "classification_confidence": "Low",
        "classification_basis": "Official address contains street evidence but needs review",
        "store_area_sqm": "",
        "area_measure": "",
        "area_source": "",
        "area_date": "",
        "area_confidence": "Unknown",
        "source_url": "https://www.opsm.com.au/en/opsm-au/find-store",
        "fetched_at": "2026-07-23T00:26:21+00:00"
      }
    },
    {
      "type": "Feature",
      "geometry": {
        "type": "Point",
        "coordinates": [
          153.0974,
          -27.471205
        ]
      },
      "properties": {
        "retailer": "Specsavers",
        "store_id": "specsavers-3658",
        "name": "Cannon Hill",
        "status": "Active",
        "state": "QLD",
        "suburb": "Cannon Hill",
        "postcode": "4170",
        "full_address": "Shop 6, Cannon Hill Kmart Plaza, Cnr Creek & Wynnum Roads, Cannon Hill, QLD, 4170",
        "phone": "(07) 3187 7522",
        "official_url": "https://www.specsavers.com.au/stores/cannonhill",
        "services": "Optometry; Audiology",
        "audiology": "true",
        "venue_name": "Cannon Hill Kmart Plaza",
        "venue_id": "qld-cannon-hill-kmart-plaza",
        "location_type": "Shopping Centre",
        "classification_confidence": "High",
        "classification_basis": "Official name/address contains shopping-centre evidence",
        "store_area_sqm": "",
        "area_measure": "",
        "area_source": "",
        "area_date": "",
        "area_confidence": "Unknown",
        "source_url": "https://www.specsavers.com.au/stores/cannonhill",
        "fetched_at": "2026-07-23T00:53:33.174Z"
      }
    },
    {
      "type": "Feature",
      "geometry": {
        "type": "Point",
        "coordinates": [
          148.67459,
          -20.290306
        ]
      },
      "properties": {
        "retailer": "Specsavers",
        "store_id": "specsavers-3541",
        "name": "Cannonvale",
        "status": "Active",
        "state": "QLD",
        "suburb": "Cannonvale",
        "postcode": "4802",
        "full_address": "Shop SP019/20, Whitsunday Plaza, 8 Galbraith Park Drive, Cannonvale, QLD, 4802",
        "phone": "(07) 4948 3407",
        "official_url": "https://www.specsavers.com.au/stores/cannonvale",
        "services": "Optometry; Audiology",
        "audiology": "true",
        "venue_name": "Whitsunday Plaza",
        "venue_id": "qld-plaza-whitsunday",
        "location_type": "Shopping Centre",
        "classification_confidence": "High",
        "classification_basis": "Official name/address contains shopping-centre evidence",
        "store_area_sqm": "",
        "area_measure": "",
        "area_source": "",
        "area_date": "",
        "area_confidence": "Unknown",
        "source_url": "https://www.specsavers.com.au/stores/cannonvale",
        "fetched_at": "2026-07-23T00:53:33.174Z"
      }
    },
    {
      "type": "Feature",
      "geometry": {
        "type": "Point",
        "coordinates": [
          153.19055,
          -27.52421
        ]
      },
      "properties": {
        "retailer": "OPSM",
        "store_id": "opsm-1246",
        "name": "OPSM Capalaba Park",
        "status": "Active",
        "state": "QLD",
        "suburb": "Capalaba",
        "postcode": "4157",
        "full_address": "Cnr Mt Cotton Rd & Redland Bay Rd, Capalaba, QLD, 4157",
        "phone": "(07) 3823 3061",
        "official_url": "https://www.opsm.com.au/en/opsm-au/find-store",
        "services": "Collect & Return",
        "audiology": "false",
        "venue_name": "",
        "venue_id": "",
        "location_type": "Main Street / Street-front",
        "classification_confidence": "Medium",
        "classification_basis": "Official address is a numbered or corner street address without centre evidence",
        "store_area_sqm": "",
        "area_measure": "",
        "area_source": "",
        "area_date": "",
        "area_confidence": "Unknown",
        "source_url": "https://www.opsm.com.au/en/opsm-au/find-store",
        "fetched_at": "2026-07-23T00:26:21+00:00"
      }
    },
    {
      "type": "Feature",
      "geometry": {
        "type": "Point",
        "coordinates": [
          153.19586,
          -27.527485
        ]
      },
      "properties": {
        "retailer": "Specsavers",
        "store_id": "specsavers-3374",
        "name": "Capalaba Park S/C",
        "status": "Active",
        "state": "QLD",
        "suburb": "Capalaba",
        "postcode": "4157",
        "full_address": "Capalaba Park Shopping Centre, Shop 92, Cnr Mt Cotton & Redland Bay Road, Capalaba, QLD, 4157",
        "phone": "(07) 3245 3952",
        "official_url": "https://www.specsavers.com.au/stores/capalaba",
        "services": "Optometry; Audiology",
        "audiology": "true",
        "venue_name": "Capalaba Park Shopping Centre",
        "venue_id": "qld-capalaba-park",
        "location_type": "Shopping Centre",
        "classification_confidence": "High",
        "classification_basis": "Official name/address contains shopping-centre evidence",
        "store_area_sqm": "",
        "area_measure": "",
        "area_source": "",
        "area_date": "",
        "area_confidence": "Unknown",
        "source_url": "https://www.specsavers.com.au/stores/capalaba",
        "fetched_at": "2026-07-23T00:53:33.174Z"
      }
    },
    {
      "type": "Feature",
      "geometry": {
        "type": "Point",
        "coordinates": [
          153.1019762,
          -27.5029969
        ]
      },
      "properties": {
        "retailer": "Bailey Nelson",
        "store_id": "bailey-nelson-carindale",
        "name": "Bailey Nelson Carindale",
        "status": "Active",
        "state": "QLD",
        "suburb": "Carindale",
        "postcode": "4152",
        "full_address": "1151 Creek Rd, Carindale, QLD, 4152",
        "phone": "+61737093760",
        "official_url": "https://baileynelson.com.au/pages/optometrist-carindale",
        "services": "Optometry Services; Bulk-Billed Eye Tests; Private Eye Tests from $65; Contact Lens Eye Tests; Visual Fields Testing; Ultra-wide retinal imaging; Optical & Sunglass styling; Free frame adjustments",
        "audiology": "false",
        "venue_name": "Carindale",
        "venue_id": "qld-carindale",
        "location_type": "Shopping Centre",
        "classification_confidence": "High",
        "classification_basis": "Official name/address contains shopping-centre evidence",
        "store_area_sqm": "",
        "area_measure": "",
        "area_source": "",
        "area_date": "",
        "area_confidence": "Unknown",
        "source_url": "https://baileynelson.com.au/pages/optometrist-carindale",
        "fetched_at": "2026-07-23T01:01:27+00:00"
      }
    },
    {
      "type": "Feature",
      "geometry": {
        "type": "Point",
        "coordinates": [
          153.10197,
          -27.50309
        ]
      },
      "properties": {
        "retailer": "OPSM",
        "store_id": "opsm-1266",
        "name": "OPSM Carindale",
        "status": "Active",
        "state": "QLD",
        "suburb": "Carindale",
        "postcode": "4152",
        "full_address": "1151 Creek Rd, Carindale, QLD, 4152",
        "phone": "(07) 3398 9911",
        "official_url": "https://www.opsm.com.au/en/opsm-au/find-store",
        "services": "Dry Eye, Collect & Return",
        "audiology": "false",
        "venue_name": "Carindale",
        "venue_id": "qld-carindale",
        "location_type": "Shopping Centre",
        "classification_confidence": "High",
        "classification_basis": "Official name/address contains shopping-centre evidence",
        "store_area_sqm": "",
        "area_measure": "",
        "area_source": "",
        "area_date": "",
        "area_confidence": "Unknown",
        "source_url": "https://www.opsm.com.au/en/opsm-au/find-store",
        "fetched_at": "2026-07-23T00:26:21+00:00"
      }
    },
    {
      "type": "Feature",
      "geometry": {
        "type": "Point",
        "coordinates": [
          153.10129,
          -27.504248
        ]
      },
      "properties": {
        "retailer": "Specsavers",
        "store_id": "specsavers-3246",
        "name": "Carindale Westfield",
        "status": "Active",
        "state": "QLD",
        "suburb": "Carindale",
        "postcode": "4152",
        "full_address": "Carindale Westfield, 1151 Creek Road, Carindale, QLD, 4152",
        "phone": "(07) 3398 5866",
        "official_url": "https://www.specsavers.com.au/stores/carindale",
        "services": "Optometry; Audiology",
        "audiology": "true",
        "venue_name": "Carindale Westfield",
        "venue_id": "qld-carindale-westfield",
        "location_type": "Shopping Centre",
        "classification_confidence": "High",
        "classification_basis": "Official name/address contains shopping-centre evidence",
        "store_area_sqm": "",
        "area_measure": "",
        "area_source": "",
        "area_date": "",
        "area_confidence": "Unknown",
        "source_url": "https://www.specsavers.com.au/stores/carindale",
        "fetched_at": "2026-07-23T00:53:33.174Z"
      }
    },
    {
      "type": "Feature",
      "geometry": {
        "type": "Point",
        "coordinates": [
          153.0329081,
          -27.3813595
        ]
      },
      "properties": {
        "retailer": "Bailey Nelson",
        "store_id": "bailey-nelson-chermside",
        "name": "Bailey Nelson Chermside",
        "status": "Active",
        "state": "QLD",
        "suburb": "Chermside",
        "postcode": "4032",
        "full_address": "Shop 1380, Westfield Chermside, Chermside, QLD, 4032",
        "phone": "+61737093766",
        "official_url": "https://baileynelson.com.au/pages/optometrist-chermside",
        "services": "Optometry Services; Bulk-Billed Eye Tests; Private Eye Tests from $65; Contact Lens Eye Tests; Visual Fields Testing; Ultra-wide retinal imaging; Optical & Sunglass styling; Free frame adjustments",
        "audiology": "false",
        "venue_name": "Chermside",
        "venue_id": "qld-chermside",
        "location_type": "Shopping Centre",
        "classification_confidence": "High",
        "classification_basis": "Official name/address contains shopping-centre evidence",
        "store_area_sqm": "",
        "area_measure": "",
        "area_source": "",
        "area_date": "",
        "area_confidence": "Unknown",
        "source_url": "https://baileynelson.com.au/pages/optometrist-chermside",
        "fetched_at": "2026-07-23T01:01:27+00:00"
      }
    },
    {
      "type": "Feature",
      "geometry": {
        "type": "Point",
        "coordinates": [
          153.03289,
          -27.3828
        ]
      },
      "properties": {
        "retailer": "OPSM",
        "store_id": "opsm-1346",
        "name": "OPSM Chermside",
        "status": "Active",
        "state": "QLD",
        "suburb": "Chermside",
        "postcode": "4032",
        "full_address": "Cnr Gympie Rd & Hamilton Rd, Chermside, QLD, 4032",
        "phone": "(07) 3350 1166",
        "official_url": "https://www.opsm.com.au/en/opsm-au/find-store",
        "services": "Dry Eye, Collect & Return",
        "audiology": "false",
        "venue_name": "Chermside",
        "venue_id": "qld-chermside",
        "location_type": "Shopping Centre",
        "classification_confidence": "High",
        "classification_basis": "Official name/address contains shopping-centre evidence",
        "store_area_sqm": "",
        "area_measure": "",
        "area_source": "",
        "area_date": "",
        "area_confidence": "Unknown",
        "source_url": "https://www.opsm.com.au/en/opsm-au/find-store",
        "fetched_at": "2026-07-23T00:26:21+00:00"
      }
    },
    {
      "type": "Feature",
      "geometry": {
        "type": "Point",
        "coordinates": [
          153.03311,
          -27.381393
        ]
      },
      "properties": {
        "retailer": "Specsavers",
        "store_id": "specsavers-3393",
        "name": "Chermside Westfield",
        "status": "Active",
        "state": "QLD",
        "suburb": "Chermside",
        "postcode": "4032",
        "full_address": "Shop 396A Gympie Road, Chermside, QLD, 4032",
        "phone": "(07) 3861 4533",
        "official_url": "https://www.specsavers.com.au/stores/chermside",
        "services": "Optometry; Audiology",
        "audiology": "true",
        "venue_name": "Chermside Westfield",
        "venue_id": "qld-chermside-westfield",
        "location_type": "Shopping Centre",
        "classification_confidence": "High",
        "classification_basis": "Official name/address contains shopping-centre evidence",
        "store_area_sqm": "",
        "area_measure": "",
        "area_source": "",
        "area_date": "",
        "area_confidence": "Unknown",
        "source_url": "https://www.specsavers.com.au/stores/chermside",
        "fetched_at": "2026-07-23T00:53:33.174Z"
      }
    },
    {
      "type": "Feature",
      "geometry": {
        "type": "Point",
        "coordinates": [
          153.26853,
          -27.52634
        ]
      },
      "properties": {
        "retailer": "OPSM",
        "store_id": "opsm-1337",
        "name": "OPSM Cleveland",
        "status": "Active",
        "state": "QLD",
        "suburb": "Cleveland",
        "postcode": "4163",
        "full_address": "91 Middle St, Cleveland, QLD, 4163",
        "phone": "(07) 3286 4399",
        "official_url": "https://www.opsm.com.au/en/opsm-au/find-store",
        "services": "Collect & Return",
        "audiology": "false",
        "venue_name": "",
        "venue_id": "",
        "location_type": "Main Street / Street-front",
        "classification_confidence": "Medium",
        "classification_basis": "Official address is a numbered or corner street address without centre evidence",
        "store_area_sqm": "",
        "area_measure": "",
        "area_source": "",
        "area_date": "",
        "area_confidence": "Unknown",
        "source_url": "https://www.opsm.com.au/en/opsm-au/find-store",
        "fetched_at": "2026-07-23T00:26:21+00:00"
      }
    },
    {
      "type": "Feature",
      "geometry": {
        "type": "Point",
        "coordinates": [
          153.26834,
          -27.526537
        ]
      },
      "properties": {
        "retailer": "Specsavers",
        "store_id": "specsavers-3607",
        "name": "Cleveland S/C",
        "status": "Active",
        "state": "QLD",
        "suburb": "Cleveland",
        "postcode": "4163",
        "full_address": "Shop 82, Cleveland Central, 90/91 Middle St, Cleveland, QLD, 4163",
        "phone": "(07) 3461 7215",
        "official_url": "https://www.specsavers.com.au/stores/cleveland",
        "services": "Optometry; Audiology",
        "audiology": "true",
        "venue_name": "Cleveland Shopping Centre",
        "venue_id": "qld-cleveland",
        "location_type": "Shopping Centre",
        "classification_confidence": "High",
        "classification_basis": "Official name/address contains shopping-centre evidence",
        "store_area_sqm": "",
        "area_measure": "",
        "area_source": "",
        "area_date": "",
        "area_confidence": "Unknown",
        "source_url": "https://www.specsavers.com.au/stores/cleveland",
        "fetched_at": "2026-07-23T00:53:33.174Z"
      }
    },
    {
      "type": "Feature",
      "geometry": {
        "type": "Point",
        "coordinates": [
          153.3144519,
          -27.8527529
        ]
      },
      "properties": {
        "retailer": "Bailey Nelson",
        "store_id": "bailey-nelson-coomera",
        "name": "Bailey Nelson Coomera",
        "status": "Active",
        "state": "QLD",
        "suburb": "Coomera",
        "postcode": "4209",
        "full_address": "103 Foxwell Rd, Coomera, QLD, 4209",
        "phone": "+61756060742",
        "official_url": "https://baileynelson.com.au/pages/optometrist-coomera",
        "services": "Optometry Services; Bulk-Billed Eye Tests; Private Eye Tests from $65; Contact Lens Eye Tests; Visual Fields Testing; Ultra-wide retinal imaging; Optical & Sunglass styling; Free frame adjustments",
        "audiology": "false",
        "venue_name": "",
        "venue_id": "",
        "location_type": "Main Street / Street-front",
        "classification_confidence": "Medium",
        "classification_basis": "Official address is a numbered or corner street address without centre evidence",
        "store_area_sqm": "",
        "area_measure": "",
        "area_source": "",
        "area_date": "",
        "area_confidence": "Unknown",
        "source_url": "https://baileynelson.com.au/pages/optometrist-coomera",
        "fetched_at": "2026-07-23T01:01:27+00:00"
      }
    },
    {
      "type": "Feature",
      "geometry": {
        "type": "Point",
        "coordinates": [
          153.31484,
          -27.85372
        ]
      },
      "properties": {
        "retailer": "OPSM",
        "store_id": "opsm-2974",
        "name": "OPSM Coomera",
        "status": "Active",
        "state": "QLD",
        "suburb": "Coomera",
        "postcode": "4209",
        "full_address": "Foxwell Rd, Coomera, QLD, 4209",
        "phone": "(07) 5613 0298",
        "official_url": "https://www.opsm.com.au/en/opsm-au/find-store",
        "services": "Kids Vision Centre, Collect & Return",
        "audiology": "false",
        "venue_name": "",
        "venue_id": "",
        "location_type": "Main Street / Street-front",
        "classification_confidence": "Low",
        "classification_basis": "Official address contains street evidence but needs review",
        "store_area_sqm": "",
        "area_measure": "",
        "area_source": "",
        "area_date": "",
        "area_confidence": "Unknown",
        "source_url": "https://www.opsm.com.au/en/opsm-au/find-store",
        "fetched_at": "2026-07-23T00:26:21+00:00"
      }
    },
    {
      "type": "Feature",
      "geometry": {
        "type": "Point",
        "coordinates": [
          153.31526,
          -27.853813
        ]
      },
      "properties": {
        "retailer": "Specsavers",
        "store_id": "specsavers-3591",
        "name": "Coomera",
        "status": "Active",
        "state": "QLD",
        "suburb": "Coomera",
        "postcode": "4209",
        "full_address": "Shop 1048, Westfield Coomera, Coomera, QLD, 4209",
        "phone": "(07) 3556 7672",
        "official_url": "https://www.specsavers.com.au/stores/coomera",
        "services": "Optometry",
        "audiology": "false",
        "venue_name": "Westfield Coomera",
        "venue_id": "qld-coomera-westfield",
        "location_type": "Shopping Centre",
        "classification_confidence": "High",
        "classification_basis": "Official name/address contains shopping-centre evidence",
        "store_area_sqm": "",
        "area_measure": "",
        "area_source": "",
        "area_date": "",
        "area_confidence": "Unknown",
        "source_url": "https://www.specsavers.com.au/stores/coomera",
        "fetched_at": "2026-07-23T00:53:33.174Z"
      }
    },
    {
      "type": "Feature",
      "geometry": {
        "type": "Point",
        "coordinates": [
          153.12225,
          -26.77259
        ]
      },
      "properties": {
        "retailer": "Specsavers",
        "store_id": "specsavers-3206",
        "name": "Currimundi Markets",
        "status": "Active",
        "state": "QLD",
        "suburb": "Currimundi",
        "postcode": "4551",
        "full_address": "11/Lot 1 Bellara Drive, Currimundi, QLD, 4551",
        "phone": "(07) 5437 6311",
        "official_url": "https://www.specsavers.com.au/stores/currimundi",
        "services": "Optometry",
        "audiology": "false",
        "venue_name": "",
        "venue_id": "",
        "location_type": "Main Street / Street-front",
        "classification_confidence": "Medium",
        "classification_basis": "Official address is a numbered or corner street address without centre evidence",
        "store_area_sqm": "",
        "area_measure": "",
        "area_source": "",
        "area_date": "",
        "area_confidence": "Unknown",
        "source_url": "https://www.specsavers.com.au/stores/currimundi",
        "fetched_at": "2026-07-23T00:53:33.174Z"
      }
    },
    {
      "type": "Feature",
      "geometry": {
        "type": "Point",
        "coordinates": [
          145.74073,
          -16.94349
        ]
      },
      "properties": {
        "retailer": "OPSM",
        "store_id": "opsm-1162",
        "name": "OPSM Earlville",
        "status": "Active",
        "state": "QLD",
        "suburb": "Earlville",
        "postcode": "4870",
        "full_address": "537 Mulgrave Rd, Earlville, QLD, 4870",
        "phone": "(07) 4033 0407",
        "official_url": "https://www.opsm.com.au/en/opsm-au/find-store",
        "services": "Collect & Return",
        "audiology": "false",
        "venue_name": "",
        "venue_id": "",
        "location_type": "Main Street / Street-front",
        "classification_confidence": "Medium",
        "classification_basis": "Official address is a numbered or corner street address without centre evidence",
        "store_area_sqm": "",
        "area_measure": "",
        "area_source": "",
        "area_date": "",
        "area_confidence": "Unknown",
        "source_url": "https://www.opsm.com.au/en/opsm-au/find-store",
        "fetched_at": "2026-07-23T00:26:21+00:00"
      }
    },
    {
      "type": "Feature",
      "geometry": {
        "type": "Point",
        "coordinates": [
          145.74045,
          -16.943556
        ]
      },
      "properties": {
        "retailer": "Specsavers",
        "store_id": "specsavers-3437",
        "name": "Cairns Earlville",
        "status": "Active",
        "state": "QLD",
        "suburb": "Earlville",
        "postcode": "4870",
        "full_address": "Shop 102, Earlville Shopping Town, 537 Mulgrave Road, Earlville, QLD, 4870",
        "phone": "(07) 4033 7045",
        "official_url": "https://www.specsavers.com.au/stores/cairnsearlville",
        "services": "Optometry; Audiology",
        "audiology": "true",
        "venue_name": "",
        "venue_id": "",
        "location_type": "Shopping Centre",
        "classification_confidence": "Medium",
        "classification_basis": "Official address uses a shop/level format; venue name requires review",
        "store_area_sqm": "",
        "area_measure": "",
        "area_source": "",
        "area_date": "",
        "area_confidence": "Unknown",
        "source_url": "https://www.specsavers.com.au/stores/cairnsearlville",
        "fetched_at": "2026-07-23T00:53:33.174Z"
      }
    },
    {
      "type": "Feature",
      "geometry": {
        "type": "Point",
        "coordinates": [
          153.46946,
          -28.13485
        ]
      },
      "properties": {
        "retailer": "OPSM",
        "store_id": "opsm-1569",
        "name": "OPSM Elanora",
        "status": "Active",
        "state": "QLD",
        "suburb": "Elanora",
        "postcode": "4221",
        "full_address": "Guineas Creek Rd & Kp Mcgrath Dr, Elanora, QLD, 4221",
        "phone": "(07) 5598 1255",
        "official_url": "https://www.opsm.com.au/en/opsm-au/find-store",
        "services": "Collect & Return",
        "audiology": "false",
        "venue_name": "",
        "venue_id": "",
        "location_type": "Unclassified",
        "classification_confidence": "Low",
        "classification_basis": "Insufficient official venue or street evidence",
        "store_area_sqm": "",
        "area_measure": "",
        "area_source": "",
        "area_date": "",
        "area_confidence": "Unknown",
        "source_url": "https://www.opsm.com.au/en/opsm-au/find-store",
        "fetched_at": "2026-07-23T00:26:21+00:00"
      }
    },
    {
      "type": "Feature",
      "geometry": {
        "type": "Point",
        "coordinates": [
          153.46931,
          -28.13503
        ]
      },
      "properties": {
        "retailer": "Specsavers",
        "store_id": "specsavers-3568",
        "name": "Elanora",
        "status": "Active",
        "state": "QLD",
        "suburb": "Elanora",
        "postcode": "4221",
        "full_address": "The Pines Shopping Centre, Cnr Guineas Creek Road and KP McGrath Drive, Elanora, QLD, 4221",
        "phone": "(07) 5534 1777",
        "official_url": "https://www.specsavers.com.au/stores/elanora",
        "services": "Optometry; Audiology",
        "audiology": "true",
        "venue_name": "The Pines Shopping Centre",
        "venue_id": "qld-pines-the",
        "location_type": "Shopping Centre",
        "classification_confidence": "High",
        "classification_basis": "Official name/address contains shopping-centre evidence",
        "store_area_sqm": "",
        "area_measure": "",
        "area_source": "",
        "area_date": "",
        "area_confidence": "Unknown",
        "source_url": "https://www.specsavers.com.au/stores/elanora",
        "fetched_at": "2026-07-23T00:53:33.174Z"
      }
    },
    {
      "type": "Feature",
      "geometry": {
        "type": "Point",
        "coordinates": [
          148.15594,
          -23.518412
        ]
      },
      "properties": {
        "retailer": "Specsavers",
        "store_id": "specsavers-3545",
        "name": "Emerald",
        "status": "Active",
        "state": "QLD",
        "suburb": "Emerald",
        "postcode": "4720",
        "full_address": "SP012/51-57 Hospital Road, Emerald, QLD, 4720",
        "phone": "(07) 4987 4122",
        "official_url": "https://www.specsavers.com.au/stores/emerald",
        "services": "Optometry; Audiology",
        "audiology": "true",
        "venue_name": "",
        "venue_id": "",
        "location_type": "Main Street / Street-front",
        "classification_confidence": "Medium",
        "classification_basis": "Official address is a numbered or corner street address without centre evidence",
        "store_area_sqm": "",
        "area_measure": "",
        "area_source": "",
        "area_date": "",
        "area_confidence": "Unknown",
        "source_url": "https://www.specsavers.com.au/stores/emerald",
        "fetched_at": "2026-07-23T00:53:33.174Z"
      }
    },
    {
      "type": "Feature",
      "geometry": {
        "type": "Point",
        "coordinates": [
          153.02425,
          -27.50919
        ]
      },
      "properties": {
        "retailer": "OPSM",
        "store_id": "opsm-7009",
        "name": "OPSM FAIRFIELD",
        "status": "Active",
        "state": "QLD",
        "suburb": "Fairfield",
        "postcode": "4103",
        "full_address": "Cnr Fairfield Rd & Brougham St, Fairfield, QLD, 4103",
        "phone": "(07) 3846 2433",
        "official_url": "https://www.opsm.com.au/en/opsm-au/find-store",
        "services": "Dry Eye",
        "audiology": "false",
        "venue_name": "",
        "venue_id": "",
        "location_type": "Main Street / Street-front",
        "classification_confidence": "Medium",
        "classification_basis": "Official address is a numbered or corner street address without centre evidence",
        "store_area_sqm": "",
        "area_measure": "",
        "area_source": "",
        "area_date": "",
        "area_confidence": "Unknown",
        "source_url": "https://www.opsm.com.au/en/opsm-au/find-store",
        "fetched_at": "2026-07-23T00:26:21+00:00"
      }
    },
    {
      "type": "Feature",
      "geometry": {
        "type": "Point",
        "coordinates": [
          153.02585,
          -27.509064
        ]
      },
      "properties": {
        "retailer": "Specsavers",
        "store_id": "specsavers-3643",
        "name": "Fairfield Gardens",
        "status": "Active",
        "state": "QLD",
        "suburb": "Fairfield",
        "postcode": "4103",
        "full_address": "180 Fairfield Rd, Fairfield QLD 4103, T23 / 25 Fairfield Gardens Shopping Centre, Fairfield, QLD, 4103",
        "phone": "(07) 3130 4001",
        "official_url": "https://www.specsavers.com.au/stores/fairfieldgardens",
        "services": "Optometry; Audiology",
        "audiology": "true",
        "venue_name": "T23 / 25 Fairfield Gardens Shopping Centre",
        "venue_id": "qld-25-fairfield-gardens-t23",
        "location_type": "Shopping Centre",
        "classification_confidence": "High",
        "classification_basis": "Official name/address contains shopping-centre evidence",
        "store_area_sqm": "",
        "area_measure": "",
        "area_source": "",
        "area_date": "",
        "area_confidence": "Unknown",
        "source_url": "https://www.specsavers.com.au/stores/fairfieldgardens",
        "fetched_at": "2026-07-23T00:53:33.174Z"
      }
    },
    {
      "type": "Feature",
      "geometry": {
        "type": "Point",
        "coordinates": [
          153.0405923,
          -27.4575991
        ]
      },
      "properties": {
        "retailer": "Bailey Nelson",
        "store_id": "bailey-nelson-fortitude-valley",
        "name": "Bailey Nelson Fortitude Valley",
        "status": "Active",
        "state": "QLD",
        "suburb": "Fortitude Valley",
        "postcode": "4006",
        "full_address": "65 James Street, Fortitude Valley, QLD, 4006",
        "phone": "+61737093761",
        "official_url": "https://baileynelson.com.au/pages/optometrist-fortitude-valley",
        "services": "Optometry Services; Bulk-Billed Eye Tests; Private Eye Tests from $65; Contact Lens Eye Tests; Visual Fields Testing; Ultra-wide retinal imaging; Optical & Sunglass styling; Free frame adjustments",
        "audiology": "false",
        "venue_name": "",
        "venue_id": "",
        "location_type": "Main Street / Street-front",
        "classification_confidence": "Medium",
        "classification_basis": "Official address is a numbered or corner street address without centre evidence",
        "store_area_sqm": "",
        "area_measure": "",
        "area_source": "",
        "area_date": "",
        "area_confidence": "Unknown",
        "source_url": "https://baileynelson.com.au/pages/optometrist-fortitude-valley",
        "fetched_at": "2026-07-23T01:01:27+00:00"
      }
    },
    {
      "type": "Feature",
      "geometry": {
        "type": "Point",
        "coordinates": [
          146.75835,
          -19.278137
        ]
      },
      "properties": {
        "retailer": "Specsavers",
        "store_id": "specsavers-3303",
        "name": "Townsville Domain Central",
        "status": "Active",
        "state": "QLD",
        "suburb": "Garbutt",
        "postcode": "4814",
        "full_address": "Shop G1 Domain Central, Duckworth St, Garbutt, QLD, 4814",
        "phone": "(07) 4728 3299",
        "official_url": "https://www.specsavers.com.au/stores/townsville",
        "services": "Optometry",
        "audiology": "false",
        "venue_name": "",
        "venue_id": "",
        "location_type": "Shopping Centre",
        "classification_confidence": "Medium",
        "classification_basis": "Official address uses a shop/level format; venue name requires review",
        "store_area_sqm": "",
        "area_measure": "",
        "area_source": "",
        "area_date": "",
        "area_confidence": "Unknown",
        "source_url": "https://www.specsavers.com.au/stores/townsville",
        "fetched_at": "2026-07-23T00:53:33.174Z"
      }
    },
    {
      "type": "Feature",
      "geometry": {
        "type": "Point",
        "coordinates": [
          151.24266,
          -23.87023
        ]
      },
      "properties": {
        "retailer": "OPSM",
        "store_id": "opsm-1588",
        "name": "OPSM Gladstone",
        "status": "Active",
        "state": "QLD",
        "suburb": "Gladstone",
        "postcode": "4680",
        "full_address": "Cnr Dawson Hwy & Philip St, Gladstone, QLD, 4680",
        "phone": "(07) 4978 6421",
        "official_url": "https://www.opsm.com.au/en/opsm-au/find-store",
        "services": "Kids Vision Centre, Collect & Return",
        "audiology": "false",
        "venue_name": "",
        "venue_id": "",
        "location_type": "Main Street / Street-front",
        "classification_confidence": "Medium",
        "classification_basis": "Official address is a numbered or corner street address without centre evidence",
        "store_area_sqm": "",
        "area_measure": "",
        "area_source": "",
        "area_date": "",
        "area_confidence": "Unknown",
        "source_url": "https://www.opsm.com.au/en/opsm-au/find-store",
        "fetched_at": "2026-07-23T00:26:21+00:00"
      }
    },
    {
      "type": "Feature",
      "geometry": {
        "type": "Point",
        "coordinates": [
          152.6674,
          -26.199356
        ]
      },
      "properties": {
        "retailer": "Specsavers",
        "store_id": "specsavers-3487",
        "name": "Gympie Central",
        "status": "Active",
        "state": "QLD",
        "suburb": "Gympie",
        "postcode": "4570",
        "full_address": "Gympie Central, Cnr Bruce Highway & Excelsior Road, Gympie, QLD, 4570",
        "phone": "(07) 5481 2953",
        "official_url": "https://www.specsavers.com.au/stores/gympie",
        "services": "Optometry; Audiology",
        "audiology": "true",
        "venue_name": "",
        "venue_id": "",
        "location_type": "Main Street / Street-front",
        "classification_confidence": "Medium",
        "classification_basis": "Official address is a numbered or corner street address without centre evidence",
        "store_area_sqm": "",
        "area_measure": "",
        "area_source": "",
        "area_date": "",
        "area_confidence": "Unknown",
        "source_url": "https://www.specsavers.com.au/stores/gympie",
        "fetched_at": "2026-07-23T00:53:33.174Z"
      }
    },
    {
      "type": "Feature",
      "geometry": {
        "type": "Point",
        "coordinates": [
          153.33652,
          -27.926
        ]
      },
      "properties": {
        "retailer": "OPSM",
        "store_id": "opsm-1069",
        "name": "OPSM Helensvale Westfield",
        "status": "Active",
        "state": "QLD",
        "suburb": "Helensvale",
        "postcode": "4212",
        "full_address": "1-29 Millaroo Dr, Helensvale, QLD, 4212",
        "phone": "(07) 5580 3550",
        "official_url": "https://www.opsm.com.au/en/opsm-au/find-store",
        "services": "Collect & Return",
        "audiology": "false",
        "venue_name": "Helensvale Westfield",
        "venue_id": "qld-helensvale-westfield",
        "location_type": "Shopping Centre",
        "classification_confidence": "High",
        "classification_basis": "Official name/address contains shopping-centre evidence",
        "store_area_sqm": "",
        "area_measure": "",
        "area_source": "",
        "area_date": "",
        "area_confidence": "Unknown",
        "source_url": "https://www.opsm.com.au/en/opsm-au/find-store",
        "fetched_at": "2026-07-23T00:26:21+00:00"
      }
    },
    {
      "type": "Feature",
      "geometry": {
        "type": "Point",
        "coordinates": [
          153.33607,
          -27.92866
        ]
      },
      "properties": {
        "retailer": "Specsavers",
        "store_id": "specsavers-3387",
        "name": "Helensvale Westfield",
        "status": "Active",
        "state": "QLD",
        "suburb": "Helensvale",
        "postcode": "4212",
        "full_address": "1053/1 Millaroo Drive, Westfield Helensvale, Helensvale, QLD, 4212",
        "phone": "(07) 5580 1340",
        "official_url": "https://www.specsavers.com.au/stores/helensvale",
        "services": "Optometry",
        "audiology": "false",
        "venue_name": "Helensvale Westfield",
        "venue_id": "qld-helensvale-westfield",
        "location_type": "Shopping Centre",
        "classification_confidence": "High",
        "classification_basis": "Official name/address contains shopping-centre evidence",
        "store_area_sqm": "",
        "area_measure": "",
        "area_source": "",
        "area_date": "",
        "area_confidence": "Unknown",
        "source_url": "https://www.specsavers.com.au/stores/helensvale",
        "fetched_at": "2026-07-23T00:53:33.174Z"
      }
    },
    {
      "type": "Feature",
      "geometry": {
        "type": "Point",
        "coordinates": [
          152.83497,
          -25.29023
        ]
      },
      "properties": {
        "retailer": "OPSM",
        "store_id": "opsm-1465",
        "name": "OPSM Stocklands Hervey Bay",
        "status": "Active",
        "state": "QLD",
        "suburb": "Hervey Bay",
        "postcode": "4655",
        "full_address": "6 Central Ave, Hervey Bay, QLD, 4655",
        "phone": "(07) 4124 8355",
        "official_url": "https://www.opsm.com.au/en/opsm-au/find-store",
        "services": "Collect & Return",
        "audiology": "false",
        "venue_name": "",
        "venue_id": "",
        "location_type": "Main Street / Street-front",
        "classification_confidence": "Medium",
        "classification_basis": "Official address is a numbered or corner street address without centre evidence",
        "store_area_sqm": "",
        "area_measure": "",
        "area_source": "",
        "area_date": "",
        "area_confidence": "Unknown",
        "source_url": "https://www.opsm.com.au/en/opsm-au/find-store",
        "fetched_at": "2026-07-23T00:26:21+00:00"
      }
    },
    {
      "type": "Feature",
      "geometry": {
        "type": "Point",
        "coordinates": [
          146.8179,
          -19.3158
        ]
      },
      "properties": {
        "retailer": "OPSM",
        "store_id": "opsm-2958",
        "name": "OPSM Fairfield Central Townsville",
        "status": "Active",
        "state": "QLD",
        "suburb": "Idalia",
        "postcode": "4811",
        "full_address": "2/30 Lakeside Dr, Idalia, QLD, 4811",
        "phone": "(07) 4735 8721",
        "official_url": "https://www.opsm.com.au/en/opsm-au/find-store",
        "services": "Return",
        "audiology": "false",
        "venue_name": "",
        "venue_id": "",
        "location_type": "Unclassified",
        "classification_confidence": "Low",
        "classification_basis": "Insufficient official venue or street evidence",
        "store_area_sqm": "",
        "area_measure": "",
        "area_source": "",
        "area_date": "",
        "area_confidence": "Unknown",
        "source_url": "https://www.opsm.com.au/en/opsm-au/find-store",
        "fetched_at": "2026-07-23T00:26:21+00:00"
      }
    },
    {
      "type": "Feature",
      "geometry": {
        "type": "Point",
        "coordinates": [
          152.9730189,
          -27.499702
        ]
      },
      "properties": {
        "retailer": "Bailey Nelson",
        "store_id": "bailey-nelson-indooroopilly",
        "name": "Bailey Nelson Indooroopilly",
        "status": "Active",
        "state": "QLD",
        "suburb": "Indooroopilly",
        "postcode": "4608",
        "full_address": "322 Moggill Road, Indooroopilly, QLD, 4608",
        "phone": "+61737093764",
        "official_url": "https://baileynelson.com.au/pages/optometrist-indooroopilly",
        "services": "Optometry Services; Bulk-Billed Eye Tests; Private Eye Tests from $65; Contact Lens Eye Tests; Visual Fields Testing; Ultra-wide retinal imaging; Optical & Sunglass styling; Free frame adjustments",
        "audiology": "false",
        "venue_name": "Indooroopilly",
        "venue_id": "qld-indooroopilly",
        "location_type": "Shopping Centre",
        "classification_confidence": "High",
        "classification_basis": "Official name/address contains shopping-centre evidence",
        "store_area_sqm": "",
        "area_measure": "",
        "area_source": "",
        "area_date": "",
        "area_confidence": "Unknown",
        "source_url": "https://baileynelson.com.au/pages/optometrist-indooroopilly",
        "fetched_at": "2026-07-23T01:01:27+00:00"
      }
    },
    {
      "type": "Feature",
      "geometry": {
        "type": "Point",
        "coordinates": [
          152.97269,
          -27.49969
        ]
      },
      "properties": {
        "retailer": "OPSM",
        "store_id": "opsm-1277",
        "name": "OPSM Indooroopilly",
        "status": "Active",
        "state": "QLD",
        "suburb": "Indooroopilly",
        "postcode": "4068",
        "full_address": "322 Moggill Rd, Indooroopilly, QLD, 4068",
        "phone": "(07) 3378 4266",
        "official_url": "https://www.opsm.com.au/en/opsm-au/find-store",
        "services": "Dry Eye, Collect & Return",
        "audiology": "false",
        "venue_name": "Indooroopilly",
        "venue_id": "qld-indooroopilly",
        "location_type": "Shopping Centre",
        "classification_confidence": "High",
        "classification_basis": "Official name/address contains shopping-centre evidence",
        "store_area_sqm": "",
        "area_measure": "",
        "area_source": "",
        "area_date": "",
        "area_confidence": "Unknown",
        "source_url": "https://www.opsm.com.au/en/opsm-au/find-store",
        "fetched_at": "2026-07-23T00:26:21+00:00"
      }
    },
    {
      "type": "Feature",
      "geometry": {
        "type": "Point",
        "coordinates": [
          152.97255,
          -27.499659
        ]
      },
      "properties": {
        "retailer": "Specsavers",
        "store_id": "specsavers-3427",
        "name": "Indooroopilly S/C",
        "status": "Active",
        "state": "QLD",
        "suburb": "Indooroopilly",
        "postcode": "4068",
        "full_address": "Level 1, Indooroopilly Shopping Centre, 322 Moggill Road, Indooroopilly, QLD, 4068",
        "phone": "(07) 3720 1398",
        "official_url": "https://www.specsavers.com.au/stores/indooroopilly",
        "services": "Optometry",
        "audiology": "false",
        "venue_name": "Indooroopilly Shopping Centre",
        "venue_id": "qld-indooroopilly",
        "location_type": "Shopping Centre",
        "classification_confidence": "High",
        "classification_basis": "Official name/address contains shopping-centre evidence",
        "store_area_sqm": "",
        "area_measure": "",
        "area_source": "",
        "area_date": "",
        "area_confidence": "Unknown",
        "source_url": "https://www.specsavers.com.au/stores/indooroopilly",
        "fetched_at": "2026-07-23T00:53:33.174Z"
      }
    },
    {
      "type": "Feature",
      "geometry": {
        "type": "Point",
        "coordinates": [
          146.03101,
          -17.52497
        ]
      },
      "properties": {
        "retailer": "OPSM",
        "store_id": "opsm-1564",
        "name": "OPSM Innisfail",
        "status": "Active",
        "state": "QLD",
        "suburb": "Innisfail",
        "postcode": "4860",
        "full_address": "51-53 Edith Street, Innisfail, QLD, 4860",
        "phone": "(07) 4061 4244",
        "official_url": "https://www.opsm.com.au/en/opsm-au/find-store",
        "services": "Collect & Return",
        "audiology": "false",
        "venue_name": "",
        "venue_id": "",
        "location_type": "Main Street / Street-front",
        "classification_confidence": "Medium",
        "classification_basis": "Official address is a numbered or corner street address without centre evidence",
        "store_area_sqm": "",
        "area_measure": "",
        "area_source": "",
        "area_date": "",
        "area_confidence": "Unknown",
        "source_url": "https://www.opsm.com.au/en/opsm-au/find-store",
        "fetched_at": "2026-07-23T00:26:21+00:00"
      }
    },
    {
      "type": "Feature",
      "geometry": {
        "type": "Point",
        "coordinates": [
          152.75957,
          -27.609728
        ]
      },
      "properties": {
        "retailer": "Specsavers",
        "store_id": "specsavers-3362",
        "name": "Ipswich Riverlink S/C",
        "status": "Active",
        "state": "QLD",
        "suburb": "Ipswich",
        "postcode": "4305",
        "full_address": "Shop E4, Ipswich Riverlink Shopping Centre, Down Street & The Terrace, Ipswich, QLD, 4305",
        "phone": "(07) 3281 3411",
        "official_url": "https://www.specsavers.com.au/stores/ipswich",
        "services": "Optometry; Audiology",
        "audiology": "true",
        "venue_name": "Ipswich Riverlink Shopping Centre",
        "venue_id": "qld-ipswich-riverlink",
        "location_type": "Shopping Centre",
        "classification_confidence": "High",
        "classification_basis": "Official name/address contains shopping-centre evidence",
        "store_area_sqm": "",
        "area_measure": "",
        "area_source": "",
        "area_date": "",
        "area_confidence": "Unknown",
        "source_url": "https://www.specsavers.com.au/stores/ipswich",
        "fetched_at": "2026-07-23T00:53:33.174Z"
      }
    },
    {
      "type": "Feature",
      "geometry": {
        "type": "Point",
        "coordinates": [
          151.949,
          -27.59454
        ]
      },
      "properties": {
        "retailer": "Specsavers",
        "store_id": "specsavers-3687",
        "name": "Toowoomba Plaza",
        "status": "Active",
        "state": "QLD",
        "suburb": "Kearneys Spring",
        "postcode": "4350",
        "full_address": "Shop 3, 878 Ruthven Street, Kearneys Spring, QLD, 4350",
        "phone": "(07) 4633 0504",
        "official_url": "https://www.specsavers.com.au/stores/toowoomba-plaza",
        "services": "Optometry; Audiology",
        "audiology": "true",
        "venue_name": "Toowoomba Plaza",
        "venue_id": "qld-plaza-toowoomba",
        "location_type": "Shopping Centre",
        "classification_confidence": "High",
        "classification_basis": "Official name/address contains shopping-centre evidence",
        "store_area_sqm": "",
        "area_measure": "",
        "area_source": "",
        "area_date": "",
        "area_confidence": "Unknown",
        "source_url": "https://www.specsavers.com.au/stores/toowoomba-plaza",
        "fetched_at": "2026-07-23T00:53:33.174Z"
      }
    },
    {
      "type": "Feature",
      "geometry": {
        "type": "Point",
        "coordinates": [
          151.83693,
          -26.54158
        ]
      },
      "properties": {
        "retailer": "OPSM",
        "store_id": "opsm-1570",
        "name": "OPSM Kingaroy",
        "status": "Active",
        "state": "QLD",
        "suburb": "Kingaroy",
        "postcode": "4610",
        "full_address": "29 - 45 Alford St, Kingaroy, QLD, 4610",
        "phone": "(07) 4162 7444",
        "official_url": "https://www.opsm.com.au/en/opsm-au/find-store",
        "services": "Collect & Return",
        "audiology": "false",
        "venue_name": "",
        "venue_id": "",
        "location_type": "Main Street / Street-front",
        "classification_confidence": "Medium",
        "classification_basis": "Official address is a numbered or corner street address without centre evidence",
        "store_area_sqm": "",
        "area_measure": "",
        "area_source": "",
        "area_date": "",
        "area_confidence": "Unknown",
        "source_url": "https://www.opsm.com.au/en/opsm-au/find-store",
        "fetched_at": "2026-07-23T00:26:21+00:00"
      }
    },
    {
      "type": "Feature",
      "geometry": {
        "type": "Point",
        "coordinates": [
          151.83694,
          -26.541676
        ]
      },
      "properties": {
        "retailer": "Specsavers",
        "store_id": "specsavers-3603",
        "name": "Kingaroy Plaza",
        "status": "Active",
        "state": "QLD",
        "suburb": "Kingaroy",
        "postcode": "4610",
        "full_address": "Shop 36A Kingaroy Shopping Centre, 29-54 Alford St, Kingaroy, QLD, 4610",
        "phone": "(07) 3558 2266",
        "official_url": "https://www.specsavers.com.au/stores/kingaroy",
        "services": "Optometry",
        "audiology": "false",
        "venue_name": "Kingaroy Plaza",
        "venue_id": "qld-kingaroy-plaza",
        "location_type": "Shopping Centre",
        "classification_confidence": "High",
        "classification_basis": "Official name/address contains shopping-centre evidence",
        "store_area_sqm": "",
        "area_measure": "",
        "area_source": "",
        "area_date": "",
        "area_confidence": "Unknown",
        "source_url": "https://www.specsavers.com.au/stores/kingaroy",
        "fetched_at": "2026-07-23T00:53:33.174Z"
      }
    },
    {
      "type": "Feature",
      "geometry": {
        "type": "Point",
        "coordinates": [
          153.0882,
          -27.22489
        ]
      },
      "properties": {
        "retailer": "OPSM",
        "store_id": "opsm-2970",
        "name": "OPSM Kippa Ring",
        "status": "Active",
        "state": "QLD",
        "suburb": "Kippa-Ring",
        "postcode": "4021",
        "full_address": "272 Anzac Ave, Kippa-Ring, QLD, 4021",
        "phone": "(07) 3284 5811",
        "official_url": "https://www.opsm.com.au/en/opsm-au/find-store",
        "services": "Collect & Return",
        "audiology": "false",
        "venue_name": "",
        "venue_id": "",
        "location_type": "Main Street / Street-front",
        "classification_confidence": "Medium",
        "classification_basis": "Official address is a numbered or corner street address without centre evidence",
        "store_area_sqm": "",
        "area_measure": "",
        "area_source": "",
        "area_date": "",
        "area_confidence": "Unknown",
        "source_url": "https://www.opsm.com.au/en/opsm-au/find-store",
        "fetched_at": "2026-07-23T00:26:21+00:00"
      }
    },
    {
      "type": "Feature",
      "geometry": {
        "type": "Point",
        "coordinates": [
          153.0876,
          -27.225927
        ]
      },
      "properties": {
        "retailer": "Specsavers",
        "store_id": "specsavers-3461",
        "name": "Kippa-Ring - Peninsula Fair",
        "status": "Active",
        "state": "QLD",
        "suburb": "Kippa-Ring",
        "postcode": "4021",
        "full_address": "Shop 4A, Peninsula Fair Shopping Centre, 272 Anzac Ave, Kippa-Ring, QLD, 4021",
        "phone": "(07) 3889 3516",
        "official_url": "https://www.specsavers.com.au/stores/kipparing",
        "services": "Optometry; Audiology",
        "audiology": "true",
        "venue_name": "Peninsula Fair Shopping Centre",
        "venue_id": "qld-fair-peninsula",
        "location_type": "Shopping Centre",
        "classification_confidence": "High",
        "classification_basis": "Official name/address contains shopping-centre evidence",
        "store_area_sqm": "",
        "area_measure": "",
        "area_source": "",
        "area_date": "",
        "area_confidence": "Unknown",
        "source_url": "https://www.specsavers.com.au/stores/kipparing",
        "fetched_at": "2026-07-23T00:53:33.174Z"
      }
    },
    {
      "type": "Feature",
      "geometry": {
        "type": "Point",
        "coordinates": [
          146.72682,
          -19.31574
        ]
      },
      "properties": {
        "retailer": "OPSM",
        "store_id": "opsm-2283",
        "name": "OPSM Townsville The Willows",
        "status": "Active",
        "state": "QLD",
        "suburb": "Kirwan",
        "postcode": "4817",
        "full_address": "Thuringowa Dr, Kirwan, QLD, 4817",
        "phone": "(07) 4723 8500",
        "official_url": "https://www.opsm.com.au/en/opsm-au/find-store",
        "services": "Collect & Return",
        "audiology": "false",
        "venue_name": "",
        "venue_id": "",
        "location_type": "Unclassified",
        "classification_confidence": "Low",
        "classification_basis": "Insufficient official venue or street evidence",
        "store_area_sqm": "",
        "area_measure": "",
        "area_source": "",
        "area_date": "",
        "area_confidence": "Unknown",
        "source_url": "https://www.opsm.com.au/en/opsm-au/find-store",
        "fetched_at": "2026-07-23T00:26:21+00:00"
      }
    },
    {
      "type": "Feature",
      "geometry": {
        "type": "Point",
        "coordinates": [
          153.17096,
          -27.658688
        ]
      },
      "properties": {
        "retailer": "Specsavers",
        "store_id": "specsavers-3302",
        "name": "Logan Hyperdome",
        "status": "Active",
        "state": "QLD",
        "suburb": "Loganholme",
        "postcode": "4129",
        "full_address": "Shop 307 Logan Hyperdome, Cnr Pacific Highway and Bryants Rd, Loganholme, QLD, 4129",
        "phone": "(07) 3806 4728",
        "official_url": "https://www.specsavers.com.au/stores/loganholme",
        "services": "Optometry; Audiology",
        "audiology": "true",
        "venue_name": "",
        "venue_id": "",
        "location_type": "Shopping Centre",
        "classification_confidence": "Medium",
        "classification_basis": "Official address uses a shop/level format; venue name requires review",
        "store_area_sqm": "",
        "area_measure": "",
        "area_source": "",
        "area_date": "",
        "area_confidence": "Unknown",
        "source_url": "https://www.specsavers.com.au/stores/loganholme",
        "fetched_at": "2026-07-23T00:53:33.174Z"
      }
    },
    {
      "type": "Feature",
      "geometry": {
        "type": "Point",
        "coordinates": [
          153.03468,
          -27.422167
        ]
      },
      "properties": {
        "retailer": "Specsavers",
        "store_id": "specsavers-3653",
        "name": "Lutwyche",
        "status": "Active",
        "state": "QLD",
        "suburb": "Lutwyche",
        "postcode": "4030",
        "full_address": "Shop T3.26 HomeCo, 543 Lutwyche Road, Lutwyche, QLD, 4030",
        "phone": "(07) 3558 7448",
        "official_url": "https://www.specsavers.com.au/stores/lutwyche",
        "services": "Optometry; Audiology",
        "audiology": "true",
        "venue_name": "",
        "venue_id": "",
        "location_type": "Shopping Centre",
        "classification_confidence": "Medium",
        "classification_basis": "Official address uses a shop/level format; venue name requires review",
        "store_area_sqm": "",
        "area_measure": "",
        "area_source": "",
        "area_date": "",
        "area_confidence": "Unknown",
        "source_url": "https://www.specsavers.com.au/stores/lutwyche",
        "fetched_at": "2026-07-23T00:53:33.174Z"
      }
    },
    {
      "type": "Feature",
      "geometry": {
        "type": "Point",
        "coordinates": [
          149.1778,
          -21.13661
        ]
      },
      "properties": {
        "retailer": "OPSM",
        "store_id": "opsm-1295",
        "name": "OPSM Mackay",
        "status": "Active",
        "state": "QLD",
        "suburb": "Mackay",
        "postcode": "4740",
        "full_address": "Cnr Mangrove Rd & Victoria St, Mackay, QLD, 4740",
        "phone": "(07) 4953 0861",
        "official_url": "https://www.opsm.com.au/en/opsm-au/find-store",
        "services": "Collect & Return",
        "audiology": "false",
        "venue_name": "",
        "venue_id": "",
        "location_type": "Main Street / Street-front",
        "classification_confidence": "Medium",
        "classification_basis": "Official address is a numbered or corner street address without centre evidence",
        "store_area_sqm": "",
        "area_measure": "",
        "area_source": "",
        "area_date": "",
        "area_confidence": "Unknown",
        "source_url": "https://www.opsm.com.au/en/opsm-au/find-store",
        "fetched_at": "2026-07-23T00:26:21+00:00"
      }
    },
    {
      "type": "Feature",
      "geometry": {
        "type": "Point",
        "coordinates": [
          149.15872,
          -21.11892
        ]
      },
      "properties": {
        "retailer": "OPSM",
        "store_id": "opsm-2264",
        "name": "OPSM Mackay Mt Pleasant",
        "status": "Active",
        "state": "QLD",
        "suburb": "Mackay",
        "postcode": "4740",
        "full_address": "Cnr Phillip St & Bucasia Rd, Mackay, QLD, 4740",
        "phone": "(07) 4942 5161",
        "official_url": "https://www.opsm.com.au/en/opsm-au/find-store",
        "services": "Collect & Return",
        "audiology": "false",
        "venue_name": "",
        "venue_id": "",
        "location_type": "Main Street / Street-front",
        "classification_confidence": "Medium",
        "classification_basis": "Official address is a numbered or corner street address without centre evidence",
        "store_area_sqm": "",
        "area_measure": "",
        "area_source": "",
        "area_date": "",
        "area_confidence": "Unknown",
        "source_url": "https://www.opsm.com.au/en/opsm-au/find-store",
        "fetched_at": "2026-07-23T00:26:21+00:00"
      }
    },
    {
      "type": "Feature",
      "geometry": {
        "type": "Point",
        "coordinates": [
          149.17763,
          -21.138412
        ]
      },
      "properties": {
        "retailer": "Specsavers",
        "store_id": "specsavers-3404",
        "name": "Mackay Canelands S/C",
        "status": "Active",
        "state": "QLD",
        "suburb": "Mackay",
        "postcode": "4740",
        "full_address": "Shop GD2068-70, Caneland Central S/C, Cnr Victoria St & Mangrove Rd, Mackay, QLD, 4740",
        "phone": "(07) 4944 0016",
        "official_url": "https://www.specsavers.com.au/stores/mackaycanelands",
        "services": "Optometry; Audiology",
        "audiology": "true",
        "venue_name": "Mackay Canelands Shopping Centre",
        "venue_id": "qld-canelands-mackay",
        "location_type": "Shopping Centre",
        "classification_confidence": "High",
        "classification_basis": "Official name/address contains shopping-centre evidence",
        "store_area_sqm": "",
        "area_measure": "",
        "area_source": "",
        "area_date": "",
        "area_confidence": "Unknown",
        "source_url": "https://www.specsavers.com.au/stores/mackaycanelands",
        "fetched_at": "2026-07-23T00:53:33.174Z"
      }
    },
    {
      "type": "Feature",
      "geometry": {
        "type": "Point",
        "coordinates": [
          153.01491,
          -27.24073
        ]
      },
      "properties": {
        "retailer": "OPSM",
        "store_id": "opsm-2968",
        "name": "OPSM North Lakes",
        "status": "Active",
        "state": "QLD",
        "suburb": "Mango Hill",
        "postcode": "4509",
        "full_address": "Cnr Anzac Ave & North Lakes Dr, Mango Hill, QLD, 4509",
        "phone": "(07) 3482 2099",
        "official_url": "https://www.opsm.com.au/en/opsm-au/find-store",
        "services": "Kids Vision Centre, Collect & Return",
        "audiology": "false",
        "venue_name": "",
        "venue_id": "",
        "location_type": "Unclassified",
        "classification_confidence": "Low",
        "classification_basis": "Insufficient official venue or street evidence",
        "store_area_sqm": "",
        "area_measure": "",
        "area_source": "",
        "area_date": "",
        "area_confidence": "Unknown",
        "source_url": "https://www.opsm.com.au/en/opsm-au/find-store",
        "fetched_at": "2026-07-23T00:26:21+00:00"
      }
    },
    {
      "type": "Feature",
      "geometry": {
        "type": "Point",
        "coordinates": [
          153.08724,
          -26.65452
        ]
      },
      "properties": {
        "retailer": "OPSM",
        "store_id": "opsm-1263",
        "name": "OPSM Maroochydore",
        "status": "Active",
        "state": "QLD",
        "suburb": "Maroochydore",
        "postcode": "4558",
        "full_address": "154 - 164 Horton Pde, Maroochydore, QLD, 4558",
        "phone": "(07) 5479 3444",
        "official_url": "https://www.opsm.com.au/en/opsm-au/find-store",
        "services": "Audiology, Dry Eye, Collect & Return",
        "audiology": "true",
        "venue_name": "",
        "venue_id": "",
        "location_type": "Unclassified",
        "classification_confidence": "Low",
        "classification_basis": "Insufficient official venue or street evidence",
        "store_area_sqm": "",
        "area_measure": "",
        "area_source": "",
        "area_date": "",
        "area_confidence": "Unknown",
        "source_url": "https://www.opsm.com.au/en/opsm-au/find-store",
        "fetched_at": "2026-07-23T00:26:21+00:00"
      }
    },
    {
      "type": "Feature",
      "geometry": {
        "type": "Point",
        "coordinates": [
          153.08862,
          -26.65376
        ]
      },
      "properties": {
        "retailer": "Specsavers",
        "store_id": "specsavers-3201",
        "name": "Maroochydore Sunshine Plaza",
        "status": "Active",
        "state": "QLD",
        "suburb": "Maroochydore",
        "postcode": "4558",
        "full_address": "Shop 242/243, Sunshine Plaza, 154-164 Horton Parade, Maroochydore, QLD, 4558",
        "phone": "(07) 5443 7628",
        "official_url": "https://www.specsavers.com.au/stores/maroochydore",
        "services": "Optometry; Audiology",
        "audiology": "true",
        "venue_name": "Maroochydore Sunshine Plaza",
        "venue_id": "qld-maroochydore-plaza-sunshine",
        "location_type": "Shopping Centre",
        "classification_confidence": "High",
        "classification_basis": "Official name/address contains shopping-centre evidence",
        "store_area_sqm": "",
        "area_measure": "",
        "area_source": "",
        "area_date": "",
        "area_confidence": "Unknown",
        "source_url": "https://www.specsavers.com.au/stores/maroochydore",
        "fetched_at": "2026-07-23T00:53:33.174Z"
      }
    },
    {
      "type": "Feature",
      "geometry": {
        "type": "Point",
        "coordinates": [
          152.6974,
          -25.53782
        ]
      },
      "properties": {
        "retailer": "OPSM",
        "store_id": "opsm-1167",
        "name": "OPSM Maryborough",
        "status": "Active",
        "state": "QLD",
        "suburb": "Maryborough",
        "postcode": "4650",
        "full_address": "142 Lennox St, Maryborough, QLD, 4650",
        "phone": "(07) 4121 3214",
        "official_url": "https://www.opsm.com.au/en/opsm-au/find-store",
        "services": "Dry Eye, Collect & Return",
        "audiology": "false",
        "venue_name": "",
        "venue_id": "",
        "location_type": "Main Street / Street-front",
        "classification_confidence": "Medium",
        "classification_basis": "Official address is a numbered or corner street address without centre evidence",
        "store_area_sqm": "",
        "area_measure": "",
        "area_source": "",
        "area_date": "",
        "area_confidence": "Unknown",
        "source_url": "https://www.opsm.com.au/en/opsm-au/find-store",
        "fetched_at": "2026-07-23T00:26:21+00:00"
      }
    },
    {
      "type": "Feature",
      "geometry": {
        "type": "Point",
        "coordinates": [
          152.69807,
          -25.538109
        ]
      },
      "properties": {
        "retailer": "Specsavers",
        "store_id": "specsavers-3483",
        "name": "Maryborough",
        "status": "Active",
        "state": "QLD",
        "suburb": "Maryborough",
        "postcode": "4650",
        "full_address": "Shop 18 & 19, Station Square Shopping Centre, 142 Lennox Street, Maryborough, QLD, 4650",
        "phone": "(07) 4121 0684",
        "official_url": "https://www.specsavers.com.au/stores/maryborough",
        "services": "Optometry",
        "audiology": "false",
        "venue_name": "Station Square Shopping Centre",
        "venue_id": "qld-square-station",
        "location_type": "Shopping Centre",
        "classification_confidence": "High",
        "classification_basis": "Official name/address contains shopping-centre evidence",
        "store_area_sqm": "",
        "area_measure": "",
        "area_source": "",
        "area_date": "",
        "area_confidence": "Unknown",
        "source_url": "https://www.specsavers.com.au/stores/maryborough",
        "fetched_at": "2026-07-23T00:53:33.174Z"
      }
    },
    {
      "type": "Feature",
      "geometry": {
        "type": "Point",
        "coordinates": [
          152.98036,
          -27.40933
        ]
      },
      "properties": {
        "retailer": "OPSM",
        "store_id": "opsm-1119",
        "name": "OPSM Brookside",
        "status": "Active",
        "state": "QLD",
        "suburb": "Mitchelton",
        "postcode": "4053",
        "full_address": "Cnr Osborne Rd & Burwood Rd, Mitchelton, QLD, 4053",
        "phone": "(07) 3355 9388",
        "official_url": "https://www.opsm.com.au/en/opsm-au/find-store",
        "services": "Dry Eye, Collect & Return",
        "audiology": "false",
        "venue_name": "",
        "venue_id": "",
        "location_type": "Main Street / Street-front",
        "classification_confidence": "Medium",
        "classification_basis": "Official address is a numbered or corner street address without centre evidence",
        "store_area_sqm": "",
        "area_measure": "",
        "area_source": "",
        "area_date": "",
        "area_confidence": "Unknown",
        "source_url": "https://www.opsm.com.au/en/opsm-au/find-store",
        "fetched_at": "2026-07-23T00:26:21+00:00"
      }
    },
    {
      "type": "Feature",
      "geometry": {
        "type": "Point",
        "coordinates": [
          152.97922,
          -27.409336
        ]
      },
      "properties": {
        "retailer": "Specsavers",
        "store_id": "specsavers-3408",
        "name": "Brookside S/C",
        "status": "Active",
        "state": "QLD",
        "suburb": "Mitchelton",
        "postcode": "4053",
        "full_address": "SH73, Brookside Shopping Centre, 159 Osbourne Road, Mitchelton, QLD, 4053",
        "phone": "(07) 3354 1039",
        "official_url": "https://www.specsavers.com.au/stores/brookside",
        "services": "Optometry; Audiology",
        "audiology": "true",
        "venue_name": "Brookside Shopping Centre",
        "venue_id": "qld-brookside",
        "location_type": "Shopping Centre",
        "classification_confidence": "High",
        "classification_basis": "Official name/address contains shopping-centre evidence",
        "store_area_sqm": "",
        "area_measure": "",
        "area_source": "",
        "area_date": "",
        "area_confidence": "Unknown",
        "source_url": "https://www.specsavers.com.au/stores/brookside",
        "fetched_at": "2026-07-23T00:53:33.174Z"
      }
    },
    {
      "type": "Feature",
      "geometry": {
        "type": "Point",
        "coordinates": [
          152.95044,
          -27.10376
        ]
      },
      "properties": {
        "retailer": "OPSM",
        "store_id": "opsm-1273",
        "name": "OPSM Morayfield",
        "status": "Active",
        "state": "QLD",
        "suburb": "Morayfield",
        "postcode": "4506",
        "full_address": "171 Morayfield Rd, Morayfield, QLD, 4506",
        "phone": "(07) 5498 3755",
        "official_url": "https://www.opsm.com.au/en/opsm-au/find-store",
        "services": "Collect & Return",
        "audiology": "false",
        "venue_name": "",
        "venue_id": "",
        "location_type": "Main Street / Street-front",
        "classification_confidence": "Medium",
        "classification_basis": "Official address is a numbered or corner street address without centre evidence",
        "store_area_sqm": "",
        "area_measure": "",
        "area_source": "",
        "area_date": "",
        "area_confidence": "Unknown",
        "source_url": "https://www.opsm.com.au/en/opsm-au/find-store",
        "fetched_at": "2026-07-23T00:26:21+00:00"
      }
    },
    {
      "type": "Feature",
      "geometry": {
        "type": "Point",
        "coordinates": [
          152.95,
          -27.104435
        ]
      },
      "properties": {
        "retailer": "Specsavers",
        "store_id": "specsavers-3363",
        "name": "Morayfield S/C",
        "status": "Active",
        "state": "QLD",
        "suburb": "Morayfield",
        "postcode": "4506",
        "full_address": "Shop 102, Morayfield Shopping Centre, Morayfield, QLD, 4506",
        "phone": "(07) 5499 2911",
        "official_url": "https://www.specsavers.com.au/stores/morayfield",
        "services": "Optometry; Audiology",
        "audiology": "true",
        "venue_name": "Morayfield Shopping Centre",
        "venue_id": "qld-morayfield",
        "location_type": "Shopping Centre",
        "classification_confidence": "High",
        "classification_basis": "Official name/address contains shopping-centre evidence",
        "store_area_sqm": "",
        "area_measure": "",
        "area_source": "",
        "area_date": "",
        "area_confidence": "Unknown",
        "source_url": "https://www.specsavers.com.au/stores/morayfield",
        "fetched_at": "2026-07-23T00:53:33.174Z"
      }
    },
    {
      "type": "Feature",
      "geometry": {
        "type": "Point",
        "coordinates": [
          153.0822,
          -27.53906
        ]
      },
      "properties": {
        "retailer": "OPSM",
        "store_id": "opsm-2270",
        "name": "OPSM Mt Gravatt Plaza",
        "status": "Active",
        "state": "QLD",
        "suburb": "Mount Gravatt",
        "postcode": "4122",
        "full_address": "Cnr Logan Rd & Creek Rd, Mount Gravatt, QLD, 4122",
        "phone": "(07) 3849 8361",
        "official_url": "https://www.opsm.com.au/en/opsm-au/find-store",
        "services": "Collect & Return",
        "audiology": "false",
        "venue_name": "Mt Gravatt Plaza",
        "venue_id": "qld-gravatt-mt-plaza",
        "location_type": "Shopping Centre",
        "classification_confidence": "High",
        "classification_basis": "Official name/address contains shopping-centre evidence",
        "store_area_sqm": "",
        "area_measure": "",
        "area_source": "",
        "area_date": "",
        "area_confidence": "Unknown",
        "source_url": "https://www.opsm.com.au/en/opsm-au/find-store",
        "fetched_at": "2026-07-23T00:26:21+00:00"
      }
    },
    {
      "type": "Feature",
      "geometry": {
        "type": "Point",
        "coordinates": [
          139.49497,
          -20.7255
        ]
      },
      "properties": {
        "retailer": "OPSM",
        "store_id": "opsm-1585",
        "name": "OPSM Mt Isa",
        "status": "Active",
        "state": "QLD",
        "suburb": "Mount Isa",
        "postcode": "4825",
        "full_address": "22 Simpson St, Mount Isa, QLD, 4825",
        "phone": "(07) 4743 3839",
        "official_url": "https://www.opsm.com.au/en/opsm-au/find-store",
        "services": "Kids Vision Centre, Collect & Return",
        "audiology": "false",
        "venue_name": "",
        "venue_id": "",
        "location_type": "Main Street / Street-front",
        "classification_confidence": "Medium",
        "classification_basis": "Official address is a numbered or corner street address without centre evidence",
        "store_area_sqm": "",
        "area_measure": "",
        "area_source": "",
        "area_date": "",
        "area_confidence": "Unknown",
        "source_url": "https://www.opsm.com.au/en/opsm-au/find-store",
        "fetched_at": "2026-07-23T00:26:21+00:00"
      }
    },
    {
      "type": "Feature",
      "geometry": {
        "type": "Point",
        "coordinates": [
          152.93752,
          -27.549639
        ]
      },
      "properties": {
        "retailer": "Specsavers",
        "store_id": "specsavers-3406",
        "name": "Mt Ommaney Centre",
        "status": "Active",
        "state": "QLD",
        "suburb": "Mount Ommaney",
        "postcode": "4074",
        "full_address": "Shop 76 Mt Ommaney Centre, 171 Dandenong Road, Mount Ommaney, QLD, 4074",
        "phone": "(07) 3376 0062",
        "official_url": "https://www.specsavers.com.au/stores/mtommaney",
        "services": "Optometry; Audiology",
        "audiology": "true",
        "venue_name": "Mt Ommaney Centre",
        "venue_id": "qld-mt-ommaney",
        "location_type": "Shopping Centre",
        "classification_confidence": "High",
        "classification_basis": "Official name/address contains shopping-centre evidence",
        "store_area_sqm": "",
        "area_measure": "",
        "area_source": "",
        "area_date": "",
        "area_confidence": "Unknown",
        "source_url": "https://www.specsavers.com.au/stores/mtommaney",
        "fetched_at": "2026-07-23T00:53:33.174Z"
      }
    },
    {
      "type": "Feature",
      "geometry": {
        "type": "Point",
        "coordinates": [
          152.93942,
          -27.54869
        ]
      },
      "properties": {
        "retailer": "OPSM",
        "store_id": "opsm-1274",
        "name": "OPSM Mt Ommaney",
        "status": "Active",
        "state": "QLD",
        "suburb": "Mt Ommaney",
        "postcode": "4074",
        "full_address": "171 Dandenong Rd, Mt Ommaney, QLD, 4074",
        "phone": "(07) 3279 0699",
        "official_url": "https://www.opsm.com.au/en/opsm-au/find-store",
        "services": "Kids Vision Centre, Collect & Return",
        "audiology": "false",
        "venue_name": "",
        "venue_id": "",
        "location_type": "Main Street / Street-front",
        "classification_confidence": "Medium",
        "classification_basis": "Official address is a numbered or corner street address without centre evidence",
        "store_area_sqm": "",
        "area_measure": "",
        "area_source": "",
        "area_date": "",
        "area_confidence": "Unknown",
        "source_url": "https://www.opsm.com.au/en/opsm-au/find-store",
        "fetched_at": "2026-07-23T00:26:21+00:00"
      }
    },
    {
      "type": "Feature",
      "geometry": {
        "type": "Point",
        "coordinates": [
          152.96164,
          -26.62603
        ]
      },
      "properties": {
        "retailer": "Specsavers",
        "store_id": "specsavers-3203",
        "name": "Nambour Plaza",
        "status": "Active",
        "state": "QLD",
        "suburb": "Nambour",
        "postcode": "4560",
        "full_address": "Nambour Plaza, Shop 3 & 4 Ann Street, Nambour, QLD, 4560",
        "phone": "(07) 5441 1999",
        "official_url": "https://www.specsavers.com.au/stores/nambour",
        "services": "Optometry; Audiology",
        "audiology": "true",
        "venue_name": "Nambour Plaza",
        "venue_id": "qld-nambour-plaza",
        "location_type": "Shopping Centre",
        "classification_confidence": "High",
        "classification_basis": "Official name/address contains shopping-centre evidence",
        "store_area_sqm": "",
        "area_measure": "",
        "area_source": "",
        "area_date": "",
        "area_confidence": "Unknown",
        "source_url": "https://www.specsavers.com.au/stores/nambour",
        "fetched_at": "2026-07-23T00:53:33.174Z"
      }
    },
    {
      "type": "Feature",
      "geometry": {
        "type": "Point",
        "coordinates": [
          153.33832,
          -27.997887
        ]
      },
      "properties": {
        "retailer": "Specsavers",
        "store_id": "specsavers-3628",
        "name": "Nerang",
        "status": "Active",
        "state": "QLD",
        "suburb": "Nerang",
        "postcode": "4211",
        "full_address": "Shop 9, Nerang Town Centre, 57 Station Street, Nerang, QLD, 4211",
        "phone": "(07) 5616 8484",
        "official_url": "https://www.specsavers.com.au/stores/nerang",
        "services": "Optometry; Audiology",
        "audiology": "true",
        "venue_name": "Nerang Town Centre",
        "venue_id": "qld-nerang-town",
        "location_type": "Shopping Centre",
        "classification_confidence": "High",
        "classification_basis": "Official name/address contains shopping-centre evidence",
        "store_area_sqm": "",
        "area_measure": "",
        "area_source": "",
        "area_date": "",
        "area_confidence": "Unknown",
        "source_url": "https://www.specsavers.com.au/stores/nerang",
        "fetched_at": "2026-07-23T00:53:33.174Z"
      }
    },
    {
      "type": "Feature",
      "geometry": {
        "type": "Point",
        "coordinates": [
          151.93233,
          -27.564692
        ]
      },
      "properties": {
        "retailer": "Specsavers",
        "store_id": "specsavers-3572",
        "name": "Toowoomba Clifford Gardens",
        "status": "Active",
        "state": "QLD",
        "suburb": "Newtown",
        "postcode": "4350",
        "full_address": "GF082 James Street, Newtown, QLD, 4350",
        "phone": "(07) 4634 5773",
        "official_url": "https://www.specsavers.com.au/stores/toowoombacliffordgardens",
        "services": "Optometry; Audiology",
        "audiology": "true",
        "venue_name": "",
        "venue_id": "",
        "location_type": "Main Street / Street-front",
        "classification_confidence": "Low",
        "classification_basis": "Official address contains street evidence but needs review",
        "store_area_sqm": "",
        "area_measure": "",
        "area_source": "",
        "area_date": "",
        "area_confidence": "Unknown",
        "source_url": "https://www.specsavers.com.au/stores/toowoombacliffordgardens",
        "fetched_at": "2026-07-23T00:53:33.174Z"
      }
    },
    {
      "type": "Feature",
      "geometry": {
        "type": "Point",
        "coordinates": [
          153.0485,
          -26.4153
        ]
      },
      "properties": {
        "retailer": "OPSM",
        "store_id": "opsm-2998",
        "name": "OPSM Noosa",
        "status": "Active",
        "state": "QLD",
        "suburb": "Noosaville",
        "postcode": "4566",
        "full_address": "28 Eenie Creek Rd, Noosaville, QLD, 4566",
        "phone": "(07) 5474 2399",
        "official_url": "https://www.opsm.com.au/en/opsm-au/find-store",
        "services": "Collect & Return",
        "audiology": "false",
        "venue_name": "",
        "venue_id": "",
        "location_type": "Main Street / Street-front",
        "classification_confidence": "Medium",
        "classification_basis": "Official address is a numbered or corner street address without centre evidence",
        "store_area_sqm": "",
        "area_measure": "",
        "area_source": "",
        "area_date": "",
        "area_confidence": "Unknown",
        "source_url": "https://www.opsm.com.au/en/opsm-au/find-store",
        "fetched_at": "2026-07-23T00:26:21+00:00"
      }
    },
    {
      "type": "Feature",
      "geometry": {
        "type": "Point",
        "coordinates": [
          153.04865,
          -26.416218
        ]
      },
      "properties": {
        "retailer": "Specsavers",
        "store_id": "specsavers-3204",
        "name": "Noosa",
        "status": "Active",
        "state": "QLD",
        "suburb": "Noosaville",
        "postcode": "4566",
        "full_address": "Shop T1064/65, Noosa Civic Shopping Centre, Noosaville, QLD, 4566",
        "phone": "(07) 5440 5863",
        "official_url": "https://www.specsavers.com.au/stores/noosa",
        "services": "Optometry; Audiology",
        "audiology": "true",
        "venue_name": "Noosa Civic Shopping Centre",
        "venue_id": "qld-civic-noosa",
        "location_type": "Shopping Centre",
        "classification_confidence": "High",
        "classification_basis": "Official name/address contains shopping-centre evidence",
        "store_area_sqm": "",
        "area_measure": "",
        "area_source": "",
        "area_date": "",
        "area_confidence": "Unknown",
        "source_url": "https://www.specsavers.com.au/stores/noosa",
        "fetched_at": "2026-07-23T00:53:33.174Z"
      }
    },
    {
      "type": "Feature",
      "geometry": {
        "type": "Point",
        "coordinates": [
          152.75892,
          -27.60873
        ]
      },
      "properties": {
        "retailer": "OPSM",
        "store_id": "opsm-2978",
        "name": "OPSM Ipswich",
        "status": "Active",
        "state": "QLD",
        "suburb": "North Ipswich",
        "postcode": "4305",
        "full_address": "Cnr Down St & The Terrace, North Ipswich, QLD, 4305",
        "phone": "(07) 3557 0003",
        "official_url": "https://www.opsm.com.au/en/opsm-au/find-store",
        "services": "Collect & Return",
        "audiology": "false",
        "venue_name": "",
        "venue_id": "",
        "location_type": "Main Street / Street-front",
        "classification_confidence": "Medium",
        "classification_basis": "Official address is a numbered or corner street address without centre evidence",
        "store_area_sqm": "",
        "area_measure": "",
        "area_source": "",
        "area_date": "",
        "area_confidence": "Unknown",
        "source_url": "https://www.opsm.com.au/en/opsm-au/find-store",
        "fetched_at": "2026-07-23T00:26:21+00:00"
      }
    },
    {
      "type": "Feature",
      "geometry": {
        "type": "Point",
        "coordinates": [
          153.0156064,
          -27.2411429
        ]
      },
      "properties": {
        "retailer": "Bailey Nelson",
        "store_id": "bailey-nelson-north-lakes",
        "name": "Bailey Nelson North Lakes",
        "status": "Active",
        "state": "QLD",
        "suburb": "North Lakes",
        "postcode": "4509",
        "full_address": "1158a North Lakes Drive, North Lakes, QLD, 4509",
        "phone": "+61737093765",
        "official_url": "https://baileynelson.com.au/pages/optometrist-north-lakes",
        "services": "Optometry Services; Bulk-Billed Eye Tests; Private Eye Tests from $65; Contact Lens Eye Tests; Visual Fields Testing; Ultra-wide retinal imaging; Optical & Sunglass styling; Free frame adjustments",
        "audiology": "false",
        "venue_name": "",
        "venue_id": "",
        "location_type": "Main Street / Street-front",
        "classification_confidence": "Medium",
        "classification_basis": "Official address is a numbered or corner street address without centre evidence",
        "store_area_sqm": "",
        "area_measure": "",
        "area_source": "",
        "area_date": "",
        "area_confidence": "Unknown",
        "source_url": "https://baileynelson.com.au/pages/optometrist-north-lakes",
        "fetched_at": "2026-07-23T01:01:27+00:00"
      }
    },
    {
      "type": "Feature",
      "geometry": {
        "type": "Point",
        "coordinates": [
          153.0182,
          -27.24224
        ]
      },
      "properties": {
        "retailer": "Specsavers",
        "store_id": "specsavers-3305",
        "name": "North Lakes Westfield",
        "status": "Active",
        "state": "QLD",
        "suburb": "North Lakes",
        "postcode": "4509",
        "full_address": "Shop 1086, Westfield North Lakes, N Lakes Dr, North Lakes, QLD, 4509",
        "phone": "(07) 3491 3981",
        "official_url": "https://www.specsavers.com.au/stores/northlakes",
        "services": "Optometry; Audiology",
        "audiology": "true",
        "venue_name": "North Lakes Westfield",
        "venue_id": "qld-lakes-north-westfield",
        "location_type": "Shopping Centre",
        "classification_confidence": "High",
        "classification_basis": "Official name/address contains shopping-centre evidence",
        "store_area_sqm": "",
        "area_measure": "",
        "area_source": "",
        "area_date": "",
        "area_confidence": "Unknown",
        "source_url": "https://www.specsavers.com.au/stores/northlakes",
        "fetched_at": "2026-07-23T00:53:33.174Z"
      }
    },
    {
      "type": "Feature",
      "geometry": {
        "type": "Point",
        "coordinates": [
          149.15886,
          -21.119085
        ]
      },
      "properties": {
        "retailer": "Specsavers",
        "store_id": "specsavers-3604",
        "name": "Mackay Mt Pleasant S/C",
        "status": "Active",
        "state": "QLD",
        "suburb": "North Mackay",
        "postcode": "4740",
        "full_address": "Shop 11C Mount Pleasant Shopping Centre, Cnr Bucasia Rd & Phillip St, North Mackay, QLD, 4740",
        "phone": "(07) 4910 9743",
        "official_url": "https://www.specsavers.com.au/stores/mackaymtpleasant",
        "services": "Optometry",
        "audiology": "false",
        "venue_name": "Mackay Mt Pleasant Shopping Centre",
        "venue_id": "qld-mackay-mt-pleasant",
        "location_type": "Shopping Centre",
        "classification_confidence": "High",
        "classification_basis": "Official name/address contains shopping-centre evidence",
        "store_area_sqm": "",
        "area_measure": "",
        "area_source": "",
        "area_date": "",
        "area_confidence": "Unknown",
        "source_url": "https://www.specsavers.com.au/stores/mackaymtpleasant",
        "fetched_at": "2026-07-23T00:53:33.174Z"
      }
    },
    {
      "type": "Feature",
      "geometry": {
        "type": "Point",
        "coordinates": [
          150.52243,
          -23.354399
        ]
      },
      "properties": {
        "retailer": "Specsavers",
        "store_id": "specsavers-3455",
        "name": "Rockhampton Stockland",
        "status": "Active",
        "state": "QLD",
        "suburb": "Park Avenue",
        "postcode": "4701",
        "full_address": "Shop 230, Stockland Rockhampton SC, Box 181 Cnr Yaamba Rd And Bruce Hwy, Park Avenue, QLD, 4701",
        "phone": "(07) 4921 0299",
        "official_url": "https://www.specsavers.com.au/stores/rockhamptonnorth",
        "services": "Optometry; Audiology",
        "audiology": "true",
        "venue_name": "",
        "venue_id": "",
        "location_type": "Shopping Centre",
        "classification_confidence": "Medium",
        "classification_basis": "Official address uses a shop/level format; venue name requires review",
        "store_area_sqm": "",
        "area_measure": "",
        "area_source": "",
        "area_date": "",
        "area_confidence": "Unknown",
        "source_url": "https://www.specsavers.com.au/stores/rockhamptonnorth",
        "fetched_at": "2026-07-23T00:53:33.174Z"
      }
    },
    {
      "type": "Feature",
      "geometry": {
        "type": "Point",
        "coordinates": [
          152.83969,
          -25.28341
        ]
      },
      "properties": {
        "retailer": "OPSM",
        "store_id": "opsm-1299",
        "name": "OPSM Hervey Bay",
        "status": "Active",
        "state": "QLD",
        "suburb": "Pialba",
        "postcode": "4655",
        "full_address": "Cnr Hunter St & Old Maryborough Rd, Pialba, QLD, 4655",
        "phone": "(07) 4124 2627",
        "official_url": "https://www.opsm.com.au/en/opsm-au/find-store",
        "services": "Collect & Return",
        "audiology": "false",
        "venue_name": "",
        "venue_id": "",
        "location_type": "Main Street / Street-front",
        "classification_confidence": "Medium",
        "classification_basis": "Official address is a numbered or corner street address without centre evidence",
        "store_area_sqm": "",
        "area_measure": "",
        "area_source": "",
        "area_date": "",
        "area_confidence": "Unknown",
        "source_url": "https://www.opsm.com.au/en/opsm-au/find-store",
        "fetched_at": "2026-07-23T00:26:21+00:00"
      }
    },
    {
      "type": "Feature",
      "geometry": {
        "type": "Point",
        "coordinates": [
          152.83966,
          -25.283688
        ]
      },
      "properties": {
        "retailer": "Specsavers",
        "store_id": "specsavers-3343",
        "name": "Hervey Bay Pialba",
        "status": "Active",
        "state": "QLD",
        "suburb": "Pialba",
        "postcode": "4655",
        "full_address": "Shop 16, Pialba Place, Cnr Hunter St & Old Marybough Rd, Pialba, QLD, 4655",
        "phone": "(07) 4128 4833",
        "official_url": "https://www.specsavers.com.au/stores/herveybaypialba",
        "services": "Optometry; Audiology",
        "audiology": "true",
        "venue_name": "",
        "venue_id": "",
        "location_type": "Shopping Centre",
        "classification_confidence": "Medium",
        "classification_basis": "Official address uses a shop/level format; venue name requires review",
        "store_area_sqm": "",
        "area_measure": "",
        "area_source": "",
        "area_date": "",
        "area_confidence": "Unknown",
        "source_url": "https://www.specsavers.com.au/stores/herveybaypialba",
        "fetched_at": "2026-07-23T00:53:33.174Z"
      }
    },
    {
      "type": "Feature",
      "geometry": {
        "type": "Point",
        "coordinates": [
          146.7905,
          -19.2718
        ]
      },
      "properties": {
        "retailer": "Specsavers",
        "store_id": "specsavers-3576",
        "name": "Townsville Castletown",
        "status": "Active",
        "state": "QLD",
        "suburb": "Pimlico",
        "postcode": "4812",
        "full_address": "Castletown Shoppingworld, Cnr Woolcock & Kings Rd, Pimlico, QLD, 4812",
        "phone": "(07) 4721 0500",
        "official_url": "https://www.specsavers.com.au/stores/castletown",
        "services": "Optometry; Audiology",
        "audiology": "true",
        "venue_name": "",
        "venue_id": "",
        "location_type": "Shopping Centre",
        "classification_confidence": "Medium",
        "classification_basis": "Official address uses a shop/level format; venue name requires review",
        "store_area_sqm": "",
        "area_measure": "",
        "area_source": "",
        "area_date": "",
        "area_confidence": "Unknown",
        "source_url": "https://www.specsavers.com.au/stores/castletown",
        "fetched_at": "2026-07-23T00:53:33.174Z"
      }
    },
    {
      "type": "Feature",
      "geometry": {
        "type": "Point",
        "coordinates": [
          152.86783,
          -27.605621
        ]
      },
      "properties": {
        "retailer": "Specsavers",
        "store_id": "specsavers-3277",
        "name": "Redbank Plaza",
        "status": "Active",
        "state": "QLD",
        "suburb": "Redbank",
        "postcode": "4301",
        "full_address": "Shop 3338A - 3338B Redbank Plaza Shopping Centre, 1 Collingwood Drive, Redbank, QLD, 4301",
        "phone": "(07) 3818 7700",
        "official_url": "https://www.specsavers.com.au/stores/redbank",
        "services": "Optometry; Audiology",
        "audiology": "true",
        "venue_name": "Redbank Plaza",
        "venue_id": "qld-plaza-redbank",
        "location_type": "Shopping Centre",
        "classification_confidence": "High",
        "classification_basis": "Official name/address contains shopping-centre evidence",
        "store_area_sqm": "",
        "area_measure": "",
        "area_source": "",
        "area_date": "",
        "area_confidence": "Unknown",
        "source_url": "https://www.specsavers.com.au/stores/redbank",
        "fetched_at": "2026-07-23T00:53:33.174Z"
      }
    },
    {
      "type": "Feature",
      "geometry": {
        "type": "Point",
        "coordinates": [
          153.3860834,
          -28.0764984
        ]
      },
      "properties": {
        "retailer": "Bailey Nelson",
        "store_id": "bailey-nelson-robina",
        "name": "Bailey Nelson Gold Coast Robina",
        "status": "Active",
        "state": "QLD",
        "suburb": "Robina",
        "postcode": "4230",
        "full_address": "Robina Town Shopping Centre, Robina, QLD, 4230",
        "phone": "+61756517346",
        "official_url": "https://baileynelson.com.au/pages/optometrist-robina",
        "services": "Optometry Services; Bulk-Billed Eye Tests; Private Eye Tests from $65; Contact Lens Eye Tests; Visual Fields Testing; Ultra-wide retinal imaging; Optical & Sunglass styling; Free frame adjustments",
        "audiology": "false",
        "venue_name": "Robina Town Shopping Centre",
        "venue_id": "qld-robina-town",
        "location_type": "Shopping Centre",
        "classification_confidence": "High",
        "classification_basis": "Official name/address contains shopping-centre evidence",
        "store_area_sqm": "",
        "area_measure": "",
        "area_source": "",
        "area_date": "",
        "area_confidence": "Unknown",
        "source_url": "https://baileynelson.com.au/pages/optometrist-robina",
        "fetched_at": "2026-07-23T01:01:27+00:00"
      }
    },
    {
      "type": "Feature",
      "geometry": {
        "type": "Point",
        "coordinates": [
          153.3863,
          -28.076752
        ]
      },
      "properties": {
        "retailer": "Specsavers",
        "store_id": "specsavers-3381",
        "name": "Robina Town Centre - G Level",
        "status": "Active",
        "state": "QLD",
        "suburb": "Robina",
        "postcode": "4230",
        "full_address": "Shop 4044, Ground Level, Robina Town Centre, Robina Town Centre Dr, Robina, QLD, 4230",
        "phone": "(07) 5580 8800",
        "official_url": "https://www.specsavers.com.au/stores/robina",
        "services": "Optometry; Audiology",
        "audiology": "true",
        "venue_name": "Robina Town Centre",
        "venue_id": "qld-robina-town",
        "location_type": "Shopping Centre",
        "classification_confidence": "High",
        "classification_basis": "Official name/address contains shopping-centre evidence",
        "store_area_sqm": "",
        "area_measure": "",
        "area_source": "",
        "area_date": "",
        "area_confidence": "Unknown",
        "source_url": "https://www.specsavers.com.au/stores/robina",
        "fetched_at": "2026-07-23T00:53:33.174Z"
      }
    },
    {
      "type": "Feature",
      "geometry": {
        "type": "Point",
        "coordinates": [
          153.38606,
          -28.07611
        ]
      },
      "properties": {
        "retailer": "OPSM",
        "store_id": "opsm-1322",
        "name": "OPSM Robina",
        "status": "Active",
        "state": "QLD",
        "suburb": "Robina Town Centre",
        "postcode": "4230",
        "full_address": "167-191 Robina Town Centre Dr, Robina Town Centre, QLD, 4230",
        "phone": "(07) 5593 2199",
        "official_url": "https://www.opsm.com.au/en/opsm-au/find-store",
        "services": "Collect & Return",
        "audiology": "false",
        "venue_name": "167-191 Robina Town Centre Dr",
        "venue_id": "qld-167-191-dr-robina-town",
        "location_type": "Shopping Centre",
        "classification_confidence": "High",
        "classification_basis": "Official name/address contains shopping-centre evidence",
        "store_area_sqm": "",
        "area_measure": "",
        "area_source": "",
        "area_date": "",
        "area_confidence": "Unknown",
        "source_url": "https://www.opsm.com.au/en/opsm-au/find-store",
        "fetched_at": "2026-07-23T00:26:21+00:00"
      }
    },
    {
      "type": "Feature",
      "geometry": {
        "type": "Point",
        "coordinates": [
          150.52231,
          -23.35608
        ]
      },
      "properties": {
        "retailer": "OPSM",
        "store_id": "opsm-1064",
        "name": "OPSM Rockhampton",
        "status": "Active",
        "state": "QLD",
        "suburb": "Rockhampton",
        "postcode": "4701",
        "full_address": "Yaamba Rd & Bruce Hwy, Rockhampton, QLD, 4701",
        "phone": "(07) 4928 0022",
        "official_url": "https://www.opsm.com.au/en/opsm-au/find-store",
        "services": "Dry Eye, Collect & Return",
        "audiology": "false",
        "venue_name": "",
        "venue_id": "",
        "location_type": "Main Street / Street-front",
        "classification_confidence": "Low",
        "classification_basis": "Official address contains street evidence but needs review",
        "store_area_sqm": "",
        "area_measure": "",
        "area_source": "",
        "area_date": "",
        "area_confidence": "Unknown",
        "source_url": "https://www.opsm.com.au/en/opsm-au/find-store",
        "fetched_at": "2026-07-23T00:26:21+00:00"
      }
    },
    {
      "type": "Feature",
      "geometry": {
        "type": "Point",
        "coordinates": [
          153.39963,
          -27.91408
        ]
      },
      "properties": {
        "retailer": "OPSM",
        "store_id": "opsm-1076",
        "name": "OPSM Runaway Bay",
        "status": "Active",
        "state": "QLD",
        "suburb": "Runaway Bay",
        "postcode": "4216",
        "full_address": "10 - 12 Lae Dr, Runaway Bay, QLD, 4216",
        "phone": "(07) 5529 1166",
        "official_url": "https://www.opsm.com.au/en/opsm-au/find-store",
        "services": "Collect & Return",
        "audiology": "false",
        "venue_name": "",
        "venue_id": "",
        "location_type": "Unclassified",
        "classification_confidence": "Low",
        "classification_basis": "Insufficient official venue or street evidence",
        "store_area_sqm": "",
        "area_measure": "",
        "area_source": "",
        "area_date": "",
        "area_confidence": "Unknown",
        "source_url": "https://www.opsm.com.au/en/opsm-au/find-store",
        "fetched_at": "2026-07-23T00:26:21+00:00"
      }
    },
    {
      "type": "Feature",
      "geometry": {
        "type": "Point",
        "coordinates": [
          153.40071,
          -27.913984
        ]
      },
      "properties": {
        "retailer": "Specsavers",
        "store_id": "specsavers-3391",
        "name": "Runaway Bay Shopping Village",
        "status": "Active",
        "state": "QLD",
        "suburb": "Runaway Bay",
        "postcode": "4216",
        "full_address": "Shop GF074 Runaway Bay S/C, 10-12 Lae Drive, Runaway Bay, QLD, 4216",
        "phone": "(07) 5500 5455",
        "official_url": "https://www.specsavers.com.au/stores/runawaybay",
        "services": "Optometry; Audiology",
        "audiology": "true",
        "venue_name": "Runaway Bay Shopping Village",
        "venue_id": "qld-bay-runaway-village",
        "location_type": "Shopping Centre",
        "classification_confidence": "High",
        "classification_basis": "Official name/address contains shopping-centre evidence",
        "store_area_sqm": "",
        "area_measure": "",
        "area_source": "",
        "area_date": "",
        "area_confidence": "Unknown",
        "source_url": "https://www.specsavers.com.au/stores/runawaybay",
        "fetched_at": "2026-07-23T00:53:33.174Z"
      }
    },
    {
      "type": "Feature",
      "geometry": {
        "type": "Point",
        "coordinates": [
          153.17229,
          -27.66046
        ]
      },
      "properties": {
        "retailer": "OPSM",
        "store_id": "opsm-1562",
        "name": "OPSM Loganholme",
        "status": "Active",
        "state": "QLD",
        "suburb": "Shailer Park",
        "postcode": "4128",
        "full_address": "3828-3846 Pacific Hwy, Shailer Park, QLD, 4128",
        "phone": "(07) 3209 7525",
        "official_url": "https://www.opsm.com.au/en/opsm-au/find-store",
        "services": "Collect & Return",
        "audiology": "false",
        "venue_name": "",
        "venue_id": "",
        "location_type": "Main Street / Street-front",
        "classification_confidence": "Medium",
        "classification_basis": "Official address is a numbered or corner street address without centre evidence",
        "store_area_sqm": "",
        "area_measure": "",
        "area_source": "",
        "area_date": "",
        "area_confidence": "Unknown",
        "source_url": "https://www.opsm.com.au/en/opsm-au/find-store",
        "fetched_at": "2026-07-23T00:26:21+00:00"
      }
    },
    {
      "type": "Feature",
      "geometry": {
        "type": "Point",
        "coordinates": [
          145.69238,
          -16.83657
        ]
      },
      "properties": {
        "retailer": "Specsavers",
        "store_id": "specsavers-3304",
        "name": "Cairns Smithfield Centre",
        "status": "Active",
        "state": "QLD",
        "suburb": "Smithfield",
        "postcode": "4878",
        "full_address": "Smithfield Centre,Shop 176 & 178, Kennedy Hwy & Captain Cook Hwy, Smithfield, QLD, 4878",
        "phone": "(07) 4038 1488",
        "official_url": "https://www.specsavers.com.au/stores/smithfield",
        "services": "Optometry; Audiology",
        "audiology": "true",
        "venue_name": "Cairns Smithfield Centre",
        "venue_id": "qld-cairns-smithfield",
        "location_type": "Shopping Centre",
        "classification_confidence": "High",
        "classification_basis": "Official name/address contains shopping-centre evidence",
        "store_area_sqm": "",
        "area_measure": "",
        "area_source": "",
        "area_date": "",
        "area_confidence": "Unknown",
        "source_url": "https://www.specsavers.com.au/stores/smithfield",
        "fetched_at": "2026-07-23T00:53:33.174Z"
      }
    },
    {
      "type": "Feature",
      "geometry": {
        "type": "Point",
        "coordinates": [
          153.41572,
          -27.96859
        ]
      },
      "properties": {
        "retailer": "OPSM",
        "store_id": "opsm-1343",
        "name": "OPSM Southport",
        "status": "Active",
        "state": "QLD",
        "suburb": "Southport",
        "postcode": "4215",
        "full_address": "42 Marine Pde, Southport, QLD, 4215",
        "phone": "(07) 5531 1128",
        "official_url": "https://www.opsm.com.au/en/opsm-au/find-store",
        "services": "Collect & Return",
        "audiology": "false",
        "venue_name": "",
        "venue_id": "",
        "location_type": "Unclassified",
        "classification_confidence": "Low",
        "classification_basis": "Insufficient official venue or street evidence",
        "store_area_sqm": "",
        "area_measure": "",
        "area_source": "",
        "area_date": "",
        "area_confidence": "Unknown",
        "source_url": "https://www.opsm.com.au/en/opsm-au/find-store",
        "fetched_at": "2026-07-23T00:26:21+00:00"
      }
    },
    {
      "type": "Feature",
      "geometry": {
        "type": "Point",
        "coordinates": [
          153.41563,
          -27.967402
        ]
      },
      "properties": {
        "retailer": "Specsavers",
        "store_id": "specsavers-3453",
        "name": "Southport - Australia Fair S/C",
        "status": "Active",
        "state": "QLD",
        "suburb": "Southport",
        "postcode": "4215",
        "full_address": "Shop G096 Marine Parade, Southport, QLD, 4215",
        "phone": "(07) 5564 0917",
        "official_url": "https://www.specsavers.com.au/stores/australiafair",
        "services": "Optometry; Audiology",
        "audiology": "true",
        "venue_name": "",
        "venue_id": "",
        "location_type": "Shopping Centre",
        "classification_confidence": "High",
        "classification_basis": "Official name/address contains shopping-centre evidence",
        "store_area_sqm": "",
        "area_measure": "",
        "area_source": "",
        "area_date": "",
        "area_confidence": "Unknown",
        "source_url": "https://www.specsavers.com.au/stores/australiafair",
        "fetched_at": "2026-07-23T00:53:33.174Z"
      }
    },
    {
      "type": "Feature",
      "geometry": {
        "type": "Point",
        "coordinates": [
          152.9033,
          -27.677938
        ]
      },
      "properties": {
        "retailer": "Specsavers",
        "store_id": "specsavers-3567",
        "name": "Springfield",
        "status": "Active",
        "state": "QLD",
        "suburb": "Springfield Central",
        "postcode": "4300",
        "full_address": "Shop 4-6 Orion Springfield Central, 1 Main Street, Springfield Central, QLD, 4300",
        "phone": "(07) 3470 1155",
        "official_url": "https://www.specsavers.com.au/stores/springfield",
        "services": "Optometry; Audiology",
        "audiology": "true",
        "venue_name": "",
        "venue_id": "",
        "location_type": "Shopping Centre",
        "classification_confidence": "Medium",
        "classification_basis": "Official address uses a shop/level format; venue name requires review",
        "store_area_sqm": "",
        "area_measure": "",
        "area_source": "",
        "area_date": "",
        "area_confidence": "Unknown",
        "source_url": "https://www.specsavers.com.au/stores/springfield",
        "fetched_at": "2026-07-23T00:53:33.174Z"
      }
    },
    {
      "type": "Feature",
      "geometry": {
        "type": "Point",
        "coordinates": [
          152.90262,
          -27.6774
        ]
      },
      "properties": {
        "retailer": "OPSM",
        "store_id": "opsm-1110",
        "name": "OPSM Springfield",
        "status": "Active",
        "state": "QLD",
        "suburb": "Springfield Lakes",
        "postcode": "4300",
        "full_address": "1 Main St, Springfield Lakes, QLD, 4300",
        "phone": "(07) 3470 0884",
        "official_url": "https://www.opsm.com.au/en/opsm-au/find-store",
        "services": "Kids Vision Centre, Collect & Return",
        "audiology": "false",
        "venue_name": "",
        "venue_id": "",
        "location_type": "Main Street / Street-front",
        "classification_confidence": "Medium",
        "classification_basis": "Official address is a numbered or corner street address without centre evidence",
        "store_area_sqm": "",
        "area_measure": "",
        "area_source": "",
        "area_date": "",
        "area_confidence": "Unknown",
        "source_url": "https://www.opsm.com.au/en/opsm-au/find-store",
        "fetched_at": "2026-07-23T00:26:21+00:00"
      }
    },
    {
      "type": "Feature",
      "geometry": {
        "type": "Point",
        "coordinates": [
          153.12453,
          -27.61218
        ]
      },
      "properties": {
        "retailer": "Specsavers",
        "store_id": "specsavers-3651",
        "name": "Springwood",
        "status": "Active",
        "state": "QLD",
        "suburb": "Springwood",
        "postcode": "4127",
        "full_address": "Shop 23/24, Arndale Shopping Centre, 17-27 Cinderella Drive, Springwood, QLD, 4127",
        "phone": "(07) 3209 7622",
        "official_url": "https://www.specsavers.com.au/stores/springwood",
        "services": "Optometry; Audiology",
        "audiology": "true",
        "venue_name": "Arndale Shopping Centre",
        "venue_id": "qld-arndale",
        "location_type": "Shopping Centre",
        "classification_confidence": "High",
        "classification_basis": "Official name/address contains shopping-centre evidence",
        "store_area_sqm": "",
        "area_measure": "",
        "area_source": "",
        "area_date": "",
        "area_confidence": "Unknown",
        "source_url": "https://www.specsavers.com.au/stores/springwood",
        "fetched_at": "2026-07-23T00:53:33.174Z"
      }
    },
    {
      "type": "Feature",
      "geometry": {
        "type": "Point",
        "coordinates": [
          153.0122,
          -27.4117
        ]
      },
      "properties": {
        "retailer": "OPSM",
        "store_id": "opsm-7025",
        "name": "OPSM Stafford",
        "status": "Active",
        "state": "QLD",
        "suburb": "Stafford",
        "postcode": "4053",
        "full_address": "400 Stafford Rd, Stafford, QLD, 4053",
        "phone": "(07) 3352 7964",
        "official_url": "https://www.opsm.com.au/en/opsm-au/find-store",
        "services": "Kids Vision Centre",
        "audiology": "false",
        "venue_name": "",
        "venue_id": "",
        "location_type": "Main Street / Street-front",
        "classification_confidence": "Medium",
        "classification_basis": "Official address is a numbered or corner street address without centre evidence",
        "store_area_sqm": "",
        "area_measure": "",
        "area_source": "",
        "area_date": "",
        "area_confidence": "Unknown",
        "source_url": "https://www.opsm.com.au/en/opsm-au/find-store",
        "fetched_at": "2026-07-23T00:26:21+00:00"
      }
    },
    {
      "type": "Feature",
      "geometry": {
        "type": "Point",
        "coordinates": [
          152.99344,
          -27.30691
        ]
      },
      "properties": {
        "retailer": "OPSM",
        "store_id": "opsm-1436",
        "name": "OPSM Strathpine",
        "status": "Active",
        "state": "QLD",
        "suburb": "Strathpine",
        "postcode": "4500",
        "full_address": "Strathpine Centre,295 Gympie Rd, Strathpine, QLD, 4500",
        "phone": "(07) 3881 2899",
        "official_url": "https://www.opsm.com.au/en/opsm-au/find-store",
        "services": "Audiology, Dry Eye, Collect & Return",
        "audiology": "true",
        "venue_name": "Strathpine Centre",
        "venue_id": "qld-strathpine",
        "location_type": "Shopping Centre",
        "classification_confidence": "High",
        "classification_basis": "Official name/address contains shopping-centre evidence",
        "store_area_sqm": "",
        "area_measure": "",
        "area_source": "",
        "area_date": "",
        "area_confidence": "Unknown",
        "source_url": "https://www.opsm.com.au/en/opsm-au/find-store",
        "fetched_at": "2026-07-23T00:26:21+00:00"
      }
    },
    {
      "type": "Feature",
      "geometry": {
        "type": "Point",
        "coordinates": [
          152.99115,
          -27.306997
        ]
      },
      "properties": {
        "retailer": "Specsavers",
        "store_id": "specsavers-3389",
        "name": "Strathpine Centre",
        "status": "Active",
        "state": "QLD",
        "suburb": "Strathpine",
        "postcode": "4500",
        "full_address": "Strathpine Centre, 111-112/295 Gympie Road, Strathpine, QLD, 4500",
        "phone": "(07) 3889 7460",
        "official_url": "https://www.specsavers.com.au/stores/strathpine",
        "services": "Optometry; Audiology",
        "audiology": "true",
        "venue_name": "Strathpine Centre",
        "venue_id": "qld-strathpine",
        "location_type": "Shopping Centre",
        "classification_confidence": "High",
        "classification_basis": "Official name/address contains shopping-centre evidence",
        "store_area_sqm": "",
        "area_measure": "",
        "area_source": "",
        "area_date": "",
        "area_confidence": "Unknown",
        "source_url": "https://www.specsavers.com.au/stores/strathpine",
        "fetched_at": "2026-07-23T00:53:33.174Z"
      }
    },
    {
      "type": "Feature",
      "geometry": {
        "type": "Point",
        "coordinates": [
          153.06276,
          -27.56961
        ]
      },
      "properties": {
        "retailer": "OPSM",
        "store_id": "opsm-1268",
        "name": "OPSM Sunnybank",
        "status": "Active",
        "state": "QLD",
        "suburb": "Sunnybank",
        "postcode": "4109",
        "full_address": "Cnr Mains Rd & Mccullough St, Sunnybank, QLD, 4109",
        "phone": "(07) 3344 2406",
        "official_url": "https://www.opsm.com.au/en/opsm-au/find-store",
        "services": "Kids Vision Centre, Collect & Return",
        "audiology": "false",
        "venue_name": "",
        "venue_id": "",
        "location_type": "Main Street / Street-front",
        "classification_confidence": "Medium",
        "classification_basis": "Official address is a numbered or corner street address without centre evidence",
        "store_area_sqm": "",
        "area_measure": "",
        "area_source": "",
        "area_date": "",
        "area_confidence": "Unknown",
        "source_url": "https://www.opsm.com.au/en/opsm-au/find-store",
        "fetched_at": "2026-07-23T00:26:21+00:00"
      }
    },
    {
      "type": "Feature",
      "geometry": {
        "type": "Point",
        "coordinates": [
          153.0626,
          -27.569996
        ]
      },
      "properties": {
        "retailer": "Specsavers",
        "store_id": "specsavers-3479",
        "name": "Sunnybank Plaza",
        "status": "Active",
        "state": "QLD",
        "suburb": "Sunnybank",
        "postcode": "4109",
        "full_address": "Shop 13 Sunnybank Plaza S/C, Cnr Mains Road and McCollough St, Sunnybank, QLD, 4109",
        "phone": "(07) 3219 5144",
        "official_url": "https://www.specsavers.com.au/stores/sunnybank",
        "services": "Optometry; Audiology",
        "audiology": "true",
        "venue_name": "Sunnybank Plaza",
        "venue_id": "qld-plaza-sunnybank",
        "location_type": "Shopping Centre",
        "classification_confidence": "High",
        "classification_basis": "Official name/address contains shopping-centre evidence",
        "store_area_sqm": "",
        "area_measure": "",
        "area_source": "",
        "area_date": "",
        "area_confidence": "Unknown",
        "source_url": "https://www.specsavers.com.au/stores/sunnybank",
        "fetched_at": "2026-07-23T00:53:33.174Z"
      }
    },
    {
      "type": "Feature",
      "geometry": {
        "type": "Point",
        "coordinates": [
          153.04822,
          -27.350534
        ]
      },
      "properties": {
        "retailer": "Specsavers",
        "store_id": "specsavers-3518",
        "name": "Taigum Square",
        "status": "Active",
        "state": "QLD",
        "suburb": "Taigum",
        "postcode": "4018",
        "full_address": "Shop SP038 Taigum Square S/C, 215 Church Road, Taigum, QLD, 4018",
        "phone": "(07) 3117 2720",
        "official_url": "https://www.specsavers.com.au/stores/taigum",
        "services": "Optometry; Audiology",
        "audiology": "true",
        "venue_name": "Taigum Square",
        "venue_id": "qld-square-taigum",
        "location_type": "Shopping Centre",
        "classification_confidence": "High",
        "classification_basis": "Official name/address contains shopping-centre evidence",
        "store_area_sqm": "",
        "area_measure": "",
        "area_source": "",
        "area_date": "",
        "area_confidence": "Unknown",
        "source_url": "https://www.specsavers.com.au/stores/taigum",
        "fetched_at": "2026-07-23T00:53:33.174Z"
      }
    },
    {
      "type": "Feature",
      "geometry": {
        "type": "Point",
        "coordinates": [
          152.95269,
          -27.44597
        ]
      },
      "properties": {
        "retailer": "OPSM",
        "store_id": "opsm-1387",
        "name": "OPSM The Gap",
        "status": "Active",
        "state": "QLD",
        "suburb": "The Gap",
        "postcode": "4061",
        "full_address": "1000 Waterworks Rd, The Gap, QLD, 4061",
        "phone": "(07) 3300 6400",
        "official_url": "https://www.opsm.com.au/en/opsm-au/find-store",
        "services": "Kids Vision Centre, Collect & Return",
        "audiology": "false",
        "venue_name": "",
        "venue_id": "",
        "location_type": "Main Street / Street-front",
        "classification_confidence": "Medium",
        "classification_basis": "Official address is a numbered or corner street address without centre evidence",
        "store_area_sqm": "",
        "area_measure": "",
        "area_source": "",
        "area_date": "",
        "area_confidence": "Unknown",
        "source_url": "https://www.opsm.com.au/en/opsm-au/find-store",
        "fetched_at": "2026-07-23T00:26:21+00:00"
      }
    },
    {
      "type": "Feature",
      "geometry": {
        "type": "Point",
        "coordinates": [
          146.72647,
          -19.315872
        ]
      },
      "properties": {
        "retailer": "Specsavers",
        "store_id": "specsavers-3476",
        "name": "Townsville Willows S/C",
        "status": "Active",
        "state": "QLD",
        "suburb": "Thuringowa Central",
        "postcode": "4817",
        "full_address": "Shop 48A, Willows Shopping Centre, Cnr Thuringowa Drive & Hervey Range Road, Thuringowa Central, QLD, 4817",
        "phone": "(07) 4723 4822",
        "official_url": "https://www.specsavers.com.au/stores/townsvillewillows",
        "services": "Optometry; Audiology",
        "audiology": "true",
        "venue_name": "Townsville Willows Shopping Centre",
        "venue_id": "qld-townsville-willows",
        "location_type": "Shopping Centre",
        "classification_confidence": "High",
        "classification_basis": "Official name/address contains shopping-centre evidence",
        "store_area_sqm": "",
        "area_measure": "",
        "area_source": "",
        "area_date": "",
        "area_confidence": "Unknown",
        "source_url": "https://www.specsavers.com.au/stores/townsvillewillows",
        "fetched_at": "2026-07-23T00:53:33.174Z"
      }
    },
    {
      "type": "Feature",
      "geometry": {
        "type": "Point",
        "coordinates": [
          152.99289,
          -27.48504
        ]
      },
      "properties": {
        "retailer": "OPSM",
        "store_id": "opsm-1565",
        "name": "OPSM Toowong",
        "status": "Active",
        "state": "QLD",
        "suburb": "Toowong",
        "postcode": "4066",
        "full_address": "9 Serwood Rd, Toowong, QLD, 4066",
        "phone": "(07) 3371 7733",
        "official_url": "https://www.opsm.com.au/en/opsm-au/find-store",
        "services": "Collect & Return",
        "audiology": "false",
        "venue_name": "",
        "venue_id": "",
        "location_type": "Main Street / Street-front",
        "classification_confidence": "Medium",
        "classification_basis": "Official address is a numbered or corner street address without centre evidence",
        "store_area_sqm": "",
        "area_measure": "",
        "area_source": "",
        "area_date": "",
        "area_confidence": "Unknown",
        "source_url": "https://www.opsm.com.au/en/opsm-au/find-store",
        "fetched_at": "2026-07-23T00:26:21+00:00"
      }
    },
    {
      "type": "Feature",
      "geometry": {
        "type": "Point",
        "coordinates": [
          152.99304,
          -27.484604
        ]
      },
      "properties": {
        "retailer": "Specsavers",
        "store_id": "specsavers-3566",
        "name": "Toowong",
        "status": "Active",
        "state": "QLD",
        "suburb": "Toowong",
        "postcode": "4066",
        "full_address": "Toowong Village, L15/9 Sherwood Road, Toowong, QLD, 4066",
        "phone": "(07) 3371 0088",
        "official_url": "https://www.specsavers.com.au/stores/toowong",
        "services": "Optometry; Audiology",
        "audiology": "true",
        "venue_name": "Toowong Village",
        "venue_id": "qld-toowong-village",
        "location_type": "Shopping Centre",
        "classification_confidence": "High",
        "classification_basis": "Official name/address contains shopping-centre evidence",
        "store_area_sqm": "",
        "area_measure": "",
        "area_source": "",
        "area_date": "",
        "area_confidence": "Unknown",
        "source_url": "https://www.specsavers.com.au/stores/toowong",
        "fetched_at": "2026-07-23T00:53:33.174Z"
      }
    },
    {
      "type": "Feature",
      "geometry": {
        "type": "Point",
        "coordinates": [
          151.9494249,
          -27.5614002
        ]
      },
      "properties": {
        "retailer": "Bailey Nelson",
        "store_id": "bailey-nelson-toowoomba",
        "name": "Bailey Nelson Toowoomba",
        "status": "Active",
        "state": "QLD",
        "suburb": "Toowoomba",
        "postcode": "4350",
        "full_address": "Cnr Margaret and Dent Street, Toowoomba, QLD, 4350",
        "phone": "+61775208218",
        "official_url": "https://baileynelson.com.au/pages/optometrist-toowoomba",
        "services": "Optometry Services; Bulk-Billed Eye Tests; Private Eye Tests from $65; Contact Lens Eye Tests; Visual Fields Testing; Ultra-wide retinal imaging; Optical & Sunglass styling; Free frame adjustments",
        "audiology": "false",
        "venue_name": "",
        "venue_id": "",
        "location_type": "Main Street / Street-front",
        "classification_confidence": "Medium",
        "classification_basis": "Official address is a numbered or corner street address without centre evidence",
        "store_area_sqm": "",
        "area_measure": "",
        "area_source": "",
        "area_date": "",
        "area_confidence": "Unknown",
        "source_url": "https://baileynelson.com.au/pages/optometrist-toowoomba",
        "fetched_at": "2026-07-23T01:01:27+00:00"
      }
    },
    {
      "type": "Feature",
      "geometry": {
        "type": "Point",
        "coordinates": [
          151.93255,
          -27.56466
        ]
      },
      "properties": {
        "retailer": "OPSM",
        "store_id": "opsm-1339",
        "name": "OPSM Clifford Gardens",
        "status": "Active",
        "state": "QLD",
        "suburb": "Toowoomba",
        "postcode": "4350",
        "full_address": "Cnr Anzac Ave & James St, Toowoomba, QLD, 4350",
        "phone": "(07) 4634 1934",
        "official_url": "https://www.opsm.com.au/en/opsm-au/find-store",
        "services": "Collect & Return",
        "audiology": "false",
        "venue_name": "",
        "venue_id": "",
        "location_type": "Main Street / Street-front",
        "classification_confidence": "Medium",
        "classification_basis": "Official address is a numbered or corner street address without centre evidence",
        "store_area_sqm": "",
        "area_measure": "",
        "area_source": "",
        "area_date": "",
        "area_confidence": "Unknown",
        "source_url": "https://www.opsm.com.au/en/opsm-au/find-store",
        "fetched_at": "2026-07-23T00:26:21+00:00"
      }
    },
    {
      "type": "Feature",
      "geometry": {
        "type": "Point",
        "coordinates": [
          151.94874,
          -27.5615
        ]
      },
      "properties": {
        "retailer": "OPSM",
        "store_id": "opsm-1062",
        "name": "OPSM Toowoomba",
        "status": "Active",
        "state": "QLD",
        "suburb": "Toowoomba",
        "postcode": "4350",
        "full_address": "Cnr Margaret St & Clifford St, Toowoomba, QLD, 4350",
        "phone": "(07) 4638 5799",
        "official_url": "https://www.opsm.com.au/en/opsm-au/find-store",
        "services": "Dry Eye, Collect & Return",
        "audiology": "false",
        "venue_name": "",
        "venue_id": "",
        "location_type": "Main Street / Street-front",
        "classification_confidence": "Medium",
        "classification_basis": "Official address is a numbered or corner street address without centre evidence",
        "store_area_sqm": "",
        "area_measure": "",
        "area_source": "",
        "area_date": "",
        "area_confidence": "Unknown",
        "source_url": "https://www.opsm.com.au/en/opsm-au/find-store",
        "fetched_at": "2026-07-23T00:26:21+00:00"
      }
    },
    {
      "type": "Feature",
      "geometry": {
        "type": "Point",
        "coordinates": [
          151.94885,
          -27.561283
        ]
      },
      "properties": {
        "retailer": "Specsavers",
        "store_id": "specsavers-3416",
        "name": "Toowoomba Grand Central S/C",
        "status": "Active",
        "state": "QLD",
        "suburb": "Toowoomba",
        "postcode": "4350",
        "full_address": "Shop GC0070/71 Grand Central S/C, Cnr Margaret and Dent Street, Toowoomba, QLD, 4350",
        "phone": "(07) 4638 4610",
        "official_url": "https://www.specsavers.com.au/stores/toowoombagrand",
        "services": "Optometry; Audiology",
        "audiology": "true",
        "venue_name": "Toowoomba Grand Central Shopping Centre",
        "venue_id": "qld-central-grand-toowoomba",
        "location_type": "Shopping Centre",
        "classification_confidence": "High",
        "classification_basis": "Official name/address contains shopping-centre evidence",
        "store_area_sqm": "",
        "area_measure": "",
        "area_source": "",
        "area_date": "",
        "area_confidence": "Unknown",
        "source_url": "https://www.specsavers.com.au/stores/toowoombagrand",
        "fetched_at": "2026-07-23T00:53:33.174Z"
      }
    },
    {
      "type": "Feature",
      "geometry": {
        "type": "Point",
        "coordinates": [
          146.79091,
          -19.27202
        ]
      },
      "properties": {
        "retailer": "OPSM",
        "store_id": "opsm-1169",
        "name": "OPSM Castletown",
        "status": "Active",
        "state": "QLD",
        "suburb": "Townsville",
        "postcode": "4810",
        "full_address": "Cnr Woolcock St & Kings Rd, Townsville, QLD, 4810",
        "phone": "(07) 4721 6831",
        "official_url": "https://www.opsm.com.au/en/opsm-au/find-store",
        "services": "Dry Eye, Collect & Return",
        "audiology": "false",
        "venue_name": "",
        "venue_id": "",
        "location_type": "Main Street / Street-front",
        "classification_confidence": "Medium",
        "classification_basis": "Official address is a numbered or corner street address without centre evidence",
        "store_area_sqm": "",
        "area_measure": "",
        "area_source": "",
        "area_date": "",
        "area_confidence": "Unknown",
        "source_url": "https://www.opsm.com.au/en/opsm-au/find-store",
        "fetched_at": "2026-07-23T00:26:21+00:00"
      }
    },
    {
      "type": "Feature",
      "geometry": {
        "type": "Point",
        "coordinates": [
          153.0848465,
          -27.5637584
        ]
      },
      "properties": {
        "retailer": "Bailey Nelson",
        "store_id": "bailey-nelson-mt-gravatt",
        "name": "Bailey Nelson Mt Gravatt - NEW LOCATION",
        "status": "Active",
        "state": "QLD",
        "suburb": "Upper Mount Gravatt",
        "postcode": "4122",
        "full_address": "Kessels Rd, Upper Mount Gravatt, QLD, 4122",
        "phone": "+61737093762",
        "official_url": "https://baileynelson.com.au/pages/optometrist-mt-gravatt",
        "services": "Optometry Services; Bulk-Billed Eye Tests; Private Eye Tests from $65; Contact Lens Eye Tests; Visual Fields Testing; Ultra-wide retinal imaging; Optical & Sunglass styling; Free frame adjustments",
        "audiology": "false",
        "venue_name": "",
        "venue_id": "",
        "location_type": "Main Street / Street-front",
        "classification_confidence": "Low",
        "classification_basis": "Official address contains street evidence but needs review",
        "store_area_sqm": "",
        "area_measure": "",
        "area_source": "",
        "area_date": "",
        "area_confidence": "Unknown",
        "source_url": "https://baileynelson.com.au/pages/optometrist-mt-gravatt",
        "fetched_at": "2026-07-23T01:01:27+00:00"
      }
    },
    {
      "type": "Feature",
      "geometry": {
        "type": "Point",
        "coordinates": [
          153.08298,
          -27.56303
        ]
      },
      "properties": {
        "retailer": "OPSM",
        "store_id": "opsm-1262",
        "name": "OPSM Mt Gravatt Westfield",
        "status": "Active",
        "state": "QLD",
        "suburb": "Upper Mount Gravatt",
        "postcode": "4122",
        "full_address": "Kessells Rd, Upper Mount Gravatt, QLD, 4122",
        "phone": "(07) 3343 3944",
        "official_url": "https://www.opsm.com.au/en/opsm-au/find-store",
        "services": "Dry Eye, Collect & Return",
        "audiology": "false",
        "venue_name": "Mt Gravatt Westfield",
        "venue_id": "qld-gravatt-mt-westfield",
        "location_type": "Shopping Centre",
        "classification_confidence": "High",
        "classification_basis": "Official name/address contains shopping-centre evidence",
        "store_area_sqm": "",
        "area_measure": "",
        "area_source": "",
        "area_date": "",
        "area_confidence": "Unknown",
        "source_url": "https://www.opsm.com.au/en/opsm-au/find-store",
        "fetched_at": "2026-07-23T00:26:21+00:00"
      }
    },
    {
      "type": "Feature",
      "geometry": {
        "type": "Point",
        "coordinates": [
          153.08133,
          -27.562225
        ]
      },
      "properties": {
        "retailer": "Specsavers",
        "store_id": "specsavers-3248",
        "name": "Upper Mt Gravatt Westfield",
        "status": "Active",
        "state": "QLD",
        "suburb": "Upper Mount Gravatt",
        "postcode": "4122",
        "full_address": "Shop 2338 Westfield Mt Gravatt, Cnr Logan and Kessels Road, Upper Mount Gravatt, QLD, 4122",
        "phone": "(07) 3420 0780",
        "official_url": "https://www.specsavers.com.au/stores/uppermtgravatt",
        "services": "Optometry; Audiology",
        "audiology": "true",
        "venue_name": "Upper Mt Gravatt Westfield",
        "venue_id": "qld-gravatt-mt-upper-westfield",
        "location_type": "Shopping Centre",
        "classification_confidence": "High",
        "classification_basis": "Official name/address contains shopping-centre evidence",
        "store_area_sqm": "",
        "area_measure": "",
        "area_source": "",
        "area_date": "",
        "area_confidence": "Unknown",
        "source_url": "https://www.specsavers.com.au/stores/uppermtgravatt",
        "fetched_at": "2026-07-23T00:53:33.174Z"
      }
    },
    {
      "type": "Feature",
      "geometry": {
        "type": "Point",
        "coordinates": [
          152.83514,
          -25.289972
        ]
      },
      "properties": {
        "retailer": "Specsavers",
        "store_id": "specsavers-3342",
        "name": "Hervey Bay Central",
        "status": "Active",
        "state": "QLD",
        "suburb": "Urraween",
        "postcode": "4655",
        "full_address": "Stockland Hervey Bay Shop 88, 6 Central Avenue, Urraween, QLD, 4655",
        "phone": "(07) 4124 5602",
        "official_url": "https://www.specsavers.com.au/stores/herveybaycentral",
        "services": "Optometry; Audiology",
        "audiology": "true",
        "venue_name": "",
        "venue_id": "",
        "location_type": "Shopping Centre",
        "classification_confidence": "Medium",
        "classification_basis": "Official address uses a shop/level format; venue name requires review",
        "store_area_sqm": "",
        "area_measure": "",
        "area_source": "",
        "area_date": "",
        "area_confidence": "Unknown",
        "source_url": "https://www.specsavers.com.au/stores/herveybaycentral",
        "fetched_at": "2026-07-23T00:53:33.174Z"
      }
    },
    {
      "type": "Feature",
      "geometry": {
        "type": "Point",
        "coordinates": [
          153.28017,
          -27.58784
        ]
      },
      "properties": {
        "retailer": "OPSM",
        "store_id": "opsm-1552",
        "name": "OPSM Victoria Point",
        "status": "Active",
        "state": "QLD",
        "suburb": "Victoria Point",
        "postcode": "4165",
        "full_address": "2-34 Bunker Rd, Victoria Point, QLD, 4165",
        "phone": "(07) 3820 8237",
        "official_url": "https://www.opsm.com.au/en/opsm-au/find-store",
        "services": "Collect & Return",
        "audiology": "false",
        "venue_name": "",
        "venue_id": "",
        "location_type": "Main Street / Street-front",
        "classification_confidence": "Medium",
        "classification_basis": "Official address is a numbered or corner street address without centre evidence",
        "store_area_sqm": "",
        "area_measure": "",
        "area_source": "",
        "area_date": "",
        "area_confidence": "Unknown",
        "source_url": "https://www.opsm.com.au/en/opsm-au/find-store",
        "fetched_at": "2026-07-23T00:26:21+00:00"
      }
    },
    {
      "type": "Feature",
      "geometry": {
        "type": "Point",
        "coordinates": [
          153.28087,
          -27.588737
        ]
      },
      "properties": {
        "retailer": "Specsavers",
        "store_id": "specsavers-3445",
        "name": "Victoria Point S/C",
        "status": "Active",
        "state": "QLD",
        "suburb": "Victoria Point",
        "postcode": "4165",
        "full_address": "Shop N42, Victoria Point Shopping Centre, Cnr Cleveland-Redland Bay & Bunker Rd, Victoria Point, QLD, 4165",
        "phone": "(07) 3207 9968",
        "official_url": "https://www.specsavers.com.au/stores/victoriapoint",
        "services": "Optometry; Audiology",
        "audiology": "true",
        "venue_name": "Victoria Point Shopping Centre",
        "venue_id": "qld-point-victoria",
        "location_type": "Shopping Centre",
        "classification_confidence": "High",
        "classification_basis": "Official name/address contains shopping-centre evidence",
        "store_area_sqm": "",
        "area_measure": "",
        "area_source": "",
        "area_date": "",
        "area_confidence": "Unknown",
        "source_url": "https://www.specsavers.com.au/stores/victoriapoint",
        "fetched_at": "2026-07-23T00:53:33.174Z"
      }
    },
    {
      "type": "Feature",
      "geometry": {
        "type": "Point",
        "coordinates": [
          152.03166,
          -28.215103
        ]
      },
      "properties": {
        "retailer": "Specsavers",
        "store_id": "specsavers-3626",
        "name": "Warwick Rose City",
        "status": "Active",
        "state": "QLD",
        "suburb": "Warwick",
        "postcode": "4370",
        "full_address": "Shop 44, Rose City Shoppingworld, 81 Palmerin Street, Warwick, QLD, 4370",
        "phone": "(07) 4589 5200",
        "official_url": "https://www.specsavers.com.au/stores/warwickrosecity",
        "services": "Optometry; Audiology",
        "audiology": "true",
        "venue_name": "",
        "venue_id": "",
        "location_type": "Shopping Centre",
        "classification_confidence": "Medium",
        "classification_basis": "Official address uses a shop/level format; venue name requires review",
        "store_area_sqm": "",
        "area_measure": "",
        "area_source": "",
        "area_date": "",
        "area_confidence": "Unknown",
        "source_url": "https://www.specsavers.com.au/stores/warwickrosecity",
        "fetched_at": "2026-07-23T00:53:33.174Z"
      }
    },
    {
      "type": "Feature",
      "geometry": {
        "type": "Point",
        "coordinates": [
          151.242,
          -23.86964
        ]
      },
      "properties": {
        "retailer": "Specsavers",
        "store_id": "specsavers-3506",
        "name": "Gladstone Centre Plaza",
        "status": "Active",
        "state": "QLD",
        "suburb": "West Gladstone",
        "postcode": "4680",
        "full_address": "Shop 21 & 24, Gladstone Centre Plaza, Philip St, West Gladstone, QLD, 4680",
        "phone": "(07) 4978 1255",
        "official_url": "https://www.specsavers.com.au/stores/gladstone",
        "services": "Optometry; Audiology",
        "audiology": "true",
        "venue_name": "Gladstone Centre Plaza",
        "venue_id": "qld-gladstone-plaza",
        "location_type": "Shopping Centre",
        "classification_confidence": "High",
        "classification_basis": "Official name/address contains shopping-centre evidence",
        "store_area_sqm": "",
        "area_measure": "",
        "area_source": "",
        "area_date": "",
        "area_confidence": "Unknown",
        "source_url": "https://www.specsavers.com.au/stores/gladstone",
        "fetched_at": "2026-07-23T00:53:33.174Z"
      }
    },
    {
      "type": "Feature",
      "geometry": {
        "type": "Point",
        "coordinates": [
          153.15575,
          -27.456676
        ]
      },
      "properties": {
        "retailer": "Specsavers",
        "store_id": "specsavers-3442",
        "name": "Wynnum Plaza",
        "status": "Active",
        "state": "QLD",
        "suburb": "Wynnum West",
        "postcode": "4178",
        "full_address": "Wynnum Plaza, Shop 46-47/2021 Wynnum Road, Wynnum West, QLD, 4178",
        "phone": "(07) 3348 2043",
        "official_url": "https://www.specsavers.com.au/stores/wynnumwest",
        "services": "Optometry; Audiology",
        "audiology": "true",
        "venue_name": "Wynnum Plaza",
        "venue_id": "qld-plaza-wynnum",
        "location_type": "Shopping Centre",
        "classification_confidence": "High",
        "classification_basis": "Official name/address contains shopping-centre evidence",
        "store_area_sqm": "",
        "area_measure": "",
        "area_source": "",
        "area_date": "",
        "area_confidence": "Unknown",
        "source_url": "https://www.specsavers.com.au/stores/wynnumwest",
        "fetched_at": "2026-07-23T00:53:33.174Z"
      }
    },
    {
      "type": "Feature",
      "geometry": {
        "type": "Point",
        "coordinates": [
          152.74191,
          -27.660442
        ]
      },
      "properties": {
        "retailer": "Specsavers",
        "store_id": "specsavers-3664",
        "name": "Yamanto",
        "status": "Active",
        "state": "QLD",
        "suburb": "Yamanto",
        "postcode": "4305",
        "full_address": "Shop 4-5, Yamanto Central, 488 Warwick Road, Yamanto, QLD, 4305",
        "phone": "",
        "official_url": "https://www.specsavers.com.au/stores/yamanto",
        "services": "Optometry; Audiology",
        "audiology": "true",
        "venue_name": "",
        "venue_id": "",
        "location_type": "Shopping Centre",
        "classification_confidence": "Medium",
        "classification_basis": "Official address uses a shop/level format; venue name requires review",
        "store_area_sqm": "",
        "area_measure": "",
        "area_source": "",
        "area_date": "",
        "area_confidence": "Unknown",
        "source_url": "https://www.specsavers.com.au/stores/yamanto",
        "fetched_at": "2026-07-23T00:53:33.174Z"
      }
    },
    {
      "type": "Feature",
      "geometry": {
        "type": "Point",
        "coordinates": [
          150.74536,
          -23.12788
        ]
      },
      "properties": {
        "retailer": "OPSM",
        "store_id": "opsm-2957",
        "name": "OPSM Bay Plaza Yeppoon",
        "status": "Active",
        "state": "QLD",
        "suburb": "Yeppoon",
        "postcode": "4703",
        "full_address": "64-76 James St, Yeppoon, QLD, 4703",
        "phone": "(07) 4910 8762",
        "official_url": "https://www.opsm.com.au/en/opsm-au/find-store",
        "services": "Collect & Return",
        "audiology": "false",
        "venue_name": "Bay Plaza Yeppoon",
        "venue_id": "qld-bay-plaza-yeppoon",
        "location_type": "Shopping Centre",
        "classification_confidence": "High",
        "classification_basis": "Official name/address contains shopping-centre evidence",
        "store_area_sqm": "",
        "area_measure": "",
        "area_source": "",
        "area_date": "",
        "area_confidence": "Unknown",
        "source_url": "https://www.opsm.com.au/en/opsm-au/find-store",
        "fetched_at": "2026-07-23T00:26:21+00:00"
      }
    },
    {
      "type": "Feature",
      "geometry": {
        "type": "Point",
        "coordinates": [
          138.59267,
          -35.07489
        ]
      },
      "properties": {
        "retailer": "OPSM",
        "store_id": "opsm-2961",
        "name": "Vision Hub Aberfoyle Park by OPSM",
        "status": "Active",
        "state": "SA",
        "suburb": "Aberfoyle Park",
        "postcode": "5159",
        "full_address": "Shop 31/130-150 Hub Drive, Aberfoyle Park, SA, 5159",
        "phone": "(08)83706588",
        "official_url": "https://www.opsm.com.au/en/opsm-au/find-store",
        "services": "Kids Vision Centre, Collect & Return",
        "audiology": "false",
        "venue_name": "",
        "venue_id": "",
        "location_type": "Shopping Centre",
        "classification_confidence": "Medium",
        "classification_basis": "Official address uses a shop/level format; venue name requires review",
        "store_area_sqm": "",
        "area_measure": "",
        "area_source": "",
        "area_date": "",
        "area_confidence": "Unknown",
        "source_url": "https://www.opsm.com.au/en/opsm-au/find-store",
        "fetched_at": "2026-07-23T00:26:21+00:00"
      }
    },
    {
      "type": "Feature",
      "geometry": {
        "type": "Point",
        "coordinates": [
          138.601695,
          -34.9230131
        ]
      },
      "properties": {
        "retailer": "Bailey Nelson",
        "store_id": "bailey-nelson-adelaide-arcade",
        "name": "Bailey Nelson Adelaide Arcade",
        "status": "Active",
        "state": "SA",
        "suburb": "Adelaide",
        "postcode": "5000",
        "full_address": "111-117 Rundle Mall, Adelaide Arcade, Adelaide, SA, 5000",
        "phone": "+61870951011",
        "official_url": "https://baileynelson.com.au/pages/optometrist-adelaide-arcade",
        "services": "Optometry Services; Bulk-Billed Eye Tests; Private Eye Tests from $65; Contact Lens Eye Tests; Visual Fields Testing; Ultra-wide retinal imaging; Optical & Sunglass styling; Free frame adjustments",
        "audiology": "false",
        "venue_name": "Adelaide Arcade",
        "venue_id": "sa-adelaide-arcade",
        "location_type": "Shopping Centre",
        "classification_confidence": "High",
        "classification_basis": "Official name/address contains shopping-centre evidence",
        "store_area_sqm": "",
        "area_measure": "",
        "area_source": "",
        "area_date": "",
        "area_confidence": "Unknown",
        "source_url": "https://baileynelson.com.au/pages/optometrist-adelaide-arcade",
        "fetched_at": "2026-07-23T01:01:27+00:00"
      }
    },
    {
      "type": "Feature",
      "geometry": {
        "type": "Point",
        "coordinates": [
          138.60226,
          -34.92302
        ]
      },
      "properties": {
        "retailer": "OPSM",
        "store_id": "opsm-1376",
        "name": "OPSM Adelaide Rundle Mall",
        "status": "Active",
        "state": "SA",
        "suburb": "Adelaide",
        "postcode": "5000",
        "full_address": "71 Rundle Mall, Adelaide, SA, 5000",
        "phone": "(08) 8212 5192",
        "official_url": "https://www.opsm.com.au/en/opsm-au/find-store",
        "services": "Audiology, Dry Eye, Collect & Return",
        "audiology": "true",
        "venue_name": "Adelaide Rundle Mall",
        "venue_id": "sa-adelaide-rundle",
        "location_type": "Shopping Centre",
        "classification_confidence": "High",
        "classification_basis": "Official name/address contains shopping-centre evidence",
        "store_area_sqm": "",
        "area_measure": "",
        "area_source": "",
        "area_date": "",
        "area_confidence": "Unknown",
        "source_url": "https://www.opsm.com.au/en/opsm-au/find-store",
        "fetched_at": "2026-07-23T00:26:21+00:00"
      }
    },
    {
      "type": "Feature",
      "geometry": {
        "type": "Point",
        "coordinates": [
          138.6023,
          -34.92143
        ]
      },
      "properties": {
        "retailer": "OPSM",
        "store_id": "opsm-1050",
        "name": "OPSM Bagot House",
        "status": "Active",
        "state": "SA",
        "suburb": "Adelaide",
        "postcode": "5000",
        "full_address": "198 North Terrace, Adelaide, SA, 5000",
        "phone": "(08) 8305 1000",
        "official_url": "https://www.opsm.com.au/en/opsm-au/find-store",
        "services": "Collect & Return",
        "audiology": "false",
        "venue_name": "",
        "venue_id": "",
        "location_type": "Main Street / Street-front",
        "classification_confidence": "Medium",
        "classification_basis": "Official address is a numbered or corner street address without centre evidence",
        "store_area_sqm": "",
        "area_measure": "",
        "area_source": "",
        "area_date": "",
        "area_confidence": "Unknown",
        "source_url": "https://www.opsm.com.au/en/opsm-au/find-store",
        "fetched_at": "2026-07-23T00:26:21+00:00"
      }
    },
    {
      "type": "Feature",
      "geometry": {
        "type": "Point",
        "coordinates": [
          138.60008,
          -34.92303
        ]
      },
      "properties": {
        "retailer": "Specsavers",
        "store_id": "specsavers-3208",
        "name": "Adelaide - Rundle Mall",
        "status": "Active",
        "state": "SA",
        "suburb": "Adelaide",
        "postcode": "5000",
        "full_address": "Shop 2, 11-13 Rundle Mall, Adelaide, SA, 5000",
        "phone": "(08) 8410 5444",
        "official_url": "https://www.specsavers.com.au/stores/rundlemall",
        "services": "Optometry; Audiology",
        "audiology": "true",
        "venue_name": "Rundle Mall",
        "venue_id": "sa-rundle",
        "location_type": "Shopping Centre",
        "classification_confidence": "High",
        "classification_basis": "Official name/address contains shopping-centre evidence",
        "store_area_sqm": "",
        "area_measure": "",
        "area_source": "",
        "area_date": "",
        "area_confidence": "Unknown",
        "source_url": "https://www.specsavers.com.au/stores/rundlemall",
        "fetched_at": "2026-07-23T00:53:33.174Z"
      }
    },
    {
      "type": "Feature",
      "geometry": {
        "type": "Point",
        "coordinates": [
          140.60188,
          -34.2867
        ]
      },
      "properties": {
        "retailer": "OPSM",
        "store_id": "opsm-1579",
        "name": "OPSM Berri",
        "status": "Active",
        "state": "SA",
        "suburb": "Berri",
        "postcode": "5343",
        "full_address": "24 Denny St, Berri, SA, 5343",
        "phone": "(08) 8582 2974",
        "official_url": "https://www.opsm.com.au/en/opsm-au/find-store",
        "services": "Collect & Return",
        "audiology": "false",
        "venue_name": "",
        "venue_id": "",
        "location_type": "Main Street / Street-front",
        "classification_confidence": "Medium",
        "classification_basis": "Official address is a numbered or corner street address without centre evidence",
        "store_area_sqm": "",
        "area_measure": "",
        "area_source": "",
        "area_date": "",
        "area_confidence": "Unknown",
        "source_url": "https://www.opsm.com.au/en/opsm-au/find-store",
        "fetched_at": "2026-07-23T00:26:21+00:00"
      }
    },
    {
      "type": "Feature",
      "geometry": {
        "type": "Point",
        "coordinates": [
          140.60942,
          -34.28057
        ]
      },
      "properties": {
        "retailer": "Specsavers",
        "store_id": "specsavers-3217",
        "name": "Berri Riverland Central Plaza",
        "status": "Active",
        "state": "SA",
        "suburb": "Berri",
        "postcode": "5343",
        "full_address": "Riverland Plaza Shopping Centre, Shop 21, Kay Avenue, Berri, SA, 5343",
        "phone": "(08) 8582 1167",
        "official_url": "https://www.specsavers.com.au/stores/berri",
        "services": "Optometry; Audiology",
        "audiology": "true",
        "venue_name": "Berri Riverland Central Plaza",
        "venue_id": "sa-berri-central-plaza-riverland",
        "location_type": "Shopping Centre",
        "classification_confidence": "High",
        "classification_basis": "Official name/address contains shopping-centre evidence",
        "store_area_sqm": "",
        "area_measure": "",
        "area_source": "",
        "area_date": "",
        "area_confidence": "Unknown",
        "source_url": "https://www.specsavers.com.au/stores/berri",
        "fetched_at": "2026-07-23T00:53:33.174Z"
      }
    },
    {
      "type": "Feature",
      "geometry": {
        "type": "Point",
        "coordinates": [
          138.61232,
          -33.833584
        ]
      },
      "properties": {
        "retailer": "Specsavers",
        "store_id": "specsavers-3269",
        "name": "Clare",
        "status": "Active",
        "state": "SA",
        "suburb": "Clare",
        "postcode": "5453",
        "full_address": "245 Main North Rd, Clare, SA, 5453",
        "phone": "(08) 8842 2336",
        "official_url": "https://www.specsavers.com.au/stores/clare",
        "services": "Optometry; Audiology",
        "audiology": "true",
        "venue_name": "",
        "venue_id": "",
        "location_type": "Main Street / Street-front",
        "classification_confidence": "Medium",
        "classification_basis": "Official address is a numbered or corner street address without centre evidence",
        "store_area_sqm": "",
        "area_measure": "",
        "area_source": "",
        "area_date": "",
        "area_confidence": "Unknown",
        "source_url": "https://www.specsavers.com.au/stores/clare",
        "fetched_at": "2026-07-23T00:53:33.174Z"
      }
    },
    {
      "type": "Feature",
      "geometry": {
        "type": "Point",
        "coordinates": [
          138.57246,
          -34.98117
        ]
      },
      "properties": {
        "retailer": "OPSM",
        "store_id": "opsm-1572",
        "name": "OPSM Edwardstown",
        "status": "Active",
        "state": "SA",
        "suburb": "Edwardstown",
        "postcode": "5039",
        "full_address": "992 South Rd, Edwardstown, SA, 5039",
        "phone": "(08) 8277 6822",
        "official_url": "https://www.opsm.com.au/en/opsm-au/find-store",
        "services": "Collect & Return",
        "audiology": "false",
        "venue_name": "",
        "venue_id": "",
        "location_type": "Main Street / Street-front",
        "classification_confidence": "Medium",
        "classification_basis": "Official address is a numbered or corner street address without centre evidence",
        "store_area_sqm": "",
        "area_measure": "",
        "area_source": "",
        "area_date": "",
        "area_confidence": "Unknown",
        "source_url": "https://www.opsm.com.au/en/opsm-au/find-store",
        "fetched_at": "2026-07-23T00:26:21+00:00"
      }
    },
    {
      "type": "Feature",
      "geometry": {
        "type": "Point",
        "coordinates": [
          138.5726,
          -34.981487
        ]
      },
      "properties": {
        "retailer": "Specsavers",
        "store_id": "specsavers-3369",
        "name": "Edwardstown Castle Plaza S/C",
        "status": "Active",
        "state": "SA",
        "suburb": "Edwardstown",
        "postcode": "5039",
        "full_address": "Shop GO54, Castle Plaza Shopping Centre, 992 South Road, Edwardstown, SA, 5039",
        "phone": "(08) 8276 3649",
        "official_url": "https://www.specsavers.com.au/stores/edwardstown",
        "services": "Optometry; Audiology",
        "audiology": "true",
        "venue_name": "Edwardstown Castle Plaza Shopping Centre",
        "venue_id": "sa-castle-edwardstown-plaza",
        "location_type": "Shopping Centre",
        "classification_confidence": "High",
        "classification_basis": "Official name/address contains shopping-centre evidence",
        "store_area_sqm": "",
        "area_measure": "",
        "area_source": "",
        "area_date": "",
        "area_confidence": "Unknown",
        "source_url": "https://www.specsavers.com.au/stores/edwardstown",
        "fetched_at": "2026-07-23T00:53:33.174Z"
      }
    },
    {
      "type": "Feature",
      "geometry": {
        "type": "Point",
        "coordinates": [
          138.66765,
          -34.71849
        ]
      },
      "properties": {
        "retailer": "OPSM",
        "store_id": "opsm-1155",
        "name": "OPSM Elizabeth",
        "status": "Active",
        "state": "SA",
        "suburb": "Elizabeth",
        "postcode": "5112",
        "full_address": "50 Elizabeth Way, Elizabeth, SA, 5112",
        "phone": "(08) 8252 1255",
        "official_url": "https://www.opsm.com.au/en/opsm-au/find-store",
        "services": "Kids Vision Centre, Collect & Return",
        "audiology": "false",
        "venue_name": "",
        "venue_id": "",
        "location_type": "Unclassified",
        "classification_confidence": "Low",
        "classification_basis": "Insufficient official venue or street evidence",
        "store_area_sqm": "",
        "area_measure": "",
        "area_source": "",
        "area_date": "",
        "area_confidence": "Unknown",
        "source_url": "https://www.opsm.com.au/en/opsm-au/find-store",
        "fetched_at": "2026-07-23T00:26:21+00:00"
      }
    },
    {
      "type": "Feature",
      "geometry": {
        "type": "Point",
        "coordinates": [
          138.66866,
          -34.71839
        ]
      },
      "properties": {
        "retailer": "Specsavers",
        "store_id": "specsavers-3351",
        "name": "Elizabeth S/C",
        "status": "Active",
        "state": "SA",
        "suburb": "Elizabeth",
        "postcode": "5112",
        "full_address": "S93/50 Elizabeth Way, Elizabeth, SA, 5112",
        "phone": "(08) 8252 0177",
        "official_url": "https://www.specsavers.com.au/stores/elizabeth",
        "services": "Optometry; Audiology",
        "audiology": "true",
        "venue_name": "Elizabeth Shopping Centre",
        "venue_id": "sa-elizabeth",
        "location_type": "Shopping Centre",
        "classification_confidence": "High",
        "classification_basis": "Official name/address contains shopping-centre evidence",
        "store_area_sqm": "",
        "area_measure": "",
        "area_source": "",
        "area_date": "",
        "area_confidence": "Unknown",
        "source_url": "https://www.specsavers.com.au/stores/elizabeth",
        "fetched_at": "2026-07-23T00:53:33.174Z"
      }
    },
    {
      "type": "Feature",
      "geometry": {
        "type": "Point",
        "coordinates": [
          138.656,
          -34.9048
        ]
      },
      "properties": {
        "retailer": "OPSM",
        "store_id": "opsm-1422",
        "name": "OPSM Firle 2",
        "status": "Active",
        "state": "SA",
        "suburb": "Firle",
        "postcode": "5070",
        "full_address": "171 Glynburn Rd, Firle, SA, 5070",
        "phone": "(08) 8332 9788",
        "official_url": "https://www.opsm.com.au/en/opsm-au/find-store",
        "services": "Kids Vision Centre, Collect & Return",
        "audiology": "false",
        "venue_name": "",
        "venue_id": "",
        "location_type": "Main Street / Street-front",
        "classification_confidence": "Medium",
        "classification_basis": "Official address is a numbered or corner street address without centre evidence",
        "store_area_sqm": "",
        "area_measure": "",
        "area_source": "",
        "area_date": "",
        "area_confidence": "Unknown",
        "source_url": "https://www.opsm.com.au/en/opsm-au/find-store",
        "fetched_at": "2026-07-23T00:26:21+00:00"
      }
    },
    {
      "type": "Feature",
      "geometry": {
        "type": "Point",
        "coordinates": [
          138.7491,
          -34.6002
        ]
      },
      "properties": {
        "retailer": "OPSM",
        "store_id": "opsm-1251",
        "name": "OPSM Gawler",
        "status": "Active",
        "state": "SA",
        "suburb": "Gawler",
        "postcode": "5118",
        "full_address": "56 Murray St, Gawler, SA, 5118",
        "phone": "(08) 8522 1580",
        "official_url": "https://www.opsm.com.au/en/opsm-au/find-store",
        "services": "Collect & Return",
        "audiology": "false",
        "venue_name": "",
        "venue_id": "",
        "location_type": "Main Street / Street-front",
        "classification_confidence": "Medium",
        "classification_basis": "Official address is a numbered or corner street address without centre evidence",
        "store_area_sqm": "",
        "area_measure": "",
        "area_source": "",
        "area_date": "",
        "area_confidence": "Unknown",
        "source_url": "https://www.opsm.com.au/en/opsm-au/find-store",
        "fetched_at": "2026-07-23T00:26:21+00:00"
      }
    },
    {
      "type": "Feature",
      "geometry": {
        "type": "Point",
        "coordinates": [
          138.74883,
          -34.59783
        ]
      },
      "properties": {
        "retailer": "Specsavers",
        "store_id": "specsavers-3616",
        "name": "Gawler",
        "status": "Active",
        "state": "SA",
        "suburb": "Gawler",
        "postcode": "5118",
        "full_address": "114 Murray Street, Gawler, SA, 5118",
        "phone": "(08) 8284 1122",
        "official_url": "https://www.specsavers.com.au/stores/gawler",
        "services": "Optometry; Audiology",
        "audiology": "true",
        "venue_name": "",
        "venue_id": "",
        "location_type": "Main Street / Street-front",
        "classification_confidence": "Medium",
        "classification_basis": "Official address is a numbered or corner street address without centre evidence",
        "store_area_sqm": "",
        "area_measure": "",
        "area_source": "",
        "area_date": "",
        "area_confidence": "Unknown",
        "source_url": "https://www.specsavers.com.au/stores/gawler",
        "fetched_at": "2026-07-23T00:53:33.174Z"
      }
    },
    {
      "type": "Feature",
      "geometry": {
        "type": "Point",
        "coordinates": [
          138.51955,
          -34.97916
        ]
      },
      "properties": {
        "retailer": "OPSM",
        "store_id": "opsm-1211",
        "name": "OPSM Glenelg",
        "status": "Active",
        "state": "SA",
        "suburb": "Glenelg",
        "postcode": "5045",
        "full_address": "Cnr Brighton Rd & Jetty Rd, Glenelg, SA, 5045",
        "phone": "(08) 8294 2566",
        "official_url": "https://www.opsm.com.au/en/opsm-au/find-store",
        "services": "Dry Eye, Collect & Return",
        "audiology": "false",
        "venue_name": "",
        "venue_id": "",
        "location_type": "Main Street / Street-front",
        "classification_confidence": "Medium",
        "classification_basis": "Official address is a numbered or corner street address without centre evidence",
        "store_area_sqm": "",
        "area_measure": "",
        "area_source": "",
        "area_date": "",
        "area_confidence": "Unknown",
        "source_url": "https://www.opsm.com.au/en/opsm-au/find-store",
        "fetched_at": "2026-07-23T00:26:21+00:00"
      }
    },
    {
      "type": "Feature",
      "geometry": {
        "type": "Point",
        "coordinates": [
          138.64148,
          -34.94124
        ]
      },
      "properties": {
        "retailer": "OPSM",
        "store_id": "opsm-1011",
        "name": "OPSM Burnside",
        "status": "Active",
        "state": "SA",
        "suburb": "Glenside",
        "postcode": "5065",
        "full_address": "447 Portrush Rd, Glenside, SA, 5065",
        "phone": "(08) 8338 6400",
        "official_url": "https://www.opsm.com.au/en/opsm-au/find-store",
        "services": "Dry Eye, Kids Vision Centre, Collect & Return",
        "audiology": "false",
        "venue_name": "",
        "venue_id": "",
        "location_type": "Main Street / Street-front",
        "classification_confidence": "Medium",
        "classification_basis": "Official address is a numbered or corner street address without centre evidence",
        "store_area_sqm": "",
        "area_measure": "",
        "area_source": "",
        "area_date": "",
        "area_confidence": "Unknown",
        "source_url": "https://www.opsm.com.au/en/opsm-au/find-store",
        "fetched_at": "2026-07-23T00:26:21+00:00"
      }
    },
    {
      "type": "Feature",
      "geometry": {
        "type": "Point",
        "coordinates": [
          138.69436,
          -34.79034
        ]
      },
      "properties": {
        "retailer": "OPSM",
        "store_id": "opsm-1468",
        "name": "OPSM Golden Grove",
        "status": "Active",
        "state": "SA",
        "suburb": "Golden Grove",
        "postcode": "5125",
        "full_address": "Cnr The Golden Way & The Grove Way, Golden Grove, SA, 5125",
        "phone": "(08) 8289 3544",
        "official_url": "https://www.opsm.com.au/en/opsm-au/find-store",
        "services": "Collect & Return",
        "audiology": "false",
        "venue_name": "",
        "venue_id": "",
        "location_type": "Unclassified",
        "classification_confidence": "Low",
        "classification_basis": "Insufficient official venue or street evidence",
        "store_area_sqm": "",
        "area_measure": "",
        "area_source": "",
        "area_date": "",
        "area_confidence": "Unknown",
        "source_url": "https://www.opsm.com.au/en/opsm-au/find-store",
        "fetched_at": "2026-07-23T00:26:21+00:00"
      }
    },
    {
      "type": "Feature",
      "geometry": {
        "type": "Point",
        "coordinates": [
          138.69336,
          -34.78989
        ]
      },
      "properties": {
        "retailer": "Specsavers",
        "store_id": "specsavers-3662",
        "name": "The Grove Shopping Centre",
        "status": "Active",
        "state": "SA",
        "suburb": "Golden Grove",
        "postcode": "5125",
        "full_address": "Shop G022 The Grove Shopping Centre, The Golden Way, Golden Grove, SA, 5125",
        "phone": "(08) 8252 1022",
        "official_url": "https://www.specsavers.com.au/stores/goldengrove",
        "services": "Optometry; Audiology",
        "audiology": "true",
        "venue_name": "The Grove Shopping Centre",
        "venue_id": "sa-grove-the",
        "location_type": "Shopping Centre",
        "classification_confidence": "High",
        "classification_basis": "Official name/address contains shopping-centre evidence",
        "store_area_sqm": "",
        "area_measure": "",
        "area_source": "",
        "area_date": "",
        "area_confidence": "Unknown",
        "source_url": "https://www.specsavers.com.au/stores/goldengrove",
        "fetched_at": "2026-07-23T00:53:33.174Z"
      }
    },
    {
      "type": "Feature",
      "geometry": {
        "type": "Point",
        "coordinates": [
          138.64847,
          -34.82931
        ]
      },
      "properties": {
        "retailer": "Specsavers",
        "store_id": "specsavers-3514",
        "name": "Ingle Farm Plaza",
        "status": "Active",
        "state": "SA",
        "suburb": "Ingle Farm",
        "postcode": "5098",
        "full_address": "Shop 2021B-A, Ingle Farm Plaza, Cnr Walkleys and Montague Rd, Ingle Farm, SA, 5098",
        "phone": "(08) 8263 6933",
        "official_url": "https://www.specsavers.com.au/stores/inglefarm",
        "services": "Optometry; Audiology",
        "audiology": "true",
        "venue_name": "Ingle Farm Plaza",
        "venue_id": "sa-farm-ingle-plaza",
        "location_type": "Shopping Centre",
        "classification_confidence": "High",
        "classification_basis": "Official name/address contains shopping-centre evidence",
        "store_area_sqm": "",
        "area_measure": "",
        "area_source": "",
        "area_date": "",
        "area_confidence": "Unknown",
        "source_url": "https://www.specsavers.com.au/stores/inglefarm",
        "fetched_at": "2026-07-23T00:53:33.174Z"
      }
    },
    {
      "type": "Feature",
      "geometry": {
        "type": "Point",
        "coordinates": [
          137.7126,
          -33.963467
        ]
      },
      "properties": {
        "retailer": "Specsavers",
        "store_id": "specsavers-3273",
        "name": "Kadina",
        "status": "Active",
        "state": "SA",
        "suburb": "Kadina",
        "postcode": "5554",
        "full_address": "9A, 9B & 11 Hallett Street, Kadina, SA, 5554",
        "phone": "(08) 8821 3308",
        "official_url": "https://www.specsavers.com.au/stores/kadina",
        "services": "Optometry; Audiology",
        "audiology": "true",
        "venue_name": "",
        "venue_id": "",
        "location_type": "Main Street / Street-front",
        "classification_confidence": "Medium",
        "classification_basis": "Official address is a numbered or corner street address without centre evidence",
        "store_area_sqm": "",
        "area_measure": "",
        "area_source": "",
        "area_date": "",
        "area_confidence": "Unknown",
        "source_url": "https://www.specsavers.com.au/stores/kadina",
        "fetched_at": "2026-07-23T00:53:33.174Z"
      }
    },
    {
      "type": "Feature",
      "geometry": {
        "type": "Point",
        "coordinates": [
          138.54961,
          -34.87401
        ]
      },
      "properties": {
        "retailer": "OPSM",
        "store_id": "opsm-1648",
        "name": "OPSM Arndale",
        "status": "Active",
        "state": "SA",
        "suburb": "Kilkenny",
        "postcode": "5009",
        "full_address": "Cnr Hanson Rd & Torrens Rd, Kilkenny, SA, 5009",
        "phone": "(08) 8345 2471",
        "official_url": "https://www.opsm.com.au/en/opsm-au/find-store",
        "services": "Collect & Return",
        "audiology": "false",
        "venue_name": "",
        "venue_id": "",
        "location_type": "Main Street / Street-front",
        "classification_confidence": "Medium",
        "classification_basis": "Official address is a numbered or corner street address without centre evidence",
        "store_area_sqm": "",
        "area_measure": "",
        "area_source": "",
        "area_date": "",
        "area_confidence": "Unknown",
        "source_url": "https://www.opsm.com.au/en/opsm-au/find-store",
        "fetched_at": "2026-07-23T00:26:21+00:00"
      }
    },
    {
      "type": "Feature",
      "geometry": {
        "type": "Point",
        "coordinates": [
          138.54938,
          -34.874546
        ]
      },
      "properties": {
        "retailer": "Specsavers",
        "store_id": "specsavers-3524",
        "name": "Kilkenny",
        "status": "Active",
        "state": "SA",
        "suburb": "Kilkenny",
        "postcode": "5009",
        "full_address": "Arndale Central, Shop 76-78/470 Torrens Road, Kilkenny, SA, 5009",
        "phone": "(08) 8244 0611",
        "official_url": "https://www.specsavers.com.au/stores/kilkenny",
        "services": "Optometry; Audiology",
        "audiology": "true",
        "venue_name": "",
        "venue_id": "",
        "location_type": "Shopping Centre",
        "classification_confidence": "Medium",
        "classification_basis": "Official address uses a shop/level format; venue name requires review",
        "store_area_sqm": "",
        "area_measure": "",
        "area_source": "",
        "area_date": "",
        "area_confidence": "Unknown",
        "source_url": "https://www.specsavers.com.au/stores/kilkenny",
        "fetched_at": "2026-07-23T00:53:33.174Z"
      }
    },
    {
      "type": "Feature",
      "geometry": {
        "type": "Point",
        "coordinates": [
          138.63847,
          -34.8955
        ]
      },
      "properties": {
        "retailer": "Specsavers",
        "store_id": "specsavers-3244",
        "name": "Marden S/C",
        "status": "Active",
        "state": "SA",
        "suburb": "Marden",
        "postcode": "5070",
        "full_address": "Shop 39, Marden Shopping Centre, Marden, SA, 5070",
        "phone": "(08) 8362 9292",
        "official_url": "https://www.specsavers.com.au/stores/marden",
        "services": "Optometry",
        "audiology": "false",
        "venue_name": "Marden Shopping Centre",
        "venue_id": "sa-marden",
        "location_type": "Shopping Centre",
        "classification_confidence": "High",
        "classification_basis": "Official name/address contains shopping-centre evidence",
        "store_area_sqm": "",
        "area_measure": "",
        "area_source": "",
        "area_date": "",
        "area_confidence": "Unknown",
        "source_url": "https://www.specsavers.com.au/stores/marden",
        "fetched_at": "2026-07-23T00:53:33.174Z"
      }
    },
    {
      "type": "Feature",
      "geometry": {
        "type": "Point",
        "coordinates": [
          138.69223,
          -34.83077
        ]
      },
      "properties": {
        "retailer": "OPSM",
        "store_id": "opsm-1231",
        "name": "OPSM Tea Tree Plaza",
        "status": "Active",
        "state": "SA",
        "suburb": "Modbury",
        "postcode": "5092",
        "full_address": "976 North East Rd, Modbury, SA, 5092",
        "phone": "(08) 8264 3000",
        "official_url": "https://www.opsm.com.au/en/opsm-au/find-store",
        "services": "Kids Vision Centre, Collect & Return",
        "audiology": "false",
        "venue_name": "Tea Tree Plaza",
        "venue_id": "sa-plaza-tea-tree",
        "location_type": "Shopping Centre",
        "classification_confidence": "High",
        "classification_basis": "Official name/address contains shopping-centre evidence",
        "store_area_sqm": "",
        "area_measure": "",
        "area_source": "",
        "area_date": "",
        "area_confidence": "Unknown",
        "source_url": "https://www.opsm.com.au/en/opsm-au/find-store",
        "fetched_at": "2026-07-23T00:26:21+00:00"
      }
    },
    {
      "type": "Feature",
      "geometry": {
        "type": "Point",
        "coordinates": [
          138.6906,
          -34.83195
        ]
      },
      "properties": {
        "retailer": "Specsavers",
        "store_id": "specsavers-3212",
        "name": "Tea Tree Plaza",
        "status": "Active",
        "state": "SA",
        "suburb": "Modbury",
        "postcode": "5092",
        "full_address": "Shop 2-3 Westfield Tea Tree Plaza, 976 North East Rd, Modbury, SA, 5092",
        "phone": "(08) 8396 6600",
        "official_url": "https://www.specsavers.com.au/stores/teatreeplaza",
        "services": "Optometry; Audiology",
        "audiology": "true",
        "venue_name": "Tea Tree Plaza",
        "venue_id": "sa-plaza-tea-tree",
        "location_type": "Shopping Centre",
        "classification_confidence": "High",
        "classification_basis": "Official name/address contains shopping-centre evidence",
        "store_area_sqm": "",
        "area_measure": "",
        "area_source": "",
        "area_date": "",
        "area_confidence": "Unknown",
        "source_url": "https://www.specsavers.com.au/stores/teatreeplaza",
        "fetched_at": "2026-07-23T00:53:33.174Z"
      }
    },
    {
      "type": "Feature",
      "geometry": {
        "type": "Point",
        "coordinates": [
          138.54753,
          -35.11402
        ]
      },
      "properties": {
        "retailer": "OPSM",
        "store_id": "opsm-2934",
        "name": "OPSM Southgate Square",
        "status": "Active",
        "state": "SA",
        "suburb": "Morphett Vale",
        "postcode": "5162",
        "full_address": "Cnr Sherriffs & Hillier Rd, Morphett Vale, SA, 5162",
        "phone": "(08) 8305 1015",
        "official_url": "https://www.opsm.com.au/en/opsm-au/find-store",
        "services": "Kids Vision Centre, Collect & Return",
        "audiology": "false",
        "venue_name": "Southgate Square",
        "venue_id": "sa-southgate-square",
        "location_type": "Shopping Centre",
        "classification_confidence": "High",
        "classification_basis": "Official name/address contains shopping-centre evidence",
        "store_area_sqm": "",
        "area_measure": "",
        "area_source": "",
        "area_date": "",
        "area_confidence": "Unknown",
        "source_url": "https://www.opsm.com.au/en/opsm-au/find-store",
        "fetched_at": "2026-07-23T00:26:21+00:00"
      }
    },
    {
      "type": "Feature",
      "geometry": {
        "type": "Point",
        "coordinates": [
          138.52173,
          -35.107254
        ]
      },
      "properties": {
        "retailer": "Specsavers",
        "store_id": "specsavers-3509",
        "name": "Morphett Vale",
        "status": "Active",
        "state": "SA",
        "suburb": "Morphett Vale",
        "postcode": "5162",
        "full_address": "Sherriffs Road (cnr Hillier Road), Shop 6, Southgate Plaza, Morphett Vale, SA, 5162",
        "phone": "(08) 8186 1075",
        "official_url": "https://www.specsavers.com.au/stores/morphettvale",
        "services": "Optometry; Audiology",
        "audiology": "true",
        "venue_name": "Southgate Plaza",
        "venue_id": "sa-plaza-southgate",
        "location_type": "Shopping Centre",
        "classification_confidence": "High",
        "classification_basis": "Official name/address contains shopping-centre evidence",
        "store_area_sqm": "",
        "area_measure": "",
        "area_source": "",
        "area_date": "",
        "area_confidence": "Unknown",
        "source_url": "https://www.specsavers.com.au/stores/morphettvale",
        "fetched_at": "2026-07-23T00:53:33.174Z"
      }
    },
    {
      "type": "Feature",
      "geometry": {
        "type": "Point",
        "coordinates": [
          138.85975,
          -35.06489
        ]
      },
      "properties": {
        "retailer": "OPSM",
        "store_id": "opsm-1245",
        "name": "OPSM Mt Barker",
        "status": "Active",
        "state": "SA",
        "suburb": "Mount Barker",
        "postcode": "5251",
        "full_address": "13 Mclaren St, Mount Barker, SA, 5251",
        "phone": "(08) 8391 0121",
        "official_url": "https://www.opsm.com.au/en/opsm-au/find-store",
        "services": "Collect & Return",
        "audiology": "false",
        "venue_name": "",
        "venue_id": "",
        "location_type": "Main Street / Street-front",
        "classification_confidence": "Medium",
        "classification_basis": "Official address is a numbered or corner street address without centre evidence",
        "store_area_sqm": "",
        "area_measure": "",
        "area_source": "",
        "area_date": "",
        "area_confidence": "Unknown",
        "source_url": "https://www.opsm.com.au/en/opsm-au/find-store",
        "fetched_at": "2026-07-23T00:26:21+00:00"
      }
    },
    {
      "type": "Feature",
      "geometry": {
        "type": "Point",
        "coordinates": [
          138.85985,
          -35.065285
        ]
      },
      "properties": {
        "retailer": "Specsavers",
        "store_id": "specsavers-3458",
        "name": "Mt Barker Central",
        "status": "Active",
        "state": "SA",
        "suburb": "Mount Barker",
        "postcode": "5251",
        "full_address": "Shop 9, 10 & 11A, Mt Barker Central SC, McLaren Street, Mount Barker, SA, 5251",
        "phone": "(08) 8391 3588",
        "official_url": "https://www.specsavers.com.au/stores/mtbarker",
        "services": "Optometry; Audiology",
        "audiology": "true",
        "venue_name": "",
        "venue_id": "",
        "location_type": "Shopping Centre",
        "classification_confidence": "Medium",
        "classification_basis": "Official address uses a shop/level format; venue name requires review",
        "store_area_sqm": "",
        "area_measure": "",
        "area_source": "",
        "area_date": "",
        "area_confidence": "Unknown",
        "source_url": "https://www.specsavers.com.au/stores/mtbarker",
        "fetched_at": "2026-07-23T00:53:33.174Z"
      }
    },
    {
      "type": "Feature",
      "geometry": {
        "type": "Point",
        "coordinates": [
          140.77727,
          -37.82989
        ]
      },
      "properties": {
        "retailer": "OPSM",
        "store_id": "opsm-1584",
        "name": "OPSM Mount Gambier",
        "status": "Active",
        "state": "SA",
        "suburb": "Mount Gambier",
        "postcode": "5290",
        "full_address": "21 Helen St, Mount Gambier, SA, 5290",
        "phone": "(08) 8725 7222",
        "official_url": "https://www.opsm.com.au/en/opsm-au/find-store",
        "services": "Collect & Return",
        "audiology": "false",
        "venue_name": "",
        "venue_id": "",
        "location_type": "Main Street / Street-front",
        "classification_confidence": "Medium",
        "classification_basis": "Official address is a numbered or corner street address without centre evidence",
        "store_area_sqm": "",
        "area_measure": "",
        "area_source": "",
        "area_date": "",
        "area_confidence": "Unknown",
        "source_url": "https://www.opsm.com.au/en/opsm-au/find-store",
        "fetched_at": "2026-07-23T00:26:21+00:00"
      }
    },
    {
      "type": "Feature",
      "geometry": {
        "type": "Point",
        "coordinates": [
          140.77898,
          -37.827724
        ]
      },
      "properties": {
        "retailer": "Specsavers",
        "store_id": "specsavers-3412",
        "name": "Mt Gambier",
        "status": "Active",
        "state": "SA",
        "suburb": "Mount Gambier",
        "postcode": "5290",
        "full_address": "40 Commercial St W, Mount Gambier, SA, 5290",
        "phone": "(08) 8723 0274",
        "official_url": "https://www.specsavers.com.au/stores/mtgambier",
        "services": "Optometry; Audiology",
        "audiology": "true",
        "venue_name": "",
        "venue_id": "",
        "location_type": "Unclassified",
        "classification_confidence": "Low",
        "classification_basis": "Insufficient official venue or street evidence",
        "store_area_sqm": "",
        "area_measure": "",
        "area_source": "",
        "area_date": "",
        "area_confidence": "Unknown",
        "source_url": "https://www.specsavers.com.au/stores/mtgambier",
        "fetched_at": "2026-07-23T00:53:33.174Z"
      }
    },
    {
      "type": "Feature",
      "geometry": {
        "type": "Point",
        "coordinates": [
          139.2778,
          -35.119434
        ]
      },
      "properties": {
        "retailer": "Specsavers",
        "store_id": "specsavers-3594",
        "name": "Murray Bridge",
        "status": "Active",
        "state": "SA",
        "suburb": "Murray Bridge",
        "postcode": "5253",
        "full_address": "T17, Murray Bridge Marketplace, 21-53 South Terrace, Murray Bridge, SA, 5253",
        "phone": "(08) 7077 0324",
        "official_url": "https://www.specsavers.com.au/stores/murraybridge",
        "services": "Optometry; Audiology",
        "audiology": "true",
        "venue_name": "Murray Bridge Marketplace",
        "venue_id": "sa-bridge-marketplace-murray",
        "location_type": "Shopping Centre",
        "classification_confidence": "High",
        "classification_basis": "Official name/address contains shopping-centre evidence",
        "store_area_sqm": "",
        "area_measure": "",
        "area_source": "",
        "area_date": "",
        "area_confidence": "Unknown",
        "source_url": "https://www.specsavers.com.au/stores/murraybridge",
        "fetched_at": "2026-07-23T00:53:33.174Z"
      }
    },
    {
      "type": "Feature",
      "geometry": {
        "type": "Point",
        "coordinates": [
          138.67458,
          -34.87714
        ]
      },
      "properties": {
        "retailer": "Specsavers",
        "store_id": "specsavers-3512",
        "name": "Newton",
        "status": "Active",
        "state": "SA",
        "suburb": "Newton",
        "postcode": "5074",
        "full_address": "10/84 Gorge Rd, Newton, SA, 5074",
        "phone": "(08) 8165 0341",
        "official_url": "https://www.specsavers.com.au/stores/newton",
        "services": "Optometry; Audiology",
        "audiology": "true",
        "venue_name": "",
        "venue_id": "",
        "location_type": "Main Street / Street-front",
        "classification_confidence": "Medium",
        "classification_basis": "Official address is a numbered or corner street address without centre evidence",
        "store_area_sqm": "",
        "area_measure": "",
        "area_source": "",
        "area_date": "",
        "area_confidence": "Unknown",
        "source_url": "https://www.specsavers.com.au/stores/newton",
        "fetched_at": "2026-07-23T00:53:33.174Z"
      }
    },
    {
      "type": "Feature",
      "geometry": {
        "type": "Point",
        "coordinates": [
          138.49432,
          -35.13839
        ]
      },
      "properties": {
        "retailer": "OPSM",
        "store_id": "opsm-7071",
        "name": "OPSM Colonnades",
        "status": "Active",
        "state": "SA",
        "suburb": "Noarlunga",
        "postcode": "5168",
        "full_address": "Cnr Goldsmith Rd & Beach Rd, Noarlunga, SA, 5168",
        "phone": "(08) 8384 3399",
        "official_url": "https://www.opsm.com.au/en/opsm-au/find-store",
        "services": "",
        "audiology": "false",
        "venue_name": "",
        "venue_id": "",
        "location_type": "Main Street / Street-front",
        "classification_confidence": "Medium",
        "classification_basis": "Official address is a numbered or corner street address without centre evidence",
        "store_area_sqm": "",
        "area_measure": "",
        "area_source": "",
        "area_date": "",
        "area_confidence": "Unknown",
        "source_url": "https://www.opsm.com.au/en/opsm-au/find-store",
        "fetched_at": "2026-07-23T00:26:21+00:00"
      }
    },
    {
      "type": "Feature",
      "geometry": {
        "type": "Point",
        "coordinates": [
          138.49806,
          -35.142426
        ]
      },
      "properties": {
        "retailer": "Specsavers",
        "store_id": "specsavers-3376",
        "name": "Noarlunga Centre",
        "status": "Active",
        "state": "SA",
        "suburb": "Noarlunga Downs",
        "postcode": "5168",
        "full_address": "Beach Road, Shop SP1999 Colonnades Shopping Centre, Noarlunga Downs, SA, 5168",
        "phone": "(08) 8186 1611",
        "official_url": "https://www.specsavers.com.au/stores/noarlunga",
        "services": "Optometry; Audiology",
        "audiology": "true",
        "venue_name": "Noarlunga Centre",
        "venue_id": "sa-noarlunga",
        "location_type": "Shopping Centre",
        "classification_confidence": "High",
        "classification_basis": "Official name/address contains shopping-centre evidence",
        "store_area_sqm": "",
        "area_measure": "",
        "area_source": "",
        "area_date": "",
        "area_confidence": "Unknown",
        "source_url": "https://www.specsavers.com.au/stores/noarlunga",
        "fetched_at": "2026-07-23T00:53:33.174Z"
      }
    },
    {
      "type": "Feature",
      "geometry": {
        "type": "Point",
        "coordinates": [
          138.59559,
          -34.90724
        ]
      },
      "properties": {
        "retailer": "OPSM",
        "store_id": "opsm-1058",
        "name": "OPSM North Adelaide",
        "status": "Active",
        "state": "SA",
        "suburb": "North Adelaide",
        "postcode": "5006",
        "full_address": "67 O'Connell St, North Adelaide, SA, 5006",
        "phone": "(08) 8239 0400",
        "official_url": "https://www.opsm.com.au/en/opsm-au/find-store",
        "services": "Dry Eye, Collect & Return",
        "audiology": "false",
        "venue_name": "",
        "venue_id": "",
        "location_type": "Main Street / Street-front",
        "classification_confidence": "Medium",
        "classification_basis": "Official address is a numbered or corner street address without centre evidence",
        "store_area_sqm": "",
        "area_measure": "",
        "area_source": "",
        "area_date": "",
        "area_confidence": "Unknown",
        "source_url": "https://www.opsm.com.au/en/opsm-au/find-store",
        "fetched_at": "2026-07-23T00:26:21+00:00"
      }
    },
    {
      "type": "Feature",
      "geometry": {
        "type": "Point",
        "coordinates": [
          138.6347078,
          -34.9214469
        ]
      },
      "properties": {
        "retailer": "Bailey Nelson",
        "store_id": "bailey-nelson-norwood",
        "name": "Bailey Nelson Norwood",
        "status": "Active",
        "state": "SA",
        "suburb": "Norwood",
        "postcode": "5067",
        "full_address": "152 The Parade, Norwood, SA, 5067",
        "phone": "+61870951012",
        "official_url": "https://baileynelson.com.au/pages/optometrist-norwood",
        "services": "Optometry Services; Bulk-Billed Eye Tests; Private Eye Tests from $65; Contact Lens Eye Tests; Visual Fields Testing; Ultra-wide retinal imaging; Optical & Sunglass styling; Free frame adjustments",
        "audiology": "false",
        "venue_name": "",
        "venue_id": "",
        "location_type": "Main Street / Street-front",
        "classification_confidence": "Medium",
        "classification_basis": "Official address is a numbered or corner street address without centre evidence",
        "store_area_sqm": "",
        "area_measure": "",
        "area_source": "",
        "area_date": "",
        "area_confidence": "Unknown",
        "source_url": "https://baileynelson.com.au/pages/optometrist-norwood",
        "fetched_at": "2026-07-23T01:01:27+00:00"
      }
    },
    {
      "type": "Feature",
      "geometry": {
        "type": "Point",
        "coordinates": [
          138.63568,
          -34.92102
        ]
      },
      "properties": {
        "retailer": "OPSM",
        "store_id": "opsm-2989",
        "name": "OPSM Norwood",
        "status": "Active",
        "state": "SA",
        "suburb": "Norwood",
        "postcode": "5067",
        "full_address": "161 The Parade, Norwood, SA, 5067",
        "phone": "(08) 8305 1011",
        "official_url": "https://www.opsm.com.au/en/opsm-au/find-store",
        "services": "Kids Vision Centre, Collect & Return",
        "audiology": "false",
        "venue_name": "",
        "venue_id": "",
        "location_type": "Main Street / Street-front",
        "classification_confidence": "Medium",
        "classification_basis": "Official address is a numbered or corner street address without centre evidence",
        "store_area_sqm": "",
        "area_measure": "",
        "area_source": "",
        "area_date": "",
        "area_confidence": "Unknown",
        "source_url": "https://www.opsm.com.au/en/opsm-au/find-store",
        "fetched_at": "2026-07-23T00:26:21+00:00"
      }
    },
    {
      "type": "Feature",
      "geometry": {
        "type": "Point",
        "coordinates": [
          138.63542,
          -34.920547
        ]
      },
      "properties": {
        "retailer": "Specsavers",
        "store_id": "specsavers-3415",
        "name": "Norwood Place",
        "status": "Active",
        "state": "SA",
        "suburb": "Norwood",
        "postcode": "5067",
        "full_address": "Shop 22 & 22A Norwood Place, 161 \u00e2\u20ac\u201c 169 The Parade, Norwood, SA, 5067",
        "phone": "(08) 8332 1640",
        "official_url": "https://www.specsavers.com.au/stores/norwood",
        "services": "Optometry; Audiology",
        "audiology": "true",
        "venue_name": "",
        "venue_id": "",
        "location_type": "Shopping Centre",
        "classification_confidence": "Medium",
        "classification_basis": "Official address uses a shop/level format; venue name requires review",
        "store_area_sqm": "",
        "area_measure": "",
        "area_source": "",
        "area_date": "",
        "area_confidence": "Unknown",
        "source_url": "https://www.specsavers.com.au/stores/norwood",
        "fetched_at": "2026-07-23T00:53:33.174Z"
      }
    },
    {
      "type": "Feature",
      "geometry": {
        "type": "Point",
        "coordinates": [
          138.9939,
          -34.474426
        ]
      },
      "properties": {
        "retailer": "Specsavers",
        "store_id": "specsavers-3271",
        "name": "Nuriootpa",
        "status": "Active",
        "state": "SA",
        "suburb": "Nuriootpa",
        "postcode": "5355",
        "full_address": "3 Murray St., Shop 8, The Barossa Co-Op Shopping Centre, Nuriootpa, SA, 5355",
        "phone": "(08) 8562 3777",
        "official_url": "https://www.specsavers.com.au/stores/nuriootpa",
        "services": "Optometry; Audiology",
        "audiology": "true",
        "venue_name": "The Barossa Co-Op Shopping Centre",
        "venue_id": "sa-barossa-co-op-the",
        "location_type": "Shopping Centre",
        "classification_confidence": "High",
        "classification_basis": "Official name/address contains shopping-centre evidence",
        "store_area_sqm": "",
        "area_measure": "",
        "area_source": "",
        "area_date": "",
        "area_confidence": "Unknown",
        "source_url": "https://www.specsavers.com.au/stores/nuriootpa",
        "fetched_at": "2026-07-23T00:53:33.174Z"
      }
    },
    {
      "type": "Feature",
      "geometry": {
        "type": "Point",
        "coordinates": [
          138.5461336,
          -35.0164765
        ]
      },
      "properties": {
        "retailer": "Bailey Nelson",
        "store_id": "bailey-nelson-marion",
        "name": "Bailey Nelson Marion",
        "status": "Active",
        "state": "SA",
        "suburb": "Oaklands Park",
        "postcode": "5046",
        "full_address": "297 Diagonal Road, Oaklands Park, SA, 5046",
        "phone": "+61870951019",
        "official_url": "https://baileynelson.com.au/pages/optometrist-marion",
        "services": "Optometry Services; Bulk-Billed Eye Tests; Private Eye Tests from $65; Contact Lens Eye Tests; Visual Fields Testing; Ultra-wide retinal imaging; Optical & Sunglass styling; Free frame adjustments",
        "audiology": "false",
        "venue_name": "",
        "venue_id": "",
        "location_type": "Main Street / Street-front",
        "classification_confidence": "Medium",
        "classification_basis": "Official address is a numbered or corner street address without centre evidence",
        "store_area_sqm": "",
        "area_measure": "",
        "area_source": "",
        "area_date": "",
        "area_confidence": "Unknown",
        "source_url": "https://baileynelson.com.au/pages/optometrist-marion",
        "fetched_at": "2026-07-23T01:01:27+00:00"
      }
    },
    {
      "type": "Feature",
      "geometry": {
        "type": "Point",
        "coordinates": [
          138.54628,
          -35.01659
        ]
      },
      "properties": {
        "retailer": "OPSM",
        "store_id": "opsm-1254",
        "name": "OPSM Marion",
        "status": "Active",
        "state": "SA",
        "suburb": "Oaklands Park",
        "postcode": "5046",
        "full_address": "297 Diagonal Rd, Oaklands Park, SA, 5046",
        "phone": "(08) 8296 5388",
        "official_url": "https://www.opsm.com.au/en/opsm-au/find-store",
        "services": "Audiology, Dry Eye, Collect & Return",
        "audiology": "true",
        "venue_name": "",
        "venue_id": "",
        "location_type": "Main Street / Street-front",
        "classification_confidence": "Medium",
        "classification_basis": "Official address is a numbered or corner street address without centre evidence",
        "store_area_sqm": "",
        "area_measure": "",
        "area_source": "",
        "area_date": "",
        "area_confidence": "Unknown",
        "source_url": "https://www.opsm.com.au/en/opsm-au/find-store",
        "fetched_at": "2026-07-23T00:26:21+00:00"
      }
    },
    {
      "type": "Feature",
      "geometry": {
        "type": "Point",
        "coordinates": [
          138.54594,
          -35.016357
        ]
      },
      "properties": {
        "retailer": "Specsavers",
        "store_id": "specsavers-3521",
        "name": "Marion East Westfield Lvl 2",
        "status": "Active",
        "state": "SA",
        "suburb": "Oaklands Park",
        "postcode": "5046",
        "full_address": "Shop 2040/297 Diagonal Road, Oaklands Park, SA, 5046",
        "phone": "(08) 8296 5969",
        "official_url": "https://www.specsavers.com.au/stores/marioneast",
        "services": "Optometry",
        "audiology": "false",
        "venue_name": "Marion East Westfield Lvl 2",
        "venue_id": "sa-2-east-lvl-marion-westfield",
        "location_type": "Shopping Centre",
        "classification_confidence": "High",
        "classification_basis": "Official name/address contains shopping-centre evidence",
        "store_area_sqm": "",
        "area_measure": "",
        "area_source": "",
        "area_date": "",
        "area_confidence": "Unknown",
        "source_url": "https://www.specsavers.com.au/stores/marioneast",
        "fetched_at": "2026-07-23T00:53:33.174Z"
      }
    },
    {
      "type": "Feature",
      "geometry": {
        "type": "Point",
        "coordinates": [
          138.54639,
          -35.015724
        ]
      },
      "properties": {
        "retailer": "Specsavers",
        "store_id": "specsavers-3209",
        "name": "Marion West Westfield Lvl 2",
        "status": "Active",
        "state": "SA",
        "suburb": "Oaklands Park",
        "postcode": "5046",
        "full_address": "Shop 2007, Level 2, Westfield Marion West Shopping Centre, 297 Diagonal Rd, Oaklands Park, SA, 5046",
        "phone": "(08) 8358 1611",
        "official_url": "https://www.specsavers.com.au/stores/marion",
        "services": "Optometry; Audiology",
        "audiology": "true",
        "venue_name": "Marion West Westfield Lvl 2",
        "venue_id": "sa-2-lvl-marion-west-westfield",
        "location_type": "Shopping Centre",
        "classification_confidence": "High",
        "classification_basis": "Official name/address contains shopping-centre evidence",
        "store_area_sqm": "",
        "area_measure": "",
        "area_source": "",
        "area_date": "",
        "area_confidence": "Unknown",
        "source_url": "https://www.specsavers.com.au/stores/marion",
        "fetched_at": "2026-07-23T00:53:33.174Z"
      }
    },
    {
      "type": "Feature",
      "geometry": {
        "type": "Point",
        "coordinates": [
          138.58704,
          -35.00053
        ]
      },
      "properties": {
        "retailer": "OPSM",
        "store_id": "opsm-2962",
        "name": "Vision Hub Pasadena by OPSM",
        "status": "Active",
        "state": "SA",
        "suburb": "Pasadena",
        "postcode": "5042",
        "full_address": "Shop 22/20 Five Ash Drive, Pasadena, SA, 5042",
        "phone": "(08) 8277 8595",
        "official_url": "https://www.opsm.com.au/en/opsm-au/find-store",
        "services": "Kids Vision Centre, Collect & Return",
        "audiology": "false",
        "venue_name": "",
        "venue_id": "",
        "location_type": "Shopping Centre",
        "classification_confidence": "Medium",
        "classification_basis": "Official address uses a shop/level format; venue name requires review",
        "store_area_sqm": "",
        "area_measure": "",
        "area_source": "",
        "area_date": "",
        "area_confidence": "Unknown",
        "source_url": "https://www.opsm.com.au/en/opsm-au/find-store",
        "fetched_at": "2026-07-23T00:26:21+00:00"
      }
    },
    {
      "type": "Feature",
      "geometry": {
        "type": "Point",
        "coordinates": [
          138.5055049,
          -34.8484914
        ]
      },
      "properties": {
        "retailer": "Bailey Nelson",
        "store_id": "bailey-nelson-port-adelaide",
        "name": "Bailey Nelson Port Adelaide",
        "status": "Active",
        "state": "SA",
        "suburb": "Port Adelaide",
        "postcode": "5015",
        "full_address": "200-220 Commercial Road, Port Adelaide, SA, 5015",
        "phone": "+61870951010",
        "official_url": "https://baileynelson.com.au/pages/optometrist-port-adelaide",
        "services": "Optometry Services; Bulk-Billed Eye Tests; Private Eye Tests from $65; Contact Lens Eye Tests; Visual Fields Testing; Ultra-wide retinal imaging; Optical & Sunglass styling; Free frame adjustments",
        "audiology": "false",
        "venue_name": "",
        "venue_id": "",
        "location_type": "Main Street / Street-front",
        "classification_confidence": "Medium",
        "classification_basis": "Official address is a numbered or corner street address without centre evidence",
        "store_area_sqm": "",
        "area_measure": "",
        "area_source": "",
        "area_date": "",
        "area_confidence": "Unknown",
        "source_url": "https://baileynelson.com.au/pages/optometrist-port-adelaide",
        "fetched_at": "2026-07-23T01:01:27+00:00"
      }
    },
    {
      "type": "Feature",
      "geometry": {
        "type": "Point",
        "coordinates": [
          135.85852,
          -34.72203
        ]
      },
      "properties": {
        "retailer": "OPSM",
        "store_id": "opsm-1586",
        "name": "OPSM Port Lincoln",
        "status": "Active",
        "state": "SA",
        "suburb": "Port Lincoln",
        "postcode": "5606",
        "full_address": "19 Liverpool St, Port Lincoln, SA, 5606",
        "phone": "(08) 8682 2729",
        "official_url": "https://www.opsm.com.au/en/opsm-au/find-store",
        "services": "Collect & Return",
        "audiology": "false",
        "venue_name": "",
        "venue_id": "",
        "location_type": "Main Street / Street-front",
        "classification_confidence": "Medium",
        "classification_basis": "Official address is a numbered or corner street address without centre evidence",
        "store_area_sqm": "",
        "area_measure": "",
        "area_source": "",
        "area_date": "",
        "area_confidence": "Unknown",
        "source_url": "https://www.opsm.com.au/en/opsm-au/find-store",
        "fetched_at": "2026-07-23T00:26:21+00:00"
      }
    },
    {
      "type": "Feature",
      "geometry": {
        "type": "Point",
        "coordinates": [
          135.85764,
          -34.72202
        ]
      },
      "properties": {
        "retailer": "Specsavers",
        "store_id": "specsavers-3635",
        "name": "Port Lincoln",
        "status": "Active",
        "state": "SA",
        "suburb": "Port Lincoln",
        "postcode": "5606",
        "full_address": "8 Liverpool Street, Port Lincoln, SA, 5606",
        "phone": "(08) 7648 1888",
        "official_url": "https://www.specsavers.com.au/stores/portlincoln",
        "services": "Optometry; Audiology",
        "audiology": "true",
        "venue_name": "",
        "venue_id": "",
        "location_type": "Main Street / Street-front",
        "classification_confidence": "Medium",
        "classification_basis": "Official address is a numbered or corner street address without centre evidence",
        "store_area_sqm": "",
        "area_measure": "",
        "area_source": "",
        "area_date": "",
        "area_confidence": "Unknown",
        "source_url": "https://www.specsavers.com.au/stores/portlincoln",
        "fetched_at": "2026-07-23T00:53:33.174Z"
      }
    },
    {
      "type": "Feature",
      "geometry": {
        "type": "Point",
        "coordinates": [
          138.0073,
          -33.191036
        ]
      },
      "properties": {
        "retailer": "Specsavers",
        "store_id": "specsavers-3283",
        "name": "Pirie Plaza",
        "status": "Active",
        "state": "SA",
        "suburb": "Port Pirie",
        "postcode": "5540",
        "full_address": "16-18/91 Grey Terrace, Port Pirie Plaza, Port Pirie, SA, 5540",
        "phone": "(08) 8632 2486",
        "official_url": "https://www.specsavers.com.au/stores/portpirie",
        "services": "Optometry; Audiology",
        "audiology": "true",
        "venue_name": "Pirie Plaza",
        "venue_id": "sa-pirie-plaza",
        "location_type": "Shopping Centre",
        "classification_confidence": "High",
        "classification_basis": "Official name/address contains shopping-centre evidence",
        "store_area_sqm": "",
        "area_measure": "",
        "area_source": "",
        "area_date": "",
        "area_confidence": "Unknown",
        "source_url": "https://www.specsavers.com.au/stores/portpirie",
        "fetched_at": "2026-07-23T00:53:33.174Z"
      }
    },
    {
      "type": "Feature",
      "geometry": {
        "type": "Point",
        "coordinates": [
          138.60192,
          -34.87545
        ]
      },
      "properties": {
        "retailer": "OPSM",
        "store_id": "opsm-1256",
        "name": "OPSM North Park",
        "status": "Active",
        "state": "SA",
        "suburb": "Prospect Adelaide",
        "postcode": "5082",
        "full_address": "264 Main North Rd, Prospect Adelaide, SA, 5082",
        "phone": "(08) 8269 5244",
        "official_url": "https://www.opsm.com.au/en/opsm-au/find-store",
        "services": "Collect & Return",
        "audiology": "false",
        "venue_name": "",
        "venue_id": "",
        "location_type": "Main Street / Street-front",
        "classification_confidence": "Medium",
        "classification_basis": "Official address is a numbered or corner street address without centre evidence",
        "store_area_sqm": "",
        "area_measure": "",
        "area_source": "",
        "area_date": "",
        "area_confidence": "Unknown",
        "source_url": "https://www.opsm.com.au/en/opsm-au/find-store",
        "fetched_at": "2026-07-23T00:26:21+00:00"
      }
    },
    {
      "type": "Feature",
      "geometry": {
        "type": "Point",
        "coordinates": [
          138.64561,
          -34.76038
        ]
      },
      "properties": {
        "retailer": "OPSM",
        "store_id": "opsm-1066",
        "name": "OPSM Salisbury",
        "status": "Active",
        "state": "SA",
        "suburb": "Salisbury",
        "postcode": "5108",
        "full_address": "68 John St, Salisbury, SA, 5108",
        "phone": "(08) 8258 6211",
        "official_url": "https://www.opsm.com.au/en/opsm-au/find-store",
        "services": "Collect & Return",
        "audiology": "false",
        "venue_name": "",
        "venue_id": "",
        "location_type": "Main Street / Street-front",
        "classification_confidence": "Medium",
        "classification_basis": "Official address is a numbered or corner street address without centre evidence",
        "store_area_sqm": "",
        "area_measure": "",
        "area_source": "",
        "area_date": "",
        "area_confidence": "Unknown",
        "source_url": "https://www.opsm.com.au/en/opsm-au/find-store",
        "fetched_at": "2026-07-23T00:26:21+00:00"
      }
    },
    {
      "type": "Feature",
      "geometry": {
        "type": "Point",
        "coordinates": [
          138.64587,
          -34.760307
        ]
      },
      "properties": {
        "retailer": "Specsavers",
        "store_id": "specsavers-3214",
        "name": "Parabanks Centre",
        "status": "Active",
        "state": "SA",
        "suburb": "Salisbury",
        "postcode": "5108",
        "full_address": "32 Parabanks Centre, Salisbury, SA, 5108",
        "phone": "(08) 8281 9220",
        "official_url": "https://www.specsavers.com.au/stores/parabanks",
        "services": "Optometry; Audiology",
        "audiology": "true",
        "venue_name": "Parabanks Centre",
        "venue_id": "sa-parabanks",
        "location_type": "Shopping Centre",
        "classification_confidence": "High",
        "classification_basis": "Official name/address contains shopping-centre evidence",
        "store_area_sqm": "",
        "area_measure": "",
        "area_source": "",
        "area_date": "",
        "area_confidence": "Unknown",
        "source_url": "https://www.specsavers.com.au/stores/parabanks",
        "fetched_at": "2026-07-23T00:53:33.174Z"
      }
    },
    {
      "type": "Feature",
      "geometry": {
        "type": "Point",
        "coordinates": [
          138.62471,
          -34.767986
        ]
      },
      "properties": {
        "retailer": "Specsavers",
        "store_id": "specsavers-3213",
        "name": "Hollywood S/C",
        "status": "Active",
        "state": "SA",
        "suburb": "Salisbury Downs",
        "postcode": "5108",
        "full_address": "Hollywood Shopping Centre, 64 Winzor Street, Salisbury Downs, SA, 5108",
        "phone": "(08) 8281 7244",
        "official_url": "https://www.specsavers.com.au/stores/hollywood",
        "services": "Optometry; Audiology",
        "audiology": "true",
        "venue_name": "Hollywood Shopping Centre",
        "venue_id": "sa-hollywood",
        "location_type": "Shopping Centre",
        "classification_confidence": "High",
        "classification_basis": "Official name/address contains shopping-centre evidence",
        "store_area_sqm": "",
        "area_measure": "",
        "area_source": "",
        "area_date": "",
        "area_confidence": "Unknown",
        "source_url": "https://www.specsavers.com.au/stores/hollywood",
        "fetched_at": "2026-07-23T00:53:33.174Z"
      }
    },
    {
      "type": "Feature",
      "geometry": {
        "type": "Point",
        "coordinates": [
          138.47908,
          -35.18854
        ]
      },
      "properties": {
        "retailer": "OPSM",
        "store_id": "opsm-1514",
        "name": "OPSM Seaford",
        "status": "Active",
        "state": "SA",
        "suburb": "Seaford",
        "postcode": "5169",
        "full_address": "Commercial Rd & The Prde, Seaford, SA, 5169",
        "phone": "(08) 8386 3400",
        "official_url": "https://www.opsm.com.au/en/opsm-au/find-store",
        "services": "Kids Vision Centre, Collect & Return",
        "audiology": "false",
        "venue_name": "",
        "venue_id": "",
        "location_type": "Unclassified",
        "classification_confidence": "Low",
        "classification_basis": "Insufficient official venue or street evidence",
        "store_area_sqm": "",
        "area_measure": "",
        "area_source": "",
        "area_date": "",
        "area_confidence": "Unknown",
        "source_url": "https://www.opsm.com.au/en/opsm-au/find-store",
        "fetched_at": "2026-07-23T00:26:21+00:00"
      }
    },
    {
      "type": "Feature",
      "geometry": {
        "type": "Point",
        "coordinates": [
          138.47917,
          -35.189983
        ]
      },
      "properties": {
        "retailer": "Specsavers",
        "store_id": "specsavers-3642",
        "name": "Seaford",
        "status": "Active",
        "state": "SA",
        "suburb": "Seaford",
        "postcode": "5169",
        "full_address": "108 Commercial Road, Shop 15, Seaford Central,, Seaford, SA, 5169",
        "phone": "(08) 7260 3033",
        "official_url": "https://www.specsavers.com.au/stores/seaford",
        "services": "Optometry; Audiology",
        "audiology": "true",
        "venue_name": "",
        "venue_id": "",
        "location_type": "Shopping Centre",
        "classification_confidence": "Medium",
        "classification_basis": "Official address uses a shop/level format; venue name requires review",
        "store_area_sqm": "",
        "area_measure": "",
        "area_source": "",
        "area_date": "",
        "area_confidence": "Unknown",
        "source_url": "https://www.specsavers.com.au/stores/seaford",
        "fetched_at": "2026-07-23T00:53:33.174Z"
      }
    },
    {
      "type": "Feature",
      "geometry": {
        "type": "Point",
        "coordinates": [
          138.60301,
          -34.87621
        ]
      },
      "properties": {
        "retailer": "Specsavers",
        "store_id": "specsavers-3211",
        "name": "Sefton Plaza S/C",
        "status": "Active",
        "state": "SA",
        "suburb": "Sefton Park",
        "postcode": "5083",
        "full_address": "Shop 26, Sefton Plaza Shopping Centre, 225/239 Main N Rd, Sefton Park, SA, 5083",
        "phone": "(08) 8344 4444",
        "official_url": "https://www.specsavers.com.au/stores/seftonpark",
        "services": "Optometry",
        "audiology": "false",
        "venue_name": "Sefton Plaza Shopping Centre",
        "venue_id": "sa-plaza-sefton",
        "location_type": "Shopping Centre",
        "classification_confidence": "High",
        "classification_basis": "Official name/address contains shopping-centre evidence",
        "store_area_sqm": "",
        "area_measure": "",
        "area_source": "",
        "area_date": "",
        "area_confidence": "Unknown",
        "source_url": "https://www.specsavers.com.au/stores/seftonpark",
        "fetched_at": "2026-07-23T00:53:33.174Z"
      }
    },
    {
      "type": "Feature",
      "geometry": {
        "type": "Point",
        "coordinates": [
          138.68831,
          -34.687958
        ]
      },
      "properties": {
        "retailer": "Specsavers",
        "store_id": "specsavers-3215",
        "name": "Munno Para S/C",
        "status": "Active",
        "state": "SA",
        "suburb": "Smithfield",
        "postcode": "5114",
        "full_address": "T88 & T99 Munno Para Centre, 600 Main North Road, Smithfield, SA, 5114",
        "phone": "(08) 8284 1122",
        "official_url": "https://www.specsavers.com.au/stores/munnopara",
        "services": "Optometry; Audiology",
        "audiology": "true",
        "venue_name": "Munno Para Shopping Centre",
        "venue_id": "sa-munno-para",
        "location_type": "Shopping Centre",
        "classification_confidence": "High",
        "classification_basis": "Official name/address contains shopping-centre evidence",
        "store_area_sqm": "",
        "area_measure": "",
        "area_source": "",
        "area_date": "",
        "area_confidence": "Unknown",
        "source_url": "https://www.specsavers.com.au/stores/munnopara",
        "fetched_at": "2026-07-23T00:53:33.174Z"
      }
    },
    {
      "type": "Feature",
      "geometry": {
        "type": "Point",
        "coordinates": [
          138.61054,
          -34.97552
        ]
      },
      "properties": {
        "retailer": "OPSM",
        "store_id": "opsm-1289",
        "name": "OPSM Mitcham",
        "status": "Active",
        "state": "SA",
        "suburb": "Torrens Park",
        "postcode": "5062",
        "full_address": "119 Belair Rd, Torrens Park, SA, 5062",
        "phone": "(08) 8272 6300",
        "official_url": "https://www.opsm.com.au/en/opsm-au/find-store",
        "services": "Collect & Return",
        "audiology": "false",
        "venue_name": "",
        "venue_id": "",
        "location_type": "Main Street / Street-front",
        "classification_confidence": "Medium",
        "classification_basis": "Official address is a numbered or corner street address without centre evidence",
        "store_area_sqm": "",
        "area_measure": "",
        "area_source": "",
        "area_date": "",
        "area_confidence": "Unknown",
        "source_url": "https://www.opsm.com.au/en/opsm-au/find-store",
        "fetched_at": "2026-07-23T00:26:21+00:00"
      }
    },
    {
      "type": "Feature",
      "geometry": {
        "type": "Point",
        "coordinates": [
          138.61046,
          -34.975246
        ]
      },
      "properties": {
        "retailer": "Specsavers",
        "store_id": "specsavers-3627",
        "name": "Mitcham",
        "status": "Active",
        "state": "SA",
        "suburb": "Torrens Park",
        "postcode": "5062",
        "full_address": "T2/3 Mitcham Shopping Centre, 119 Belair Road, Torrens Park, SA, 5062",
        "phone": "(08) 8423 1360",
        "official_url": "https://www.specsavers.com.au/stores/mitcham",
        "services": "Optometry; Audiology",
        "audiology": "true",
        "venue_name": "T2/3 Mitcham Shopping Centre",
        "venue_id": "sa-3-mitcham-t2",
        "location_type": "Shopping Centre",
        "classification_confidence": "High",
        "classification_basis": "Official name/address contains shopping-centre evidence",
        "store_area_sqm": "",
        "area_measure": "",
        "area_source": "",
        "area_date": "",
        "area_confidence": "Unknown",
        "source_url": "https://www.specsavers.com.au/stores/mitcham",
        "fetched_at": "2026-07-23T00:53:33.174Z"
      }
    },
    {
      "type": "Feature",
      "geometry": {
        "type": "Point",
        "coordinates": [
          138.56479,
          -34.91373
        ]
      },
      "properties": {
        "retailer": "OPSM",
        "store_id": "opsm-2930",
        "name": "OPSM Brickworks",
        "status": "Active",
        "state": "SA",
        "suburb": "Torrensville",
        "postcode": "5031",
        "full_address": "Cnr South Rd & Ashwin Prde, Torrensville, SA, 5031",
        "phone": "(08) 8305 1020",
        "official_url": "https://www.opsm.com.au/en/opsm-au/find-store",
        "services": "Collect & Return",
        "audiology": "false",
        "venue_name": "",
        "venue_id": "",
        "location_type": "Unclassified",
        "classification_confidence": "Low",
        "classification_basis": "Insufficient official venue or street evidence",
        "store_area_sqm": "",
        "area_measure": "",
        "area_source": "",
        "area_date": "",
        "area_confidence": "Unknown",
        "source_url": "https://www.opsm.com.au/en/opsm-au/find-store",
        "fetched_at": "2026-07-23T00:26:21+00:00"
      }
    },
    {
      "type": "Feature",
      "geometry": {
        "type": "Point",
        "coordinates": [
          138.5651,
          -34.914326
        ]
      },
      "properties": {
        "retailer": "Specsavers",
        "store_id": "specsavers-3569",
        "name": "Brickworks Marketplace",
        "status": "Active",
        "state": "SA",
        "suburb": "Torrensville",
        "postcode": "5031",
        "full_address": "Brickworks Marketplace, South Road, Torrensville, SA, 5031",
        "phone": "(08) 8352 3822",
        "official_url": "https://www.specsavers.com.au/stores/thebarton",
        "services": "Optometry; Audiology",
        "audiology": "true",
        "venue_name": "Brickworks Marketplace",
        "venue_id": "sa-brickworks-marketplace",
        "location_type": "Shopping Centre",
        "classification_confidence": "High",
        "classification_basis": "Official name/address contains shopping-centre evidence",
        "store_area_sqm": "",
        "area_measure": "",
        "area_source": "",
        "area_date": "",
        "area_confidence": "Unknown",
        "source_url": "https://www.specsavers.com.au/stores/thebarton",
        "fetched_at": "2026-07-23T00:53:33.174Z"
      }
    },
    {
      "type": "Feature",
      "geometry": {
        "type": "Point",
        "coordinates": [
          138.62196,
          -35.55585
        ]
      },
      "properties": {
        "retailer": "OPSM",
        "store_id": "opsm-7082",
        "name": "OPSM Victor Harbor",
        "status": "Active",
        "state": "SA",
        "suburb": "Victor Harbor",
        "postcode": "5211",
        "full_address": "77 Torrens St, Victor Harbor, SA, 5211",
        "phone": "(08) 8552 2655",
        "official_url": "https://www.opsm.com.au/en/opsm-au/find-store",
        "services": "",
        "audiology": "false",
        "venue_name": "",
        "venue_id": "",
        "location_type": "Main Street / Street-front",
        "classification_confidence": "Medium",
        "classification_basis": "Official address is a numbered or corner street address without centre evidence",
        "store_area_sqm": "",
        "area_measure": "",
        "area_source": "",
        "area_date": "",
        "area_confidence": "Unknown",
        "source_url": "https://www.opsm.com.au/en/opsm-au/find-store",
        "fetched_at": "2026-07-23T00:26:21+00:00"
      }
    },
    {
      "type": "Feature",
      "geometry": {
        "type": "Point",
        "coordinates": [
          138.62032,
          -35.55307
        ]
      },
      "properties": {
        "retailer": "Specsavers",
        "store_id": "specsavers-3573",
        "name": "Victor Central",
        "status": "Active",
        "state": "SA",
        "suburb": "Victor Harbor",
        "postcode": "5211",
        "full_address": "Victor Central, Shop 15-17/21-37 Torrens Street, Victor Harbor, SA, 5211",
        "phone": "(08) 8552 8522",
        "official_url": "https://www.specsavers.com.au/stores/victor-harbor",
        "services": "Optometry; Audiology",
        "audiology": "true",
        "venue_name": "",
        "venue_id": "",
        "location_type": "Shopping Centre",
        "classification_confidence": "Medium",
        "classification_basis": "Official address uses a shop/level format; venue name requires review",
        "store_area_sqm": "",
        "area_measure": "",
        "area_source": "",
        "area_date": "",
        "area_confidence": "Unknown",
        "source_url": "https://www.specsavers.com.au/stores/victor-harbor",
        "fetched_at": "2026-07-23T00:53:33.174Z"
      }
    },
    {
      "type": "Feature",
      "geometry": {
        "type": "Point",
        "coordinates": [
          138.49075,
          -34.87943
        ]
      },
      "properties": {
        "retailer": "OPSM",
        "store_id": "opsm-1081",
        "name": "OPSM West Lakes",
        "status": "Active",
        "state": "SA",
        "suburb": "West Lakes",
        "postcode": "5021",
        "full_address": "111 West Lakes Mall Blvd, West Lakes, SA, 5021",
        "phone": "(08) 8355 6188",
        "official_url": "https://www.opsm.com.au/en/opsm-au/find-store",
        "services": "Collect & Return",
        "audiology": "false",
        "venue_name": "West Lakes Mall Blvd",
        "venue_id": "sa-blvd-lakes-west",
        "location_type": "Shopping Centre",
        "classification_confidence": "High",
        "classification_basis": "Official name/address contains shopping-centre evidence",
        "store_area_sqm": "",
        "area_measure": "",
        "area_source": "",
        "area_date": "",
        "area_confidence": "Unknown",
        "source_url": "https://www.opsm.com.au/en/opsm-au/find-store",
        "fetched_at": "2026-07-23T00:26:21+00:00"
      }
    },
    {
      "type": "Feature",
      "geometry": {
        "type": "Point",
        "coordinates": [
          138.4914,
          -34.879433
        ]
      },
      "properties": {
        "retailer": "Specsavers",
        "store_id": "specsavers-3375",
        "name": "West Lakes Westfield",
        "status": "Active",
        "state": "SA",
        "suburb": "West Lakes",
        "postcode": "5021",
        "full_address": "Shop 218, West Lakes Shopping Centre, 111 West Lakes Boulevard, West Lakes, SA, 5021",
        "phone": "(08) 8235 1488",
        "official_url": "https://www.specsavers.com.au/stores/westlakes",
        "services": "Optometry; Audiology",
        "audiology": "true",
        "venue_name": "West Lakes Westfield",
        "venue_id": "sa-lakes-west-westfield",
        "location_type": "Shopping Centre",
        "classification_confidence": "High",
        "classification_basis": "Official name/address contains shopping-centre evidence",
        "store_area_sqm": "",
        "area_measure": "",
        "area_source": "",
        "area_date": "",
        "area_confidence": "Unknown",
        "source_url": "https://www.specsavers.com.au/stores/westlakes",
        "fetched_at": "2026-07-23T00:53:33.174Z"
      }
    },
    {
      "type": "Feature",
      "geometry": {
        "type": "Point",
        "coordinates": [
          137.53215,
          -33.0278
        ]
      },
      "properties": {
        "retailer": "OPSM",
        "store_id": "opsm-1583",
        "name": "OPSM Whyalla",
        "status": "Active",
        "state": "SA",
        "suburb": "Whyalla",
        "postcode": "5608",
        "full_address": "Nicolson Ave, Whyalla, SA, 5608",
        "phone": "(08) 8645 2722",
        "official_url": "https://www.opsm.com.au/en/opsm-au/find-store",
        "services": "Collect & Return",
        "audiology": "false",
        "venue_name": "",
        "venue_id": "",
        "location_type": "Main Street / Street-front",
        "classification_confidence": "Low",
        "classification_basis": "Official address contains street evidence but needs review",
        "store_area_sqm": "",
        "area_measure": "",
        "area_source": "",
        "area_date": "",
        "area_confidence": "Unknown",
        "source_url": "https://www.opsm.com.au/en/opsm-au/find-store",
        "fetched_at": "2026-07-23T00:26:21+00:00"
      }
    },
    {
      "type": "Feature",
      "geometry": {
        "type": "Point",
        "coordinates": [
          137.53224,
          -33.02778
        ]
      },
      "properties": {
        "retailer": "Specsavers",
        "store_id": "specsavers-3388",
        "name": "Whyalla Westland S/C",
        "status": "Active",
        "state": "SA",
        "suburb": "Whyalla Norrie",
        "postcode": "5608",
        "full_address": "Westland Shopping Centre, Nicolson Avenue, Whyalla Norrie, SA, 5608",
        "phone": "(08) 8644 3365",
        "official_url": "https://www.specsavers.com.au/stores/whyalla",
        "services": "Optometry; Audiology",
        "audiology": "true",
        "venue_name": "Whyalla Westland Shopping Centre",
        "venue_id": "sa-westland-whyalla",
        "location_type": "Shopping Centre",
        "classification_confidence": "High",
        "classification_basis": "Official name/address contains shopping-centre evidence",
        "store_area_sqm": "",
        "area_measure": "",
        "area_source": "",
        "area_date": "",
        "area_confidence": "Unknown",
        "source_url": "https://www.specsavers.com.au/stores/whyalla",
        "fetched_at": "2026-07-23T00:53:33.174Z"
      }
    },
    {
      "type": "Feature",
      "geometry": {
        "type": "Point",
        "coordinates": [
          138.54753,
          -35.11402
        ]
      },
      "properties": {
        "retailer": "OPSM",
        "store_id": "opsm-1573",
        "name": "OPSM Woodcroft",
        "status": "Active",
        "state": "SA",
        "suburb": "Woodcroft",
        "postcode": "5162",
        "full_address": "Cnr Bains & Panalatinga Rd, Woodcroft, SA, 5162",
        "phone": "(08) 8325 2011",
        "official_url": "https://www.opsm.com.au/en/opsm-au/find-store",
        "services": "Collect & Return",
        "audiology": "false",
        "venue_name": "",
        "venue_id": "",
        "location_type": "Main Street / Street-front",
        "classification_confidence": "Medium",
        "classification_basis": "Official address is a numbered or corner street address without centre evidence",
        "store_area_sqm": "",
        "area_measure": "",
        "area_source": "",
        "area_date": "",
        "area_confidence": "Unknown",
        "source_url": "https://www.opsm.com.au/en/opsm-au/find-store",
        "fetched_at": "2026-07-23T00:26:21+00:00"
      }
    },
    {
      "type": "Feature",
      "geometry": {
        "type": "Point",
        "coordinates": [
          145.90485,
          -41.05206
        ]
      },
      "properties": {
        "retailer": "OPSM",
        "store_id": "opsm-2287",
        "name": "OPSM Burnie",
        "status": "Active",
        "state": "TAS",
        "suburb": "Burnie",
        "postcode": "7320",
        "full_address": "46 Mount St, Burnie, TAS, 7320",
        "phone": "(03) 6431 8177",
        "official_url": "https://www.opsm.com.au/en/opsm-au/find-store",
        "services": "Collect & Return",
        "audiology": "false",
        "venue_name": "",
        "venue_id": "",
        "location_type": "Main Street / Street-front",
        "classification_confidence": "Medium",
        "classification_basis": "Official address is a numbered or corner street address without centre evidence",
        "store_area_sqm": "",
        "area_measure": "",
        "area_source": "",
        "area_date": "",
        "area_confidence": "Unknown",
        "source_url": "https://www.opsm.com.au/en/opsm-au/find-store",
        "fetched_at": "2026-07-23T00:26:21+00:00"
      }
    },
    {
      "type": "Feature",
      "geometry": {
        "type": "Point",
        "coordinates": [
          145.90672,
          -41.051685
        ]
      },
      "properties": {
        "retailer": "Specsavers",
        "store_id": "specsavers-3543",
        "name": "Burnie",
        "status": "Active",
        "state": "TAS",
        "suburb": "Burnie",
        "postcode": "7320",
        "full_address": "49 Wilson St, Burnie, TAS, 7320",
        "phone": "(03) 6432 2608",
        "official_url": "https://www.specsavers.com.au/stores/burnie",
        "services": "Optometry; Audiology",
        "audiology": "true",
        "venue_name": "",
        "venue_id": "",
        "location_type": "Main Street / Street-front",
        "classification_confidence": "Medium",
        "classification_basis": "Official address is a numbered or corner street address without centre evidence",
        "store_area_sqm": "",
        "area_measure": "",
        "area_source": "",
        "area_date": "",
        "area_confidence": "Unknown",
        "source_url": "https://www.specsavers.com.au/stores/burnie",
        "fetched_at": "2026-07-23T00:53:33.174Z"
      }
    },
    {
      "type": "Feature",
      "geometry": {
        "type": "Point",
        "coordinates": [
          146.3602,
          -41.1805
        ]
      },
      "properties": {
        "retailer": "OPSM",
        "store_id": "opsm-2294",
        "name": "OPSM Devonport",
        "status": "Active",
        "state": "TAS",
        "suburb": "Devonport",
        "postcode": "7310",
        "full_address": "31 Rooke St, Devonport, TAS, 7310",
        "phone": "(03) 6423 1166",
        "official_url": "https://www.opsm.com.au/en/opsm-au/find-store",
        "services": "Dry Eye, Collect & Return",
        "audiology": "false",
        "venue_name": "",
        "venue_id": "",
        "location_type": "Main Street / Street-front",
        "classification_confidence": "Medium",
        "classification_basis": "Official address is a numbered or corner street address without centre evidence",
        "store_area_sqm": "",
        "area_measure": "",
        "area_source": "",
        "area_date": "",
        "area_confidence": "Unknown",
        "source_url": "https://www.opsm.com.au/en/opsm-au/find-store",
        "fetched_at": "2026-07-23T00:26:21+00:00"
      }
    },
    {
      "type": "Feature",
      "geometry": {
        "type": "Point",
        "coordinates": [
          146.36041,
          -41.17935
        ]
      },
      "properties": {
        "retailer": "Specsavers",
        "store_id": "specsavers-3585",
        "name": "Devonport",
        "status": "Active",
        "state": "TAS",
        "suburb": "Devonport",
        "postcode": "7310",
        "full_address": "69 Rooke St, Devonport, TAS, 7310",
        "phone": "(03) 6441 5226",
        "official_url": "https://www.specsavers.com.au/stores/devonport",
        "services": "Optometry; Audiology",
        "audiology": "true",
        "venue_name": "",
        "venue_id": "",
        "location_type": "Main Street / Street-front",
        "classification_confidence": "Medium",
        "classification_basis": "Official address is a numbered or corner street address without centre evidence",
        "store_area_sqm": "",
        "area_measure": "",
        "area_source": "",
        "area_date": "",
        "area_confidence": "Unknown",
        "source_url": "https://www.specsavers.com.au/stores/devonport",
        "fetched_at": "2026-07-23T00:53:33.174Z"
      }
    },
    {
      "type": "Feature",
      "geometry": {
        "type": "Point",
        "coordinates": [
          147.27323,
          -42.83223
        ]
      },
      "properties": {
        "retailer": "OPSM",
        "store_id": "opsm-1662",
        "name": "OPSM Glenorchy",
        "status": "Active",
        "state": "TAS",
        "suburb": "Glenorchy",
        "postcode": "7010",
        "full_address": "387 - 393 Main Rd, Glenorchy, TAS, 7010",
        "phone": "(03) 6272 1670",
        "official_url": "https://www.opsm.com.au/en/opsm-au/find-store",
        "services": "Collect & Return",
        "audiology": "false",
        "venue_name": "",
        "venue_id": "",
        "location_type": "Main Street / Street-front",
        "classification_confidence": "Medium",
        "classification_basis": "Official address is a numbered or corner street address without centre evidence",
        "store_area_sqm": "",
        "area_measure": "",
        "area_source": "",
        "area_date": "",
        "area_confidence": "Unknown",
        "source_url": "https://www.opsm.com.au/en/opsm-au/find-store",
        "fetched_at": "2026-07-23T00:26:21+00:00"
      }
    },
    {
      "type": "Feature",
      "geometry": {
        "type": "Point",
        "coordinates": [
          147.2735,
          -42.832012
        ]
      },
      "properties": {
        "retailer": "Specsavers",
        "store_id": "specsavers-3515",
        "name": "Glenorchy",
        "status": "Active",
        "state": "TAS",
        "suburb": "Glenorchy",
        "postcode": "7010",
        "full_address": "Shop 051, Level G, Northgate Shopping Centre, 387-393 Main Road, Glenorchy, TAS, 7010",
        "phone": "(03) 6237 0026",
        "official_url": "https://www.specsavers.com.au/stores/glenorchy",
        "services": "Optometry; Audiology",
        "audiology": "true",
        "venue_name": "Northgate Shopping Centre",
        "venue_id": "tas-northgate",
        "location_type": "Shopping Centre",
        "classification_confidence": "High",
        "classification_basis": "Official name/address contains shopping-centre evidence",
        "store_area_sqm": "",
        "area_measure": "",
        "area_source": "",
        "area_date": "",
        "area_confidence": "Unknown",
        "source_url": "https://www.specsavers.com.au/stores/glenorchy",
        "fetched_at": "2026-07-23T00:53:33.174Z"
      }
    },
    {
      "type": "Feature",
      "geometry": {
        "type": "Point",
        "coordinates": [
          147.3275438,
          -42.8833754
        ]
      },
      "properties": {
        "retailer": "Bailey Nelson",
        "store_id": "bailey-nelson-hobart",
        "name": "Bailey Nelson Hobart",
        "status": "Active",
        "state": "TAS",
        "suburb": "Hobart",
        "postcode": "7000",
        "full_address": "35 Murray Street, Hobart, TAS, 7000",
        "phone": "+61361640371",
        "official_url": "https://baileynelson.com.au/pages/optometrist-hobart",
        "services": "Optometry Services; Bulk-Billed Eye Tests; Private Eye Tests from $65; Contact Lens Eye Tests; Visual Fields Testing; Ultra-wide retinal imaging; Optical & Sunglass styling; Free frame adjustments",
        "audiology": "false",
        "venue_name": "",
        "venue_id": "",
        "location_type": "Main Street / Street-front",
        "classification_confidence": "Medium",
        "classification_basis": "Official address is a numbered or corner street address without centre evidence",
        "store_area_sqm": "",
        "area_measure": "",
        "area_source": "",
        "area_date": "",
        "area_confidence": "Unknown",
        "source_url": "https://baileynelson.com.au/pages/optometrist-hobart",
        "fetched_at": "2026-07-23T01:01:27+00:00"
      }
    },
    {
      "type": "Feature",
      "geometry": {
        "type": "Point",
        "coordinates": [
          147.32788,
          -42.88319
        ]
      },
      "properties": {
        "retailer": "OPSM",
        "store_id": "opsm-2293",
        "name": "OPSM Hobart Collins St",
        "status": "Active",
        "state": "TAS",
        "suburb": "Hobart",
        "postcode": "7000",
        "full_address": "140 Collins St, Hobart, TAS, 7000",
        "phone": "(03) 6270 6555",
        "official_url": "https://www.opsm.com.au/en/opsm-au/find-store",
        "services": "Dry Eye, Collect & Return",
        "audiology": "false",
        "venue_name": "",
        "venue_id": "",
        "location_type": "Main Street / Street-front",
        "classification_confidence": "Medium",
        "classification_basis": "Official address is a numbered or corner street address without centre evidence",
        "store_area_sqm": "",
        "area_measure": "",
        "area_source": "",
        "area_date": "",
        "area_confidence": "Unknown",
        "source_url": "https://www.opsm.com.au/en/opsm-au/find-store",
        "fetched_at": "2026-07-23T00:26:21+00:00"
      }
    },
    {
      "type": "Feature",
      "geometry": {
        "type": "Point",
        "coordinates": [
          147.32678,
          -42.883038
        ]
      },
      "properties": {
        "retailer": "Specsavers",
        "store_id": "specsavers-3495",
        "name": "Hobart",
        "status": "Active",
        "state": "TAS",
        "suburb": "Hobart",
        "postcode": "7000",
        "full_address": "The Cat & Fiddle Arcade, 53A Murray Street, Hobart, TAS, 7000",
        "phone": "(03) 6223 5792",
        "official_url": "https://www.specsavers.com.au/stores/hobart",
        "services": "Optometry; Audiology",
        "audiology": "true",
        "venue_name": "The Cat & Fiddle Arcade",
        "venue_id": "tas-and-arcade-cat-fiddle-the",
        "location_type": "Shopping Centre",
        "classification_confidence": "High",
        "classification_basis": "Official name/address contains shopping-centre evidence",
        "store_area_sqm": "",
        "area_measure": "",
        "area_source": "",
        "area_date": "",
        "area_confidence": "Unknown",
        "source_url": "https://www.specsavers.com.au/stores/hobart",
        "fetched_at": "2026-07-23T00:53:33.174Z"
      }
    },
    {
      "type": "Feature",
      "geometry": {
        "type": "Point",
        "coordinates": [
          147.15871,
          -41.46717
        ]
      },
      "properties": {
        "retailer": "OPSM",
        "store_id": "opsm-1666",
        "name": "OPSM Kingsmeadow",
        "status": "Active",
        "state": "TAS",
        "suburb": "Kings Meadows",
        "postcode": "7249",
        "full_address": "106 Hobart Rd, Kings Meadows, TAS, 7249",
        "phone": "(03) 6344 5555",
        "official_url": "https://www.opsm.com.au/en/opsm-au/find-store",
        "services": "Collect & Return",
        "audiology": "false",
        "venue_name": "",
        "venue_id": "",
        "location_type": "Main Street / Street-front",
        "classification_confidence": "Medium",
        "classification_basis": "Official address is a numbered or corner street address without centre evidence",
        "store_area_sqm": "",
        "area_measure": "",
        "area_source": "",
        "area_date": "",
        "area_confidence": "Unknown",
        "source_url": "https://www.opsm.com.au/en/opsm-au/find-store",
        "fetched_at": "2026-07-23T00:26:21+00:00"
      }
    },
    {
      "type": "Feature",
      "geometry": {
        "type": "Point",
        "coordinates": [
          147.15874,
          -41.466595
        ]
      },
      "properties": {
        "retailer": "Specsavers",
        "store_id": "specsavers-3641",
        "name": "Kings Meadows",
        "status": "Active",
        "state": "TAS",
        "suburb": "Kings Meadows",
        "postcode": "7249",
        "full_address": "Shop 27, Meadow Mews Plaza, 102 Hobart Road, Kings Meadows, TAS, 7249",
        "phone": "(03) 6722 5500",
        "official_url": "https://www.specsavers.com.au/stores/kingsmeadows",
        "services": "Optometry; Audiology",
        "audiology": "true",
        "venue_name": "Meadow Mews Plaza",
        "venue_id": "tas-meadow-mews-plaza",
        "location_type": "Shopping Centre",
        "classification_confidence": "High",
        "classification_basis": "Official name/address contains shopping-centre evidence",
        "store_area_sqm": "",
        "area_measure": "",
        "area_source": "",
        "area_date": "",
        "area_confidence": "Unknown",
        "source_url": "https://www.specsavers.com.au/stores/kingsmeadows",
        "fetched_at": "2026-07-23T00:53:33.174Z"
      }
    },
    {
      "type": "Feature",
      "geometry": {
        "type": "Point",
        "coordinates": [
          147.31091,
          -42.9746
        ]
      },
      "properties": {
        "retailer": "OPSM",
        "store_id": "opsm-2292",
        "name": "OPSM Kingston",
        "status": "Active",
        "state": "TAS",
        "suburb": "Kingston",
        "postcode": "7050",
        "full_address": "2 Kingston Plaza, Kingston, TAS, 7050",
        "phone": "(03) 6229 9911",
        "official_url": "https://www.opsm.com.au/en/opsm-au/find-store",
        "services": "Collect & Return",
        "audiology": "false",
        "venue_name": "Kingston Plaza",
        "venue_id": "tas-kingston-plaza",
        "location_type": "Shopping Centre",
        "classification_confidence": "High",
        "classification_basis": "Official name/address contains shopping-centre evidence",
        "store_area_sqm": "",
        "area_measure": "",
        "area_source": "",
        "area_date": "",
        "area_confidence": "Unknown",
        "source_url": "https://www.opsm.com.au/en/opsm-au/find-store",
        "fetched_at": "2026-07-23T00:26:21+00:00"
      }
    },
    {
      "type": "Feature",
      "geometry": {
        "type": "Point",
        "coordinates": [
          147.30983,
          -42.97631
        ]
      },
      "properties": {
        "retailer": "Specsavers",
        "store_id": "specsavers-3547",
        "name": "Kingston",
        "status": "Active",
        "state": "TAS",
        "suburb": "Kingston",
        "postcode": "7050",
        "full_address": "29 Channel Highway, Kingston, TAS, 7050",
        "phone": "(03) 6239 3334",
        "official_url": "https://www.specsavers.com.au/stores/kingston",
        "services": "Optometry",
        "audiology": "false",
        "venue_name": "",
        "venue_id": "",
        "location_type": "Main Street / Street-front",
        "classification_confidence": "Medium",
        "classification_basis": "Official address is a numbered or corner street address without centre evidence",
        "store_area_sqm": "",
        "area_measure": "",
        "area_source": "",
        "area_date": "",
        "area_confidence": "Unknown",
        "source_url": "https://www.specsavers.com.au/stores/kingston",
        "fetched_at": "2026-07-23T00:53:33.174Z"
      }
    },
    {
      "type": "Feature",
      "geometry": {
        "type": "Point",
        "coordinates": [
          147.14029,
          -41.43637
        ]
      },
      "properties": {
        "retailer": "OPSM",
        "store_id": "opsm-2291",
        "name": "OPSM Launceston",
        "status": "Active",
        "state": "TAS",
        "suburb": "Launceston",
        "postcode": "7250",
        "full_address": "64 Brisbane St, Launceston, TAS, 7250",
        "phone": "(03) 6331 1755",
        "official_url": "https://www.opsm.com.au/en/opsm-au/find-store",
        "services": "Collect & Return",
        "audiology": "false",
        "venue_name": "",
        "venue_id": "",
        "location_type": "Main Street / Street-front",
        "classification_confidence": "Medium",
        "classification_basis": "Official address is a numbered or corner street address without centre evidence",
        "store_area_sqm": "",
        "area_measure": "",
        "area_source": "",
        "area_date": "",
        "area_confidence": "Unknown",
        "source_url": "https://www.opsm.com.au/en/opsm-au/find-store",
        "fetched_at": "2026-07-23T00:26:21+00:00"
      }
    },
    {
      "type": "Feature",
      "geometry": {
        "type": "Point",
        "coordinates": [
          147.14166,
          -41.43561
        ]
      },
      "properties": {
        "retailer": "Specsavers",
        "store_id": "specsavers-3325",
        "name": "Launceston",
        "status": "Active",
        "state": "TAS",
        "suburb": "Launceston",
        "postcode": "7250",
        "full_address": "47 Brisbane St, Launceston, TAS, 7250",
        "phone": "(03) 6331 7566",
        "official_url": "https://www.specsavers.com.au/stores/launceston",
        "services": "Optometry; Audiology",
        "audiology": "true",
        "venue_name": "",
        "venue_id": "",
        "location_type": "Main Street / Street-front",
        "classification_confidence": "Medium",
        "classification_basis": "Official address is a numbered or corner street address without centre evidence",
        "store_area_sqm": "",
        "area_measure": "",
        "area_source": "",
        "area_date": "",
        "area_confidence": "Unknown",
        "source_url": "https://www.specsavers.com.au/stores/launceston",
        "fetched_at": "2026-07-23T00:53:33.174Z"
      }
    },
    {
      "type": "Feature",
      "geometry": {
        "type": "Point",
        "coordinates": [
          147.29339,
          -42.84597
        ]
      },
      "properties": {
        "retailer": "OPSM",
        "store_id": "opsm-2290",
        "name": "OPSM Moonah",
        "status": "Active",
        "state": "TAS",
        "suburb": "Moonah",
        "postcode": "7009",
        "full_address": "110 Main Rd, Moonah, TAS, 7009",
        "phone": "(03) 6272 0733",
        "official_url": "https://www.opsm.com.au/en/opsm-au/find-store",
        "services": "Collect & Return",
        "audiology": "false",
        "venue_name": "",
        "venue_id": "",
        "location_type": "Main Street / Street-front",
        "classification_confidence": "Medium",
        "classification_basis": "Official address is a numbered or corner street address without centre evidence",
        "store_area_sqm": "",
        "area_measure": "",
        "area_source": "",
        "area_date": "",
        "area_confidence": "Unknown",
        "source_url": "https://www.opsm.com.au/en/opsm-au/find-store",
        "fetched_at": "2026-07-23T00:26:21+00:00"
      }
    },
    {
      "type": "Feature",
      "geometry": {
        "type": "Point",
        "coordinates": [
          147.37075,
          -42.86681
        ]
      },
      "properties": {
        "retailer": "OPSM",
        "store_id": "opsm-2289",
        "name": "OPSM Rosny",
        "status": "Active",
        "state": "TAS",
        "suburb": "Rosny",
        "postcode": "7018",
        "full_address": "13 Bayfield St, Rosny, TAS, 7018",
        "phone": "(03) 6244 6600",
        "official_url": "https://www.opsm.com.au/en/opsm-au/find-store",
        "services": "Collect & Return",
        "audiology": "false",
        "venue_name": "",
        "venue_id": "",
        "location_type": "Main Street / Street-front",
        "classification_confidence": "Medium",
        "classification_basis": "Official address is a numbered or corner street address without centre evidence",
        "store_area_sqm": "",
        "area_measure": "",
        "area_source": "",
        "area_date": "",
        "area_confidence": "Unknown",
        "source_url": "https://www.opsm.com.au/en/opsm-au/find-store",
        "fetched_at": "2026-07-23T00:26:21+00:00"
      }
    },
    {
      "type": "Feature",
      "geometry": {
        "type": "Point",
        "coordinates": [
          147.36841,
          -42.866287
        ]
      },
      "properties": {
        "retailer": "Specsavers",
        "store_id": "specsavers-3421",
        "name": "Rosny Park Eastlands S/C",
        "status": "Active",
        "state": "TAS",
        "suburb": "Rosny Park",
        "postcode": "7018",
        "full_address": "Shop 4, Upper Level, Eastlands Shopping Centre, Bligh Street, Rosny Park, TAS, 7018",
        "phone": "(03) 6245 0972",
        "official_url": "https://www.specsavers.com.au/stores/rosnypark",
        "services": "Optometry; Audiology",
        "audiology": "true",
        "venue_name": "Rosny Park Eastlands Shopping Centre",
        "venue_id": "tas-eastlands-park-rosny",
        "location_type": "Shopping Centre",
        "classification_confidence": "High",
        "classification_basis": "Official name/address contains shopping-centre evidence",
        "store_area_sqm": "",
        "area_measure": "",
        "area_source": "",
        "area_date": "",
        "area_confidence": "Unknown",
        "source_url": "https://www.specsavers.com.au/stores/rosnypark",
        "fetched_at": "2026-07-23T00:53:33.174Z"
      }
    },
    {
      "type": "Feature",
      "geometry": {
        "type": "Point",
        "coordinates": [
          147.3684373,
          -42.8658356
        ]
      },
      "properties": {
        "retailer": "Bailey Nelson",
        "store_id": "bailey-nelson-hobart-eastlands",
        "name": "Bailey Nelson Hobart Eastlands",
        "status": "Active",
        "state": "TAS",
        "suburb": "Rosny Park,",
        "postcode": "7018",
        "full_address": "26 Bligh Street, Rosny Park,, TAS, 7018",
        "phone": "+61361640370",
        "official_url": "https://baileynelson.com.au/pages/optometrist-hobart-eastlands",
        "services": "Optometry Services; Bulk-Billed Eye Tests; Private Eye Tests from $65; Contact Lens Eye Tests; Visual Fields Testing; Ultra-wide retinal imaging; Optical & Sunglass styling; Free frame adjustments",
        "audiology": "false",
        "venue_name": "Hobart Eastlands",
        "venue_id": "tas-eastlands-hobart",
        "location_type": "Shopping Centre",
        "classification_confidence": "High",
        "classification_basis": "Official name/address contains shopping-centre evidence",
        "store_area_sqm": "",
        "area_measure": "",
        "area_source": "",
        "area_date": "",
        "area_confidence": "Unknown",
        "source_url": "https://baileynelson.com.au/pages/optometrist-hobart-eastlands",
        "fetched_at": "2026-07-23T01:01:27+00:00"
      }
    },
    {
      "type": "Feature",
      "geometry": {
        "type": "Point",
        "coordinates": [
          145.72552,
          -40.99001
        ]
      },
      "properties": {
        "retailer": "OPSM",
        "store_id": "opsm-2288",
        "name": "OPSM Wynyard",
        "status": "Active",
        "state": "TAS",
        "suburb": "Wynyard",
        "postcode": "7325",
        "full_address": "124 Goldie St, Wynyard, TAS, 7325",
        "phone": "(03) 6442 4440",
        "official_url": "https://www.opsm.com.au/en/opsm-au/find-store",
        "services": "Collect & Return",
        "audiology": "false",
        "venue_name": "",
        "venue_id": "",
        "location_type": "Main Street / Street-front",
        "classification_confidence": "Medium",
        "classification_basis": "Official address is a numbered or corner street address without centre evidence",
        "store_area_sqm": "",
        "area_measure": "",
        "area_source": "",
        "area_date": "",
        "area_confidence": "Unknown",
        "source_url": "https://www.opsm.com.au/en/opsm-au/find-store",
        "fetched_at": "2026-07-23T00:26:21+00:00"
      }
    },
    {
      "type": "Feature",
      "geometry": {
        "type": "Point",
        "coordinates": [
          144.88516,
          -37.7143
        ]
      },
      "properties": {
        "retailer": "OPSM",
        "store_id": "opsm-1488",
        "name": "OPSM Airport West",
        "status": "Active",
        "state": "VIC",
        "suburb": "Airport West",
        "postcode": "3042",
        "full_address": "29 - 35 Louis St, Airport West, VIC, 3042",
        "phone": "(03) 9335 2077",
        "official_url": "https://www.opsm.com.au/en/opsm-au/find-store",
        "services": "Collect & Return",
        "audiology": "false",
        "venue_name": "",
        "venue_id": "",
        "location_type": "Main Street / Street-front",
        "classification_confidence": "Medium",
        "classification_basis": "Official address is a numbered or corner street address without centre evidence",
        "store_area_sqm": "",
        "area_measure": "",
        "area_source": "",
        "area_date": "",
        "area_confidence": "Unknown",
        "source_url": "https://www.opsm.com.au/en/opsm-au/find-store",
        "fetched_at": "2026-07-23T00:26:21+00:00"
      }
    },
    {
      "type": "Feature",
      "geometry": {
        "type": "Point",
        "coordinates": [
          144.88731,
          -37.714077
        ]
      },
      "properties": {
        "retailer": "Specsavers",
        "store_id": "specsavers-3431",
        "name": "Airport West Westfield",
        "status": "Active",
        "state": "VIC",
        "suburb": "Airport West",
        "postcode": "3042",
        "full_address": "Westfield Airport West, Shop 76, Airport West, VIC, 3042",
        "phone": "(03) 9338 4780",
        "official_url": "https://www.specsavers.com.au/stores/airportwest",
        "services": "Optometry; Audiology",
        "audiology": "true",
        "venue_name": "Airport West Westfield",
        "venue_id": "vic-airport-west-westfield",
        "location_type": "Shopping Centre",
        "classification_confidence": "High",
        "classification_basis": "Official name/address contains shopping-centre evidence",
        "store_area_sqm": "",
        "area_measure": "",
        "area_source": "",
        "area_date": "",
        "area_confidence": "Unknown",
        "source_url": "https://www.specsavers.com.au/stores/airportwest",
        "fetched_at": "2026-07-23T00:53:33.174Z"
      }
    },
    {
      "type": "Feature",
      "geometry": {
        "type": "Point",
        "coordinates": [
          144.8475,
          -37.82781
        ]
      },
      "properties": {
        "retailer": "OPSM",
        "store_id": "opsm-1428",
        "name": "OPSM Altona Gate",
        "status": "Active",
        "state": "VIC",
        "suburb": "Altona Gate",
        "postcode": "3025",
        "full_address": "124 - 134 Millers Rd, Altona Gate, VIC, 3025",
        "phone": "(03) 9315 1510",
        "official_url": "https://www.opsm.com.au/en/opsm-au/find-store",
        "services": "Collect & Return",
        "audiology": "false",
        "venue_name": "",
        "venue_id": "",
        "location_type": "Main Street / Street-front",
        "classification_confidence": "Medium",
        "classification_basis": "Official address is a numbered or corner street address without centre evidence",
        "store_area_sqm": "",
        "area_measure": "",
        "area_source": "",
        "area_date": "",
        "area_confidence": "Unknown",
        "source_url": "https://www.opsm.com.au/en/opsm-au/find-store",
        "fetched_at": "2026-07-23T00:26:21+00:00"
      }
    },
    {
      "type": "Feature",
      "geometry": {
        "type": "Point",
        "coordinates": [
          144.77557,
          -37.87295
        ]
      },
      "properties": {
        "retailer": "Specsavers",
        "store_id": "specsavers-3258",
        "name": "Altona Meadows Central Square",
        "status": "Active",
        "state": "VIC",
        "suburb": "Altona Meadows",
        "postcode": "3028",
        "full_address": "43-44 Central Avenue, Altona Meadows, VIC, 3028",
        "phone": "(03) 9315 6340",
        "official_url": "https://www.specsavers.com.au/stores/altonameadows",
        "services": "Optometry",
        "audiology": "false",
        "venue_name": "Altona Meadows Central Square",
        "venue_id": "vic-altona-central-meadows-square",
        "location_type": "Shopping Centre",
        "classification_confidence": "High",
        "classification_basis": "Official name/address contains shopping-centre evidence",
        "store_area_sqm": "",
        "area_measure": "",
        "area_source": "",
        "area_date": "",
        "area_confidence": "Unknown",
        "source_url": "https://www.specsavers.com.au/stores/altonameadows",
        "fetched_at": "2026-07-23T00:53:33.174Z"
      }
    },
    {
      "type": "Feature",
      "geometry": {
        "type": "Point",
        "coordinates": [
          144.84749,
          -37.827724
        ]
      },
      "properties": {
        "retailer": "Specsavers",
        "store_id": "specsavers-3457",
        "name": "Altona Gate S/C",
        "status": "Active",
        "state": "VIC",
        "suburb": "Altona North",
        "postcode": "3025",
        "full_address": "Shop G003, Altona Gate S/C, 124 - 134 Millers Road, Altona North, VIC, 3025",
        "phone": "(03) 9314 4788",
        "official_url": "https://www.specsavers.com.au/stores/altonanorth",
        "services": "Optometry; Audiology",
        "audiology": "true",
        "venue_name": "Altona Gate Shopping Centre",
        "venue_id": "vic-altona-gate",
        "location_type": "Shopping Centre",
        "classification_confidence": "High",
        "classification_basis": "Official name/address contains shopping-centre evidence",
        "store_area_sqm": "",
        "area_measure": "",
        "area_source": "",
        "area_date": "",
        "area_confidence": "Unknown",
        "source_url": "https://www.specsavers.com.au/stores/altonanorth",
        "fetched_at": "2026-07-23T00:53:33.174Z"
      }
    },
    {
      "type": "Feature",
      "geometry": {
        "type": "Point",
        "coordinates": [
          144.43993,
          -37.675243
        ]
      },
      "properties": {
        "retailer": "Specsavers",
        "store_id": "specsavers-3602",
        "name": "Bacchus Marsh",
        "status": "Active",
        "state": "VIC",
        "suburb": "Bacchus Marsh",
        "postcode": "3340",
        "full_address": "Shop 42, The Village Bacchus Marsh S/C, 160/192 Main St, Bacchus Marsh, VIC, 3340",
        "phone": "(03) 9114 3830",
        "official_url": "https://www.specsavers.com.au/stores/bacchusmarsh",
        "services": "Optometry; Audiology",
        "audiology": "true",
        "venue_name": "The Village Bacchus Marsh Shopping Centre",
        "venue_id": "vic-bacchus-marsh-the-village",
        "location_type": "Shopping Centre",
        "classification_confidence": "High",
        "classification_basis": "Official name/address contains shopping-centre evidence",
        "store_area_sqm": "",
        "area_measure": "",
        "area_source": "",
        "area_date": "",
        "area_confidence": "Unknown",
        "source_url": "https://www.specsavers.com.au/stores/bacchusmarsh",
        "fetched_at": "2026-07-23T00:53:33.174Z"
      }
    },
    {
      "type": "Feature",
      "geometry": {
        "type": "Point",
        "coordinates": [
          147.62948,
          -37.82561
        ]
      },
      "properties": {
        "retailer": "OPSM",
        "store_id": "opsm-2914",
        "name": "OPSM Bairnsdale",
        "status": "Active",
        "state": "VIC",
        "suburb": "Bairnsdale",
        "postcode": "3875",
        "full_address": "111 Nicholson St, Bairnsdale, VIC, 3875",
        "phone": "(03)5152 6741",
        "official_url": "https://www.opsm.com.au/en/opsm-au/find-store",
        "services": "Collect & Return",
        "audiology": "false",
        "venue_name": "",
        "venue_id": "",
        "location_type": "Main Street / Street-front",
        "classification_confidence": "Medium",
        "classification_basis": "Official address is a numbered or corner street address without centre evidence",
        "store_area_sqm": "",
        "area_measure": "",
        "area_source": "",
        "area_date": "",
        "area_confidence": "Unknown",
        "source_url": "https://www.opsm.com.au/en/opsm-au/find-store",
        "fetched_at": "2026-07-23T00:26:21+00:00"
      }
    },
    {
      "type": "Feature",
      "geometry": {
        "type": "Point",
        "coordinates": [
          147.63199,
          -37.825104
        ]
      },
      "properties": {
        "retailer": "Specsavers",
        "store_id": "specsavers-3564",
        "name": "Bairnsdale",
        "status": "Active",
        "state": "VIC",
        "suburb": "Bairnsdale",
        "postcode": "3875",
        "full_address": "23 Bailey Street, Bairnsdale, VIC, 3875",
        "phone": "(03) 5153 2333",
        "official_url": "https://www.specsavers.com.au/stores/bairnsdale",
        "services": "Optometry; Audiology",
        "audiology": "true",
        "venue_name": "",
        "venue_id": "",
        "location_type": "Main Street / Street-front",
        "classification_confidence": "Medium",
        "classification_basis": "Official address is a numbered or corner street address without centre evidence",
        "store_area_sqm": "",
        "area_measure": "",
        "area_source": "",
        "area_date": "",
        "area_confidence": "Unknown",
        "source_url": "https://www.specsavers.com.au/stores/bairnsdale",
        "fetched_at": "2026-07-23T00:53:33.174Z"
      }
    },
    {
      "type": "Feature",
      "geometry": {
        "type": "Point",
        "coordinates": [
          143.85536,
          -37.56287
        ]
      },
      "properties": {
        "retailer": "OPSM",
        "store_id": "opsm-1057",
        "name": "OPSM Ballarat",
        "status": "Active",
        "state": "VIC",
        "suburb": "Ballarat",
        "postcode": "3350",
        "full_address": "18 Armstrong St South, Ballarat, VIC, 3350",
        "phone": "(03) 5333 3120",
        "official_url": "https://www.opsm.com.au/en/opsm-au/find-store",
        "services": "Collect & Return",
        "audiology": "false",
        "venue_name": "",
        "venue_id": "",
        "location_type": "Unclassified",
        "classification_confidence": "Low",
        "classification_basis": "Insufficient official venue or street evidence",
        "store_area_sqm": "",
        "area_measure": "",
        "area_source": "",
        "area_date": "",
        "area_confidence": "Unknown",
        "source_url": "https://www.opsm.com.au/en/opsm-au/find-store",
        "fetched_at": "2026-07-23T00:26:21+00:00"
      }
    },
    {
      "type": "Feature",
      "geometry": {
        "type": "Point",
        "coordinates": [
          143.85536,
          -37.56287
        ]
      },
      "properties": {
        "retailer": "OPSM",
        "store_id": "opsm-2261",
        "name": "OPSM Ballarat Bridge Mall",
        "status": "Active",
        "state": "VIC",
        "suburb": "Ballarat",
        "postcode": "3350",
        "full_address": "Sturt St, Ballarat, VIC, 3350",
        "phone": "(03) 5332 8285",
        "official_url": "https://www.opsm.com.au/en/opsm-au/find-store",
        "services": "Collect & Return",
        "audiology": "false",
        "venue_name": "Ballarat Bridge Mall",
        "venue_id": "vic-ballarat-bridge",
        "location_type": "Shopping Centre",
        "classification_confidence": "High",
        "classification_basis": "Official name/address contains shopping-centre evidence",
        "store_area_sqm": "",
        "area_measure": "",
        "area_source": "",
        "area_date": "",
        "area_confidence": "Unknown",
        "source_url": "https://www.opsm.com.au/en/opsm-au/find-store",
        "fetched_at": "2026-07-23T00:26:21+00:00"
      }
    },
    {
      "type": "Feature",
      "geometry": {
        "type": "Point",
        "coordinates": [
          143.86185,
          -37.56262
        ]
      },
      "properties": {
        "retailer": "Specsavers",
        "store_id": "specsavers-3396",
        "name": "Ballarat Bridge Mall",
        "status": "Active",
        "state": "VIC",
        "suburb": "Ballarat",
        "postcode": "3350",
        "full_address": "Shop 28-30 Bridge Mall, Ballarat, VIC, 3350",
        "phone": "(03) 5331 9919",
        "official_url": "https://www.specsavers.com.au/stores/ballarat",
        "services": "Optometry; Audiology",
        "audiology": "true",
        "venue_name": "Ballarat Bridge Mall",
        "venue_id": "vic-ballarat-bridge",
        "location_type": "Shopping Centre",
        "classification_confidence": "High",
        "classification_basis": "Official name/address contains shopping-centre evidence",
        "store_area_sqm": "",
        "area_measure": "",
        "area_source": "",
        "area_date": "",
        "area_confidence": "Unknown",
        "source_url": "https://www.specsavers.com.au/stores/ballarat",
        "fetched_at": "2026-07-23T00:53:33.174Z"
      }
    },
    {
      "type": "Feature",
      "geometry": {
        "type": "Point",
        "coordinates": [
          144.35016,
          -38.1698
        ]
      },
      "properties": {
        "retailer": "Specsavers",
        "store_id": "specsavers-3275",
        "name": "Belmont S/C - Geelong",
        "status": "Active",
        "state": "VIC",
        "suburb": "Belmont",
        "postcode": "3216",
        "full_address": "Belmont Village, Shop 6-8, 65 High Street, Belmont, VIC, 3216",
        "phone": "(03) 5245 7600",
        "official_url": "https://www.specsavers.com.au/stores/belmont",
        "services": "Optometry; Audiology",
        "audiology": "true",
        "venue_name": "Belmont Shopping Centre",
        "venue_id": "vic-belmont",
        "location_type": "Shopping Centre",
        "classification_confidence": "High",
        "classification_basis": "Official name/address contains shopping-centre evidence",
        "store_area_sqm": "",
        "area_measure": "",
        "area_source": "",
        "area_date": "",
        "area_confidence": "Unknown",
        "source_url": "https://www.specsavers.com.au/stores/belmont",
        "fetched_at": "2026-07-23T00:53:33.174Z"
      }
    },
    {
      "type": "Feature",
      "geometry": {
        "type": "Point",
        "coordinates": [
          145.98477,
          -36.551228
        ]
      },
      "properties": {
        "retailer": "Specsavers",
        "store_id": "specsavers-3291",
        "name": "Benalla",
        "status": "Active",
        "state": "VIC",
        "suburb": "Benalla",
        "postcode": "3672",
        "full_address": "59 Bridge Street East, Benalla, VIC, 3672",
        "phone": "(03) 5762 4911",
        "official_url": "https://www.specsavers.com.au/stores/benalla",
        "services": "Optometry; Audiology",
        "audiology": "true",
        "venue_name": "",
        "venue_id": "",
        "location_type": "Main Street / Street-front",
        "classification_confidence": "Medium",
        "classification_basis": "Official address is a numbered or corner street address without centre evidence",
        "store_area_sqm": "",
        "area_measure": "",
        "area_source": "",
        "area_date": "",
        "area_confidence": "Unknown",
        "source_url": "https://www.specsavers.com.au/stores/benalla",
        "fetched_at": "2026-07-23T00:53:33.174Z"
      }
    },
    {
      "type": "Feature",
      "geometry": {
        "type": "Point",
        "coordinates": [
          144.28054,
          -36.76571
        ]
      },
      "properties": {
        "retailer": "OPSM",
        "store_id": "opsm-1037",
        "name": "OPSM Bendigo Marketplace",
        "status": "Active",
        "state": "VIC",
        "suburb": "Bendigo",
        "postcode": "3550",
        "full_address": "116-120 Mitchell St, Bendigo, VIC, 3550",
        "phone": "(03) 5443 4662",
        "official_url": "https://www.opsm.com.au/en/opsm-au/find-store",
        "services": "Audiology, Dry Eye, Collect & Return",
        "audiology": "true",
        "venue_name": "Bendigo Marketplace",
        "venue_id": "vic-bendigo-marketplace",
        "location_type": "Shopping Centre",
        "classification_confidence": "High",
        "classification_basis": "Official name/address contains shopping-centre evidence",
        "store_area_sqm": "",
        "area_measure": "",
        "area_source": "",
        "area_date": "",
        "area_confidence": "Unknown",
        "source_url": "https://www.opsm.com.au/en/opsm-au/find-store",
        "fetched_at": "2026-07-23T00:26:21+00:00"
      }
    },
    {
      "type": "Feature",
      "geometry": {
        "type": "Point",
        "coordinates": [
          144.2809,
          -36.7609
        ]
      },
      "properties": {
        "retailer": "OPSM",
        "store_id": "opsm-7008",
        "name": "QUEEN ST BENDIGO",
        "status": "Active",
        "state": "VIC",
        "suburb": "Bendigo",
        "postcode": "3550",
        "full_address": "23 Queen St, Bendigo, VIC, 3550",
        "phone": "(03) 5441 6086",
        "official_url": "https://www.opsm.com.au/en/opsm-au/find-store",
        "services": "",
        "audiology": "false",
        "venue_name": "",
        "venue_id": "",
        "location_type": "Main Street / Street-front",
        "classification_confidence": "Medium",
        "classification_basis": "Official address is a numbered or corner street address without centre evidence",
        "store_area_sqm": "",
        "area_measure": "",
        "area_source": "",
        "area_date": "",
        "area_confidence": "Unknown",
        "source_url": "https://www.opsm.com.au/en/opsm-au/find-store",
        "fetched_at": "2026-07-23T00:26:21+00:00"
      }
    },
    {
      "type": "Feature",
      "geometry": {
        "type": "Point",
        "coordinates": [
          144.28088,
          -36.765644
        ]
      },
      "properties": {
        "retailer": "Specsavers",
        "store_id": "specsavers-3322",
        "name": "Bendigo Marketplace",
        "status": "Active",
        "state": "VIC",
        "suburb": "Bendigo",
        "postcode": "3550",
        "full_address": "Shop G038 Bendigo Marketplace, 116 -120 Mitchell Street, Bendigo, VIC, 3550",
        "phone": "(03) 5441 4235",
        "official_url": "https://www.specsavers.com.au/stores/bendigo",
        "services": "Optometry; Audiology",
        "audiology": "true",
        "venue_name": "Bendigo Marketplace",
        "venue_id": "vic-bendigo-marketplace",
        "location_type": "Shopping Centre",
        "classification_confidence": "High",
        "classification_basis": "Official name/address contains shopping-centre evidence",
        "store_area_sqm": "",
        "area_measure": "",
        "area_source": "",
        "area_date": "",
        "area_confidence": "Unknown",
        "source_url": "https://www.specsavers.com.au/stores/bendigo",
        "fetched_at": "2026-07-23T00:53:33.174Z"
      }
    },
    {
      "type": "Feature",
      "geometry": {
        "type": "Point",
        "coordinates": [
          145.03733,
          -37.91834
        ]
      },
      "properties": {
        "retailer": "OPSM",
        "store_id": "opsm-1134",
        "name": "OPSM Bentleigh",
        "status": "Active",
        "state": "VIC",
        "suburb": "Bentleigh",
        "postcode": "3204",
        "full_address": "414 Centre Rd, Bentleigh, VIC, 3204",
        "phone": "(03) 9557 6005",
        "official_url": "https://www.opsm.com.au/en/opsm-au/find-store",
        "services": "Collect & Return",
        "audiology": "false",
        "venue_name": "Centre Rd",
        "venue_id": "vic-rd",
        "location_type": "Shopping Centre",
        "classification_confidence": "High",
        "classification_basis": "Official name/address contains shopping-centre evidence",
        "store_area_sqm": "",
        "area_measure": "",
        "area_source": "",
        "area_date": "",
        "area_confidence": "Unknown",
        "source_url": "https://www.opsm.com.au/en/opsm-au/find-store",
        "fetched_at": "2026-07-23T00:26:21+00:00"
      }
    },
    {
      "type": "Feature",
      "geometry": {
        "type": "Point",
        "coordinates": [
          145.03975,
          -37.91842
        ]
      },
      "properties": {
        "retailer": "Specsavers",
        "store_id": "specsavers-3282",
        "name": "Bentleigh",
        "status": "Active",
        "state": "VIC",
        "suburb": "Bentleigh",
        "postcode": "3204",
        "full_address": "433 Centre Road, Bentleigh, VIC, 3204",
        "phone": "(03) 9557 8319",
        "official_url": "https://www.specsavers.com.au/stores/bentleigh",
        "services": "Optometry",
        "audiology": "false",
        "venue_name": "Centre Road",
        "venue_id": "vic-road",
        "location_type": "Shopping Centre",
        "classification_confidence": "High",
        "classification_basis": "Official name/address contains shopping-centre evidence",
        "store_area_sqm": "",
        "area_measure": "",
        "area_source": "",
        "area_date": "",
        "area_confidence": "Unknown",
        "source_url": "https://www.specsavers.com.au/stores/bentleigh",
        "fetched_at": "2026-07-23T00:53:33.174Z"
      }
    },
    {
      "type": "Feature",
      "geometry": {
        "type": "Point",
        "coordinates": [
          145.3465211,
          -38.0309824
        ]
      },
      "properties": {
        "retailer": "Bailey Nelson",
        "store_id": "bailey-nelson-berwick",
        "name": "Bailey Nelson Berwick, Melbourne",
        "status": "Active",
        "state": "VIC",
        "suburb": "Berwick",
        "postcode": "3806",
        "full_address": "49 High Street, Berwick, VIC, 3806",
        "phone": "+61399679894",
        "official_url": "https://baileynelson.com.au/pages/optometrist-berwick",
        "services": "Optometry Services; Bulk-Billed Eye Tests; Private Eye Tests from $65; Contact Lens Eye Tests; Visual Fields Testing; Ultra-wide retinal imaging; Optical & Sunglass styling; Free frame adjustments",
        "audiology": "false",
        "venue_name": "",
        "venue_id": "",
        "location_type": "Main Street / Street-front",
        "classification_confidence": "Medium",
        "classification_basis": "Official address is a numbered or corner street address without centre evidence",
        "store_area_sqm": "",
        "area_measure": "",
        "area_source": "",
        "area_date": "",
        "area_confidence": "Unknown",
        "source_url": "https://baileynelson.com.au/pages/optometrist-berwick",
        "fetched_at": "2026-07-23T01:01:27+00:00"
      }
    },
    {
      "type": "Feature",
      "geometry": {
        "type": "Point",
        "coordinates": [
          145.34692,
          -38.03083
        ]
      },
      "properties": {
        "retailer": "OPSM",
        "store_id": "opsm-7046",
        "name": "OPSM Berwick",
        "status": "Active",
        "state": "VIC",
        "suburb": "Berwick",
        "postcode": "3806",
        "full_address": "57 High St, Berwick, VIC, 3806",
        "phone": "(03) 9707 5556",
        "official_url": "https://www.opsm.com.au/en/opsm-au/find-store",
        "services": "",
        "audiology": "false",
        "venue_name": "",
        "venue_id": "",
        "location_type": "Main Street / Street-front",
        "classification_confidence": "Medium",
        "classification_basis": "Official address is a numbered or corner street address without centre evidence",
        "store_area_sqm": "",
        "area_measure": "",
        "area_source": "",
        "area_date": "",
        "area_confidence": "Unknown",
        "source_url": "https://www.opsm.com.au/en/opsm-au/find-store",
        "fetched_at": "2026-07-23T00:26:21+00:00"
      }
    },
    {
      "type": "Feature",
      "geometry": {
        "type": "Point",
        "coordinates": [
          145.33975,
          -38.061806
        ]
      },
      "properties": {
        "retailer": "Specsavers",
        "store_id": "specsavers-3474",
        "name": "Berwick Eden Rise S/C",
        "status": "Active",
        "state": "VIC",
        "suburb": "Berwick",
        "postcode": "3806",
        "full_address": "Shop 18, Eden Rise Village Shopping Centre, 1 O'Shea Rd, Berwick, VIC, 3806",
        "phone": "(03) 8768 9137",
        "official_url": "https://www.specsavers.com.au/stores/berwick",
        "services": "Optometry; Audiology",
        "audiology": "true",
        "venue_name": "Berwick Eden Rise Shopping Centre",
        "venue_id": "vic-berwick-eden-rise",
        "location_type": "Shopping Centre",
        "classification_confidence": "High",
        "classification_basis": "Official name/address contains shopping-centre evidence",
        "store_area_sqm": "",
        "area_measure": "",
        "area_source": "",
        "area_date": "",
        "area_confidence": "Unknown",
        "source_url": "https://www.specsavers.com.au/stores/berwick",
        "fetched_at": "2026-07-23T00:53:33.174Z"
      }
    },
    {
      "type": "Feature",
      "geometry": {
        "type": "Point",
        "coordinates": [
          145.12204,
          -37.819355
        ]
      },
      "properties": {
        "retailer": "Specsavers",
        "store_id": "specsavers-3525",
        "name": "Box Hill Central North",
        "status": "Active",
        "state": "VIC",
        "suburb": "Box Hill",
        "postcode": "3128",
        "full_address": "1 Main Street, Shop SP113 Box Hill Central (South), Box Hill, VIC, 3128",
        "phone": "(03) 9890 3322",
        "official_url": "https://www.specsavers.com.au/stores/boxhill",
        "services": "Optometry; Audiology",
        "audiology": "true",
        "venue_name": "",
        "venue_id": "",
        "location_type": "Shopping Centre",
        "classification_confidence": "Medium",
        "classification_basis": "Official address uses a shop/level format; venue name requires review",
        "store_area_sqm": "",
        "area_measure": "",
        "area_source": "",
        "area_date": "",
        "area_confidence": "Unknown",
        "source_url": "https://www.specsavers.com.au/stores/boxhill",
        "fetched_at": "2026-07-23T00:53:33.174Z"
      }
    },
    {
      "type": "Feature",
      "geometry": {
        "type": "Point",
        "coordinates": [
          144.9932944,
          -37.9132674
        ]
      },
      "properties": {
        "retailer": "Bailey Nelson",
        "store_id": "bailey-nelson-brighton",
        "name": "Bailey Nelson Brighton",
        "status": "Active",
        "state": "VIC",
        "suburb": "Brighton",
        "postcode": "3186",
        "full_address": "36 Church Street, Brighton, VIC, 3186",
        "phone": "+61370327719",
        "official_url": "https://baileynelson.com.au/pages/optometrist-brighton",
        "services": "Optometry Services; Bulk-Billed Eye Tests; Private Eye Tests from $65; Contact Lens Eye Tests; Visual Fields Testing; Ultra-wide retinal imaging; Optical & Sunglass styling; Free frame adjustments",
        "audiology": "false",
        "venue_name": "",
        "venue_id": "",
        "location_type": "Main Street / Street-front",
        "classification_confidence": "Medium",
        "classification_basis": "Official address is a numbered or corner street address without centre evidence",
        "store_area_sqm": "",
        "area_measure": "",
        "area_source": "",
        "area_date": "",
        "area_confidence": "Unknown",
        "source_url": "https://baileynelson.com.au/pages/optometrist-brighton",
        "fetched_at": "2026-07-23T01:01:27+00:00"
      }
    },
    {
      "type": "Feature",
      "geometry": {
        "type": "Point",
        "coordinates": [
          144.99437,
          -37.91347
        ]
      },
      "properties": {
        "retailer": "OPSM",
        "store_id": "opsm-7075",
        "name": "OPSM Middle Brighton",
        "status": "Active",
        "state": "VIC",
        "suburb": "Brighton",
        "postcode": "3186",
        "full_address": "45 Church St., Brighton, VIC, 3186",
        "phone": "(03) 9592 7522",
        "official_url": "https://www.opsm.com.au/en/opsm-au/find-store",
        "services": "",
        "audiology": "false",
        "venue_name": "",
        "venue_id": "",
        "location_type": "Unclassified",
        "classification_confidence": "Low",
        "classification_basis": "Insufficient official venue or street evidence",
        "store_area_sqm": "",
        "area_measure": "",
        "area_source": "",
        "area_date": "",
        "area_confidence": "Unknown",
        "source_url": "https://www.opsm.com.au/en/opsm-au/find-store",
        "fetched_at": "2026-07-23T00:26:21+00:00"
      }
    },
    {
      "type": "Feature",
      "geometry": {
        "type": "Point",
        "coordinates": [
          144.99431,
          -37.914062
        ]
      },
      "properties": {
        "retailer": "Specsavers",
        "store_id": "specsavers-3557",
        "name": "Brighton Optometrists and Audiologists",
        "status": "Active",
        "state": "VIC",
        "suburb": "Brighton",
        "postcode": "3186",
        "full_address": "52 Church St, Brighton, VIC, 3186",
        "phone": "(03) 9553 8877",
        "official_url": "https://www.specsavers.com.au/stores/brighton",
        "services": "Optometry; Audiology",
        "audiology": "true",
        "venue_name": "",
        "venue_id": "",
        "location_type": "Main Street / Street-front",
        "classification_confidence": "Medium",
        "classification_basis": "Official address is a numbered or corner street address without centre evidence",
        "store_area_sqm": "",
        "area_measure": "",
        "area_source": "",
        "area_date": "",
        "area_confidence": "Unknown",
        "source_url": "https://www.specsavers.com.au/stores/brighton",
        "fetched_at": "2026-07-23T00:53:33.174Z"
      }
    },
    {
      "type": "Feature",
      "geometry": {
        "type": "Point",
        "coordinates": [
          144.91936,
          -37.68043
        ]
      },
      "properties": {
        "retailer": "Specsavers",
        "store_id": "specsavers-3295",
        "name": "Broadmeadows S/C",
        "status": "Active",
        "state": "VIC",
        "suburb": "Broadmeadows",
        "postcode": "3047",
        "full_address": "Shop G052, Broadmeadows Central, 1099-1169 Pascoe Vale Road, Broadmeadows, VIC, 3047",
        "phone": "(03) 9309 5607",
        "official_url": "https://www.specsavers.com.au/stores/broadmeadows",
        "services": "Optometry; Audiology",
        "audiology": "true",
        "venue_name": "Broadmeadows Shopping Centre",
        "venue_id": "vic-broadmeadows",
        "location_type": "Shopping Centre",
        "classification_confidence": "High",
        "classification_basis": "Official name/address contains shopping-centre evidence",
        "store_area_sqm": "",
        "area_measure": "",
        "area_source": "",
        "area_date": "",
        "area_confidence": "Unknown",
        "source_url": "https://www.specsavers.com.au/stores/broadmeadows",
        "fetched_at": "2026-07-23T00:53:33.174Z"
      }
    },
    {
      "type": "Feature",
      "geometry": {
        "type": "Point",
        "coordinates": [
          144.960892,
          -37.7752852
        ]
      },
      "properties": {
        "retailer": "Bailey Nelson",
        "store_id": "bailey-nelson-brunswick",
        "name": "Bailey Nelson Brunswick",
        "status": "Active",
        "state": "VIC",
        "suburb": "Brunswick",
        "postcode": "3056",
        "full_address": "112 Sydney Road, Brunswick, VIC, 3056",
        "phone": "+61 3 9967 9893",
        "official_url": "https://baileynelson.com.au/pages/optometrist-brunswick",
        "services": "Optometry Services; Bulk-Billed Eye Tests; Private Eye Tests from $65; Contact Lens Eye Tests; Visual Fields Testing; Ultra-wide retinal imaging; Optical & Sunglass styling; Free frame adjustments",
        "audiology": "false",
        "venue_name": "",
        "venue_id": "",
        "location_type": "Main Street / Street-front",
        "classification_confidence": "Medium",
        "classification_basis": "Official address is a numbered or corner street address without centre evidence",
        "store_area_sqm": "",
        "area_measure": "",
        "area_source": "",
        "area_date": "",
        "area_confidence": "Unknown",
        "source_url": "https://baileynelson.com.au/pages/optometrist-brunswick",
        "fetched_at": "2026-07-23T01:01:27+00:00"
      }
    },
    {
      "type": "Feature",
      "geometry": {
        "type": "Point",
        "coordinates": [
          144.9622,
          -37.7756
        ]
      },
      "properties": {
        "retailer": "OPSM",
        "store_id": "opsm-1482",
        "name": "OPSM Brunswick",
        "status": "Active",
        "state": "VIC",
        "suburb": "Brunswick",
        "postcode": "3056",
        "full_address": "Barkly St, Brunswick, VIC, 3056",
        "phone": "(03) 9387 8122",
        "official_url": "https://www.opsm.com.au/en/opsm-au/find-store",
        "services": "Collect & Return",
        "audiology": "false",
        "venue_name": "",
        "venue_id": "",
        "location_type": "Main Street / Street-front",
        "classification_confidence": "Low",
        "classification_basis": "Official address contains street evidence but needs review",
        "store_area_sqm": "",
        "area_measure": "",
        "area_source": "",
        "area_date": "",
        "area_confidence": "Unknown",
        "source_url": "https://www.opsm.com.au/en/opsm-au/find-store",
        "fetched_at": "2026-07-23T00:26:21+00:00"
      }
    },
    {
      "type": "Feature",
      "geometry": {
        "type": "Point",
        "coordinates": [
          144.96175,
          -37.775642
        ]
      },
      "properties": {
        "retailer": "Specsavers",
        "store_id": "specsavers-3449",
        "name": "Brunswick",
        "status": "Active",
        "state": "VIC",
        "suburb": "Brunswick",
        "postcode": "3056",
        "full_address": "Shop D1/D2, 90-106 Sydney Road, Brunswick, VIC, 3056",
        "phone": "(03) 9077 7396",
        "official_url": "https://www.specsavers.com.au/stores/brunswick",
        "services": "Optometry; Audiology",
        "audiology": "true",
        "venue_name": "",
        "venue_id": "",
        "location_type": "Shopping Centre",
        "classification_confidence": "Medium",
        "classification_basis": "Official address uses a shop/level format; venue name requires review",
        "store_area_sqm": "",
        "area_measure": "",
        "area_source": "",
        "area_date": "",
        "area_confidence": "Unknown",
        "source_url": "https://www.specsavers.com.au/stores/brunswick",
        "fetched_at": "2026-07-23T00:53:33.174Z"
      }
    },
    {
      "type": "Feature",
      "geometry": {
        "type": "Point",
        "coordinates": [
          145.0568745,
          -37.8311297
        ]
      },
      "properties": {
        "retailer": "Bailey Nelson",
        "store_id": "bailey-nelson-camberwell",
        "name": "Bailey Nelson Camberwell",
        "status": "Active",
        "state": "VIC",
        "suburb": "Camberwell",
        "postcode": "3124",
        "full_address": "562 Burke Road, Camberwell, VIC, 3124",
        "phone": "+61370327718",
        "official_url": "https://baileynelson.com.au/pages/optometrist-camberwell",
        "services": "Optometry Services; Bulk-Billed Eye Tests; Private Eye Tests from $65; Contact Lens Eye Tests; Visual Fields Testing; Ultra-wide retinal imaging; Optical & Sunglass styling; Free frame adjustments",
        "audiology": "false",
        "venue_name": "",
        "venue_id": "",
        "location_type": "Main Street / Street-front",
        "classification_confidence": "Medium",
        "classification_basis": "Official address is a numbered or corner street address without centre evidence",
        "store_area_sqm": "",
        "area_measure": "",
        "area_source": "",
        "area_date": "",
        "area_confidence": "Unknown",
        "source_url": "https://baileynelson.com.au/pages/optometrist-camberwell",
        "fetched_at": "2026-07-23T01:01:27+00:00"
      }
    },
    {
      "type": "Feature",
      "geometry": {
        "type": "Point",
        "coordinates": [
          145.05705,
          -37.830803
        ]
      },
      "properties": {
        "retailer": "Specsavers",
        "store_id": "specsavers-3358",
        "name": "Camberwell",
        "status": "Active",
        "state": "VIC",
        "suburb": "Camberwell",
        "postcode": "3124",
        "full_address": "572 Burke Rd, Camberwell, VIC, 3124",
        "phone": "(03) 9813 4666",
        "official_url": "https://www.specsavers.com.au/stores/camberwell",
        "services": "Optometry; Audiology",
        "audiology": "true",
        "venue_name": "",
        "venue_id": "",
        "location_type": "Main Street / Street-front",
        "classification_confidence": "Medium",
        "classification_basis": "Official address is a numbered or corner street address without centre evidence",
        "store_area_sqm": "",
        "area_measure": "",
        "area_source": "",
        "area_date": "",
        "area_confidence": "Unknown",
        "source_url": "https://www.specsavers.com.au/stores/camberwell",
        "fetched_at": "2026-07-23T00:53:33.174Z"
      }
    },
    {
      "type": "Feature",
      "geometry": {
        "type": "Point",
        "coordinates": [
          144.74329,
          -37.731388
        ]
      },
      "properties": {
        "retailer": "Specsavers",
        "store_id": "specsavers-3648",
        "name": "Caroline Springs",
        "status": "Active",
        "state": "VIC",
        "suburb": "Caroline Springs",
        "postcode": "3023",
        "full_address": "29-35 Lake Street, Shop 48/49 Caroline Springs Square, Caroline Springs, VIC, 3023",
        "phone": "(03) 8361 7576",
        "official_url": "https://www.specsavers.com.au/stores/carolinesprings",
        "services": "Optometry; Audiology",
        "audiology": "true",
        "venue_name": "",
        "venue_id": "",
        "location_type": "Shopping Centre",
        "classification_confidence": "High",
        "classification_basis": "Official name/address contains shopping-centre evidence",
        "store_area_sqm": "",
        "area_measure": "",
        "area_source": "",
        "area_date": "",
        "area_confidence": "Unknown",
        "source_url": "https://www.specsavers.com.au/stores/carolinesprings",
        "fetched_at": "2026-07-23T00:53:33.174Z"
      }
    },
    {
      "type": "Feature",
      "geometry": {
        "type": "Point",
        "coordinates": [
          145.0821596,
          -37.8869675
        ]
      },
      "properties": {
        "retailer": "Bailey Nelson",
        "store_id": "bailey-nelson-chadstone",
        "name": "Bailey Nelson Chadstone",
        "status": "Active",
        "state": "VIC",
        "suburb": "Chadstone",
        "postcode": "3148",
        "full_address": "1341 Dandenong Road, Chadstone, VIC, 3148",
        "phone": "+61370327710",
        "official_url": "https://baileynelson.com.au/pages/optometrist-chadstone",
        "services": "Optometry Services; Bulk-Billed Eye Tests; Private Eye Tests from $65; Contact Lens Eye Tests; Visual Fields Testing; Ultra-wide retinal imaging; Optical & Sunglass styling; Free frame adjustments",
        "audiology": "false",
        "venue_name": "Chadstone Shopping Centre",
        "venue_id": "vic-chadstone",
        "location_type": "Shopping Centre",
        "classification_confidence": "High",
        "classification_basis": "Reviewed official store name and address",
        "store_area_sqm": "",
        "area_measure": "",
        "area_source": "",
        "area_date": "",
        "area_confidence": "Unknown",
        "source_url": "https://baileynelson.com.au/pages/optometrist-chadstone",
        "fetched_at": "2026-07-23T01:01:27+00:00"
      }
    },
    {
      "type": "Feature",
      "geometry": {
        "type": "Point",
        "coordinates": [
          145.08171,
          -37.8861
        ]
      },
      "properties": {
        "retailer": "OPSM",
        "store_id": "opsm-1410",
        "name": "OPSM Chadstone",
        "status": "Active",
        "state": "VIC",
        "suburb": "Chadstone",
        "postcode": "3148",
        "full_address": "1341 Dandenong Rd, Chadstone, VIC, 3148",
        "phone": "(03) 9563 1872",
        "official_url": "https://www.opsm.com.au/en/opsm-au/find-store",
        "services": "Dry Eye, Collect & Return",
        "audiology": "false",
        "venue_name": "Chadstone Shopping Centre",
        "venue_id": "vic-chadstone",
        "location_type": "Shopping Centre",
        "classification_confidence": "High",
        "classification_basis": "Reviewed official store name and address",
        "store_area_sqm": "",
        "area_measure": "",
        "area_source": "",
        "area_date": "",
        "area_confidence": "Unknown",
        "source_url": "https://www.opsm.com.au/en/opsm-au/find-store",
        "fetched_at": "2026-07-23T00:26:21+00:00"
      }
    },
    {
      "type": "Feature",
      "geometry": {
        "type": "Point",
        "coordinates": [
          145.08359,
          -37.8869
        ]
      },
      "properties": {
        "retailer": "Specsavers",
        "store_id": "specsavers-3444",
        "name": "Chadstone S/C",
        "status": "Active",
        "state": "VIC",
        "suburb": "Chadstone",
        "postcode": "3148",
        "full_address": "Shop G124/1341 Dandenong Road, Chadstone, VIC, 3148",
        "phone": "(03) 9563 2976",
        "official_url": "https://www.specsavers.com.au/stores/chadstone",
        "services": "Optometry; Audiology",
        "audiology": "true",
        "venue_name": "Chadstone Shopping Centre",
        "venue_id": "vic-chadstone",
        "location_type": "Shopping Centre",
        "classification_confidence": "High",
        "classification_basis": "Reviewed official store name and address",
        "store_area_sqm": "",
        "area_measure": "",
        "area_source": "",
        "area_date": "",
        "area_confidence": "Unknown",
        "source_url": "https://www.specsavers.com.au/stores/chadstone",
        "fetched_at": "2026-07-23T00:53:33.174Z"
      }
    },
    {
      "type": "Feature",
      "geometry": {
        "type": "Point",
        "coordinates": [
          145.0538192,
          -37.9579655
        ]
      },
      "properties": {
        "retailer": "Bailey Nelson",
        "store_id": "bailey-nelson-southland",
        "name": "Bailey Nelson Southland",
        "status": "Active",
        "state": "VIC",
        "suburb": "Cheltenham",
        "postcode": "3192",
        "full_address": "1239 Nepean Highway, Cheltenham, VIC, 3192",
        "phone": "+61399679896",
        "official_url": "https://baileynelson.com.au/pages/optometrist-southland",
        "services": "Optometry Services; Bulk-Billed Eye Tests; Private Eye Tests from $65; Contact Lens Eye Tests; Visual Fields Testing; Ultra-wide retinal imaging; Optical & Sunglass styling; Free frame adjustments",
        "audiology": "false",
        "venue_name": "Southland",
        "venue_id": "vic-southland",
        "location_type": "Shopping Centre",
        "classification_confidence": "High",
        "classification_basis": "Official name/address contains shopping-centre evidence",
        "store_area_sqm": "",
        "area_measure": "",
        "area_source": "",
        "area_date": "",
        "area_confidence": "Unknown",
        "source_url": "https://baileynelson.com.au/pages/optometrist-southland",
        "fetched_at": "2026-07-23T01:01:27+00:00"
      }
    },
    {
      "type": "Feature",
      "geometry": {
        "type": "Point",
        "coordinates": [
          145.05578,
          -37.95848
        ]
      },
      "properties": {
        "retailer": "OPSM",
        "store_id": "opsm-1407",
        "name": "OPSM Southland",
        "status": "Active",
        "state": "VIC",
        "suburb": "Cheltenham",
        "postcode": "3192",
        "full_address": "1239 Nepean Hwy, Cheltenham, VIC, 3192",
        "phone": "(03) 9584 3404",
        "official_url": "https://www.opsm.com.au/en/opsm-au/find-store",
        "services": "Dry Eye, Collect & Return",
        "audiology": "false",
        "venue_name": "Southland",
        "venue_id": "vic-southland",
        "location_type": "Shopping Centre",
        "classification_confidence": "High",
        "classification_basis": "Official name/address contains shopping-centre evidence",
        "store_area_sqm": "",
        "area_measure": "",
        "area_source": "",
        "area_date": "",
        "area_confidence": "Unknown",
        "source_url": "https://www.opsm.com.au/en/opsm-au/find-store",
        "fetched_at": "2026-07-23T00:26:21+00:00"
      }
    },
    {
      "type": "Feature",
      "geometry": {
        "type": "Point",
        "coordinates": [
          145.05072,
          -37.95823
        ]
      },
      "properties": {
        "retailer": "Specsavers",
        "store_id": "specsavers-3218",
        "name": "Southland Westfield Lvl 1",
        "status": "Active",
        "state": "VIC",
        "suburb": "Cheltenham",
        "postcode": "3192",
        "full_address": "1004-1005 Westfield Southland, 1239 Nepean Highway, Cheltenham, VIC, 3192",
        "phone": "(03) 9585 6811",
        "official_url": "https://www.specsavers.com.au/stores/cheltenhamwest",
        "services": "Optometry; Audiology",
        "audiology": "true",
        "venue_name": "Southland Westfield Lvl 1",
        "venue_id": "vic-1-lvl-southland-westfield",
        "location_type": "Shopping Centre",
        "classification_confidence": "High",
        "classification_basis": "Official name/address contains shopping-centre evidence",
        "store_area_sqm": "",
        "area_measure": "",
        "area_source": "",
        "area_date": "",
        "area_confidence": "Unknown",
        "source_url": "https://www.specsavers.com.au/stores/cheltenhamwest",
        "fetched_at": "2026-07-23T00:53:33.174Z"
      }
    },
    {
      "type": "Feature",
      "geometry": {
        "type": "Point",
        "coordinates": [
          145.0554,
          -37.958633
        ]
      },
      "properties": {
        "retailer": "Specsavers",
        "store_id": "specsavers-3272",
        "name": "Southland Westfield Lvl 3",
        "status": "Active",
        "state": "VIC",
        "suburb": "Cheltenham",
        "postcode": "3192",
        "full_address": "Westfield Southland, 3048A/1239 Nepean Highway, Cheltenham, VIC, 3192",
        "phone": "(03) 9585 8970",
        "official_url": "https://www.specsavers.com.au/stores/cheltenhameast",
        "services": "Optometry",
        "audiology": "false",
        "venue_name": "Southland Westfield Lvl 3",
        "venue_id": "vic-3-lvl-southland-westfield",
        "location_type": "Shopping Centre",
        "classification_confidence": "High",
        "classification_basis": "Official name/address contains shopping-centre evidence",
        "store_area_sqm": "",
        "area_measure": "",
        "area_source": "",
        "area_date": "",
        "area_confidence": "Unknown",
        "source_url": "https://www.specsavers.com.au/stores/cheltenhameast",
        "fetched_at": "2026-07-23T00:53:33.174Z"
      }
    },
    {
      "type": "Feature",
      "geometry": {
        "type": "Point",
        "coordinates": [
          145.31338,
          -37.75715
        ]
      },
      "properties": {
        "retailer": "OPSM",
        "store_id": "opsm-1649",
        "name": "OPSM Chirnside Park",
        "status": "Active",
        "state": "VIC",
        "suburb": "Chirnside Park",
        "postcode": "3116",
        "full_address": "Cnr Marroondah Hwy & Edward Rd, Chirnside Park, VIC, 3116",
        "phone": "(03) 9727 1877",
        "official_url": "https://www.opsm.com.au/en/opsm-au/find-store",
        "services": "Collect & Return",
        "audiology": "false",
        "venue_name": "",
        "venue_id": "",
        "location_type": "Main Street / Street-front",
        "classification_confidence": "Medium",
        "classification_basis": "Official address is a numbered or corner street address without centre evidence",
        "store_area_sqm": "",
        "area_measure": "",
        "area_source": "",
        "area_date": "",
        "area_confidence": "Unknown",
        "source_url": "https://www.opsm.com.au/en/opsm-au/find-store",
        "fetched_at": "2026-07-23T00:26:21+00:00"
      }
    },
    {
      "type": "Feature",
      "geometry": {
        "type": "Point",
        "coordinates": [
          145.3128,
          -37.757393
        ]
      },
      "properties": {
        "retailer": "Specsavers",
        "store_id": "specsavers-3401",
        "name": "Chirnside Park S/C",
        "status": "Active",
        "state": "VIC",
        "suburb": "Chirnside Park",
        "postcode": "3116",
        "full_address": "Chirnside Park S/C, L01 619/621 - 239-241 Maroondah Highway, Chirnside Park, VIC, 3116",
        "phone": "(03) 9727 1111",
        "official_url": "https://www.specsavers.com.au/stores/chirnsidepark",
        "services": "Optometry; Audiology",
        "audiology": "true",
        "venue_name": "Chirnside Park Shopping Centre",
        "venue_id": "vic-chirnside-park",
        "location_type": "Shopping Centre",
        "classification_confidence": "High",
        "classification_basis": "Official name/address contains shopping-centre evidence",
        "store_area_sqm": "",
        "area_measure": "",
        "area_source": "",
        "area_date": "",
        "area_confidence": "Unknown",
        "source_url": "https://www.specsavers.com.au/stores/chirnsidepark",
        "fetched_at": "2026-07-23T00:53:33.174Z"
      }
    },
    {
      "type": "Feature",
      "geometry": {
        "type": "Point",
        "coordinates": [
          145.05696,
          -37.83047
        ]
      },
      "properties": {
        "retailer": "OPSM",
        "store_id": "opsm-1043",
        "name": "OPSM Camberwell",
        "status": "Active",
        "state": "VIC",
        "suburb": "City of Camberwell",
        "postcode": "3124",
        "full_address": "586-590 Burke Rd, City of Camberwell, VIC, 3124",
        "phone": "(03) 9882 5171",
        "official_url": "https://www.opsm.com.au/en/opsm-au/find-store",
        "services": "Collect & Return",
        "audiology": "false",
        "venue_name": "",
        "venue_id": "",
        "location_type": "Main Street / Street-front",
        "classification_confidence": "Medium",
        "classification_basis": "Official address is a numbered or corner street address without centre evidence",
        "store_area_sqm": "",
        "area_measure": "",
        "area_source": "",
        "area_date": "",
        "area_confidence": "Unknown",
        "source_url": "https://www.opsm.com.au/en/opsm-au/find-store",
        "fetched_at": "2026-07-23T00:26:21+00:00"
      }
    },
    {
      "type": "Feature",
      "geometry": {
        "type": "Point",
        "coordinates": [
          145.65102,
          -35.92005
        ]
      },
      "properties": {
        "retailer": "OPSM",
        "store_id": "opsm-2254",
        "name": "OPSM Cobram",
        "status": "Active",
        "state": "VIC",
        "suburb": "Cobram",
        "postcode": "3644",
        "full_address": "26 William St, Cobram, VIC, 3644",
        "phone": "(03) 5872 2366",
        "official_url": "https://www.opsm.com.au/en/opsm-au/find-store",
        "services": "Collect & Return",
        "audiology": "false",
        "venue_name": "",
        "venue_id": "",
        "location_type": "Main Street / Street-front",
        "classification_confidence": "Medium",
        "classification_basis": "Official address is a numbered or corner street address without centre evidence",
        "store_area_sqm": "",
        "area_measure": "",
        "area_source": "",
        "area_date": "",
        "area_confidence": "Unknown",
        "source_url": "https://www.opsm.com.au/en/opsm-au/find-store",
        "fetched_at": "2026-07-23T00:26:21+00:00"
      }
    },
    {
      "type": "Feature",
      "geometry": {
        "type": "Point",
        "coordinates": [
          144.96503,
          -37.74157
        ]
      },
      "properties": {
        "retailer": "OPSM",
        "store_id": "opsm-1144",
        "name": "OPSM Coburg",
        "status": "Active",
        "state": "VIC",
        "suburb": "Coburg",
        "postcode": "3058",
        "full_address": "55 Waterfield St, Coburg, VIC, 3058",
        "phone": "(03) 9354 8730",
        "official_url": "https://www.opsm.com.au/en/opsm-au/find-store",
        "services": "Collect & Return",
        "audiology": "false",
        "venue_name": "",
        "venue_id": "",
        "location_type": "Main Street / Street-front",
        "classification_confidence": "Medium",
        "classification_basis": "Official address is a numbered or corner street address without centre evidence",
        "store_area_sqm": "",
        "area_measure": "",
        "area_source": "",
        "area_date": "",
        "area_confidence": "Unknown",
        "source_url": "https://www.opsm.com.au/en/opsm-au/find-store",
        "fetched_at": "2026-07-23T00:26:21+00:00"
      }
    },
    {
      "type": "Feature",
      "geometry": {
        "type": "Point",
        "coordinates": [
          143.58685,
          -38.3406
        ]
      },
      "properties": {
        "retailer": "Specsavers",
        "store_id": "specsavers-3294",
        "name": "Colac",
        "status": "Active",
        "state": "VIC",
        "suburb": "Colac",
        "postcode": "3250",
        "full_address": "71 Gellibrand St, Colac, VIC, 3250",
        "phone": "(03) 5231 2974",
        "official_url": "https://www.specsavers.com.au/stores/colac",
        "services": "Optometry; Audiology",
        "audiology": "true",
        "venue_name": "",
        "venue_id": "",
        "location_type": "Main Street / Street-front",
        "classification_confidence": "Medium",
        "classification_basis": "Official address is a numbered or corner street address without centre evidence",
        "store_area_sqm": "",
        "area_measure": "",
        "area_source": "",
        "area_date": "",
        "area_confidence": "Unknown",
        "source_url": "https://www.specsavers.com.au/stores/colac",
        "fetched_at": "2026-07-23T00:53:33.174Z"
      }
    },
    {
      "type": "Feature",
      "geometry": {
        "type": "Point",
        "coordinates": [
          144.35598,
          -38.07533
        ]
      },
      "properties": {
        "retailer": "OPSM",
        "store_id": "opsm-1291",
        "name": "OPSM Corio Village",
        "status": "Active",
        "state": "VIC",
        "suburb": "Corio",
        "postcode": "3214",
        "full_address": "Cnr Bacchus Marsh & Purnell Rd, Corio, VIC, 3214",
        "phone": "(03) 5274 2277",
        "official_url": "https://www.opsm.com.au/en/opsm-au/find-store",
        "services": "Collect & Return",
        "audiology": "false",
        "venue_name": "Corio Village",
        "venue_id": "vic-corio-village",
        "location_type": "Shopping Centre",
        "classification_confidence": "High",
        "classification_basis": "Official name/address contains shopping-centre evidence",
        "store_area_sqm": "",
        "area_measure": "",
        "area_source": "",
        "area_date": "",
        "area_confidence": "Unknown",
        "source_url": "https://www.opsm.com.au/en/opsm-au/find-store",
        "fetched_at": "2026-07-23T00:26:21+00:00"
      }
    },
    {
      "type": "Feature",
      "geometry": {
        "type": "Point",
        "coordinates": [
          144.35701,
          -38.074863
        ]
      },
      "properties": {
        "retailer": "Specsavers",
        "store_id": "specsavers-3262",
        "name": "Corio Central",
        "status": "Active",
        "state": "VIC",
        "suburb": "Corio",
        "postcode": "3214",
        "full_address": "G064/067 Corio Central, Cnr Bacchus Marsh and Purnell Roads, Corio, VIC, 3214",
        "phone": "(03) 5274 9961",
        "official_url": "https://www.specsavers.com.au/stores/corio",
        "services": "Optometry; Audiology",
        "audiology": "true",
        "venue_name": "",
        "venue_id": "",
        "location_type": "Main Street / Street-front",
        "classification_confidence": "Medium",
        "classification_basis": "Official address is a numbered or corner street address without centre evidence",
        "store_area_sqm": "",
        "area_measure": "",
        "area_source": "",
        "area_date": "",
        "area_confidence": "Unknown",
        "source_url": "https://www.specsavers.com.au/stores/corio",
        "fetched_at": "2026-07-23T00:53:33.174Z"
      }
    },
    {
      "type": "Feature",
      "geometry": {
        "type": "Point",
        "coordinates": [
          144.91476,
          -37.59268
        ]
      },
      "properties": {
        "retailer": "OPSM",
        "store_id": "opsm-2282",
        "name": "OPSM Craigieburn",
        "status": "Active",
        "state": "VIC",
        "suburb": "Craigieburn",
        "postcode": "3064",
        "full_address": "340 Craigieburn Rd, Craigieburn, VIC, 3064",
        "phone": "(03) 9219 0594",
        "official_url": "https://www.opsm.com.au/en/opsm-au/find-store",
        "services": "Collect & Return",
        "audiology": "false",
        "venue_name": "",
        "venue_id": "",
        "location_type": "Main Street / Street-front",
        "classification_confidence": "Medium",
        "classification_basis": "Official address is a numbered or corner street address without centre evidence",
        "store_area_sqm": "",
        "area_measure": "",
        "area_source": "",
        "area_date": "",
        "area_confidence": "Unknown",
        "source_url": "https://www.opsm.com.au/en/opsm-au/find-store",
        "fetched_at": "2026-07-23T00:26:21+00:00"
      }
    },
    {
      "type": "Feature",
      "geometry": {
        "type": "Point",
        "coordinates": [
          144.9133,
          -37.59267
        ]
      },
      "properties": {
        "retailer": "Specsavers",
        "store_id": "specsavers-3533",
        "name": "Craigieburn",
        "status": "Active",
        "state": "VIC",
        "suburb": "Craigieburn",
        "postcode": "3064",
        "full_address": "D00.14, Craigieburn Central, 340 Craigieburn Road, Craigieburn, VIC, 3064",
        "phone": "(03) 9333 8977",
        "official_url": "https://www.specsavers.com.au/stores/craigieburn",
        "services": "Optometry; Audiology",
        "audiology": "true",
        "venue_name": "",
        "venue_id": "",
        "location_type": "Main Street / Street-front",
        "classification_confidence": "Medium",
        "classification_basis": "Official address is a numbered or corner street address without centre evidence",
        "store_area_sqm": "",
        "area_measure": "",
        "area_source": "",
        "area_date": "",
        "area_confidence": "Unknown",
        "source_url": "https://www.specsavers.com.au/stores/craigieburn",
        "fetched_at": "2026-07-23T00:53:33.174Z"
      }
    },
    {
      "type": "Feature",
      "geometry": {
        "type": "Point",
        "coordinates": [
          145.28248,
          -38.10894
        ]
      },
      "properties": {
        "retailer": "OPSM",
        "store_id": "opsm-1290",
        "name": "OPSM Cranbourne",
        "status": "Active",
        "state": "VIC",
        "suburb": "Cranbourne",
        "postcode": "3977",
        "full_address": "High St, Cranbourne, VIC, 3977",
        "phone": "(03) 5995 2977",
        "official_url": "https://www.opsm.com.au/en/opsm-au/find-store",
        "services": "Collect & Return",
        "audiology": "false",
        "venue_name": "",
        "venue_id": "",
        "location_type": "Main Street / Street-front",
        "classification_confidence": "Low",
        "classification_basis": "Official address contains street evidence but needs review",
        "store_area_sqm": "",
        "area_measure": "",
        "area_source": "",
        "area_date": "",
        "area_confidence": "Unknown",
        "source_url": "https://www.opsm.com.au/en/opsm-au/find-store",
        "fetched_at": "2026-07-23T00:26:21+00:00"
      }
    },
    {
      "type": "Feature",
      "geometry": {
        "type": "Point",
        "coordinates": [
          145.28261,
          -38.107304
        ]
      },
      "properties": {
        "retailer": "Specsavers",
        "store_id": "specsavers-3425",
        "name": "Cranbourne Park",
        "status": "Active",
        "state": "VIC",
        "suburb": "Cranbourne",
        "postcode": "3977",
        "full_address": "Shop 129, Cranbourne Park Shopping Centre, High Street, Cranbourne, VIC, 3977",
        "phone": "(03) 5995 5388",
        "official_url": "https://www.specsavers.com.au/stores/cranbourne",
        "services": "Optometry; Audiology",
        "audiology": "true",
        "venue_name": "Cranbourne Park Shopping Centre",
        "venue_id": "vic-cranbourne-park",
        "location_type": "Shopping Centre",
        "classification_confidence": "High",
        "classification_basis": "Official name/address contains shopping-centre evidence",
        "store_area_sqm": "",
        "area_measure": "",
        "area_source": "",
        "area_date": "",
        "area_confidence": "Unknown",
        "source_url": "https://www.specsavers.com.au/stores/cranbourne",
        "fetched_at": "2026-07-23T00:53:33.174Z"
      }
    },
    {
      "type": "Feature",
      "geometry": {
        "type": "Point",
        "coordinates": [
          145.28133,
          -37.79629
        ]
      },
      "properties": {
        "retailer": "OPSM",
        "store_id": "opsm-2999",
        "name": "OPSM Croydon",
        "status": "Active",
        "state": "VIC",
        "suburb": "Croydon",
        "postcode": "3136",
        "full_address": "100 Main St, Croydon, VIC, 3136",
        "phone": "(03) 9725 7633",
        "official_url": "https://www.opsm.com.au/en/opsm-au/find-store",
        "services": "Collect & Return",
        "audiology": "false",
        "venue_name": "",
        "venue_id": "",
        "location_type": "Main Street / Street-front",
        "classification_confidence": "Medium",
        "classification_basis": "Official address is a numbered or corner street address without centre evidence",
        "store_area_sqm": "",
        "area_measure": "",
        "area_source": "",
        "area_date": "",
        "area_confidence": "Unknown",
        "source_url": "https://www.opsm.com.au/en/opsm-au/find-store",
        "fetched_at": "2026-07-23T00:26:21+00:00"
      }
    },
    {
      "type": "Feature",
      "geometry": {
        "type": "Point",
        "coordinates": [
          145.28116,
          -37.79735
        ]
      },
      "properties": {
        "retailer": "Specsavers",
        "store_id": "specsavers-3667",
        "name": "Croydon",
        "status": "Active",
        "state": "VIC",
        "suburb": "Croydon",
        "postcode": "3136",
        "full_address": "Shop 2, 138-148 Main Street, Croydon, VIC, 3136",
        "phone": "(03) 8203 2202",
        "official_url": "https://www.specsavers.com.au/stores/croydon",
        "services": "Optometry; Audiology",
        "audiology": "true",
        "venue_name": "",
        "venue_id": "",
        "location_type": "Shopping Centre",
        "classification_confidence": "Medium",
        "classification_basis": "Official address uses a shop/level format; venue name requires review",
        "store_area_sqm": "",
        "area_measure": "",
        "area_source": "",
        "area_date": "",
        "area_confidence": "Unknown",
        "source_url": "https://www.specsavers.com.au/stores/croydon",
        "fetched_at": "2026-07-23T00:53:33.174Z"
      }
    },
    {
      "type": "Feature",
      "geometry": {
        "type": "Point",
        "coordinates": [
          145.21746,
          -37.98766
        ]
      },
      "properties": {
        "retailer": "OPSM",
        "store_id": "opsm-1486",
        "name": "OPSM Dandenong",
        "status": "Active",
        "state": "VIC",
        "suburb": "Dandenong",
        "postcode": "3175",
        "full_address": "Dandenong Square, Dandenong, VIC, 3175",
        "phone": "(03) 9792 1383",
        "official_url": "https://www.opsm.com.au/en/opsm-au/find-store",
        "services": "Audiology, Dry Eye, Collect & Return",
        "audiology": "true",
        "venue_name": "Dandenong Square",
        "venue_id": "vic-dandenong-square",
        "location_type": "Shopping Centre",
        "classification_confidence": "High",
        "classification_basis": "Official name/address contains shopping-centre evidence",
        "store_area_sqm": "",
        "area_measure": "",
        "area_source": "",
        "area_date": "",
        "area_confidence": "Unknown",
        "source_url": "https://www.opsm.com.au/en/opsm-au/find-store",
        "fetched_at": "2026-07-23T00:26:21+00:00"
      }
    },
    {
      "type": "Feature",
      "geometry": {
        "type": "Point",
        "coordinates": [
          145.21777,
          -37.986877
        ]
      },
      "properties": {
        "retailer": "Specsavers",
        "store_id": "specsavers-3352",
        "name": "Dandenong",
        "status": "Active",
        "state": "VIC",
        "suburb": "Dandenong",
        "postcode": "3175",
        "full_address": "Shop 351-355, Level 3, Dandenong Square, 23-55 McCrae Street, Dandenong, VIC, 3175",
        "phone": "(03) 9793 9944",
        "official_url": "https://www.specsavers.com.au/stores/dandenong",
        "services": "Optometry; Audiology",
        "audiology": "true",
        "venue_name": "Dandenong Square",
        "venue_id": "vic-dandenong-square",
        "location_type": "Shopping Centre",
        "classification_confidence": "High",
        "classification_basis": "Official name/address contains shopping-centre evidence",
        "store_area_sqm": "",
        "area_measure": "",
        "area_source": "",
        "area_date": "",
        "area_confidence": "Unknown",
        "source_url": "https://www.specsavers.com.au/stores/dandenong",
        "fetched_at": "2026-07-23T00:53:33.174Z"
      }
    },
    {
      "type": "Feature",
      "geometry": {
        "type": "Point",
        "coordinates": [
          144.77559,
          -37.75162
        ]
      },
      "properties": {
        "retailer": "OPSM",
        "store_id": "opsm-1312",
        "name": "OPSM Brimbank",
        "status": "Active",
        "state": "VIC",
        "suburb": "Deer Park",
        "postcode": "3023",
        "full_address": "Cnr Neale Rd & Station Rd, Deer Park, VIC, 3023",
        "phone": "(03) 9363 8022",
        "official_url": "https://www.opsm.com.au/en/opsm-au/find-store",
        "services": "Audiology, Dry Eye, Collect & Return",
        "audiology": "true",
        "venue_name": "",
        "venue_id": "",
        "location_type": "Main Street / Street-front",
        "classification_confidence": "Medium",
        "classification_basis": "Official address is a numbered or corner street address without centre evidence",
        "store_area_sqm": "",
        "area_measure": "",
        "area_source": "",
        "area_date": "",
        "area_confidence": "Unknown",
        "source_url": "https://www.opsm.com.au/en/opsm-au/find-store",
        "fetched_at": "2026-07-23T00:26:21+00:00"
      }
    },
    {
      "type": "Feature",
      "geometry": {
        "type": "Point",
        "coordinates": [
          144.77531,
          -37.751495
        ]
      },
      "properties": {
        "retailer": "Specsavers",
        "store_id": "specsavers-3256",
        "name": "Deer Park - Brimbank Central S/C",
        "status": "Active",
        "state": "VIC",
        "suburb": "Deer Park",
        "postcode": "3023",
        "full_address": "Shop ET72, Brimbank Central Shopping, Station Rd, Deer Park, VIC, 3023",
        "phone": "(03) 9360 4444",
        "official_url": "https://www.specsavers.com.au/stores/deerpark",
        "services": "Optometry; Audiology",
        "audiology": "true",
        "venue_name": "",
        "venue_id": "",
        "location_type": "Shopping Centre",
        "classification_confidence": "High",
        "classification_basis": "Official name/address contains shopping-centre evidence",
        "store_area_sqm": "",
        "area_measure": "",
        "area_source": "",
        "area_date": "",
        "area_confidence": "Unknown",
        "source_url": "https://www.specsavers.com.au/stores/deerpark",
        "fetched_at": "2026-07-23T00:53:33.174Z"
      }
    },
    {
      "type": "Feature",
      "geometry": {
        "type": "Point",
        "coordinates": [
          145.1254825,
          -37.78573
        ]
      },
      "properties": {
        "retailer": "Bailey Nelson",
        "store_id": "bailey-nelson-doncaster",
        "name": "Bailey Nelson Doncaster",
        "status": "Active",
        "state": "VIC",
        "suburb": "Doncaster",
        "postcode": "3108",
        "full_address": "Doncaster Rd & Williamsons Rd, Doncaster, VIC, 3108",
        "phone": "+61399679899",
        "official_url": "https://baileynelson.com.au/pages/optometrist-doncaster",
        "services": "Optometry Services; Bulk-Billed Eye Tests; Private Eye Tests from $65; Contact Lens Eye Tests; Visual Fields Testing; Ultra-wide retinal imaging; Optical & Sunglass styling; Free frame adjustments",
        "audiology": "false",
        "venue_name": "",
        "venue_id": "",
        "location_type": "Main Street / Street-front",
        "classification_confidence": "Low",
        "classification_basis": "Official address contains street evidence but needs review",
        "store_area_sqm": "",
        "area_measure": "",
        "area_source": "",
        "area_date": "",
        "area_confidence": "Unknown",
        "source_url": "https://baileynelson.com.au/pages/optometrist-doncaster",
        "fetched_at": "2026-07-23T01:01:27+00:00"
      }
    },
    {
      "type": "Feature",
      "geometry": {
        "type": "Point",
        "coordinates": [
          145.1262,
          -37.78511
        ]
      },
      "properties": {
        "retailer": "OPSM",
        "store_id": "opsm-1214",
        "name": "OPSM Doncaster",
        "status": "Active",
        "state": "VIC",
        "suburb": "Doncaster",
        "postcode": "3108",
        "full_address": "619 Doncaster Rd, Doncaster, VIC, 3108",
        "phone": "(03) 9848 3299",
        "official_url": "https://www.opsm.com.au/en/opsm-au/find-store",
        "services": "Dry Eye, Collect & Return",
        "audiology": "false",
        "venue_name": "",
        "venue_id": "",
        "location_type": "Main Street / Street-front",
        "classification_confidence": "Medium",
        "classification_basis": "Official address is a numbered or corner street address without centre evidence",
        "store_area_sqm": "",
        "area_measure": "",
        "area_source": "",
        "area_date": "",
        "area_confidence": "Unknown",
        "source_url": "https://www.opsm.com.au/en/opsm-au/find-store",
        "fetched_at": "2026-07-23T00:26:21+00:00"
      }
    },
    {
      "type": "Feature",
      "geometry": {
        "type": "Point",
        "coordinates": [
          145.12614,
          -37.785812
        ]
      },
      "properties": {
        "retailer": "Specsavers",
        "store_id": "specsavers-3552",
        "name": "Doncaster",
        "status": "Active",
        "state": "VIC",
        "suburb": "Doncaster",
        "postcode": "3108",
        "full_address": "Westfield Doncaster, Doncaster Road, Doncaster, VIC, 3108",
        "phone": "(03) 9840 1077",
        "official_url": "https://www.specsavers.com.au/stores/doncaster",
        "services": "Optometry; Audiology",
        "audiology": "true",
        "venue_name": "Westfield Doncaster",
        "venue_id": "vic-doncaster-westfield",
        "location_type": "Shopping Centre",
        "classification_confidence": "High",
        "classification_basis": "Official name/address contains shopping-centre evidence",
        "store_area_sqm": "",
        "area_measure": "",
        "area_source": "",
        "area_date": "",
        "area_confidence": "Unknown",
        "source_url": "https://www.specsavers.com.au/stores/doncaster",
        "fetched_at": "2026-07-23T00:53:33.174Z"
      }
    },
    {
      "type": "Feature",
      "geometry": {
        "type": "Point",
        "coordinates": [
          145.16885,
          -37.761993
        ]
      },
      "properties": {
        "retailer": "Specsavers",
        "store_id": "specsavers-3407",
        "name": "Doncaster East The Pines S/C",
        "status": "Active",
        "state": "VIC",
        "suburb": "Doncaster East",
        "postcode": "3109",
        "full_address": "Stockland The Pines, 97/181 Reynolds Road, Doncaster East, VIC, 3109",
        "phone": "(03) 9841 0036",
        "official_url": "https://www.specsavers.com.au/stores/doncastereast",
        "services": "Optometry; Audiology",
        "audiology": "true",
        "venue_name": "Doncaster East The Pines Shopping Centre",
        "venue_id": "vic-doncaster-east-pines-the",
        "location_type": "Shopping Centre",
        "classification_confidence": "High",
        "classification_basis": "Official name/address contains shopping-centre evidence",
        "store_area_sqm": "",
        "area_measure": "",
        "area_source": "",
        "area_date": "",
        "area_confidence": "Unknown",
        "source_url": "https://www.specsavers.com.au/stores/doncastereast",
        "fetched_at": "2026-07-23T00:53:33.174Z"
      }
    },
    {
      "type": "Feature",
      "geometry": {
        "type": "Point",
        "coordinates": [
          144.74957,
          -36.12672
        ]
      },
      "properties": {
        "retailer": "Specsavers",
        "store_id": "specsavers-3595",
        "name": "Echuca",
        "status": "Active",
        "state": "VIC",
        "suburb": "Echuca",
        "postcode": "3564",
        "full_address": "222 Hare Street, Echuca, VIC, 3564",
        "phone": "(03) 5409 2313",
        "official_url": "https://www.specsavers.com.au/stores/echuca",
        "services": "Optometry; Audiology",
        "audiology": "true",
        "venue_name": "",
        "venue_id": "",
        "location_type": "Main Street / Street-front",
        "classification_confidence": "Medium",
        "classification_basis": "Official address is a numbered or corner street address without centre evidence",
        "store_area_sqm": "",
        "area_measure": "",
        "area_source": "",
        "area_date": "",
        "area_confidence": "Unknown",
        "source_url": "https://www.specsavers.com.au/stores/echuca",
        "fetched_at": "2026-07-23T00:53:33.174Z"
      }
    },
    {
      "type": "Feature",
      "geometry": {
        "type": "Point",
        "coordinates": [
          145.00537,
          -37.88471
        ]
      },
      "properties": {
        "retailer": "OPSM",
        "store_id": "opsm-1156",
        "name": "OPSM Elsternwick",
        "status": "Active",
        "state": "VIC",
        "suburb": "Elsternwick",
        "postcode": "3185",
        "full_address": "409 Glen Huntly Rd, Elsternwick, VIC, 3185",
        "phone": "(03) 9528 6329",
        "official_url": "https://www.opsm.com.au/en/opsm-au/find-store",
        "services": "Collect & Return",
        "audiology": "false",
        "venue_name": "",
        "venue_id": "",
        "location_type": "Main Street / Street-front",
        "classification_confidence": "Medium",
        "classification_basis": "Official address is a numbered or corner street address without centre evidence",
        "store_area_sqm": "",
        "area_measure": "",
        "area_source": "",
        "area_date": "",
        "area_confidence": "Unknown",
        "source_url": "https://www.opsm.com.au/en/opsm-au/find-store",
        "fetched_at": "2026-07-23T00:26:21+00:00"
      }
    },
    {
      "type": "Feature",
      "geometry": {
        "type": "Point",
        "coordinates": [
          145.00578,
          -37.885098
        ]
      },
      "properties": {
        "retailer": "Specsavers",
        "store_id": "specsavers-3621",
        "name": "Elsternwick",
        "status": "Active",
        "state": "VIC",
        "suburb": "Elsternwick",
        "postcode": "3185",
        "full_address": "420 Glenhuntly Road, Elsternwick, VIC, 3185",
        "phone": "(03) 9563 2868",
        "official_url": "https://www.specsavers.com.au/stores/elsternwick",
        "services": "Optometry; Audiology",
        "audiology": "true",
        "venue_name": "",
        "venue_id": "",
        "location_type": "Main Street / Street-front",
        "classification_confidence": "Medium",
        "classification_basis": "Official address is a numbered or corner street address without centre evidence",
        "store_area_sqm": "",
        "area_measure": "",
        "area_source": "",
        "area_date": "",
        "area_confidence": "Unknown",
        "source_url": "https://www.specsavers.com.au/stores/elsternwick",
        "fetched_at": "2026-07-23T00:53:33.174Z"
      }
    },
    {
      "type": "Feature",
      "geometry": {
        "type": "Point",
        "coordinates": [
          145.14877,
          -37.713856
        ]
      },
      "properties": {
        "retailer": "Specsavers",
        "store_id": "specsavers-3671",
        "name": "Eltham",
        "status": "Active",
        "state": "VIC",
        "suburb": "Eltham",
        "postcode": "3095",
        "full_address": "968 Main Road, Eltham, VIC, 3095",
        "phone": "(03) 8407 8277",
        "official_url": "https://www.specsavers.com.au/stores/eltham",
        "services": "Optometry; Audiology",
        "audiology": "true",
        "venue_name": "",
        "venue_id": "",
        "location_type": "Main Street / Street-front",
        "classification_confidence": "Medium",
        "classification_basis": "Official address is a numbered or corner street address without centre evidence",
        "store_area_sqm": "",
        "area_measure": "",
        "area_source": "",
        "area_date": "",
        "area_confidence": "Unknown",
        "source_url": "https://www.specsavers.com.au/stores/eltham",
        "fetched_at": "2026-07-23T00:53:33.174Z"
      }
    },
    {
      "type": "Feature",
      "geometry": {
        "type": "Point",
        "coordinates": [
          145.2594,
          -37.97705
        ]
      },
      "properties": {
        "retailer": "Specsavers",
        "store_id": "specsavers-3484",
        "name": "Endeavour Hills S/C",
        "status": "Active",
        "state": "VIC",
        "suburb": "Endeavour Hills",
        "postcode": "3802",
        "full_address": "Shop 12 Endeavour Hills S/C, Heatherton Rd, Endeavour Hills, VIC, 3802",
        "phone": "(03) 9700 3488",
        "official_url": "https://www.specsavers.com.au/stores/endeavourhills",
        "services": "Optometry",
        "audiology": "false",
        "venue_name": "Endeavour Hills Shopping Centre",
        "venue_id": "vic-endeavour-hills",
        "location_type": "Shopping Centre",
        "classification_confidence": "High",
        "classification_basis": "Official name/address contains shopping-centre evidence",
        "store_area_sqm": "",
        "area_measure": "",
        "area_source": "",
        "area_date": "",
        "area_confidence": "Unknown",
        "source_url": "https://www.specsavers.com.au/stores/endeavourhills",
        "fetched_at": "2026-07-23T00:53:33.174Z"
      }
    },
    {
      "type": "Feature",
      "geometry": {
        "type": "Point",
        "coordinates": [
          145.0191,
          -37.65371
        ]
      },
      "properties": {
        "retailer": "OPSM",
        "store_id": "opsm-1032",
        "name": "OPSM Pacific Epping",
        "status": "Active",
        "state": "VIC",
        "suburb": "Epping",
        "postcode": "3076",
        "full_address": "High St & Cooper St, Epping, VIC, 3076",
        "phone": "(03) 9408 9280",
        "official_url": "https://www.opsm.com.au/en/opsm-au/find-store",
        "services": "Collect & Return",
        "audiology": "false",
        "venue_name": "",
        "venue_id": "",
        "location_type": "Main Street / Street-front",
        "classification_confidence": "Low",
        "classification_basis": "Official address contains street evidence but needs review",
        "store_area_sqm": "",
        "area_measure": "",
        "area_source": "",
        "area_date": "",
        "area_confidence": "Unknown",
        "source_url": "https://www.opsm.com.au/en/opsm-au/find-store",
        "fetched_at": "2026-07-23T00:26:21+00:00"
      }
    },
    {
      "type": "Feature",
      "geometry": {
        "type": "Point",
        "coordinates": [
          145.02051,
          -37.652977
        ]
      },
      "properties": {
        "retailer": "Specsavers",
        "store_id": "specsavers-3353",
        "name": "Pacific Epping",
        "status": "Active",
        "state": "VIC",
        "suburb": "Epping",
        "postcode": "3076",
        "full_address": "Cnr High & Cooper Street, Shop 8/9, Pacific Epping, Epping, VIC, 3076",
        "phone": "(03) 8405 3655",
        "official_url": "https://www.specsavers.com.au/stores/epping",
        "services": "Optometry; Audiology",
        "audiology": "true",
        "venue_name": "",
        "venue_id": "",
        "location_type": "Shopping Centre",
        "classification_confidence": "Medium",
        "classification_basis": "Official address uses a shop/level format; venue name requires review",
        "store_area_sqm": "",
        "area_measure": "",
        "area_source": "",
        "area_date": "",
        "area_confidence": "Unknown",
        "source_url": "https://www.specsavers.com.au/stores/epping",
        "fetched_at": "2026-07-23T00:53:33.174Z"
      }
    },
    {
      "type": "Feature",
      "geometry": {
        "type": "Point",
        "coordinates": [
          144.979956,
          -37.8058309
        ]
      },
      "properties": {
        "retailer": "Bailey Nelson",
        "store_id": "bailey-nelson-fitzroy",
        "name": "Bailey Nelson Fitzroy",
        "status": "Active",
        "state": "VIC",
        "suburb": "Fitzroy",
        "postcode": "3065",
        "full_address": "161 Gertrude Street, Fitzroy, VIC, 3065",
        "phone": "+61399679890",
        "official_url": "https://baileynelson.com.au/pages/optometrist-fitzroy",
        "services": "Optometry Services; Bulk-Billed Eye Tests; Private Eye Tests from $65; Contact Lens Eye Tests; Visual Fields Testing; Ultra-wide retinal imaging; Optical & Sunglass styling; Free frame adjustments",
        "audiology": "false",
        "venue_name": "",
        "venue_id": "",
        "location_type": "Main Street / Street-front",
        "classification_confidence": "Medium",
        "classification_basis": "Official address is a numbered or corner street address without centre evidence",
        "store_area_sqm": "",
        "area_measure": "",
        "area_source": "",
        "area_date": "",
        "area_confidence": "Unknown",
        "source_url": "https://baileynelson.com.au/pages/optometrist-fitzroy",
        "fetched_at": "2026-07-23T01:01:27+00:00"
      }
    },
    {
      "type": "Feature",
      "geometry": {
        "type": "Point",
        "coordinates": [
          145.16488,
          -37.83544
        ]
      },
      "properties": {
        "retailer": "OPSM",
        "store_id": "opsm-1487",
        "name": "OPSM Forest Hill Chase",
        "status": "Active",
        "state": "VIC",
        "suburb": "Forest Hill",
        "postcode": "3131",
        "full_address": "270 Canterbury Rd, Forest Hill, VIC, 3131",
        "phone": "(03) 9894 1600",
        "official_url": "https://www.opsm.com.au/en/opsm-au/find-store",
        "services": "Dry Eye, Collect & Return",
        "audiology": "false",
        "venue_name": "Forest Hill Chase",
        "venue_id": "vic-chase-forest-hill",
        "location_type": "Shopping Centre",
        "classification_confidence": "High",
        "classification_basis": "Official name/address contains shopping-centre evidence",
        "store_area_sqm": "",
        "area_measure": "",
        "area_source": "",
        "area_date": "",
        "area_confidence": "Unknown",
        "source_url": "https://www.opsm.com.au/en/opsm-au/find-store",
        "fetched_at": "2026-07-23T00:26:21+00:00"
      }
    },
    {
      "type": "Feature",
      "geometry": {
        "type": "Point",
        "coordinates": [
          145.16397,
          -37.83515
        ]
      },
      "properties": {
        "retailer": "Specsavers",
        "store_id": "specsavers-3338",
        "name": "Forest Hill Chase",
        "status": "Active",
        "state": "VIC",
        "suburb": "Forest Hill",
        "postcode": "3131",
        "full_address": "169 Forest Hill Shopping Centre, 270 Canterbury Road, Forest Hill, VIC, 3131",
        "phone": "(03) 9878 9677",
        "official_url": "https://www.specsavers.com.au/stores/foresthill",
        "services": "Optometry; Audiology",
        "audiology": "true",
        "venue_name": "Forest Hill Chase",
        "venue_id": "vic-chase-forest-hill",
        "location_type": "Shopping Centre",
        "classification_confidence": "High",
        "classification_basis": "Official name/address contains shopping-centre evidence",
        "store_area_sqm": "",
        "area_measure": "",
        "area_source": "",
        "area_date": "",
        "area_confidence": "Unknown",
        "source_url": "https://www.specsavers.com.au/stores/foresthill",
        "fetched_at": "2026-07-23T00:53:33.174Z"
      }
    },
    {
      "type": "Feature",
      "geometry": {
        "type": "Point",
        "coordinates": [
          145.1249159,
          -38.1403059
        ]
      },
      "properties": {
        "retailer": "Bailey Nelson",
        "store_id": "bailey-nelson-bayside-frankston",
        "name": "Bailey Nelson Frankston",
        "status": "Active",
        "state": "VIC",
        "suburb": "Frankston",
        "postcode": "3199",
        "full_address": "28 Beach Street, Frankston, VIC, 3199",
        "phone": "+61399679897",
        "official_url": "https://baileynelson.com.au/pages/optometrist-bayside-frankston",
        "services": "Optometry Services; Bulk-Billed Eye Tests; Private Eye Tests from $65; Contact Lens Eye Tests; Visual Fields Testing; Ultra-wide retinal imaging; Optical & Sunglass styling; Free frame adjustments",
        "audiology": "false",
        "venue_name": "",
        "venue_id": "",
        "location_type": "Main Street / Street-front",
        "classification_confidence": "Medium",
        "classification_basis": "Official address is a numbered or corner street address without centre evidence",
        "store_area_sqm": "",
        "area_measure": "",
        "area_source": "",
        "area_date": "",
        "area_confidence": "Unknown",
        "source_url": "https://baileynelson.com.au/pages/optometrist-bayside-frankston",
        "fetched_at": "2026-07-23T01:01:27+00:00"
      }
    },
    {
      "type": "Feature",
      "geometry": {
        "type": "Point",
        "coordinates": [
          145.12404,
          -38.14193
        ]
      },
      "properties": {
        "retailer": "OPSM",
        "store_id": "opsm-1087",
        "name": "OPSM Frankston",
        "status": "Active",
        "state": "VIC",
        "suburb": "Frankston",
        "postcode": "3199",
        "full_address": "2 Olsen St, Frankston, VIC, 3199",
        "phone": "(03) 9770 1101",
        "official_url": "https://www.opsm.com.au/en/opsm-au/find-store",
        "services": "Dry Eye, Collect & Return",
        "audiology": "false",
        "venue_name": "",
        "venue_id": "",
        "location_type": "Main Street / Street-front",
        "classification_confidence": "Medium",
        "classification_basis": "Official address is a numbered or corner street address without centre evidence",
        "store_area_sqm": "",
        "area_measure": "",
        "area_source": "",
        "area_date": "",
        "area_confidence": "Unknown",
        "source_url": "https://www.opsm.com.au/en/opsm-au/find-store",
        "fetched_at": "2026-07-23T00:26:21+00:00"
      }
    },
    {
      "type": "Feature",
      "geometry": {
        "type": "Point",
        "coordinates": [
          145.12222,
          -38.143368
        ]
      },
      "properties": {
        "retailer": "Specsavers",
        "store_id": "specsavers-3221",
        "name": "Frankston",
        "status": "Active",
        "state": "VIC",
        "suburb": "Frankston",
        "postcode": "3199",
        "full_address": "53 Wells St, Frankston, VIC, 3199",
        "phone": "(03) 9783 4013",
        "official_url": "https://www.specsavers.com.au/stores/frankston",
        "services": "Optometry; Audiology",
        "audiology": "true",
        "venue_name": "",
        "venue_id": "",
        "location_type": "Main Street / Street-front",
        "classification_confidence": "Medium",
        "classification_basis": "Official address is a numbered or corner street address without centre evidence",
        "store_area_sqm": "",
        "area_measure": "",
        "area_source": "",
        "area_date": "",
        "area_confidence": "Unknown",
        "source_url": "https://www.specsavers.com.au/stores/frankston",
        "fetched_at": "2026-07-23T00:53:33.174Z"
      }
    },
    {
      "type": "Feature",
      "geometry": {
        "type": "Point",
        "coordinates": [
          145.1234,
          -38.141678
        ]
      },
      "properties": {
        "retailer": "Specsavers",
        "store_id": "specsavers-3565",
        "name": "Frankston Bayside",
        "status": "Active",
        "state": "VIC",
        "suburb": "Frankston",
        "postcode": "3199",
        "full_address": "Shop 159, Bayside Centre, 28 Beach Street, Frankston, VIC, 3199",
        "phone": "(03) 9781 1199",
        "official_url": "https://www.specsavers.com.au/stores/frankstonbayside",
        "services": "Optometry; Audiology",
        "audiology": "true",
        "venue_name": "Bayside Centre",
        "venue_id": "vic-bayside",
        "location_type": "Shopping Centre",
        "classification_confidence": "High",
        "classification_basis": "Official name/address contains shopping-centre evidence",
        "store_area_sqm": "",
        "area_measure": "",
        "area_source": "",
        "area_date": "",
        "area_confidence": "Unknown",
        "source_url": "https://www.specsavers.com.au/stores/frankstonbayside",
        "fetched_at": "2026-07-23T00:53:33.174Z"
      }
    },
    {
      "type": "Feature",
      "geometry": {
        "type": "Point",
        "coordinates": [
          145.16528,
          -38.152752
        ]
      },
      "properties": {
        "retailer": "Specsavers",
        "store_id": "specsavers-3414",
        "name": "Karingal Hub",
        "status": "Active",
        "state": "VIC",
        "suburb": "Frankston",
        "postcode": "3199",
        "full_address": "S110 Karingal Hub, 330 Cranbourne Road, Frankston, VIC, 3199",
        "phone": "(03) 9789 5688",
        "official_url": "https://www.specsavers.com.au/stores/karingal",
        "services": "Optometry; Audiology",
        "audiology": "true",
        "venue_name": "",
        "venue_id": "",
        "location_type": "Main Street / Street-front",
        "classification_confidence": "Medium",
        "classification_basis": "Official address is a numbered or corner street address without centre evidence",
        "store_area_sqm": "",
        "area_measure": "",
        "area_source": "",
        "area_date": "",
        "area_confidence": "Unknown",
        "source_url": "https://www.specsavers.com.au/stores/karingal",
        "fetched_at": "2026-07-23T00:53:33.174Z"
      }
    },
    {
      "type": "Feature",
      "geometry": {
        "type": "Point",
        "coordinates": [
          144.36199,
          -38.14725
        ]
      },
      "properties": {
        "retailer": "OPSM",
        "store_id": "opsm-1485",
        "name": "OPSM Geelong",
        "status": "Active",
        "state": "VIC",
        "suburb": "Geelong",
        "postcode": "3220",
        "full_address": "95 Malop St, Geelong, VIC, 3220",
        "phone": "(03) 5222 4399",
        "official_url": "https://www.opsm.com.au/en/opsm-au/find-store",
        "services": "Dry Eye, Collect & Return",
        "audiology": "false",
        "venue_name": "",
        "venue_id": "",
        "location_type": "Main Street / Street-front",
        "classification_confidence": "Medium",
        "classification_basis": "Official address is a numbered or corner street address without centre evidence",
        "store_area_sqm": "",
        "area_measure": "",
        "area_source": "",
        "area_date": "",
        "area_confidence": "Unknown",
        "source_url": "https://www.opsm.com.au/en/opsm-au/find-store",
        "fetched_at": "2026-07-23T00:26:21+00:00"
      }
    },
    {
      "type": "Feature",
      "geometry": {
        "type": "Point",
        "coordinates": [
          144.3589,
          -38.148846
        ]
      },
      "properties": {
        "retailer": "Specsavers",
        "store_id": "specsavers-3293",
        "name": "Geelong Ryrie Street",
        "status": "Active",
        "state": "VIC",
        "suburb": "Geelong",
        "postcode": "3220",
        "full_address": "121 Ryrie St, Geelong, VIC, 3220",
        "phone": "(03) 5229 5437",
        "official_url": "https://www.specsavers.com.au/stores/geelongryrie",
        "services": "Optometry; Audiology",
        "audiology": "true",
        "venue_name": "",
        "venue_id": "",
        "location_type": "Main Street / Street-front",
        "classification_confidence": "Medium",
        "classification_basis": "Official address is a numbered or corner street address without centre evidence",
        "store_area_sqm": "",
        "area_measure": "",
        "area_source": "",
        "area_date": "",
        "area_confidence": "Unknown",
        "source_url": "https://www.specsavers.com.au/stores/geelongryrie",
        "fetched_at": "2026-07-23T00:53:33.174Z"
      }
    },
    {
      "type": "Feature",
      "geometry": {
        "type": "Point",
        "coordinates": [
          144.3639,
          -38.147697
        ]
      },
      "properties": {
        "retailer": "Specsavers",
        "store_id": "specsavers-3314",
        "name": "Geelong Westfield",
        "status": "Active",
        "state": "VIC",
        "suburb": "Geelong",
        "postcode": "3220",
        "full_address": "Shop 2256/95 Malop Street, Geelong, VIC, 3220",
        "phone": "(03) 5221 4215",
        "official_url": "https://www.specsavers.com.au/stores/geelongbaycity",
        "services": "Optometry; Audiology",
        "audiology": "true",
        "venue_name": "Geelong Westfield",
        "venue_id": "vic-geelong-westfield",
        "location_type": "Shopping Centre",
        "classification_confidence": "High",
        "classification_basis": "Official name/address contains shopping-centre evidence",
        "store_area_sqm": "",
        "area_measure": "",
        "area_source": "",
        "area_date": "",
        "area_confidence": "Unknown",
        "source_url": "https://www.specsavers.com.au/stores/geelongbaycity",
        "fetched_at": "2026-07-23T00:53:33.174Z"
      }
    },
    {
      "type": "Feature",
      "geometry": {
        "type": "Point",
        "coordinates": [
          145.1652131,
          -37.8763093
        ]
      },
      "properties": {
        "retailer": "Bailey Nelson",
        "store_id": "bailey-nelson-glen-waverley",
        "name": "Bailey Nelson Glen Waverley",
        "status": "Active",
        "state": "VIC",
        "suburb": "Glen Waverley",
        "postcode": "3150",
        "full_address": "235 Springvale Rd, Glen Waverley, VIC, 3150",
        "phone": "+61370327715",
        "official_url": "https://baileynelson.com.au/pages/optometrist-glen-waverley",
        "services": "Optometry Services; Bulk-Billed Eye Tests; Private Eye Tests from $65; Contact Lens Eye Tests; Visual Fields Testing; Ultra-wide retinal imaging; Optical & Sunglass styling; Free frame adjustments",
        "audiology": "false",
        "venue_name": "",
        "venue_id": "",
        "location_type": "Main Street / Street-front",
        "classification_confidence": "Medium",
        "classification_basis": "Official address is a numbered or corner street address without centre evidence",
        "store_area_sqm": "",
        "area_measure": "",
        "area_source": "",
        "area_date": "",
        "area_confidence": "Unknown",
        "source_url": "https://baileynelson.com.au/pages/optometrist-glen-waverley",
        "fetched_at": "2026-07-23T01:01:27+00:00"
      }
    },
    {
      "type": "Feature",
      "geometry": {
        "type": "Point",
        "coordinates": [
          145.16521,
          -37.87631
        ]
      },
      "properties": {
        "retailer": "OPSM",
        "store_id": "opsm-1152",
        "name": "OPSM Glen Waverley",
        "status": "Active",
        "state": "VIC",
        "suburb": "Glen Waverley",
        "postcode": "3150",
        "full_address": "235 Springvale Rd, Glen Waverley, VIC, 3150",
        "phone": "(03) 9887 8699",
        "official_url": "https://www.opsm.com.au/en/opsm-au/find-store",
        "services": "Dry Eye, Collect & Return",
        "audiology": "false",
        "venue_name": "",
        "venue_id": "",
        "location_type": "Main Street / Street-front",
        "classification_confidence": "Medium",
        "classification_basis": "Official address is a numbered or corner street address without centre evidence",
        "store_area_sqm": "",
        "area_measure": "",
        "area_source": "",
        "area_date": "",
        "area_confidence": "Unknown",
        "source_url": "https://www.opsm.com.au/en/opsm-au/find-store",
        "fetched_at": "2026-07-23T00:26:21+00:00"
      }
    },
    {
      "type": "Feature",
      "geometry": {
        "type": "Point",
        "coordinates": [
          145.16556,
          -37.875202
        ]
      },
      "properties": {
        "retailer": "Specsavers",
        "store_id": "specsavers-3259",
        "name": "The Glen",
        "status": "Active",
        "state": "VIC",
        "suburb": "Glen Waverley",
        "postcode": "3150",
        "full_address": "Shop L-025 The Glen, 235 Springvale Road, Glen Waverley, VIC, 3150",
        "phone": "(03) 9803 2977",
        "official_url": "https://www.specsavers.com.au/stores/theglen",
        "services": "Optometry; Audiology",
        "audiology": "true",
        "venue_name": "The Glen",
        "venue_id": "vic-glen-the",
        "location_type": "Shopping Centre",
        "classification_confidence": "High",
        "classification_basis": "Official name/address contains shopping-centre evidence",
        "store_area_sqm": "",
        "area_measure": "",
        "area_source": "",
        "area_date": "",
        "area_confidence": "Unknown",
        "source_url": "https://www.specsavers.com.au/stores/theglen",
        "fetched_at": "2026-07-23T00:53:33.174Z"
      }
    },
    {
      "type": "Feature",
      "geometry": {
        "type": "Point",
        "coordinates": [
          145.10263,
          -37.70286
        ]
      },
      "properties": {
        "retailer": "OPSM",
        "store_id": "opsm-1157",
        "name": "OPSM Greensborough",
        "status": "Active",
        "state": "VIC",
        "suburb": "Greensborough",
        "postcode": "3088",
        "full_address": "25 Main St, Greensborough, VIC, 3088",
        "phone": "(03) 9435 6784",
        "official_url": "https://www.opsm.com.au/en/opsm-au/find-store",
        "services": "Dry Eye, Collect & Return",
        "audiology": "false",
        "venue_name": "",
        "venue_id": "",
        "location_type": "Main Street / Street-front",
        "classification_confidence": "Medium",
        "classification_basis": "Official address is a numbered or corner street address without centre evidence",
        "store_area_sqm": "",
        "area_measure": "",
        "area_source": "",
        "area_date": "",
        "area_confidence": "Unknown",
        "source_url": "https://www.opsm.com.au/en/opsm-au/find-store",
        "fetched_at": "2026-07-23T00:26:21+00:00"
      }
    },
    {
      "type": "Feature",
      "geometry": {
        "type": "Point",
        "coordinates": [
          145.10191,
          -37.702785
        ]
      },
      "properties": {
        "retailer": "Specsavers",
        "store_id": "specsavers-3426",
        "name": "Greensborough Plaza",
        "status": "Active",
        "state": "VIC",
        "suburb": "Greensborough",
        "postcode": "3088",
        "full_address": "Shop L02 236 Greensborough Plaza, 25 Main Street, Greensborough, VIC, 3088",
        "phone": "(03) 9434 0053",
        "official_url": "https://www.specsavers.com.au/stores/greensborough",
        "services": "Optometry; Audiology",
        "audiology": "true",
        "venue_name": "Greensborough Plaza",
        "venue_id": "vic-greensborough-plaza",
        "location_type": "Shopping Centre",
        "classification_confidence": "High",
        "classification_basis": "Official name/address contains shopping-centre evidence",
        "store_area_sqm": "",
        "area_measure": "",
        "area_source": "",
        "area_date": "",
        "area_confidence": "Unknown",
        "source_url": "https://www.specsavers.com.au/stores/greensborough",
        "fetched_at": "2026-07-23T00:53:33.174Z"
      }
    },
    {
      "type": "Feature",
      "geometry": {
        "type": "Point",
        "coordinates": [
          145.19035,
          -38.30798
        ]
      },
      "properties": {
        "retailer": "Specsavers",
        "store_id": "specsavers-3691",
        "name": "Hastings",
        "status": "Active",
        "state": "VIC",
        "suburb": "Hastings",
        "postcode": "3915",
        "full_address": "67 High Street & 24 Victoria Street, Hastings, VIC, 3915",
        "phone": "(03) 5973 4111",
        "official_url": "https://www.specsavers.com.au/stores/hastings",
        "services": "Optometry; Audiology",
        "audiology": "true",
        "venue_name": "",
        "venue_id": "",
        "location_type": "Main Street / Street-front",
        "classification_confidence": "Medium",
        "classification_basis": "Official address is a numbered or corner street address without centre evidence",
        "store_area_sqm": "",
        "area_measure": "",
        "area_source": "",
        "area_date": "",
        "area_confidence": "Unknown",
        "source_url": "https://www.specsavers.com.au/stores/hastings",
        "fetched_at": "2026-07-23T00:53:33.174Z"
      }
    },
    {
      "type": "Feature",
      "geometry": {
        "type": "Point",
        "coordinates": [
          145.02896,
          -37.82193
        ]
      },
      "properties": {
        "retailer": "OPSM",
        "store_id": "opsm-1507",
        "name": "OPSM Eye Hub",
        "status": "Active",
        "state": "VIC",
        "suburb": "Hawthorn",
        "postcode": "3122",
        "full_address": "174-176 Burwood Rd, Hawthorn, VIC, 3122",
        "phone": "(03) 9819 5424",
        "official_url": "https://www.opsm.com.au/en/opsm-au/find-store",
        "services": "Dry Eye, Kids Vision Centre, Collect & Return",
        "audiology": "false",
        "venue_name": "",
        "venue_id": "",
        "location_type": "Main Street / Street-front",
        "classification_confidence": "Medium",
        "classification_basis": "Official address is a numbered or corner street address without centre evidence",
        "store_area_sqm": "",
        "area_measure": "",
        "area_source": "",
        "area_date": "",
        "area_confidence": "Unknown",
        "source_url": "https://www.opsm.com.au/en/opsm-au/find-store",
        "fetched_at": "2026-07-23T00:26:21+00:00"
      }
    },
    {
      "type": "Feature",
      "geometry": {
        "type": "Point",
        "coordinates": [
          145.06854,
          -37.75578
        ]
      },
      "properties": {
        "retailer": "Specsavers",
        "store_id": "specsavers-3477",
        "name": "Heidelberg Warringal S/C",
        "status": "Active",
        "state": "VIC",
        "suburb": "Heidelberg",
        "postcode": "3084",
        "full_address": "Shop 31, Warringal Shopping Centre, 56 Burgundy Street, Heidelberg, VIC, 3084",
        "phone": "(03) 9456 9351",
        "official_url": "https://www.specsavers.com.au/stores/heidelberg",
        "services": "Optometry; Audiology",
        "audiology": "true",
        "venue_name": "Heidelberg Warringal Shopping Centre",
        "venue_id": "vic-heidelberg-warringal",
        "location_type": "Shopping Centre",
        "classification_confidence": "High",
        "classification_basis": "Official name/address contains shopping-centre evidence",
        "store_area_sqm": "",
        "area_measure": "",
        "area_source": "",
        "area_date": "",
        "area_confidence": "Unknown",
        "source_url": "https://www.specsavers.com.au/stores/heidelberg",
        "fetched_at": "2026-07-23T00:53:33.174Z"
      }
    },
    {
      "type": "Feature",
      "geometry": {
        "type": "Point",
        "coordinates": [
          142.19995,
          -36.71411
        ]
      },
      "properties": {
        "retailer": "Specsavers",
        "store_id": "specsavers-3326",
        "name": "Horsham",
        "status": "Active",
        "state": "VIC",
        "suburb": "Horsham",
        "postcode": "3400",
        "full_address": "51-53 Firebrace St, Horsham, VIC, 3400",
        "phone": "(03) 5382 4433",
        "official_url": "https://www.specsavers.com.au/stores/horsham",
        "services": "Optometry",
        "audiology": "false",
        "venue_name": "",
        "venue_id": "",
        "location_type": "Main Street / Street-front",
        "classification_confidence": "Medium",
        "classification_basis": "Official address is a numbered or corner street address without centre evidence",
        "store_area_sqm": "",
        "area_measure": "",
        "area_source": "",
        "area_date": "",
        "area_confidence": "Unknown",
        "source_url": "https://www.specsavers.com.au/stores/horsham",
        "fetched_at": "2026-07-23T00:53:33.174Z"
      }
    },
    {
      "type": "Feature",
      "geometry": {
        "type": "Point",
        "coordinates": [
          145.04172,
          -37.76826
        ]
      },
      "properties": {
        "retailer": "OPSM",
        "store_id": "opsm-1089",
        "name": "OPSM Ivanhoe",
        "status": "Active",
        "state": "VIC",
        "suburb": "Ivanhoe",
        "postcode": "3079",
        "full_address": "4-12 Livingstone St, Ivanhoe, VIC, 3079",
        "phone": "(03) 9499 6100",
        "official_url": "https://www.opsm.com.au/en/opsm-au/find-store",
        "services": "Collect & Return",
        "audiology": "false",
        "venue_name": "",
        "venue_id": "",
        "location_type": "Main Street / Street-front",
        "classification_confidence": "Medium",
        "classification_basis": "Official address is a numbered or corner street address without centre evidence",
        "store_area_sqm": "",
        "area_measure": "",
        "area_source": "",
        "area_date": "",
        "area_confidence": "Unknown",
        "source_url": "https://www.opsm.com.au/en/opsm-au/find-store",
        "fetched_at": "2026-07-23T00:26:21+00:00"
      }
    },
    {
      "type": "Feature",
      "geometry": {
        "type": "Point",
        "coordinates": [
          144.24234,
          -36.81031
        ]
      },
      "properties": {
        "retailer": "Specsavers",
        "store_id": "specsavers-3289",
        "name": "Kangaroo Flat Lansell Plaza",
        "status": "Active",
        "state": "VIC",
        "suburb": "Kangaroo Flat",
        "postcode": "3555",
        "full_address": "Lansell Square Shopping Centre, 267 High Street, Kangaroo Flat, VIC, 3555",
        "phone": "(03) 5447 1170",
        "official_url": "https://www.specsavers.com.au/stores/kangarooflat",
        "services": "Optometry; Audiology",
        "audiology": "true",
        "venue_name": "Kangaroo Flat Lansell Plaza",
        "venue_id": "vic-flat-kangaroo-lansell-plaza",
        "location_type": "Shopping Centre",
        "classification_confidence": "High",
        "classification_basis": "Official name/address contains shopping-centre evidence",
        "store_area_sqm": "",
        "area_measure": "",
        "area_source": "",
        "area_date": "",
        "area_confidence": "Unknown",
        "source_url": "https://www.specsavers.com.au/stores/kangarooflat",
        "fetched_at": "2026-07-23T00:53:33.174Z"
      }
    },
    {
      "type": "Feature",
      "geometry": {
        "type": "Point",
        "coordinates": [
          144.80702,
          -37.72711
        ]
      },
      "properties": {
        "retailer": "Specsavers",
        "store_id": "specsavers-3257",
        "name": "Keilor Downs S/C",
        "status": "Active",
        "state": "VIC",
        "suburb": "Keilor Downs",
        "postcode": "3038",
        "full_address": "Shop G018A, Keilor Central, 80 Taylors Rd, Keilor Downs, VIC, 3038",
        "phone": "(03) 9366 2260",
        "official_url": "https://www.specsavers.com.au/stores/keilordowns",
        "services": "Optometry; Audiology",
        "audiology": "true",
        "venue_name": "Keilor Downs Shopping Centre",
        "venue_id": "vic-downs-keilor",
        "location_type": "Shopping Centre",
        "classification_confidence": "High",
        "classification_basis": "Official name/address contains shopping-centre evidence",
        "store_area_sqm": "",
        "area_measure": "",
        "area_source": "",
        "area_date": "",
        "area_confidence": "Unknown",
        "source_url": "https://www.specsavers.com.au/stores/keilordowns",
        "fetched_at": "2026-07-23T00:53:33.174Z"
      }
    },
    {
      "type": "Feature",
      "geometry": {
        "type": "Point",
        "coordinates": [
          145.1723,
          -37.99223
        ]
      },
      "properties": {
        "retailer": "OPSM",
        "store_id": "opsm-1078",
        "name": "OPSM Parkmore",
        "status": "Active",
        "state": "VIC",
        "suburb": "Keysborough",
        "postcode": "3173",
        "full_address": "317 Cheltenham Rd, Keysborough, VIC, 3173",
        "phone": "(03) 9701 8425",
        "official_url": "https://www.opsm.com.au/en/opsm-au/find-store",
        "services": "Collect & Return",
        "audiology": "false",
        "venue_name": "",
        "venue_id": "",
        "location_type": "Main Street / Street-front",
        "classification_confidence": "Medium",
        "classification_basis": "Official address is a numbered or corner street address without centre evidence",
        "store_area_sqm": "",
        "area_measure": "",
        "area_source": "",
        "area_date": "",
        "area_confidence": "Unknown",
        "source_url": "https://www.opsm.com.au/en/opsm-au/find-store",
        "fetched_at": "2026-07-23T00:26:21+00:00"
      }
    },
    {
      "type": "Feature",
      "geometry": {
        "type": "Point",
        "coordinates": [
          145.1724,
          -37.992054
        ]
      },
      "properties": {
        "retailer": "Specsavers",
        "store_id": "specsavers-3278",
        "name": "Keysborough Parkmore S/C",
        "status": "Active",
        "state": "VIC",
        "suburb": "Keysborough",
        "postcode": "3173",
        "full_address": "L01 S05/S06 Parkmore Shopping Centre, 317 Cheltenham Road, Keysborough, VIC, 3173",
        "phone": "(03) 9706 3288",
        "official_url": "https://www.specsavers.com.au/stores/keysborough",
        "services": "Optometry; Audiology",
        "audiology": "true",
        "venue_name": "Keysborough Parkmore Shopping Centre",
        "venue_id": "vic-keysborough-parkmore",
        "location_type": "Shopping Centre",
        "classification_confidence": "High",
        "classification_basis": "Official name/address contains shopping-centre evidence",
        "store_area_sqm": "",
        "area_measure": "",
        "area_source": "",
        "area_date": "",
        "area_confidence": "Unknown",
        "source_url": "https://www.specsavers.com.au/stores/keysborough",
        "fetched_at": "2026-07-23T00:53:33.174Z"
      }
    },
    {
      "type": "Feature",
      "geometry": {
        "type": "Point",
        "coordinates": [
          144.45453,
          -38.18564
        ]
      },
      "properties": {
        "retailer": "Specsavers",
        "store_id": "specsavers-3645",
        "name": "Leopold",
        "status": "Active",
        "state": "VIC",
        "suburb": "Leopold",
        "postcode": "3224",
        "full_address": "659 Bellarine Highway, Shop G07 & G10, Gateway Plaza, Leopold, VIC, 3224",
        "phone": "(03) 5244 0444",
        "official_url": "https://www.specsavers.com.au/stores/leopold",
        "services": "Optometry; Audiology",
        "audiology": "true",
        "venue_name": "Gateway Plaza",
        "venue_id": "vic-gateway-plaza",
        "location_type": "Shopping Centre",
        "classification_confidence": "High",
        "classification_basis": "Official name/address contains shopping-centre evidence",
        "store_area_sqm": "",
        "area_measure": "",
        "area_source": "",
        "area_date": "",
        "area_confidence": "Unknown",
        "source_url": "https://www.specsavers.com.au/stores/leopold",
        "fetched_at": "2026-07-23T00:53:33.174Z"
      }
    },
    {
      "type": "Feature",
      "geometry": {
        "type": "Point",
        "coordinates": [
          145.34868,
          -37.760475
        ]
      },
      "properties": {
        "retailer": "Specsavers",
        "store_id": "specsavers-3534",
        "name": "Lilydale",
        "status": "Active",
        "state": "VIC",
        "suburb": "Lilydale",
        "postcode": "3140",
        "full_address": "65/45 Hutchinson St, Lilydale, VIC, 3140",
        "phone": "(03) 9735 9105",
        "official_url": "https://www.specsavers.com.au/stores/lilydale",
        "services": "Optometry; Audiology",
        "audiology": "true",
        "venue_name": "",
        "venue_id": "",
        "location_type": "Main Street / Street-front",
        "classification_confidence": "Medium",
        "classification_basis": "Official address is a numbered or corner street address without centre evidence",
        "store_area_sqm": "",
        "area_measure": "",
        "area_source": "",
        "area_date": "",
        "area_confidence": "Unknown",
        "source_url": "https://www.specsavers.com.au/stores/lilydale",
        "fetched_at": "2026-07-23T00:53:33.174Z"
      }
    },
    {
      "type": "Feature",
      "geometry": {
        "type": "Point",
        "coordinates": [
          145.028151,
          -37.862122
        ]
      },
      "properties": {
        "retailer": "Bailey Nelson",
        "store_id": "bailey-nelson-malvern",
        "name": "Bailey Nelson Malvern",
        "status": "Active",
        "state": "VIC",
        "suburb": "Malvern",
        "postcode": "3144",
        "full_address": "109 Glenferrie Road, Malvern, VIC, 3144",
        "phone": "+61370327713",
        "official_url": "https://baileynelson.com.au/pages/optometrist-malvern",
        "services": "Optometry Services; Bulk-Billed Eye Tests; Private Eye Tests from $65; Contact Lens Eye Tests; Visual Fields Testing; Ultra-wide retinal imaging; Optical & Sunglass styling; Free frame adjustments",
        "audiology": "false",
        "venue_name": "",
        "venue_id": "",
        "location_type": "Main Street / Street-front",
        "classification_confidence": "Medium",
        "classification_basis": "Official address is a numbered or corner street address without centre evidence",
        "store_area_sqm": "",
        "area_measure": "",
        "area_source": "",
        "area_date": "",
        "area_confidence": "Unknown",
        "source_url": "https://baileynelson.com.au/pages/optometrist-malvern",
        "fetched_at": "2026-07-23T01:01:27+00:00"
      }
    },
    {
      "type": "Feature",
      "geometry": {
        "type": "Point",
        "coordinates": [
          145.02843,
          -37.86245
        ]
      },
      "properties": {
        "retailer": "OPSM",
        "store_id": "opsm-7076",
        "name": "OPSM Malvern",
        "status": "Active",
        "state": "VIC",
        "suburb": "Malvern",
        "postcode": "3144",
        "full_address": "110-122 Wattletree Rd, Malvern, VIC, 3144",
        "phone": "(03) 9509 1436",
        "official_url": "https://www.opsm.com.au/en/opsm-au/find-store",
        "services": "",
        "audiology": "false",
        "venue_name": "",
        "venue_id": "",
        "location_type": "Main Street / Street-front",
        "classification_confidence": "Medium",
        "classification_basis": "Official address is a numbered or corner street address without centre evidence",
        "store_area_sqm": "",
        "area_measure": "",
        "area_source": "",
        "area_date": "",
        "area_confidence": "Unknown",
        "source_url": "https://www.opsm.com.au/en/opsm-au/find-store",
        "fetched_at": "2026-07-23T00:26:21+00:00"
      }
    },
    {
      "type": "Feature",
      "geometry": {
        "type": "Point",
        "coordinates": [
          145.02849,
          -37.860325
        ]
      },
      "properties": {
        "retailer": "Specsavers",
        "store_id": "specsavers-3252",
        "name": "Malvern",
        "status": "Active",
        "state": "VIC",
        "suburb": "Malvern",
        "postcode": "3144",
        "full_address": "169 Glenferrie Rd, Malvern, VIC, 3144",
        "phone": "(03) 9500 9218",
        "official_url": "https://www.specsavers.com.au/stores/malvern",
        "services": "Optometry; Audiology",
        "audiology": "true",
        "venue_name": "",
        "venue_id": "",
        "location_type": "Main Street / Street-front",
        "classification_confidence": "Medium",
        "classification_basis": "Official address is a numbered or corner street address without centre evidence",
        "store_area_sqm": "",
        "area_measure": "",
        "area_source": "",
        "area_date": "",
        "area_confidence": "Unknown",
        "source_url": "https://www.specsavers.com.au/stores/malvern",
        "fetched_at": "2026-07-23T00:53:33.174Z"
      }
    },
    {
      "type": "Feature",
      "geometry": {
        "type": "Point",
        "coordinates": [
          144.8887561,
          -37.7731817
        ]
      },
      "properties": {
        "retailer": "Bailey Nelson",
        "store_id": "bailey-nelson-highpoint",
        "name": "Bailey Nelson Highpoint",
        "status": "Active",
        "state": "VIC",
        "suburb": "Maribyrnong",
        "postcode": "3032",
        "full_address": "120-200 Rosamond Rd, Maribyrnong, VIC, 3032",
        "phone": "+61399679898",
        "official_url": "https://baileynelson.com.au/pages/optometrist-highpoint",
        "services": "Optometry Services; Bulk-Billed Eye Tests; Private Eye Tests from $65; Contact Lens Eye Tests; Visual Fields Testing; Ultra-wide retinal imaging; Optical & Sunglass styling; Free frame adjustments",
        "audiology": "false",
        "venue_name": "Highpoint Shopping Centre",
        "venue_id": "vic-highpoint",
        "location_type": "Shopping Centre",
        "classification_confidence": "High",
        "classification_basis": "Reviewed official store name and address",
        "store_area_sqm": "",
        "area_measure": "",
        "area_source": "",
        "area_date": "",
        "area_confidence": "Unknown",
        "source_url": "https://baileynelson.com.au/pages/optometrist-highpoint",
        "fetched_at": "2026-07-23T01:01:27+00:00"
      }
    },
    {
      "type": "Feature",
      "geometry": {
        "type": "Point",
        "coordinates": [
          144.88915,
          -37.77333
        ]
      },
      "properties": {
        "retailer": "OPSM",
        "store_id": "opsm-1478",
        "name": "OPSM Highpoint",
        "status": "Active",
        "state": "VIC",
        "suburb": "Maribyrnong",
        "postcode": "3032",
        "full_address": "200 Rosamond Rd, Maribyrnong, VIC, 3032",
        "phone": "(03) 9318 3444",
        "official_url": "https://www.opsm.com.au/en/opsm-au/find-store",
        "services": "Audiology, Dry Eye, Collect & Return",
        "audiology": "true",
        "venue_name": "Highpoint Shopping Centre",
        "venue_id": "vic-highpoint",
        "location_type": "Shopping Centre",
        "classification_confidence": "High",
        "classification_basis": "Reviewed official store name and address",
        "store_area_sqm": "",
        "area_measure": "",
        "area_source": "",
        "area_date": "",
        "area_confidence": "Unknown",
        "source_url": "https://www.opsm.com.au/en/opsm-au/find-store",
        "fetched_at": "2026-07-23T00:26:21+00:00"
      }
    },
    {
      "type": "Feature",
      "geometry": {
        "type": "Point",
        "coordinates": [
          144.88622,
          -37.773926
        ]
      },
      "properties": {
        "retailer": "Specsavers",
        "store_id": "specsavers-3372",
        "name": "Highpoint S/C",
        "status": "Active",
        "state": "VIC",
        "suburb": "Maribyrnong",
        "postcode": "3032",
        "full_address": "Shop 2105, Level 2 Highpoint Shopping Centre, 200 Rosamond Road, Maribyrnong, VIC, 3032",
        "phone": "(03) 9317 8044",
        "official_url": "https://www.specsavers.com.au/stores/highpoint",
        "services": "Optometry; Audiology",
        "audiology": "true",
        "venue_name": "Highpoint Shopping Centre",
        "venue_id": "vic-highpoint",
        "location_type": "Shopping Centre",
        "classification_confidence": "High",
        "classification_basis": "Reviewed official store name and address",
        "store_area_sqm": "",
        "area_measure": "",
        "area_source": "",
        "area_date": "",
        "area_confidence": "Unknown",
        "source_url": "https://www.specsavers.com.au/stores/highpoint",
        "fetched_at": "2026-07-23T00:53:33.174Z"
      }
    },
    {
      "type": "Feature",
      "geometry": {
        "type": "Point",
        "coordinates": [
          144.966426,
          -37.816811
        ]
      },
      "properties": {
        "retailer": "Bailey Nelson",
        "store_id": "bailey-nelson-flinders-lane-melbourne",
        "name": "Bailey Nelson Flinders Lane",
        "status": "Active",
        "state": "VIC",
        "suburb": "Melbourne",
        "postcode": "3000",
        "full_address": "239 Flinders Lane, Melbourne, VIC, 3000",
        "phone": "+61399679892",
        "official_url": "https://baileynelson.com.au/pages/optometrist-flinders-lane-melbourne",
        "services": "Optometry Services; Bulk-Billed Eye Tests; Private Eye Tests from $65; Contact Lens Eye Tests; Visual Fields Testing; Ultra-wide retinal imaging; Optical & Sunglass styling; Free frame adjustments",
        "audiology": "false",
        "venue_name": "",
        "venue_id": "",
        "location_type": "Main Street / Street-front",
        "classification_confidence": "Medium",
        "classification_basis": "Official address is a numbered or corner street address without centre evidence",
        "store_area_sqm": "",
        "area_measure": "",
        "area_source": "",
        "area_date": "",
        "area_confidence": "Unknown",
        "source_url": "https://baileynelson.com.au/pages/optometrist-flinders-lane-melbourne",
        "fetched_at": "2026-07-23T01:01:27+00:00"
      }
    },
    {
      "type": "Feature",
      "geometry": {
        "type": "Point",
        "coordinates": [
          144.9634657,
          -37.8113788
        ]
      },
      "properties": {
        "retailer": "Bailey Nelson",
        "store_id": "bailey-nelson-melbourne-cbd",
        "name": "Bailey Nelson Melbourne Central",
        "status": "Active",
        "state": "VIC",
        "suburb": "Melbourne",
        "postcode": "3000",
        "full_address": "211 La Trobe St, Melbourne, VIC, 3000",
        "phone": "+61370327714",
        "official_url": "https://baileynelson.com.au/pages/optometrist-melbourne-cbd",
        "services": "Optometry Services; Bulk-Billed Eye Tests; Private Eye Tests from $65; Contact Lens Eye Tests; Visual Fields Testing; Ultra-wide retinal imaging; Optical & Sunglass styling; Free frame adjustments",
        "audiology": "false",
        "venue_name": "",
        "venue_id": "",
        "location_type": "Main Street / Street-front",
        "classification_confidence": "Medium",
        "classification_basis": "Official address is a numbered or corner street address without centre evidence",
        "store_area_sqm": "",
        "area_measure": "",
        "area_source": "",
        "area_date": "",
        "area_confidence": "Unknown",
        "source_url": "https://baileynelson.com.au/pages/optometrist-melbourne-cbd",
        "fetched_at": "2026-07-23T01:01:27+00:00"
      }
    },
    {
      "type": "Feature",
      "geometry": {
        "type": "Point",
        "coordinates": [
          144.96337,
          -37.81137
        ]
      },
      "properties": {
        "retailer": "OPSM",
        "store_id": "opsm-1589",
        "name": "OPSM 233 Collins St",
        "status": "Active",
        "state": "VIC",
        "suburb": "Melbourne",
        "postcode": "3000",
        "full_address": "233 - 239 Collins St, Melbourne, VIC, 3000",
        "phone": "(03) 9650 8822",
        "official_url": "https://www.opsm.com.au/en/opsm-au/find-store",
        "services": "Collect & Return",
        "audiology": "false",
        "venue_name": "",
        "venue_id": "",
        "location_type": "Main Street / Street-front",
        "classification_confidence": "Medium",
        "classification_basis": "Official address is a numbered or corner street address without centre evidence",
        "store_area_sqm": "",
        "area_measure": "",
        "area_source": "",
        "area_date": "",
        "area_confidence": "Unknown",
        "source_url": "https://www.opsm.com.au/en/opsm-au/find-store",
        "fetched_at": "2026-07-23T00:26:21+00:00"
      }
    },
    {
      "type": "Feature",
      "geometry": {
        "type": "Point",
        "coordinates": [
          144.96337,
          -37.81137
        ]
      },
      "properties": {
        "retailer": "OPSM",
        "store_id": "opsm-1472",
        "name": "OPSM Bourke Street",
        "status": "Active",
        "state": "VIC",
        "suburb": "Melbourne",
        "postcode": "3000",
        "full_address": "335 Bourke St, Melbourne, VIC, 3000",
        "phone": "(03) 9670 9885",
        "official_url": "https://www.opsm.com.au/en/opsm-au/find-store",
        "services": "Dry Eye, Collect & Return",
        "audiology": "false",
        "venue_name": "",
        "venue_id": "",
        "location_type": "Main Street / Street-front",
        "classification_confidence": "Medium",
        "classification_basis": "Official address is a numbered or corner street address without centre evidence",
        "store_area_sqm": "",
        "area_measure": "",
        "area_source": "",
        "area_date": "",
        "area_confidence": "Unknown",
        "source_url": "https://www.opsm.com.au/en/opsm-au/find-store",
        "fetched_at": "2026-07-23T00:26:21+00:00"
      }
    },
    {
      "type": "Feature",
      "geometry": {
        "type": "Point",
        "coordinates": [
          144.97268,
          -37.81416
        ]
      },
      "properties": {
        "retailer": "OPSM",
        "store_id": "opsm-1030",
        "name": "OPSM Collins Place",
        "status": "Active",
        "state": "VIC",
        "suburb": "Melbourne",
        "postcode": "3000",
        "full_address": "45 Collins St, Melbourne, VIC, 3000",
        "phone": "(03) 9650 3599",
        "official_url": "https://www.opsm.com.au/en/opsm-au/find-store",
        "services": "Collect & Return",
        "audiology": "false",
        "venue_name": "",
        "venue_id": "",
        "location_type": "Main Street / Street-front",
        "classification_confidence": "Medium",
        "classification_basis": "Official address is a numbered or corner street address without centre evidence",
        "store_area_sqm": "",
        "area_measure": "",
        "area_source": "",
        "area_date": "",
        "area_confidence": "Unknown",
        "source_url": "https://www.opsm.com.au/en/opsm-au/find-store",
        "fetched_at": "2026-07-23T00:26:21+00:00"
      }
    },
    {
      "type": "Feature",
      "geometry": {
        "type": "Point",
        "coordinates": [
          144.96337,
          -37.81137
        ]
      },
      "properties": {
        "retailer": "OPSM",
        "store_id": "opsm-1091",
        "name": "OPSM Melbourne Central",
        "status": "Active",
        "state": "VIC",
        "suburb": "Melbourne",
        "postcode": "3000",
        "full_address": "211 La Trobe St, Melbourne, VIC, 3000",
        "phone": "(03) 9650 2365",
        "official_url": "https://www.opsm.com.au/en/opsm-au/find-store",
        "services": "Collect & Return",
        "audiology": "false",
        "venue_name": "",
        "venue_id": "",
        "location_type": "Main Street / Street-front",
        "classification_confidence": "Medium",
        "classification_basis": "Official address is a numbered or corner street address without centre evidence",
        "store_area_sqm": "",
        "area_measure": "",
        "area_source": "",
        "area_date": "",
        "area_confidence": "Unknown",
        "source_url": "https://www.opsm.com.au/en/opsm-au/find-store",
        "fetched_at": "2026-07-23T00:26:21+00:00"
      }
    },
    {
      "type": "Feature",
      "geometry": {
        "type": "Point",
        "coordinates": [
          144.95848,
          -37.817635
        ]
      },
      "properties": {
        "retailer": "Specsavers",
        "store_id": "specsavers-3548",
        "name": "Melbourne CBD - Collins St",
        "status": "Active",
        "state": "VIC",
        "suburb": "Melbourne",
        "postcode": "3000",
        "full_address": "01/470 Collins Street, Melbourne, VIC, 3000",
        "phone": "(03) 9620 4944",
        "official_url": "https://www.specsavers.com.au/stores/melbournecbdwest",
        "services": "Optometry",
        "audiology": "false",
        "venue_name": "",
        "venue_id": "",
        "location_type": "Main Street / Street-front",
        "classification_confidence": "Medium",
        "classification_basis": "Official address is a numbered or corner street address without centre evidence",
        "store_area_sqm": "",
        "area_measure": "",
        "area_source": "",
        "area_date": "",
        "area_confidence": "Unknown",
        "source_url": "https://www.specsavers.com.au/stores/melbournecbdwest",
        "fetched_at": "2026-07-23T00:53:33.174Z"
      }
    },
    {
      "type": "Feature",
      "geometry": {
        "type": "Point",
        "coordinates": [
          144.96434,
          -37.815075
        ]
      },
      "properties": {
        "retailer": "Specsavers",
        "store_id": "specsavers-3241",
        "name": "Melbourne CBD - Lt Collins St",
        "status": "Active",
        "state": "VIC",
        "suburb": "Melbourne",
        "postcode": "3000",
        "full_address": "309 Little Collins St, Melbourne, VIC, 3000",
        "phone": "(03) 9654 7288",
        "official_url": "https://www.specsavers.com.au/stores/littlecollins",
        "services": "Optometry",
        "audiology": "false",
        "venue_name": "",
        "venue_id": "",
        "location_type": "Main Street / Street-front",
        "classification_confidence": "Medium",
        "classification_basis": "Official address is a numbered or corner street address without centre evidence",
        "store_area_sqm": "",
        "area_measure": "",
        "area_source": "",
        "area_date": "",
        "area_confidence": "Unknown",
        "source_url": "https://www.specsavers.com.au/stores/littlecollins",
        "fetched_at": "2026-07-23T00:53:33.174Z"
      }
    },
    {
      "type": "Feature",
      "geometry": {
        "type": "Point",
        "coordinates": [
          144.96353,
          -37.81137
        ]
      },
      "properties": {
        "retailer": "Specsavers",
        "store_id": "specsavers-3397",
        "name": "Melbourne Central S/C - CBD",
        "status": "Active",
        "state": "VIC",
        "suburb": "Melbourne",
        "postcode": "3000",
        "full_address": "LG 51/211 La Trobe Street, Melbourne Central Shopping Centre, Melbourne, VIC, 3000",
        "phone": "(03) 9639 8277",
        "official_url": "https://www.specsavers.com.au/stores/melbournecentral",
        "services": "Optometry",
        "audiology": "false",
        "venue_name": "Melbourne Central Shopping Centre",
        "venue_id": "vic-central-melbourne",
        "location_type": "Shopping Centre",
        "classification_confidence": "High",
        "classification_basis": "Official name/address contains shopping-centre evidence",
        "store_area_sqm": "",
        "area_measure": "",
        "area_source": "",
        "area_date": "",
        "area_confidence": "Unknown",
        "source_url": "https://www.specsavers.com.au/stores/melbournecentral",
        "fetched_at": "2026-07-23T00:53:33.174Z"
      }
    },
    {
      "type": "Feature",
      "geometry": {
        "type": "Point",
        "coordinates": [
          144.56483,
          -37.68577
        ]
      },
      "properties": {
        "retailer": "OPSM",
        "store_id": "opsm-2352",
        "name": "OPSM MELTON",
        "status": "Active",
        "state": "VIC",
        "suburb": "Melton",
        "postcode": "3337",
        "full_address": "Cnr High & Coburn Rd, Melton, VIC, 3337",
        "phone": "(03) 9743 4768",
        "official_url": "https://www.opsm.com.au/en/opsm-au/find-store",
        "services": "Collect & Return",
        "audiology": "false",
        "venue_name": "",
        "venue_id": "",
        "location_type": "Main Street / Street-front",
        "classification_confidence": "Medium",
        "classification_basis": "Official address is a numbered or corner street address without centre evidence",
        "store_area_sqm": "",
        "area_measure": "",
        "area_source": "",
        "area_date": "",
        "area_confidence": "Unknown",
        "source_url": "https://www.opsm.com.au/en/opsm-au/find-store",
        "fetched_at": "2026-07-23T00:26:21+00:00"
      }
    },
    {
      "type": "Feature",
      "geometry": {
        "type": "Point",
        "coordinates": [
          144.56425,
          -37.685802
        ]
      },
      "properties": {
        "retailer": "Specsavers",
        "store_id": "specsavers-3463",
        "name": "Melton - Woodgrove S/C",
        "status": "Active",
        "state": "VIC",
        "suburb": "Melton",
        "postcode": "3337",
        "full_address": "Woodgrove Shopping Centre, Shop T56/57, Melton, VIC, 3337",
        "phone": "(03) 8746 2755",
        "official_url": "https://www.specsavers.com.au/stores/melton",
        "services": "Optometry; Audiology",
        "audiology": "true",
        "venue_name": "Woodgrove Shopping Centre",
        "venue_id": "vic-woodgrove",
        "location_type": "Shopping Centre",
        "classification_confidence": "High",
        "classification_basis": "Official name/address contains shopping-centre evidence",
        "store_area_sqm": "",
        "area_measure": "",
        "area_source": "",
        "area_date": "",
        "area_confidence": "Unknown",
        "source_url": "https://www.specsavers.com.au/stores/melton",
        "fetched_at": "2026-07-23T00:53:33.174Z"
      }
    },
    {
      "type": "Feature",
      "geometry": {
        "type": "Point",
        "coordinates": [
          142.13908,
          -34.207344
        ]
      },
      "properties": {
        "retailer": "Specsavers",
        "store_id": "specsavers-3508",
        "name": "Mildura Central",
        "status": "Active",
        "state": "VIC",
        "suburb": "Mildura",
        "postcode": "3500",
        "full_address": "Mildura Central, Cnr 15th Street & Deakin Avenue, Mildura, VIC, 3500",
        "phone": "(03) 5021 4913",
        "official_url": "https://www.specsavers.com.au/stores/mildura",
        "services": "Optometry; Audiology",
        "audiology": "true",
        "venue_name": "",
        "venue_id": "",
        "location_type": "Main Street / Street-front",
        "classification_confidence": "Medium",
        "classification_basis": "Official address is a numbered or corner street address without centre evidence",
        "store_area_sqm": "",
        "area_measure": "",
        "area_source": "",
        "area_date": "",
        "area_confidence": "Unknown",
        "source_url": "https://www.specsavers.com.au/stores/mildura",
        "fetched_at": "2026-07-23T00:53:33.174Z"
      }
    },
    {
      "type": "Feature",
      "geometry": {
        "type": "Point",
        "coordinates": [
          145.07333,
          -37.65169
        ]
      },
      "properties": {
        "retailer": "OPSM",
        "store_id": "opsm-1506",
        "name": "OPSM Plenty Valley",
        "status": "Active",
        "state": "VIC",
        "suburb": "Mill Park",
        "postcode": "3082",
        "full_address": "415 Mcdonalds Rd, Mill Park, VIC, 3082",
        "phone": "(03) 9436 7688",
        "official_url": "https://www.opsm.com.au/en/opsm-au/find-store",
        "services": "Collect & Return",
        "audiology": "false",
        "venue_name": "",
        "venue_id": "",
        "location_type": "Main Street / Street-front",
        "classification_confidence": "Medium",
        "classification_basis": "Official address is a numbered or corner street address without centre evidence",
        "store_area_sqm": "",
        "area_measure": "",
        "area_source": "",
        "area_date": "",
        "area_confidence": "Unknown",
        "source_url": "https://www.opsm.com.au/en/opsm-au/find-store",
        "fetched_at": "2026-07-23T00:26:21+00:00"
      }
    },
    {
      "type": "Feature",
      "geometry": {
        "type": "Point",
        "coordinates": [
          145.07199,
          -37.65142
        ]
      },
      "properties": {
        "retailer": "Specsavers",
        "store_id": "specsavers-3264",
        "name": "Plenty Valley Westfield",
        "status": "Active",
        "state": "VIC",
        "suburb": "Mill Park",
        "postcode": "3082",
        "full_address": "Shop 14-15 Westfield Plenty Valley, 415 McDonalds Road, Mill Park, VIC, 3082",
        "phone": "(03) 9437 7644",
        "official_url": "https://www.specsavers.com.au/stores/millpark",
        "services": "Optometry; Audiology",
        "audiology": "true",
        "venue_name": "Plenty Valley Westfield",
        "venue_id": "vic-plenty-valley-westfield",
        "location_type": "Shopping Centre",
        "classification_confidence": "High",
        "classification_basis": "Official name/address contains shopping-centre evidence",
        "store_area_sqm": "",
        "area_measure": "",
        "area_source": "",
        "area_date": "",
        "area_confidence": "Unknown",
        "source_url": "https://www.specsavers.com.au/stores/millpark",
        "fetched_at": "2026-07-23T00:53:33.174Z"
      }
    },
    {
      "type": "Feature",
      "geometry": {
        "type": "Point",
        "coordinates": [
          144.9234451,
          -37.7668114
        ]
      },
      "properties": {
        "retailer": "Bailey Nelson",
        "store_id": "bailey-nelson-moonee-ponds",
        "name": "Bailey Nelson Moonee Ponds",
        "status": "Active",
        "state": "VIC",
        "suburb": "Moonee Ponds",
        "postcode": "3039",
        "full_address": "38 Puckle Street, Moonee Ponds, VIC, 3039",
        "phone": "",
        "official_url": "https://baileynelson.com.au/pages/optometrist-moonee-ponds",
        "services": "Optometry Services; Bulk-Billed Eye Tests; Private Eye Tests from $65; Contact Lens Eye Tests; Visual Fields Testing; Ultra-wide retinal imaging; Optical & Sunglass styling; Free frame adjustments",
        "audiology": "false",
        "venue_name": "",
        "venue_id": "",
        "location_type": "Main Street / Street-front",
        "classification_confidence": "Medium",
        "classification_basis": "Official address is a numbered or corner street address without centre evidence",
        "store_area_sqm": "",
        "area_measure": "",
        "area_source": "",
        "area_date": "",
        "area_confidence": "Unknown",
        "source_url": "https://baileynelson.com.au/pages/optometrist-moonee-ponds",
        "fetched_at": "2026-07-23T01:01:27+00:00"
      }
    },
    {
      "type": "Feature",
      "geometry": {
        "type": "Point",
        "coordinates": [
          144.92092,
          -37.76675
        ]
      },
      "properties": {
        "retailer": "OPSM",
        "store_id": "opsm-7081",
        "name": "OPSM Moonee Ponds",
        "status": "Active",
        "state": "VIC",
        "suburb": "Moonee Ponds",
        "postcode": "3039",
        "full_address": "114 Puckle St, Moonee Ponds, VIC, 3039",
        "phone": "(03) 9370 4407",
        "official_url": "https://www.opsm.com.au/en/opsm-au/find-store",
        "services": "Dry Eye",
        "audiology": "false",
        "venue_name": "",
        "venue_id": "",
        "location_type": "Main Street / Street-front",
        "classification_confidence": "Medium",
        "classification_basis": "Official address is a numbered or corner street address without centre evidence",
        "store_area_sqm": "",
        "area_measure": "",
        "area_source": "",
        "area_date": "",
        "area_confidence": "Unknown",
        "source_url": "https://www.opsm.com.au/en/opsm-au/find-store",
        "fetched_at": "2026-07-23T00:26:21+00:00"
      }
    },
    {
      "type": "Feature",
      "geometry": {
        "type": "Point",
        "coordinates": [
          144.92288,
          -37.76559
        ]
      },
      "properties": {
        "retailer": "Specsavers",
        "store_id": "specsavers-3522",
        "name": "Moonee Ponds",
        "status": "Active",
        "state": "VIC",
        "suburb": "Moonee Ponds",
        "postcode": "3039",
        "full_address": "T60-61 Moonee Ponds Central, 14-16 Hall st, Moonee Ponds, VIC, 3039",
        "phone": "(03) 9326 2727",
        "official_url": "https://www.specsavers.com.au/stores/mooneeponds",
        "services": "Optometry; Audiology",
        "audiology": "true",
        "venue_name": "",
        "venue_id": "",
        "location_type": "Main Street / Street-front",
        "classification_confidence": "Medium",
        "classification_basis": "Official address is a numbered or corner street address without centre evidence",
        "store_area_sqm": "",
        "area_measure": "",
        "area_source": "",
        "area_date": "",
        "area_confidence": "Unknown",
        "source_url": "https://www.specsavers.com.au/stores/mooneeponds",
        "fetched_at": "2026-07-23T00:53:33.174Z"
      }
    },
    {
      "type": "Feature",
      "geometry": {
        "type": "Point",
        "coordinates": [
          145.03952,
          -38.21891
        ]
      },
      "properties": {
        "retailer": "OPSM",
        "store_id": "opsm-1148",
        "name": "OPSM Mornington",
        "status": "Active",
        "state": "VIC",
        "suburb": "Mornington",
        "postcode": "3931",
        "full_address": "78 Barkly St, Mornington, VIC, 3931",
        "phone": "(03) 5975 6576",
        "official_url": "https://www.opsm.com.au/en/opsm-au/find-store",
        "services": "Dry Eye, Collect & Return",
        "audiology": "false",
        "venue_name": "",
        "venue_id": "",
        "location_type": "Main Street / Street-front",
        "classification_confidence": "Medium",
        "classification_basis": "Official address is a numbered or corner street address without centre evidence",
        "store_area_sqm": "",
        "area_measure": "",
        "area_source": "",
        "area_date": "",
        "area_confidence": "Unknown",
        "source_url": "https://www.opsm.com.au/en/opsm-au/find-store",
        "fetched_at": "2026-07-23T00:26:21+00:00"
      }
    },
    {
      "type": "Feature",
      "geometry": {
        "type": "Point",
        "coordinates": [
          145.03888,
          -38.219463
        ]
      },
      "properties": {
        "retailer": "Specsavers",
        "store_id": "specsavers-3222",
        "name": "Mornington",
        "status": "Active",
        "state": "VIC",
        "suburb": "Mornington",
        "postcode": "3931",
        "full_address": "106 Main St, Mornington, VIC, 3931",
        "phone": "(03) 5975 5689",
        "official_url": "https://www.specsavers.com.au/stores/mornington",
        "services": "Optometry; Audiology",
        "audiology": "true",
        "venue_name": "",
        "venue_id": "",
        "location_type": "Main Street / Street-front",
        "classification_confidence": "Medium",
        "classification_basis": "Official address is a numbered or corner street address without centre evidence",
        "store_area_sqm": "",
        "area_measure": "",
        "area_source": "",
        "area_date": "",
        "area_confidence": "Unknown",
        "source_url": "https://www.specsavers.com.au/stores/mornington",
        "fetched_at": "2026-07-23T00:53:33.174Z"
      }
    },
    {
      "type": "Feature",
      "geometry": {
        "type": "Point",
        "coordinates": [
          146.42936,
          -38.23713
        ]
      },
      "properties": {
        "retailer": "OPSM",
        "store_id": "opsm-1145",
        "name": "OPSM Morwell",
        "status": "Active",
        "state": "VIC",
        "suburb": "Morwell",
        "postcode": "3840",
        "full_address": "Cnr Centre Valley Rd & Princes Dr, Morwell, VIC, 3840",
        "phone": "(03) 5134 1284",
        "official_url": "https://www.opsm.com.au/en/opsm-au/find-store",
        "services": "Collect & Return",
        "audiology": "false",
        "venue_name": "Cnr Centre Valley Rd & Princes Dr",
        "venue_id": "vic-and-cnr-dr-princes-rd-valley",
        "location_type": "Shopping Centre",
        "classification_confidence": "High",
        "classification_basis": "Official name/address contains shopping-centre evidence",
        "store_area_sqm": "",
        "area_measure": "",
        "area_source": "",
        "area_date": "",
        "area_confidence": "Unknown",
        "source_url": "https://www.opsm.com.au/en/opsm-au/find-store",
        "fetched_at": "2026-07-23T00:26:21+00:00"
      }
    },
    {
      "type": "Feature",
      "geometry": {
        "type": "Point",
        "coordinates": [
          146.43002,
          -38.236794
        ]
      },
      "properties": {
        "retailer": "Specsavers",
        "store_id": "specsavers-3639",
        "name": "Morwell",
        "status": "Active",
        "state": "VIC",
        "suburb": "Morwell",
        "postcode": "3840",
        "full_address": "Tenancy 11, Mid Valley Shopping Centre, Corner Centre Valley Road &, Princes Dr, Morwell, VIC, 3840",
        "phone": "(03) 4137 8038",
        "official_url": "https://www.specsavers.com.au/stores/morwell",
        "services": "Optometry; Audiology",
        "audiology": "true",
        "venue_name": "Mid Valley Shopping Centre",
        "venue_id": "vic-mid-valley",
        "location_type": "Shopping Centre",
        "classification_confidence": "High",
        "classification_basis": "Official name/address contains shopping-centre evidence",
        "store_area_sqm": "",
        "area_measure": "",
        "area_source": "",
        "area_date": "",
        "area_confidence": "Unknown",
        "source_url": "https://www.specsavers.com.au/stores/morwell",
        "fetched_at": "2026-07-23T00:53:33.174Z"
      }
    },
    {
      "type": "Feature",
      "geometry": {
        "type": "Point",
        "coordinates": [
          145.18944,
          -37.93583
        ]
      },
      "properties": {
        "retailer": "OPSM",
        "store_id": "opsm-1242",
        "name": "OPSM Waverley Gardens",
        "status": "Active",
        "state": "VIC",
        "suburb": "Mulgrave",
        "postcode": "3170",
        "full_address": "Police Rd & Jackson Rd, Mulgrave, VIC, 3170",
        "phone": "(03) 9547 7455",
        "official_url": "https://www.opsm.com.au/en/opsm-au/find-store",
        "services": "Collect & Return",
        "audiology": "false",
        "venue_name": "",
        "venue_id": "",
        "location_type": "Main Street / Street-front",
        "classification_confidence": "Low",
        "classification_basis": "Official address contains street evidence but needs review",
        "store_area_sqm": "",
        "area_measure": "",
        "area_source": "",
        "area_date": "",
        "area_confidence": "Unknown",
        "source_url": "https://www.opsm.com.au/en/opsm-au/find-store",
        "fetched_at": "2026-07-23T00:26:21+00:00"
      }
    },
    {
      "type": "Feature",
      "geometry": {
        "type": "Point",
        "coordinates": [
          145.19008,
          -37.935715
        ]
      },
      "properties": {
        "retailer": "Specsavers",
        "store_id": "specsavers-3279",
        "name": "Mulgrave - Waverley Gardens",
        "status": "Active",
        "state": "VIC",
        "suburb": "Mulgrave",
        "postcode": "3170",
        "full_address": "Shop 52 Waverley Gardens S/C, Cnr Police & Jackson Road, Mulgrave, VIC, 3170",
        "phone": "(03) 9562 3611",
        "official_url": "https://www.specsavers.com.au/stores/mulgrave",
        "services": "Optometry; Audiology",
        "audiology": "true",
        "venue_name": "",
        "venue_id": "",
        "location_type": "Shopping Centre",
        "classification_confidence": "High",
        "classification_basis": "Official name/address contains shopping-centre evidence",
        "store_area_sqm": "",
        "area_measure": "",
        "area_source": "",
        "area_date": "",
        "area_confidence": "Unknown",
        "source_url": "https://www.specsavers.com.au/stores/mulgrave",
        "fetched_at": "2026-07-23T00:53:33.174Z"
      }
    },
    {
      "type": "Feature",
      "geometry": {
        "type": "Point",
        "coordinates": [
          145.30145,
          -38.01753
        ]
      },
      "properties": {
        "retailer": "OPSM",
        "store_id": "opsm-1360",
        "name": "OPSM Fountain Gate Level 1",
        "status": "Active",
        "state": "VIC",
        "suburb": "Narre Warren",
        "postcode": "3805",
        "full_address": "Overland Dr Fountain Gate, Narre Warren, VIC, 3805",
        "phone": "(03) 9704 9344",
        "official_url": "https://www.opsm.com.au/en/opsm-au/find-store",
        "services": "Collect & Return",
        "audiology": "false",
        "venue_name": "",
        "venue_id": "",
        "location_type": "Shopping Centre",
        "classification_confidence": "Medium",
        "classification_basis": "Official address uses a shop/level format; venue name requires review",
        "store_area_sqm": "",
        "area_measure": "",
        "area_source": "",
        "area_date": "",
        "area_confidence": "Unknown",
        "source_url": "https://www.opsm.com.au/en/opsm-au/find-store",
        "fetched_at": "2026-07-23T00:26:21+00:00"
      }
    },
    {
      "type": "Feature",
      "geometry": {
        "type": "Point",
        "coordinates": [
          145.3002,
          -38.067703
        ]
      },
      "properties": {
        "retailer": "Specsavers",
        "store_id": "specsavers-3623",
        "name": "Casey Central",
        "status": "Active",
        "state": "VIC",
        "suburb": "Narre Warren",
        "postcode": "3805",
        "full_address": "Shop 147-148A Casey Central Shopping Centre, 400 Narre Warren Cranbourne Rd, Narre Warren, VIC, 3805",
        "phone": "(03) 9701 7010",
        "official_url": "https://www.specsavers.com.au/stores/caseycentral",
        "services": "Optometry; Audiology",
        "audiology": "true",
        "venue_name": "",
        "venue_id": "",
        "location_type": "Shopping Centre",
        "classification_confidence": "High",
        "classification_basis": "Official name/address contains shopping-centre evidence",
        "store_area_sqm": "",
        "area_measure": "",
        "area_source": "",
        "area_date": "",
        "area_confidence": "Unknown",
        "source_url": "https://www.specsavers.com.au/stores/caseycentral",
        "fetched_at": "2026-07-23T00:53:33.174Z"
      }
    },
    {
      "type": "Feature",
      "geometry": {
        "type": "Point",
        "coordinates": [
          145.30081,
          -38.017136
        ]
      },
      "properties": {
        "retailer": "Specsavers",
        "store_id": "specsavers-3286",
        "name": "Fountain Gate Westfield Lvl 1",
        "status": "Active",
        "state": "VIC",
        "suburb": "Narre Warren",
        "postcode": "3805",
        "full_address": "Shop 1007/352 Princes Highway, Narre Warren, VIC, 3805",
        "phone": "(03) 9704 0286",
        "official_url": "https://www.specsavers.com.au/stores/fountaingate",
        "services": "Optometry; Audiology",
        "audiology": "true",
        "venue_name": "Fountain Gate Westfield Lvl 1",
        "venue_id": "vic-1-fountain-gate-lvl-westfield",
        "location_type": "Shopping Centre",
        "classification_confidence": "High",
        "classification_basis": "Official name/address contains shopping-centre evidence",
        "store_area_sqm": "",
        "area_measure": "",
        "area_source": "",
        "area_date": "",
        "area_confidence": "Unknown",
        "source_url": "https://www.specsavers.com.au/stores/fountaingate",
        "fetched_at": "2026-07-23T00:53:33.174Z"
      }
    },
    {
      "type": "Feature",
      "geometry": {
        "type": "Point",
        "coordinates": [
          145.3027,
          -38.0212
        ]
      },
      "properties": {
        "retailer": "Specsavers",
        "store_id": "specsavers-3507",
        "name": "Fountain Gate Westfield Lvl 2",
        "status": "Active",
        "state": "VIC",
        "suburb": "Narre Warren",
        "postcode": "3805",
        "full_address": "Shop 2091, Level 2, Westfield Fountain Gate, 352 Princes Highway, Narre Warren, VIC, 3805",
        "phone": "(03) 9703 0958",
        "official_url": "https://www.specsavers.com.au/stores/fountaingateeast",
        "services": "Optometry; Audiology",
        "audiology": "true",
        "venue_name": "Fountain Gate Westfield Lvl 2",
        "venue_id": "vic-2-fountain-gate-lvl-westfield",
        "location_type": "Shopping Centre",
        "classification_confidence": "High",
        "classification_basis": "Official name/address contains shopping-centre evidence",
        "store_area_sqm": "",
        "area_measure": "",
        "area_source": "",
        "area_date": "",
        "area_confidence": "Unknown",
        "source_url": "https://www.specsavers.com.au/stores/fountaingateeast",
        "fetched_at": "2026-07-23T00:53:33.174Z"
      }
    },
    {
      "type": "Feature",
      "geometry": {
        "type": "Point",
        "coordinates": [
          144.3450903,
          -38.1565918
        ]
      },
      "properties": {
        "retailer": "Bailey Nelson",
        "store_id": "bailey-nelson-geelong",
        "name": "Bailey Nelson Geelong",
        "status": "Active",
        "state": "VIC",
        "suburb": "Newtown",
        "postcode": "3220",
        "full_address": "331 Pakington St, Newtown, VIC, 3220",
        "phone": "+61 3 5212 9059",
        "official_url": "https://baileynelson.com.au/pages/optometrist-geelong",
        "services": "Optometry Services; Bulk-Billed Eye Tests; Private Eye Tests from $65; Contact Lens Eye Tests; Visual Fields Testing; Ultra-wide retinal imaging; Optical & Sunglass styling; Free frame adjustments",
        "audiology": "false",
        "venue_name": "",
        "venue_id": "",
        "location_type": "Main Street / Street-front",
        "classification_confidence": "Medium",
        "classification_basis": "Official address is a numbered or corner street address without centre evidence",
        "store_area_sqm": "",
        "area_measure": "",
        "area_source": "",
        "area_date": "",
        "area_confidence": "Unknown",
        "source_url": "https://baileynelson.com.au/pages/optometrist-geelong",
        "fetched_at": "2026-07-23T01:01:27+00:00"
      }
    },
    {
      "type": "Feature",
      "geometry": {
        "type": "Point",
        "coordinates": [
          145.15292,
          -37.81132
        ]
      },
      "properties": {
        "retailer": "Specsavers",
        "store_id": "specsavers-3654",
        "name": "Blackburn North",
        "status": "Active",
        "state": "VIC",
        "suburb": "North Blackburn",
        "postcode": "3130",
        "full_address": "Shop T10, Blackburn Square, 66-104 Springfield Road, North Blackburn, VIC, 3130",
        "phone": "(03) 9890 0380",
        "official_url": "https://www.specsavers.com.au/stores/blackburnnorth",
        "services": "Optometry; Audiology",
        "audiology": "true",
        "venue_name": "Blackburn Square",
        "venue_id": "vic-blackburn-square",
        "location_type": "Shopping Centre",
        "classification_confidence": "High",
        "classification_basis": "Official name/address contains shopping-centre evidence",
        "store_area_sqm": "",
        "area_measure": "",
        "area_source": "",
        "area_date": "",
        "area_confidence": "Unknown",
        "source_url": "https://www.specsavers.com.au/stores/blackburnnorth",
        "fetched_at": "2026-07-23T00:53:33.174Z"
      }
    },
    {
      "type": "Feature",
      "geometry": {
        "type": "Point",
        "coordinates": [
          145.00181,
          -37.76857
        ]
      },
      "properties": {
        "retailer": "OPSM",
        "store_id": "opsm-1286",
        "name": "OPSM Northcote",
        "status": "Active",
        "state": "VIC",
        "suburb": "Northcote",
        "postcode": "3070",
        "full_address": "3 Separation St, Northcote, VIC, 3070",
        "phone": "(03) 9481 4700",
        "official_url": "https://www.opsm.com.au/en/opsm-au/find-store",
        "services": "Collect & Return",
        "audiology": "false",
        "venue_name": "",
        "venue_id": "",
        "location_type": "Main Street / Street-front",
        "classification_confidence": "Medium",
        "classification_basis": "Official address is a numbered or corner street address without centre evidence",
        "store_area_sqm": "",
        "area_measure": "",
        "area_source": "",
        "area_date": "",
        "area_confidence": "Unknown",
        "source_url": "https://www.opsm.com.au/en/opsm-au/find-store",
        "fetched_at": "2026-07-23T00:26:21+00:00"
      }
    },
    {
      "type": "Feature",
      "geometry": {
        "type": "Point",
        "coordinates": [
          145.00185,
          -37.768192
        ]
      },
      "properties": {
        "retailer": "Specsavers",
        "store_id": "specsavers-3551",
        "name": "Northcote",
        "status": "Active",
        "state": "VIC",
        "suburb": "Northcote",
        "postcode": "3070",
        "full_address": "Northcote Plaza, Shop 27, Northcote, VIC, 3070",
        "phone": "(03) 9486 5233",
        "official_url": "https://www.specsavers.com.au/stores/northcote",
        "services": "Optometry; Audiology",
        "audiology": "true",
        "venue_name": "Northcote Plaza",
        "venue_id": "vic-northcote-plaza",
        "location_type": "Shopping Centre",
        "classification_confidence": "High",
        "classification_basis": "Official name/address contains shopping-centre evidence",
        "store_area_sqm": "",
        "area_measure": "",
        "area_source": "",
        "area_date": "",
        "area_confidence": "Unknown",
        "source_url": "https://www.specsavers.com.au/stores/northcote",
        "fetched_at": "2026-07-23T00:53:33.174Z"
      }
    },
    {
      "type": "Feature",
      "geometry": {
        "type": "Point",
        "coordinates": [
          145.09058,
          -37.900936
        ]
      },
      "properties": {
        "retailer": "Specsavers",
        "store_id": "specsavers-3601",
        "name": "Oakleigh Central",
        "status": "Active",
        "state": "VIC",
        "suburb": "Oakleigh",
        "postcode": "3166",
        "full_address": "SP020 Oakleigh Central, 39 Hanover Street, Oakleigh, VIC, 3166",
        "phone": "(03) 9115 4620",
        "official_url": "https://www.specsavers.com.au/stores/oakleigh",
        "services": "Optometry; Audiology",
        "audiology": "true",
        "venue_name": "",
        "venue_id": "",
        "location_type": "Main Street / Street-front",
        "classification_confidence": "Medium",
        "classification_basis": "Official address is a numbered or corner street address without centre evidence",
        "store_area_sqm": "",
        "area_measure": "",
        "area_source": "",
        "area_date": "",
        "area_confidence": "Unknown",
        "source_url": "https://www.specsavers.com.au/stores/oakleigh",
        "fetched_at": "2026-07-23T00:53:33.174Z"
      }
    },
    {
      "type": "Feature",
      "geometry": {
        "type": "Point",
        "coordinates": [
          145.4545,
          -38.0641
        ]
      },
      "properties": {
        "retailer": "OPSM",
        "store_id": "opsm-7012",
        "name": "OPSM PAKENHAM",
        "status": "Active",
        "state": "VIC",
        "suburb": "Pakenham",
        "postcode": "3810",
        "full_address": "16-36 Lakeside Boulevarde, Pakenham, VIC, 3810",
        "phone": "(03) 5940 5858",
        "official_url": "https://www.opsm.com.au/en/opsm-au/find-store",
        "services": "",
        "audiology": "false",
        "venue_name": "",
        "venue_id": "",
        "location_type": "Main Street / Street-front",
        "classification_confidence": "Medium",
        "classification_basis": "Official address is a numbered or corner street address without centre evidence",
        "store_area_sqm": "",
        "area_measure": "",
        "area_source": "",
        "area_date": "",
        "area_confidence": "Unknown",
        "source_url": "https://www.opsm.com.au/en/opsm-au/find-store",
        "fetched_at": "2026-07-23T00:26:21+00:00"
      }
    },
    {
      "type": "Feature",
      "geometry": {
        "type": "Point",
        "coordinates": [
          145.48344,
          -38.077503
        ]
      },
      "properties": {
        "retailer": "Specsavers",
        "store_id": "specsavers-3491",
        "name": "Pakenham",
        "status": "Active",
        "state": "VIC",
        "suburb": "Pakenham",
        "postcode": "3810",
        "full_address": "Shop 6, Pakenham Central Marketplace, Cnr Henry St and John Streets, Pakenham, VIC, 3810",
        "phone": "(03) 5941 7425",
        "official_url": "https://www.specsavers.com.au/stores/pakenham",
        "services": "Optometry; Audiology",
        "audiology": "true",
        "venue_name": "Pakenham Central Marketplace",
        "venue_id": "vic-central-marketplace-pakenham",
        "location_type": "Shopping Centre",
        "classification_confidence": "High",
        "classification_basis": "Official name/address contains shopping-centre evidence",
        "store_area_sqm": "",
        "area_measure": "",
        "area_source": "",
        "area_date": "",
        "area_confidence": "Unknown",
        "source_url": "https://www.specsavers.com.au/stores/pakenham",
        "fetched_at": "2026-07-23T00:53:33.174Z"
      }
    },
    {
      "type": "Feature",
      "geometry": {
        "type": "Point",
        "coordinates": [
          144.73463,
          -37.883774
        ]
      },
      "properties": {
        "retailer": "Specsavers",
        "store_id": "specsavers-3571",
        "name": "Point Cook Town Centre",
        "status": "Active",
        "state": "VIC",
        "suburb": "Point Cook",
        "postcode": "3030",
        "full_address": "422A Murnong Street, Point Cook, VIC, 3030",
        "phone": "(03) 8375 2044",
        "official_url": "https://www.specsavers.com.au/stores/point-cook",
        "services": "Optometry; Audiology",
        "audiology": "true",
        "venue_name": "Point Cook Town Centre",
        "venue_id": "vic-cook-point-town",
        "location_type": "Shopping Centre",
        "classification_confidence": "High",
        "classification_basis": "Official name/address contains shopping-centre evidence",
        "store_area_sqm": "",
        "area_measure": "",
        "area_source": "",
        "area_date": "",
        "area_confidence": "Unknown",
        "source_url": "https://www.specsavers.com.au/stores/point-cook",
        "fetched_at": "2026-07-23T00:53:33.174Z"
      }
    },
    {
      "type": "Feature",
      "geometry": {
        "type": "Point",
        "coordinates": [
          144.99347,
          -37.8473
        ]
      },
      "properties": {
        "retailer": "Specsavers",
        "store_id": "specsavers-3478",
        "name": "Prahran - Pran Central S/C",
        "status": "Active",
        "state": "VIC",
        "suburb": "Prahran",
        "postcode": "3181",
        "full_address": "Pran Central Shopping Centre, 325 Chapel Street, Prahran, VIC, 3181",
        "phone": "(03) 9510 0099",
        "official_url": "https://www.specsavers.com.au/stores/prahran",
        "services": "Optometry; Audiology",
        "audiology": "true",
        "venue_name": "Pran Central Shopping Centre",
        "venue_id": "vic-central-pran",
        "location_type": "Shopping Centre",
        "classification_confidence": "High",
        "classification_basis": "Official name/address contains shopping-centre evidence",
        "store_area_sqm": "",
        "area_measure": "",
        "area_source": "",
        "area_date": "",
        "area_confidence": "Unknown",
        "source_url": "https://www.specsavers.com.au/stores/prahran",
        "fetched_at": "2026-07-23T00:53:33.174Z"
      }
    },
    {
      "type": "Feature",
      "geometry": {
        "type": "Point",
        "coordinates": [
          145.0307983,
          -37.7378097
        ]
      },
      "properties": {
        "retailer": "Bailey Nelson",
        "store_id": "bailey-nelson-northland",
        "name": "Bailey Nelson Northland",
        "status": "Active",
        "state": "VIC",
        "suburb": "Preston",
        "postcode": "3072",
        "full_address": "2-50 Murray Road, Preston, VIC, 3072",
        "phone": "+61399679895",
        "official_url": "https://baileynelson.com.au/pages/optometrist-northland",
        "services": "Optometry Services; Bulk-Billed Eye Tests; Private Eye Tests from $65; Contact Lens Eye Tests; Visual Fields Testing; Ultra-wide retinal imaging; Optical & Sunglass styling; Free frame adjustments",
        "audiology": "false",
        "venue_name": "Northland",
        "venue_id": "vic-northland",
        "location_type": "Shopping Centre",
        "classification_confidence": "High",
        "classification_basis": "Official name/address contains shopping-centre evidence",
        "store_area_sqm": "",
        "area_measure": "",
        "area_source": "",
        "area_date": "",
        "area_confidence": "Unknown",
        "source_url": "https://baileynelson.com.au/pages/optometrist-northland",
        "fetched_at": "2026-07-23T01:01:27+00:00"
      }
    },
    {
      "type": "Feature",
      "geometry": {
        "type": "Point",
        "coordinates": [
          145.0306,
          -37.73919
        ]
      },
      "properties": {
        "retailer": "OPSM",
        "store_id": "opsm-1419",
        "name": "OPSM Northland",
        "status": "Active",
        "state": "VIC",
        "suburb": "Preston",
        "postcode": "3072",
        "full_address": "2 - 50 Murray Rd, Preston, VIC, 3072",
        "phone": "(03) 9471 0057",
        "official_url": "https://www.opsm.com.au/en/opsm-au/find-store",
        "services": "Dry Eye, Collect & Return",
        "audiology": "false",
        "venue_name": "Northland",
        "venue_id": "vic-northland",
        "location_type": "Shopping Centre",
        "classification_confidence": "High",
        "classification_basis": "Official name/address contains shopping-centre evidence",
        "store_area_sqm": "",
        "area_measure": "",
        "area_source": "",
        "area_date": "",
        "area_confidence": "Unknown",
        "source_url": "https://www.opsm.com.au/en/opsm-au/find-store",
        "fetched_at": "2026-07-23T00:26:21+00:00"
      }
    },
    {
      "type": "Feature",
      "geometry": {
        "type": "Point",
        "coordinates": [
          145.03,
          -37.738197
        ]
      },
      "properties": {
        "retailer": "Specsavers",
        "store_id": "specsavers-3306",
        "name": "Preston - Northland S/C",
        "status": "Active",
        "state": "VIC",
        "suburb": "Preston",
        "postcode": "3072",
        "full_address": "Northland Shopping Centre, C015/2 - 50 Murray Road, Preston, VIC, 3072",
        "phone": "(03) 9470 6193",
        "official_url": "https://www.specsavers.com.au/stores/preston",
        "services": "Optometry; Audiology",
        "audiology": "true",
        "venue_name": "Northland Shopping Centre",
        "venue_id": "vic-northland",
        "location_type": "Shopping Centre",
        "classification_confidence": "High",
        "classification_basis": "Official name/address contains shopping-centre evidence",
        "store_area_sqm": "",
        "area_measure": "",
        "area_source": "",
        "area_date": "",
        "area_confidence": "Unknown",
        "source_url": "https://www.specsavers.com.au/stores/preston",
        "fetched_at": "2026-07-23T00:53:33.174Z"
      }
    },
    {
      "type": "Feature",
      "geometry": {
        "type": "Point",
        "coordinates": [
          145.02852,
          -37.724854
        ]
      },
      "properties": {
        "retailer": "Specsavers",
        "store_id": "specsavers-3679",
        "name": "Reservoir",
        "status": "Active",
        "state": "VIC",
        "suburb": "Reservoir",
        "postcode": "3073",
        "full_address": "Shop T19, Summerhill Shopping Centre, 850 Plenty Road, Reservoir, VIC, 3073",
        "phone": "(03) 9459 4408",
        "official_url": "https://www.specsavers.com.au/stores/reservoir",
        "services": "Optometry; Audiology",
        "audiology": "true",
        "venue_name": "Summerhill Shopping Centre",
        "venue_id": "vic-summerhill",
        "location_type": "Shopping Centre",
        "classification_confidence": "High",
        "classification_basis": "Official name/address contains shopping-centre evidence",
        "store_area_sqm": "",
        "area_measure": "",
        "area_source": "",
        "area_date": "",
        "area_confidence": "Unknown",
        "source_url": "https://www.specsavers.com.au/stores/reservoir",
        "fetched_at": "2026-07-23T00:53:33.174Z"
      }
    },
    {
      "type": "Feature",
      "geometry": {
        "type": "Point",
        "coordinates": [
          144.9970926,
          -37.8258213
        ]
      },
      "properties": {
        "retailer": "Bailey Nelson",
        "store_id": "bailey-nelson-richmond",
        "name": "Bailey Nelson Richmond",
        "status": "Active",
        "state": "VIC",
        "suburb": "Richmond",
        "postcode": "3121",
        "full_address": "224 Swan Street, Richmond, VIC, 3121",
        "phone": "+61370327716",
        "official_url": "https://baileynelson.com.au/pages/optometrist-richmond",
        "services": "Optometry Services; Bulk-Billed Eye Tests; Private Eye Tests from $65; Contact Lens Eye Tests; Visual Fields Testing; Ultra-wide retinal imaging; Optical & Sunglass styling; Free frame adjustments",
        "audiology": "false",
        "venue_name": "",
        "venue_id": "",
        "location_type": "Main Street / Street-front",
        "classification_confidence": "Medium",
        "classification_basis": "Official address is a numbered or corner street address without centre evidence",
        "store_area_sqm": "",
        "area_measure": "",
        "area_source": "",
        "area_date": "",
        "area_confidence": "Unknown",
        "source_url": "https://baileynelson.com.au/pages/optometrist-richmond",
        "fetched_at": "2026-07-23T01:01:27+00:00"
      }
    },
    {
      "type": "Feature",
      "geometry": {
        "type": "Point",
        "coordinates": [
          145.01052,
          -37.81248
        ]
      },
      "properties": {
        "retailer": "OPSM",
        "store_id": "opsm-1341",
        "name": "OPSM Victoria Gardens",
        "status": "Active",
        "state": "VIC",
        "suburb": "Richmond",
        "postcode": "3121",
        "full_address": "Cnr Victoria St & Burnley St, Richmond, VIC, 3121",
        "phone": "(03) 9429 4716",
        "official_url": "https://www.opsm.com.au/en/opsm-au/find-store",
        "services": "Collect & Return",
        "audiology": "false",
        "venue_name": "",
        "venue_id": "",
        "location_type": "Main Street / Street-front",
        "classification_confidence": "Medium",
        "classification_basis": "Official address is a numbered or corner street address without centre evidence",
        "store_area_sqm": "",
        "area_measure": "",
        "area_source": "",
        "area_date": "",
        "area_confidence": "Unknown",
        "source_url": "https://www.opsm.com.au/en/opsm-au/find-store",
        "fetched_at": "2026-07-23T00:26:21+00:00"
      }
    },
    {
      "type": "Feature",
      "geometry": {
        "type": "Point",
        "coordinates": [
          145.01129,
          -37.81337
        ]
      },
      "properties": {
        "retailer": "Specsavers",
        "store_id": "specsavers-3448",
        "name": "Richmond Victoria Gardens S/C",
        "status": "Active",
        "state": "VIC",
        "suburb": "Richmond",
        "postcode": "3121",
        "full_address": "Shop SP003, Victoria Gardens Shopping Centre, 620 Victoria Street, Richmond, VIC, 3121",
        "phone": "(03) 9421 2430",
        "official_url": "https://www.specsavers.com.au/stores/victoriagardens",
        "services": "Optometry; Audiology",
        "audiology": "true",
        "venue_name": "Richmond Victoria Gardens Shopping Centre",
        "venue_id": "vic-gardens-richmond-victoria",
        "location_type": "Shopping Centre",
        "classification_confidence": "High",
        "classification_basis": "Official name/address contains shopping-centre evidence",
        "store_area_sqm": "",
        "area_measure": "",
        "area_source": "",
        "area_date": "",
        "area_confidence": "Unknown",
        "source_url": "https://www.specsavers.com.au/stores/victoriagardens",
        "fetched_at": "2026-07-23T00:53:33.174Z"
      }
    },
    {
      "type": "Feature",
      "geometry": {
        "type": "Point",
        "coordinates": [
          145.2295468,
          -37.8139631
        ]
      },
      "properties": {
        "retailer": "Bailey Nelson",
        "store_id": "bailey-nelson-eastland-shopping-centre",
        "name": "Bailey Nelson Eastland - New Location",
        "status": "Active",
        "state": "VIC",
        "suburb": "Ringwood",
        "postcode": "3134",
        "full_address": "171 - 175 Maroondah Highway, Ringwood, VIC, 3134",
        "phone": "+61370327717",
        "official_url": "https://baileynelson.com.au/pages/optometrist-eastland-shopping-centre",
        "services": "Optometry Services; Bulk-Billed Eye Tests; Private Eye Tests from $65; Contact Lens Eye Tests; Visual Fields Testing; Ultra-wide retinal imaging; Optical & Sunglass styling; Free frame adjustments",
        "audiology": "false",
        "venue_name": "Eastland",
        "venue_id": "vic-eastland",
        "location_type": "Shopping Centre",
        "classification_confidence": "High",
        "classification_basis": "Official name/address contains shopping-centre evidence",
        "store_area_sqm": "",
        "area_measure": "",
        "area_source": "",
        "area_date": "",
        "area_confidence": "Unknown",
        "source_url": "https://baileynelson.com.au/pages/optometrist-eastland-shopping-centre",
        "fetched_at": "2026-07-23T01:01:27+00:00"
      }
    },
    {
      "type": "Feature",
      "geometry": {
        "type": "Point",
        "coordinates": [
          145.22815,
          -37.81308
        ]
      },
      "properties": {
        "retailer": "OPSM",
        "store_id": "opsm-1149",
        "name": "OPSM Ringwood",
        "status": "Active",
        "state": "VIC",
        "suburb": "Ringwood",
        "postcode": "3134",
        "full_address": "171 - 175 Maroondah Hwy, Ringwood, VIC, 3134",
        "phone": "(03) 9870 7976",
        "official_url": "https://www.opsm.com.au/en/opsm-au/find-store",
        "services": "Dry Eye, Collect & Return",
        "audiology": "false",
        "venue_name": "",
        "venue_id": "",
        "location_type": "Main Street / Street-front",
        "classification_confidence": "Medium",
        "classification_basis": "Official address is a numbered or corner street address without centre evidence",
        "store_area_sqm": "",
        "area_measure": "",
        "area_source": "",
        "area_date": "",
        "area_confidence": "Unknown",
        "source_url": "https://www.opsm.com.au/en/opsm-au/find-store",
        "fetched_at": "2026-07-23T00:26:21+00:00"
      }
    },
    {
      "type": "Feature",
      "geometry": {
        "type": "Point",
        "coordinates": [
          145.22882,
          -37.812992
        ]
      },
      "properties": {
        "retailer": "Specsavers",
        "store_id": "specsavers-3261",
        "name": "Ringwood - Eastland S/C",
        "status": "Active",
        "state": "VIC",
        "suburb": "Ringwood",
        "postcode": "3134",
        "full_address": "Shop 1089/1090, Eastland Shopping Centre, 171/175 Maroondah Highway, Ringwood, VIC, 3134",
        "phone": "(03) 9870 8666",
        "official_url": "https://www.specsavers.com.au/stores/ringwood",
        "services": "Optometry; Audiology",
        "audiology": "true",
        "venue_name": "Eastland Shopping Centre",
        "venue_id": "vic-eastland",
        "location_type": "Shopping Centre",
        "classification_confidence": "High",
        "classification_basis": "Official name/address contains shopping-centre evidence",
        "store_area_sqm": "",
        "area_measure": "",
        "area_source": "",
        "area_date": "",
        "area_confidence": "Unknown",
        "source_url": "https://www.specsavers.com.au/stores/ringwood",
        "fetched_at": "2026-07-23T00:53:33.174Z"
      }
    },
    {
      "type": "Feature",
      "geometry": {
        "type": "Point",
        "coordinates": [
          144.89134,
          -38.36139
        ]
      },
      "properties": {
        "retailer": "OPSM",
        "store_id": "opsm-2932",
        "name": "OPSM Rosebud",
        "status": "Active",
        "state": "VIC",
        "suburb": "Rosebud",
        "postcode": "3939",
        "full_address": "Boneo Rd & Mccombe St, Rosebud, VIC, 3939",
        "phone": "(03) 8354 6290",
        "official_url": "https://www.opsm.com.au/en/opsm-au/find-store",
        "services": "Collect & Return",
        "audiology": "false",
        "venue_name": "",
        "venue_id": "",
        "location_type": "Main Street / Street-front",
        "classification_confidence": "Low",
        "classification_basis": "Official address contains street evidence but needs review",
        "store_area_sqm": "",
        "area_measure": "",
        "area_source": "",
        "area_date": "",
        "area_confidence": "Unknown",
        "source_url": "https://www.opsm.com.au/en/opsm-au/find-store",
        "fetched_at": "2026-07-23T00:26:21+00:00"
      }
    },
    {
      "type": "Feature",
      "geometry": {
        "type": "Point",
        "coordinates": [
          144.89122,
          -38.361275
        ]
      },
      "properties": {
        "retailer": "Specsavers",
        "store_id": "specsavers-3354",
        "name": "Rosebud Plaza S/C",
        "status": "Active",
        "state": "VIC",
        "suburb": "Rosebud",
        "postcode": "3939",
        "full_address": "22/22A, Rosebud Plaza S/C, Boneo Road, Rosebud, VIC, 3939",
        "phone": "(03) 5981 1044",
        "official_url": "https://www.specsavers.com.au/stores/rosebud",
        "services": "Optometry; Audiology",
        "audiology": "true",
        "venue_name": "Rosebud Plaza Shopping Centre",
        "venue_id": "vic-plaza-rosebud",
        "location_type": "Shopping Centre",
        "classification_confidence": "High",
        "classification_basis": "Official name/address contains shopping-centre evidence",
        "store_area_sqm": "",
        "area_measure": "",
        "area_source": "",
        "area_date": "",
        "area_confidence": "Unknown",
        "source_url": "https://www.specsavers.com.au/stores/rosebud",
        "fetched_at": "2026-07-23T00:53:33.174Z"
      }
    },
    {
      "type": "Feature",
      "geometry": {
        "type": "Point",
        "coordinates": [
          145.23705,
          -37.92073
        ]
      },
      "properties": {
        "retailer": "Specsavers",
        "store_id": "specsavers-3230",
        "name": "Rowville - Stud Park S/C",
        "status": "Active",
        "state": "VIC",
        "suburb": "Rowville",
        "postcode": "3178",
        "full_address": "Shop 37, Stud Park Shopping Center, 1101 Stud Road, Rowville, VIC, 3178",
        "phone": "(03) 9923 7422",
        "official_url": "https://www.specsavers.com.au/stores/rowville",
        "services": "Optometry; Audiology",
        "audiology": "true",
        "venue_name": "Stud Park Shopping Center",
        "venue_id": "vic-park-stud",
        "location_type": "Shopping Centre",
        "classification_confidence": "High",
        "classification_basis": "Official name/address contains shopping-centre evidence",
        "store_area_sqm": "",
        "area_measure": "",
        "area_source": "",
        "area_date": "",
        "area_confidence": "Unknown",
        "source_url": "https://www.specsavers.com.au/stores/rowville",
        "fetched_at": "2026-07-23T00:53:33.174Z"
      }
    },
    {
      "type": "Feature",
      "geometry": {
        "type": "Point",
        "coordinates": [
          147.06624,
          -38.107544
        ]
      },
      "properties": {
        "retailer": "Specsavers",
        "store_id": "specsavers-3251",
        "name": "Sale",
        "status": "Active",
        "state": "VIC",
        "suburb": "Sale",
        "postcode": "3850",
        "full_address": "92 Cunninghame St, Sale, VIC, 3850",
        "phone": "(03) 5144 3881",
        "official_url": "https://www.specsavers.com.au/stores/sale",
        "services": "Optometry; Audiology",
        "audiology": "true",
        "venue_name": "",
        "venue_id": "",
        "location_type": "Main Street / Street-front",
        "classification_confidence": "Medium",
        "classification_basis": "Official address is a numbered or corner street address without centre evidence",
        "store_area_sqm": "",
        "area_measure": "",
        "area_source": "",
        "area_date": "",
        "area_confidence": "Unknown",
        "source_url": "https://www.specsavers.com.au/stores/sale",
        "fetched_at": "2026-07-23T00:53:33.174Z"
      }
    },
    {
      "type": "Feature",
      "geometry": {
        "type": "Point",
        "coordinates": [
          145.40093,
          -36.37933
        ]
      },
      "properties": {
        "retailer": "OPSM",
        "store_id": "opsm-1046",
        "name": "OPSM Shepparton",
        "status": "Active",
        "state": "VIC",
        "suburb": "Shepparton",
        "postcode": "3630",
        "full_address": "178 Maude St, Shepparton, VIC, 3630",
        "phone": "(03) 5821 3861",
        "official_url": "https://www.opsm.com.au/en/opsm-au/find-store",
        "services": "Collect & Return",
        "audiology": "false",
        "venue_name": "",
        "venue_id": "",
        "location_type": "Main Street / Street-front",
        "classification_confidence": "Medium",
        "classification_basis": "Official address is a numbered or corner street address without centre evidence",
        "store_area_sqm": "",
        "area_measure": "",
        "area_source": "",
        "area_date": "",
        "area_confidence": "Unknown",
        "source_url": "https://www.opsm.com.au/en/opsm-au/find-store",
        "fetched_at": "2026-07-23T00:26:21+00:00"
      }
    },
    {
      "type": "Feature",
      "geometry": {
        "type": "Point",
        "coordinates": [
          145.42328,
          -36.38768
        ]
      },
      "properties": {
        "retailer": "Specsavers",
        "store_id": "specsavers-3292",
        "name": "Shepparton Marketplace",
        "status": "Active",
        "state": "VIC",
        "suburb": "Shepparton",
        "postcode": "3630",
        "full_address": "Shepparton Market Place, 110 Benalla Road, Shepparton, VIC, 3630",
        "phone": "(03) 5831 4332",
        "official_url": "https://www.specsavers.com.au/stores/shepparton",
        "services": "Optometry; Audiology",
        "audiology": "true",
        "venue_name": "Shepparton Marketplace",
        "venue_id": "vic-marketplace-shepparton",
        "location_type": "Shopping Centre",
        "classification_confidence": "High",
        "classification_basis": "Official name/address contains shopping-centre evidence",
        "store_area_sqm": "",
        "area_measure": "",
        "area_source": "",
        "area_date": "",
        "area_confidence": "Unknown",
        "source_url": "https://www.specsavers.com.au/stores/shepparton",
        "fetched_at": "2026-07-23T00:53:33.174Z"
      }
    },
    {
      "type": "Feature",
      "geometry": {
        "type": "Point",
        "coordinates": [
          145.40108,
          -36.38111
        ]
      },
      "properties": {
        "retailer": "Specsavers",
        "store_id": "specsavers-3669",
        "name": "Shepparton Maude Street",
        "status": "Active",
        "state": "VIC",
        "suburb": "Shepparton",
        "postcode": "3630",
        "full_address": "Cnr 69 High Street & 237 Maude Street, Shepparton, VIC, 3630",
        "phone": "(03) 5821 0803",
        "official_url": "https://www.specsavers.com.au/stores/shepparton-maude-street",
        "services": "Optometry; Audiology",
        "audiology": "true",
        "venue_name": "",
        "venue_id": "",
        "location_type": "Main Street / Street-front",
        "classification_confidence": "Medium",
        "classification_basis": "Official address is a numbered or corner street address without centre evidence",
        "store_area_sqm": "",
        "area_measure": "",
        "area_source": "",
        "area_date": "",
        "area_confidence": "Unknown",
        "source_url": "https://www.specsavers.com.au/stores/shepparton-maude-street",
        "fetched_at": "2026-07-23T00:53:33.174Z"
      }
    },
    {
      "type": "Feature",
      "geometry": {
        "type": "Point",
        "coordinates": [
          144.96057,
          -37.833576
        ]
      },
      "properties": {
        "retailer": "Specsavers",
        "store_id": "specsavers-3631",
        "name": "South Melbourne",
        "status": "Active",
        "state": "VIC",
        "suburb": "South Melbourne",
        "postcode": "3205",
        "full_address": "300 Clarendon Street, South Melbourne, VIC, 3205",
        "phone": "(03) 9639 9555",
        "official_url": "https://www.specsavers.com.au/stores/southmelbourne",
        "services": "Optometry; Audiology",
        "audiology": "true",
        "venue_name": "",
        "venue_id": "",
        "location_type": "Main Street / Street-front",
        "classification_confidence": "Medium",
        "classification_basis": "Official address is a numbered or corner street address without centre evidence",
        "store_area_sqm": "",
        "area_measure": "",
        "area_source": "",
        "area_date": "",
        "area_confidence": "Unknown",
        "source_url": "https://www.specsavers.com.au/stores/southmelbourne",
        "fetched_at": "2026-07-23T00:53:33.174Z"
      }
    },
    {
      "type": "Feature",
      "geometry": {
        "type": "Point",
        "coordinates": [
          144.994222,
          -37.845319
        ]
      },
      "properties": {
        "retailer": "Bailey Nelson",
        "store_id": "bailey-nelson-chapel-st-melbourne",
        "name": "Bailey Nelson South Yarra",
        "status": "Active",
        "state": "VIC",
        "suburb": "South Yarra",
        "postcode": "3141",
        "full_address": "401 Chapel Street, South Yarra, VIC, 3141",
        "phone": "+61370327712",
        "official_url": "https://baileynelson.com.au/pages/optometrist-chapel-st-melbourne",
        "services": "Optometry Services; Bulk-Billed Eye Tests; Private Eye Tests from $65; Contact Lens Eye Tests; Visual Fields Testing; Ultra-wide retinal imaging; Optical & Sunglass styling; Free frame adjustments",
        "audiology": "false",
        "venue_name": "",
        "venue_id": "",
        "location_type": "Main Street / Street-front",
        "classification_confidence": "Medium",
        "classification_basis": "Official address is a numbered or corner street address without centre evidence",
        "store_area_sqm": "",
        "area_measure": "",
        "area_source": "",
        "area_date": "",
        "area_confidence": "Unknown",
        "source_url": "https://baileynelson.com.au/pages/optometrist-chapel-st-melbourne",
        "fetched_at": "2026-07-23T01:01:27+00:00"
      }
    },
    {
      "type": "Feature",
      "geometry": {
        "type": "Point",
        "coordinates": [
          144.99101,
          -37.83885
        ]
      },
      "properties": {
        "retailer": "OPSM",
        "store_id": "opsm-7077",
        "name": "OPSM South Yarra",
        "status": "Active",
        "state": "VIC",
        "suburb": "South Yarra",
        "postcode": "3141",
        "full_address": "137 Toorak Rd, South Yarra, VIC, 3141",
        "phone": "(03) 9866 4604",
        "official_url": "https://www.opsm.com.au/en/opsm-au/find-store",
        "services": "",
        "audiology": "false",
        "venue_name": "",
        "venue_id": "",
        "location_type": "Main Street / Street-front",
        "classification_confidence": "Medium",
        "classification_basis": "Official address is a numbered or corner street address without centre evidence",
        "store_area_sqm": "",
        "area_measure": "",
        "area_source": "",
        "area_date": "",
        "area_confidence": "Unknown",
        "source_url": "https://www.opsm.com.au/en/opsm-au/find-store",
        "fetched_at": "2026-07-23T00:26:21+00:00"
      }
    },
    {
      "type": "Feature",
      "geometry": {
        "type": "Point",
        "coordinates": [
          144.9793538,
          -37.8684047
        ]
      },
      "properties": {
        "retailer": "Bailey Nelson",
        "store_id": "bailey-nelson-st-kilda",
        "name": "Bailey Nelson St Kilda",
        "status": "Active",
        "state": "VIC",
        "suburb": "St Kilda",
        "postcode": "3182",
        "full_address": "115 Acland Street, St Kilda, VIC, 3182",
        "phone": "+61399625522",
        "official_url": "https://baileynelson.com.au/pages/optometrist-st-kilda",
        "services": "Optometry Services; Bulk-Billed Eye Tests; Private Eye Tests from $65; Contact Lens Eye Tests; Visual Fields Testing; Ultra-wide retinal imaging; Optical & Sunglass styling; Free frame adjustments",
        "audiology": "false",
        "venue_name": "",
        "venue_id": "",
        "location_type": "Main Street / Street-front",
        "classification_confidence": "Medium",
        "classification_basis": "Official address is a numbered or corner street address without centre evidence",
        "store_area_sqm": "",
        "area_measure": "",
        "area_source": "",
        "area_date": "",
        "area_confidence": "Unknown",
        "source_url": "https://baileynelson.com.au/pages/optometrist-st-kilda",
        "fetched_at": "2026-07-23T01:01:27+00:00"
      }
    },
    {
      "type": "Feature",
      "geometry": {
        "type": "Point",
        "coordinates": [
          142.7812,
          -37.056126
        ]
      },
      "properties": {
        "retailer": "Specsavers",
        "store_id": "specsavers-3327",
        "name": "Stawell",
        "status": "Active",
        "state": "VIC",
        "suburb": "Stawell",
        "postcode": "3380",
        "full_address": "120 Main St, Stawell, VIC, 3380",
        "phone": "(03) 5358 4200",
        "official_url": "https://www.specsavers.com.au/stores/stawell",
        "services": "Optometry",
        "audiology": "false",
        "venue_name": "",
        "venue_id": "",
        "location_type": "Main Street / Street-front",
        "classification_confidence": "Medium",
        "classification_basis": "Official address is a numbered or corner street address without centre evidence",
        "store_area_sqm": "",
        "area_measure": "",
        "area_source": "",
        "area_date": "",
        "area_confidence": "Unknown",
        "source_url": "https://www.specsavers.com.au/stores/stawell",
        "fetched_at": "2026-07-23T00:53:33.174Z"
      }
    },
    {
      "type": "Feature",
      "geometry": {
        "type": "Point",
        "coordinates": [
          144.7297,
          -37.5777
        ]
      },
      "properties": {
        "retailer": "OPSM",
        "store_id": "opsm-4710",
        "name": "OPSM Sunbury",
        "status": "Active",
        "state": "VIC",
        "suburb": "Sunbury",
        "postcode": "3429",
        "full_address": "2 Evans Street Sunbury Square Shopping Centre, Sunbury, VIC, 3429",
        "phone": "03 9744 5000",
        "official_url": "https://www.opsm.com.au/en/opsm-au/find-store",
        "services": "",
        "audiology": "false",
        "venue_name": "Evans Street Sunbury Square Shopping Centre",
        "venue_id": "vic-evans-square-street-sunbury",
        "location_type": "Shopping Centre",
        "classification_confidence": "High",
        "classification_basis": "Official name/address contains shopping-centre evidence",
        "store_area_sqm": "",
        "area_measure": "",
        "area_source": "",
        "area_date": "",
        "area_confidence": "Unknown",
        "source_url": "https://www.opsm.com.au/en/opsm-au/find-store",
        "fetched_at": "2026-07-23T00:26:21+00:00"
      }
    },
    {
      "type": "Feature",
      "geometry": {
        "type": "Point",
        "coordinates": [
          144.72847,
          -37.580593
        ]
      },
      "properties": {
        "retailer": "Specsavers",
        "store_id": "specsavers-3242",
        "name": "Sunbury",
        "status": "Active",
        "state": "VIC",
        "suburb": "Sunbury",
        "postcode": "3429",
        "full_address": "4-6/60-80 Evans Street, Sunbury, VIC, 3429",
        "phone": "(03) 9740 6584",
        "official_url": "https://www.specsavers.com.au/stores/sunbury",
        "services": "Optometry; Audiology",
        "audiology": "true",
        "venue_name": "",
        "venue_id": "",
        "location_type": "Main Street / Street-front",
        "classification_confidence": "Medium",
        "classification_basis": "Official address is a numbered or corner street address without centre evidence",
        "store_area_sqm": "",
        "area_measure": "",
        "area_source": "",
        "area_date": "",
        "area_confidence": "Unknown",
        "source_url": "https://www.specsavers.com.au/stores/sunbury",
        "fetched_at": "2026-07-23T00:53:33.174Z"
      }
    },
    {
      "type": "Feature",
      "geometry": {
        "type": "Point",
        "coordinates": [
          144.83138,
          -37.78072
        ]
      },
      "properties": {
        "retailer": "Specsavers",
        "store_id": "specsavers-3536",
        "name": "Sunshine",
        "status": "Active",
        "state": "VIC",
        "suburb": "Sunshine",
        "postcode": "3020",
        "full_address": "Shop SP016 Sunshine Marketplace, 80 Harvester Road, Sunshine, VIC, 3020",
        "phone": "(03) 9311 8998",
        "official_url": "https://www.specsavers.com.au/stores/sunshine",
        "services": "Optometry; Audiology",
        "audiology": "true",
        "venue_name": "",
        "venue_id": "",
        "location_type": "Shopping Centre",
        "classification_confidence": "High",
        "classification_basis": "Official name/address contains shopping-centre evidence",
        "store_area_sqm": "",
        "area_measure": "",
        "area_source": "",
        "area_date": "",
        "area_confidence": "Unknown",
        "source_url": "https://www.specsavers.com.au/stores/sunshine",
        "fetched_at": "2026-07-23T00:53:33.174Z"
      }
    },
    {
      "type": "Feature",
      "geometry": {
        "type": "Point",
        "coordinates": [
          143.55974,
          -35.338898
        ]
      },
      "properties": {
        "retailer": "Specsavers",
        "store_id": "specsavers-3683",
        "name": "Swan Hill",
        "status": "Active",
        "state": "VIC",
        "suburb": "Swan Hill",
        "postcode": "3585",
        "full_address": "147-149 Campbell Street, Swan Hill, VIC, 3585",
        "phone": "(03) 4040 3022",
        "official_url": "https://www.specsavers.com.au/stores/swan-hill",
        "services": "Optometry",
        "audiology": "false",
        "venue_name": "",
        "venue_id": "",
        "location_type": "Main Street / Street-front",
        "classification_confidence": "Medium",
        "classification_basis": "Official address is a numbered or corner street address without centre evidence",
        "store_area_sqm": "",
        "area_measure": "",
        "area_source": "",
        "area_date": "",
        "area_confidence": "Unknown",
        "source_url": "https://www.specsavers.com.au/stores/swan-hill",
        "fetched_at": "2026-07-23T00:53:33.174Z"
      }
    },
    {
      "type": "Feature",
      "geometry": {
        "type": "Point",
        "coordinates": [
          144.77584,
          -37.70003
        ]
      },
      "properties": {
        "retailer": "OPSM",
        "store_id": "opsm-1131",
        "name": "OPSM Sydenham",
        "status": "Active",
        "state": "VIC",
        "suburb": "Sydenham",
        "postcode": "3037",
        "full_address": "Cnr Kings Rd & Melton Hwy, Sydenham, VIC, 3037",
        "phone": "(03) 9390 3400",
        "official_url": "https://www.opsm.com.au/en/opsm-au/find-store",
        "services": "Dry Eye, Collect & Return",
        "audiology": "false",
        "venue_name": "",
        "venue_id": "",
        "location_type": "Main Street / Street-front",
        "classification_confidence": "Medium",
        "classification_basis": "Official address is a numbered or corner street address without centre evidence",
        "store_area_sqm": "",
        "area_measure": "",
        "area_source": "",
        "area_date": "",
        "area_confidence": "Unknown",
        "source_url": "https://www.opsm.com.au/en/opsm-au/find-store",
        "fetched_at": "2026-07-23T00:26:21+00:00"
      }
    },
    {
      "type": "Feature",
      "geometry": {
        "type": "Point",
        "coordinates": [
          144.7045,
          -37.84933
        ]
      },
      "properties": {
        "retailer": "Specsavers",
        "store_id": "specsavers-3268",
        "name": "Wyndham Village S/C",
        "status": "Active",
        "state": "VIC",
        "suburb": "Tarneit",
        "postcode": "3029",
        "full_address": "Shop 42 & 44, Wyndham Village Shopping Centre, 380 Sayers Road, Tarneit, VIC, 3029",
        "phone": "(03) 8742 7811",
        "official_url": "https://www.specsavers.com.au/stores/wyndhamvillage",
        "services": "Optometry; Audiology",
        "audiology": "true",
        "venue_name": "Wyndham Village Shopping Centre",
        "venue_id": "vic-village-wyndham",
        "location_type": "Shopping Centre",
        "classification_confidence": "High",
        "classification_basis": "Official name/address contains shopping-centre evidence",
        "store_area_sqm": "",
        "area_measure": "",
        "area_source": "",
        "area_date": "",
        "area_confidence": "Unknown",
        "source_url": "https://www.specsavers.com.au/stores/wyndhamvillage",
        "fetched_at": "2026-07-23T00:53:33.174Z"
      }
    },
    {
      "type": "Feature",
      "geometry": {
        "type": "Point",
        "coordinates": [
          144.77708,
          -37.699112
        ]
      },
      "properties": {
        "retailer": "Specsavers",
        "store_id": "specsavers-3311",
        "name": "Watergardens Town Centre",
        "status": "Active",
        "state": "VIC",
        "suburb": "Taylors Lakes",
        "postcode": "3038",
        "full_address": "Shop 83 Watergardens Town Centre, 399 Melton Highway, Taylors Lakes, VIC, 3038",
        "phone": "(03) 9390 4638",
        "official_url": "https://www.specsavers.com.au/stores/taylorslakes",
        "services": "Optometry; Audiology",
        "audiology": "true",
        "venue_name": "Watergardens Town Centre",
        "venue_id": "vic-town-watergardens",
        "location_type": "Shopping Centre",
        "classification_confidence": "High",
        "classification_basis": "Official name/address contains shopping-centre evidence",
        "store_area_sqm": "",
        "area_measure": "",
        "area_source": "",
        "area_date": "",
        "area_confidence": "Unknown",
        "source_url": "https://www.specsavers.com.au/stores/taylorslakes",
        "fetched_at": "2026-07-23T00:53:33.174Z"
      }
    },
    {
      "type": "Feature",
      "geometry": {
        "type": "Point",
        "coordinates": [
          144.32417,
          -38.332237
        ]
      },
      "properties": {
        "retailer": "Specsavers",
        "store_id": "specsavers-3661",
        "name": "Torquay",
        "status": "Active",
        "state": "VIC",
        "suburb": "Torquay",
        "postcode": "3228",
        "full_address": "17 Gilbert Street, Torquay, VIC, 3228",
        "phone": "(03) 4224 9020",
        "official_url": "https://www.specsavers.com.au/stores/torquay",
        "services": "Optometry; Audiology",
        "audiology": "true",
        "venue_name": "",
        "venue_id": "",
        "location_type": "Main Street / Street-front",
        "classification_confidence": "Medium",
        "classification_basis": "Official address is a numbered or corner street address without centre evidence",
        "store_area_sqm": "",
        "area_measure": "",
        "area_source": "",
        "area_date": "",
        "area_confidence": "Unknown",
        "source_url": "https://www.specsavers.com.au/stores/torquay",
        "fetched_at": "2026-07-23T00:53:33.174Z"
      }
    },
    {
      "type": "Feature",
      "geometry": {
        "type": "Point",
        "coordinates": [
          146.53867,
          -38.19466
        ]
      },
      "properties": {
        "retailer": "OPSM",
        "store_id": "opsm-1302",
        "name": "OPSM Traralgon",
        "status": "Active",
        "state": "VIC",
        "suburb": "Traralgon",
        "postcode": "3844",
        "full_address": "146-188 Franklin St, Traralgon, VIC, 3844",
        "phone": "(03) 5174 0377",
        "official_url": "https://www.opsm.com.au/en/opsm-au/find-store",
        "services": "Collect & Return",
        "audiology": "false",
        "venue_name": "",
        "venue_id": "",
        "location_type": "Main Street / Street-front",
        "classification_confidence": "Medium",
        "classification_basis": "Official address is a numbered or corner street address without centre evidence",
        "store_area_sqm": "",
        "area_measure": "",
        "area_source": "",
        "area_date": "",
        "area_confidence": "Unknown",
        "source_url": "https://www.opsm.com.au/en/opsm-au/find-store",
        "fetched_at": "2026-07-23T00:26:21+00:00"
      }
    },
    {
      "type": "Feature",
      "geometry": {
        "type": "Point",
        "coordinates": [
          146.53696,
          -38.195805
        ]
      },
      "properties": {
        "retailer": "Specsavers",
        "store_id": "specsavers-3503",
        "name": "Traralgon",
        "status": "Active",
        "state": "VIC",
        "suburb": "Traralgon",
        "postcode": "3844",
        "full_address": "70 Seymour Street, Traralgon, VIC, 3844",
        "phone": "(03) 5174 5700",
        "official_url": "https://www.specsavers.com.au/stores/traralgon",
        "services": "Optometry; Audiology",
        "audiology": "true",
        "venue_name": "",
        "venue_id": "",
        "location_type": "Main Street / Street-front",
        "classification_confidence": "Medium",
        "classification_basis": "Official address is a numbered or corner street address without centre evidence",
        "store_area_sqm": "",
        "area_measure": "",
        "area_source": "",
        "area_date": "",
        "area_confidence": "Unknown",
        "source_url": "https://www.specsavers.com.au/stores/traralgon",
        "fetched_at": "2026-07-23T00:53:33.174Z"
      }
    },
    {
      "type": "Feature",
      "geometry": {
        "type": "Point",
        "coordinates": [
          146.32591,
          -36.35599
        ]
      },
      "properties": {
        "retailer": "OPSM",
        "store_id": "opsm-1040",
        "name": "OPSM Wangaratta",
        "status": "Active",
        "state": "VIC",
        "suburb": "Wangaratta",
        "postcode": "3677",
        "full_address": "34A Murphy St, Wangaratta, VIC, 3677",
        "phone": "(03) 5721 8650",
        "official_url": "https://www.opsm.com.au/en/opsm-au/find-store",
        "services": "Dry Eye, Collect & Return",
        "audiology": "false",
        "venue_name": "",
        "venue_id": "",
        "location_type": "Main Street / Street-front",
        "classification_confidence": "Medium",
        "classification_basis": "Official address is a numbered or corner street address without centre evidence",
        "store_area_sqm": "",
        "area_measure": "",
        "area_source": "",
        "area_date": "",
        "area_confidence": "Unknown",
        "source_url": "https://www.opsm.com.au/en/opsm-au/find-store",
        "fetched_at": "2026-07-23T00:26:21+00:00"
      }
    },
    {
      "type": "Feature",
      "geometry": {
        "type": "Point",
        "coordinates": [
          146.32552,
          -36.354565
        ]
      },
      "properties": {
        "retailer": "Specsavers",
        "store_id": "specsavers-3596",
        "name": "Wangaratta",
        "status": "Active",
        "state": "VIC",
        "suburb": "Wangaratta",
        "postcode": "3677",
        "full_address": "55 Reid Street, Wangaratta, VIC, 3677",
        "phone": "(03) 4700 2190",
        "official_url": "https://www.specsavers.com.au/stores/wangaratta",
        "services": "Optometry; Audiology",
        "audiology": "true",
        "venue_name": "",
        "venue_id": "",
        "location_type": "Main Street / Street-front",
        "classification_confidence": "Medium",
        "classification_basis": "Official address is a numbered or corner street address without centre evidence",
        "store_area_sqm": "",
        "area_measure": "",
        "area_source": "",
        "area_date": "",
        "area_confidence": "Unknown",
        "source_url": "https://www.specsavers.com.au/stores/wangaratta",
        "fetched_at": "2026-07-23T00:53:33.174Z"
      }
    },
    {
      "type": "Feature",
      "geometry": {
        "type": "Point",
        "coordinates": [
          145.23919,
          -37.86895
        ]
      },
      "properties": {
        "retailer": "OPSM",
        "store_id": "opsm-1467",
        "name": "OPSM Knox City",
        "status": "Active",
        "state": "VIC",
        "suburb": "Wantirna",
        "postcode": "3152",
        "full_address": "425 Burwood Hwy, Wantirna, VIC, 3152",
        "phone": "(03) 9887 2944",
        "official_url": "https://www.opsm.com.au/en/opsm-au/find-store",
        "services": "Dry Eye, Collect & Return",
        "audiology": "false",
        "venue_name": "",
        "venue_id": "",
        "location_type": "Main Street / Street-front",
        "classification_confidence": "Medium",
        "classification_basis": "Official address is a numbered or corner street address without centre evidence",
        "store_area_sqm": "",
        "area_measure": "",
        "area_source": "",
        "area_date": "",
        "area_confidence": "Unknown",
        "source_url": "https://www.opsm.com.au/en/opsm-au/find-store",
        "fetched_at": "2026-07-23T00:26:21+00:00"
      }
    },
    {
      "type": "Feature",
      "geometry": {
        "type": "Point",
        "coordinates": [
          145.23854,
          -37.868576
        ]
      },
      "properties": {
        "retailer": "Specsavers",
        "store_id": "specsavers-3263",
        "name": "Knox City S/C",
        "status": "Active",
        "state": "VIC",
        "suburb": "Wantirna South",
        "postcode": "3152",
        "full_address": "Shop 1077, Westfield Knox S/C, Cnr Burwood Highway & Stud Road, Wantirna South, VIC, 3152",
        "phone": "(03) 9887 5230",
        "official_url": "https://www.specsavers.com.au/stores/knox",
        "services": "Optometry; Audiology",
        "audiology": "true",
        "venue_name": "Knox City Shopping Centre",
        "venue_id": "vic-city-knox",
        "location_type": "Shopping Centre",
        "classification_confidence": "High",
        "classification_basis": "Official name/address contains shopping-centre evidence",
        "store_area_sqm": "",
        "area_measure": "",
        "area_source": "",
        "area_date": "",
        "area_confidence": "Unknown",
        "source_url": "https://www.specsavers.com.au/stores/knox",
        "fetched_at": "2026-07-23T00:53:33.174Z"
      }
    },
    {
      "type": "Feature",
      "geometry": {
        "type": "Point",
        "coordinates": [
          145.932,
          -38.161392
        ]
      },
      "properties": {
        "retailer": "Specsavers",
        "store_id": "specsavers-3467",
        "name": "Warragul",
        "status": "Active",
        "state": "VIC",
        "suburb": "Warragul",
        "postcode": "3820",
        "full_address": "2/66 Smith St, Warragul, VIC, 3820",
        "phone": "(03) 5623 3462",
        "official_url": "https://www.specsavers.com.au/stores/warragul",
        "services": "Optometry; Audiology",
        "audiology": "true",
        "venue_name": "",
        "venue_id": "",
        "location_type": "Main Street / Street-front",
        "classification_confidence": "Medium",
        "classification_basis": "Official address is a numbered or corner street address without centre evidence",
        "store_area_sqm": "",
        "area_measure": "",
        "area_source": "",
        "area_date": "",
        "area_confidence": "Unknown",
        "source_url": "https://www.specsavers.com.au/stores/warragul",
        "fetched_at": "2026-07-23T00:53:33.174Z"
      }
    },
    {
      "type": "Feature",
      "geometry": {
        "type": "Point",
        "coordinates": [
          142.48449,
          -38.38224
        ]
      },
      "properties": {
        "retailer": "OPSM",
        "store_id": "opsm-1136",
        "name": "OPSM Warrnambool",
        "status": "Active",
        "state": "VIC",
        "suburb": "Warrnambool",
        "postcode": "3280",
        "full_address": "155 Liebig St, Warrnambool, VIC, 3280",
        "phone": "(03) 5562 3506",
        "official_url": "https://www.opsm.com.au/en/opsm-au/find-store",
        "services": "Collect & Return",
        "audiology": "false",
        "venue_name": "",
        "venue_id": "",
        "location_type": "Main Street / Street-front",
        "classification_confidence": "Medium",
        "classification_basis": "Official address is a numbered or corner street address without centre evidence",
        "store_area_sqm": "",
        "area_measure": "",
        "area_source": "",
        "area_date": "",
        "area_confidence": "Unknown",
        "source_url": "https://www.opsm.com.au/en/opsm-au/find-store",
        "fetched_at": "2026-07-23T00:26:21+00:00"
      }
    },
    {
      "type": "Feature",
      "geometry": {
        "type": "Point",
        "coordinates": [
          142.4842,
          -38.382305
        ]
      },
      "properties": {
        "retailer": "Specsavers",
        "store_id": "specsavers-3297",
        "name": "Warrnambool",
        "status": "Active",
        "state": "VIC",
        "suburb": "Warrnambool",
        "postcode": "3280",
        "full_address": "1/147 Liebig St, Warrnambool, VIC, Warrnambool, VIC, 3280",
        "phone": "(03) 5561 3796",
        "official_url": "https://www.specsavers.com.au/stores/warrnambool",
        "services": "Optometry; Audiology",
        "audiology": "true",
        "venue_name": "",
        "venue_id": "",
        "location_type": "Main Street / Street-front",
        "classification_confidence": "Medium",
        "classification_basis": "Official address is a numbered or corner street address without centre evidence",
        "store_area_sqm": "",
        "area_measure": "",
        "area_source": "",
        "area_date": "",
        "area_confidence": "Unknown",
        "source_url": "https://www.specsavers.com.au/stores/warrnambool",
        "fetched_at": "2026-07-23T00:53:33.174Z"
      }
    },
    {
      "type": "Feature",
      "geometry": {
        "type": "Point",
        "coordinates": [
          144.3194,
          -38.1989
        ]
      },
      "properties": {
        "retailer": "OPSM",
        "store_id": "opsm-7064",
        "name": "OPSM Waurn Ponds",
        "status": "Active",
        "state": "VIC",
        "suburb": "Waurn Ponds",
        "postcode": "3216",
        "full_address": "173- 199 Pioneer Rd, Waurn Ponds, VIC, 3216",
        "phone": "(03) 5243 9288",
        "official_url": "https://www.opsm.com.au/en/opsm-au/find-store",
        "services": "",
        "audiology": "false",
        "venue_name": "",
        "venue_id": "",
        "location_type": "Main Street / Street-front",
        "classification_confidence": "Medium",
        "classification_basis": "Official address is a numbered or corner street address without centre evidence",
        "store_area_sqm": "",
        "area_measure": "",
        "area_source": "",
        "area_date": "",
        "area_confidence": "Unknown",
        "source_url": "https://www.opsm.com.au/en/opsm-au/find-store",
        "fetched_at": "2026-07-23T00:26:21+00:00"
      }
    },
    {
      "type": "Feature",
      "geometry": {
        "type": "Point",
        "coordinates": [
          144.31721,
          -38.199383
        ]
      },
      "properties": {
        "retailer": "Specsavers",
        "store_id": "specsavers-3288",
        "name": "Waurn Ponds S/C",
        "status": "Active",
        "state": "VIC",
        "suburb": "Waurn Ponds",
        "postcode": "3216",
        "full_address": "173 - 199 Pioneer Road, Shop 958 Waurn Ponds Shopping Centre, Waurn Ponds, VIC, 3216",
        "phone": "(03) 5244 0408",
        "official_url": "https://www.specsavers.com.au/stores/waurnponds",
        "services": "Optometry; Audiology",
        "audiology": "true",
        "venue_name": "Waurn Ponds Shopping Centre",
        "venue_id": "vic-ponds-waurn",
        "location_type": "Shopping Centre",
        "classification_confidence": "High",
        "classification_basis": "Official name/address contains shopping-centre evidence",
        "store_area_sqm": "",
        "area_measure": "",
        "area_source": "",
        "area_date": "",
        "area_confidence": "Unknown",
        "source_url": "https://www.specsavers.com.au/stores/waurnponds",
        "fetched_at": "2026-07-23T00:53:33.174Z"
      }
    },
    {
      "type": "Feature",
      "geometry": {
        "type": "Point",
        "coordinates": [
          143.82396,
          -37.53425
        ]
      },
      "properties": {
        "retailer": "OPSM",
        "store_id": "opsm-7014",
        "name": "OPSM Wendouree",
        "status": "Active",
        "state": "VIC",
        "suburb": "Wendouree",
        "postcode": "3355",
        "full_address": "Gillies St, Wendouree, VIC, 3355",
        "phone": "(03) 5338 1831",
        "official_url": "https://www.opsm.com.au/en/opsm-au/find-store",
        "services": "Dry Eye",
        "audiology": "false",
        "venue_name": "",
        "venue_id": "",
        "location_type": "Main Street / Street-front",
        "classification_confidence": "Low",
        "classification_basis": "Official address contains street evidence but needs review",
        "store_area_sqm": "",
        "area_measure": "",
        "area_source": "",
        "area_date": "",
        "area_confidence": "Unknown",
        "source_url": "https://www.opsm.com.au/en/opsm-au/find-store",
        "fetched_at": "2026-07-23T00:26:21+00:00"
      }
    },
    {
      "type": "Feature",
      "geometry": {
        "type": "Point",
        "coordinates": [
          143.82486,
          -37.53536
        ]
      },
      "properties": {
        "retailer": "Specsavers",
        "store_id": "specsavers-3582",
        "name": "Wendouree Stockland",
        "status": "Active",
        "state": "VIC",
        "suburb": "Wendouree",
        "postcode": "3355",
        "full_address": "Shop 75A, Stockland Wendouree Shopping Centre, Norman Street &, Gillies St N, Wendouree, VIC, 3355",
        "phone": "(03) 5339 4955",
        "official_url": "https://www.specsavers.com.au/stores/wendouree",
        "services": "Optometry; Audiology",
        "audiology": "true",
        "venue_name": "Stockland Wendouree Shopping Centre",
        "venue_id": "vic-stockland-wendouree",
        "location_type": "Shopping Centre",
        "classification_confidence": "High",
        "classification_basis": "Official name/address contains shopping-centre evidence",
        "store_area_sqm": "",
        "area_measure": "",
        "area_source": "",
        "area_date": "",
        "area_confidence": "Unknown",
        "source_url": "https://www.specsavers.com.au/stores/wendouree",
        "fetched_at": "2026-07-23T00:53:33.174Z"
      }
    },
    {
      "type": "Feature",
      "geometry": {
        "type": "Point",
        "coordinates": [
          144.68019,
          -37.87533
        ]
      },
      "properties": {
        "retailer": "OPSM",
        "store_id": "opsm-1655",
        "name": "OPSM Werribee Plaza",
        "status": "Active",
        "state": "VIC",
        "suburb": "Werribee",
        "postcode": "3030",
        "full_address": "10 PACIFIC WERRIBEE CNR HEATHS RD &, Werribee, VIC, 3030",
        "phone": "(03) 9749 5000",
        "official_url": "https://www.opsm.com.au/en/opsm-au/find-store",
        "services": "Audiology, Dry Eye, Collect & Return",
        "audiology": "true",
        "venue_name": "Werribee Plaza",
        "venue_id": "vic-plaza-werribee",
        "location_type": "Shopping Centre",
        "classification_confidence": "High",
        "classification_basis": "Official name/address contains shopping-centre evidence",
        "store_area_sqm": "",
        "area_measure": "",
        "area_source": "",
        "area_date": "",
        "area_confidence": "Unknown",
        "source_url": "https://www.opsm.com.au/en/opsm-au/find-store",
        "fetched_at": "2026-07-23T00:26:21+00:00"
      }
    },
    {
      "type": "Feature",
      "geometry": {
        "type": "Point",
        "coordinates": [
          144.67795,
          -37.874714
        ]
      },
      "properties": {
        "retailer": "Specsavers",
        "store_id": "specsavers-3267",
        "name": "Werribee Pacific",
        "status": "Active",
        "state": "VIC",
        "suburb": "Werribee",
        "postcode": "3030",
        "full_address": "Shop 140, Pacific Werribee, Cnr Derrimut & Heaths Rd, Werribee, VIC, 3030",
        "phone": "(03) 8742 1623",
        "official_url": "https://www.specsavers.com.au/stores/werribee",
        "services": "Optometry; Audiology",
        "audiology": "true",
        "venue_name": "",
        "venue_id": "",
        "location_type": "Shopping Centre",
        "classification_confidence": "Medium",
        "classification_basis": "Official address uses a shop/level format; venue name requires review",
        "store_area_sqm": "",
        "area_measure": "",
        "area_source": "",
        "area_date": "",
        "area_confidence": "Unknown",
        "source_url": "https://www.specsavers.com.au/stores/werribee",
        "fetched_at": "2026-07-23T00:53:33.174Z"
      }
    },
    {
      "type": "Feature",
      "geometry": {
        "type": "Point",
        "coordinates": [
          145.16226,
          -37.90538
        ]
      },
      "properties": {
        "retailer": "Specsavers",
        "store_id": "specsavers-3281",
        "name": "Wheelers Hill - Brandon Park",
        "status": "Active",
        "state": "VIC",
        "suburb": "Wheelers Hill",
        "postcode": "3150",
        "full_address": "SP031 Brandon Park Drive, Wheelers Hill, VIC, 3150",
        "phone": "(03) 9562 5311",
        "official_url": "https://www.specsavers.com.au/stores/wheelershill",
        "services": "Optometry; Audiology",
        "audiology": "true",
        "venue_name": "",
        "venue_id": "",
        "location_type": "Main Street / Street-front",
        "classification_confidence": "Low",
        "classification_basis": "Official address contains street evidence but needs review",
        "store_area_sqm": "",
        "area_measure": "",
        "area_source": "",
        "area_date": "",
        "area_confidence": "Unknown",
        "source_url": "https://www.specsavers.com.au/stores/wheelershill",
        "fetched_at": "2026-07-23T00:53:33.174Z"
      }
    },
    {
      "type": "Feature",
      "geometry": {
        "type": "Point",
        "coordinates": [
          145.11831,
          -37.51166
        ]
      },
      "properties": {
        "retailer": "OPSM",
        "store_id": "opsm-1170",
        "name": "OPSM Whittlesea",
        "status": "Active",
        "state": "VIC",
        "suburb": "Whittlesea",
        "postcode": "3757",
        "full_address": "66 Church St, Whittlesea, VIC, 3757",
        "phone": "(03) 9716 3268",
        "official_url": "https://www.opsm.com.au/en/opsm-au/find-store",
        "services": "Collect & Return",
        "audiology": "false",
        "venue_name": "",
        "venue_id": "",
        "location_type": "Main Street / Street-front",
        "classification_confidence": "Medium",
        "classification_basis": "Official address is a numbered or corner street address without centre evidence",
        "store_area_sqm": "",
        "area_measure": "",
        "area_source": "",
        "area_date": "",
        "area_confidence": "Unknown",
        "source_url": "https://www.opsm.com.au/en/opsm-au/find-store",
        "fetched_at": "2026-07-23T00:26:21+00:00"
      }
    },
    {
      "type": "Feature",
      "geometry": {
        "type": "Point",
        "coordinates": [
          144.9012027,
          -37.8591061
        ]
      },
      "properties": {
        "retailer": "Bailey Nelson",
        "store_id": "bailey-nelson-williamstown",
        "name": "Bailey Nelson Williamstown",
        "status": "Active",
        "state": "VIC",
        "suburb": "Williamstown",
        "postcode": "3016",
        "full_address": "7/8-18 Ferguson Street, Williamstown, VIC, 3016",
        "phone": "+61399679891",
        "official_url": "https://baileynelson.com.au/pages/optometrist-williamstown",
        "services": "Optometry Services; Bulk-Billed Eye Tests; Private Eye Tests from $65; Contact Lens Eye Tests; Visual Fields Testing; Ultra-wide retinal imaging; Optical & Sunglass styling; Free frame adjustments",
        "audiology": "false",
        "venue_name": "",
        "venue_id": "",
        "location_type": "Main Street / Street-front",
        "classification_confidence": "Medium",
        "classification_basis": "Official address is a numbered or corner street address without centre evidence",
        "store_area_sqm": "",
        "area_measure": "",
        "area_source": "",
        "area_date": "",
        "area_confidence": "Unknown",
        "source_url": "https://baileynelson.com.au/pages/optometrist-williamstown",
        "fetched_at": "2026-07-23T01:01:27+00:00"
      }
    },
    {
      "type": "Feature",
      "geometry": {
        "type": "Point",
        "coordinates": [
          146.88789,
          -36.12228
        ]
      },
      "properties": {
        "retailer": "OPSM",
        "store_id": "opsm-2267",
        "name": "OPSM WODONGA",
        "status": "Active",
        "state": "VIC",
        "suburb": "Wodonga",
        "postcode": "3690",
        "full_address": "135 High St, Wodonga, VIC, 3690",
        "phone": "(02) 6024 1043",
        "official_url": "https://www.opsm.com.au/en/opsm-au/find-store",
        "services": "Collect & Return",
        "audiology": "false",
        "venue_name": "",
        "venue_id": "",
        "location_type": "Main Street / Street-front",
        "classification_confidence": "Medium",
        "classification_basis": "Official address is a numbered or corner street address without centre evidence",
        "store_area_sqm": "",
        "area_measure": "",
        "area_source": "",
        "area_date": "",
        "area_confidence": "Unknown",
        "source_url": "https://www.opsm.com.au/en/opsm-au/find-store",
        "fetched_at": "2026-07-23T00:26:21+00:00"
      }
    },
    {
      "type": "Feature",
      "geometry": {
        "type": "Point",
        "coordinates": [
          146.88194,
          -36.12107
        ]
      },
      "properties": {
        "retailer": "Specsavers",
        "store_id": "specsavers-3422",
        "name": "Wodonga Plaza",
        "status": "Active",
        "state": "VIC",
        "suburb": "Wodonga",
        "postcode": "3690",
        "full_address": "039/51-57 Elgin Street, Wodonga Plaza, Wodonga, VIC, 3690",
        "phone": "(02) 6024 1267",
        "official_url": "https://www.specsavers.com.au/stores/wodonga",
        "services": "Optometry; Audiology",
        "audiology": "true",
        "venue_name": "Wodonga Plaza",
        "venue_id": "vic-plaza-wodonga",
        "location_type": "Shopping Centre",
        "classification_confidence": "High",
        "classification_basis": "Official name/address contains shopping-centre evidence",
        "store_area_sqm": "",
        "area_measure": "",
        "area_source": "",
        "area_date": "",
        "area_confidence": "Unknown",
        "source_url": "https://www.specsavers.com.au/stores/wodonga",
        "fetched_at": "2026-07-23T00:53:33.174Z"
      }
    },
    {
      "type": "Feature",
      "geometry": {
        "type": "Point",
        "coordinates": [
          145.59015,
          -38.60597
        ]
      },
      "properties": {
        "retailer": "Specsavers",
        "store_id": "specsavers-3609",
        "name": "Wonthaggi",
        "status": "Active",
        "state": "VIC",
        "suburb": "Wonthaggi",
        "postcode": "3995",
        "full_address": "128 Graham St, Wonthaggi, VIC, 3995",
        "phone": "(03) 9115 4629",
        "official_url": "https://www.specsavers.com.au/stores/wonthaggi",
        "services": "Optometry; Audiology",
        "audiology": "true",
        "venue_name": "",
        "venue_id": "",
        "location_type": "Main Street / Street-front",
        "classification_confidence": "Medium",
        "classification_basis": "Official address is a numbered or corner street address without centre evidence",
        "store_area_sqm": "",
        "area_measure": "",
        "area_source": "",
        "area_date": "",
        "area_confidence": "Unknown",
        "source_url": "https://www.specsavers.com.au/stores/wonthaggi",
        "fetched_at": "2026-07-23T00:53:33.174Z"
      }
    },
    {
      "type": "Feature",
      "geometry": {
        "type": "Point",
        "coordinates": [
          117.88369,
          -35.02289
        ]
      },
      "properties": {
        "retailer": "OPSM",
        "store_id": "opsm-1195",
        "name": "OPSM Albany",
        "status": "Active",
        "state": "WA",
        "suburb": "Albany",
        "postcode": "6330",
        "full_address": "238 York St, Albany, WA, 6330",
        "phone": "(08) 9842 3356",
        "official_url": "https://www.opsm.com.au/en/opsm-au/find-store",
        "services": "Collect & Return",
        "audiology": "false",
        "venue_name": "",
        "venue_id": "",
        "location_type": "Main Street / Street-front",
        "classification_confidence": "Medium",
        "classification_basis": "Official address is a numbered or corner street address without centre evidence",
        "store_area_sqm": "",
        "area_measure": "",
        "area_source": "",
        "area_date": "",
        "area_confidence": "Unknown",
        "source_url": "https://www.opsm.com.au/en/opsm-au/find-store",
        "fetched_at": "2026-07-23T00:26:21+00:00"
      }
    },
    {
      "type": "Feature",
      "geometry": {
        "type": "Point",
        "coordinates": [
          117.883705,
          -35.021408
        ]
      },
      "properties": {
        "retailer": "Specsavers",
        "store_id": "specsavers-3577",
        "name": "Albany",
        "status": "Active",
        "state": "WA",
        "suburb": "Albany",
        "postcode": "6330",
        "full_address": "284 York Street, Albany, WA, 6330",
        "phone": "(08) 9841 2377",
        "official_url": "https://www.specsavers.com.au/stores/albany",
        "services": "Optometry; Audiology",
        "audiology": "true",
        "venue_name": "",
        "venue_id": "",
        "location_type": "Main Street / Street-front",
        "classification_confidence": "Medium",
        "classification_basis": "Official address is a numbered or corner street address without centre evidence",
        "store_area_sqm": "",
        "area_measure": "",
        "area_source": "",
        "area_date": "",
        "area_confidence": "Unknown",
        "source_url": "https://www.specsavers.com.au/stores/albany",
        "fetched_at": "2026-07-23T00:53:33.174Z"
      }
    },
    {
      "type": "Feature",
      "geometry": {
        "type": "Point",
        "coordinates": [
          116.01583,
          -32.15302
        ]
      },
      "properties": {
        "retailer": "OPSM",
        "store_id": "opsm-1306",
        "name": "OPSM Armadale",
        "status": "Active",
        "state": "WA",
        "suburb": "Armadale",
        "postcode": "6112",
        "full_address": "Jull St, Armadale, WA, 6112",
        "phone": "(08) 9497 2233",
        "official_url": "https://www.opsm.com.au/en/opsm-au/find-store",
        "services": "Collect & Return",
        "audiology": "false",
        "venue_name": "",
        "venue_id": "",
        "location_type": "Main Street / Street-front",
        "classification_confidence": "Low",
        "classification_basis": "Official address contains street evidence but needs review",
        "store_area_sqm": "",
        "area_measure": "",
        "area_source": "",
        "area_date": "",
        "area_confidence": "Unknown",
        "source_url": "https://www.opsm.com.au/en/opsm-au/find-store",
        "fetched_at": "2026-07-23T00:26:21+00:00"
      }
    },
    {
      "type": "Feature",
      "geometry": {
        "type": "Point",
        "coordinates": [
          116.015,
          -32.152008
        ]
      },
      "properties": {
        "retailer": "Specsavers",
        "store_id": "specsavers-3236",
        "name": "Armadale",
        "status": "Active",
        "state": "WA",
        "suburb": "Armadale",
        "postcode": "6112",
        "full_address": "shop 15/10 Orchard Avenue, Armadale, WA, 6112",
        "phone": "(08) 9399 4222",
        "official_url": "https://www.specsavers.com.au/stores/armadale",
        "services": "Optometry; Audiology",
        "audiology": "true",
        "venue_name": "",
        "venue_id": "",
        "location_type": "Shopping Centre",
        "classification_confidence": "Medium",
        "classification_basis": "Official address uses a shop/level format; venue name requires review",
        "store_area_sqm": "",
        "area_measure": "",
        "area_source": "",
        "area_date": "",
        "area_confidence": "Unknown",
        "source_url": "https://www.specsavers.com.au/stores/armadale",
        "fetched_at": "2026-07-23T00:53:33.174Z"
      }
    },
    {
      "type": "Feature",
      "geometry": {
        "type": "Point",
        "coordinates": [
          115.81486,
          -32.33287
        ]
      },
      "properties": {
        "retailer": "OPSM",
        "store_id": "opsm-1515",
        "name": "OPSM Baldivis",
        "status": "Active",
        "state": "WA",
        "suburb": "Baldivis",
        "postcode": "6171",
        "full_address": "Cnr Safety Bay Rd & Settlers Ave, Baldivis, WA, 6171",
        "phone": "(08) 9523 2333",
        "official_url": "https://www.opsm.com.au/en/opsm-au/find-store",
        "services": "Kids Vision Centre, Collect & Return",
        "audiology": "false",
        "venue_name": "",
        "venue_id": "",
        "location_type": "Main Street / Street-front",
        "classification_confidence": "Medium",
        "classification_basis": "Official address is a numbered or corner street address without centre evidence",
        "store_area_sqm": "",
        "area_measure": "",
        "area_source": "",
        "area_date": "",
        "area_confidence": "Unknown",
        "source_url": "https://www.opsm.com.au/en/opsm-au/find-store",
        "fetched_at": "2026-07-23T00:26:21+00:00"
      }
    },
    {
      "type": "Feature",
      "geometry": {
        "type": "Point",
        "coordinates": [
          115.81641,
          -32.33328
        ]
      },
      "properties": {
        "retailer": "Specsavers",
        "store_id": "specsavers-3555",
        "name": "Baldivis",
        "status": "Active",
        "state": "WA",
        "suburb": "Baldivis",
        "postcode": "6171",
        "full_address": "Shop 54 Stockland Baldivis, Lot 26 Safety Bay Road, Baldivis, WA, 6171",
        "phone": "(08) 9523 2252",
        "official_url": "https://www.specsavers.com.au/stores/baldivis",
        "services": "Optometry; Audiology",
        "audiology": "true",
        "venue_name": "",
        "venue_id": "",
        "location_type": "Shopping Centre",
        "classification_confidence": "Medium",
        "classification_basis": "Official address uses a shop/level format; venue name requires review",
        "store_area_sqm": "",
        "area_measure": "",
        "area_source": "",
        "area_date": "",
        "area_confidence": "Unknown",
        "source_url": "https://www.specsavers.com.au/stores/baldivis",
        "fetched_at": "2026-07-23T00:53:33.174Z"
      }
    },
    {
      "type": "Feature",
      "geometry": {
        "type": "Point",
        "coordinates": [
          115.8356508,
          -32.0338008
        ]
      },
      "properties": {
        "retailer": "Bailey Nelson",
        "store_id": "bailey-nelson-booragoon",
        "name": "Bailey Nelson Booragoon",
        "status": "Active",
        "state": "WA",
        "suburb": "Booragoon",
        "postcode": "6154",
        "full_address": "125 Riseley Street, Booragoon, WA, 6154",
        "phone": "+61861499475",
        "official_url": "https://baileynelson.com.au/pages/optometrist-booragoon",
        "services": "Optometry Services; Bulk-Billed Eye Tests; Private Eye Tests from $65; Contact Lens Eye Tests; Visual Fields Testing; Ultra-wide retinal imaging; Optical & Sunglass styling; Free frame adjustments",
        "audiology": "false",
        "venue_name": "Westfield Booragoon",
        "venue_id": "wa-westfield-booragoon",
        "location_type": "Shopping Centre",
        "classification_confidence": "High",
        "classification_basis": "Reviewed official store name and address",
        "store_area_sqm": "",
        "area_measure": "",
        "area_source": "",
        "area_date": "",
        "area_confidence": "Unknown",
        "source_url": "https://baileynelson.com.au/pages/optometrist-booragoon",
        "fetched_at": "2026-07-23T01:01:27+00:00"
      }
    },
    {
      "type": "Feature",
      "geometry": {
        "type": "Point",
        "coordinates": [
          115.83543,
          -32.034
        ]
      },
      "properties": {
        "retailer": "OPSM",
        "store_id": "opsm-1442",
        "name": "OPSM Garden City Booragoon",
        "status": "Active",
        "state": "WA",
        "suburb": "Booragoon",
        "postcode": "6154",
        "full_address": "125 Riseley St, Booragoon, WA, 6154",
        "phone": "(08) 9364 9577",
        "official_url": "https://www.opsm.com.au/en/opsm-au/find-store",
        "services": "Kids Vision Centre, Collect & Return",
        "audiology": "false",
        "venue_name": "Westfield Booragoon",
        "venue_id": "wa-westfield-booragoon",
        "location_type": "Shopping Centre",
        "classification_confidence": "High",
        "classification_basis": "Reviewed official store name and address",
        "store_area_sqm": "",
        "area_measure": "",
        "area_source": "",
        "area_date": "",
        "area_confidence": "Unknown",
        "source_url": "https://www.opsm.com.au/en/opsm-au/find-store",
        "fetched_at": "2026-07-23T00:26:21+00:00"
      }
    },
    {
      "type": "Feature",
      "geometry": {
        "type": "Point",
        "coordinates": [
          115.83427,
          -32.03357
        ]
      },
      "properties": {
        "retailer": "Specsavers",
        "store_id": "specsavers-3429",
        "name": "Booragoon Westfield",
        "status": "Active",
        "state": "WA",
        "suburb": "Booragoon",
        "postcode": "6154",
        "full_address": "Shop 5B, Westfield Garden City S/C, 125 Riseley Street, Booragoon, WA, 6154",
        "phone": "(08) 9316 3058",
        "official_url": "https://www.specsavers.com.au/stores/booragoon",
        "services": "Optometry",
        "audiology": "false",
        "venue_name": "Westfield Booragoon",
        "venue_id": "wa-westfield-booragoon",
        "location_type": "Shopping Centre",
        "classification_confidence": "High",
        "classification_basis": "Reviewed official store name and address",
        "store_area_sqm": "",
        "area_measure": "",
        "area_source": "",
        "area_date": "",
        "area_confidence": "Unknown",
        "source_url": "https://www.specsavers.com.au/stores/booragoon",
        "fetched_at": "2026-07-23T00:53:33.174Z"
      }
    },
    {
      "type": "Feature",
      "geometry": {
        "type": "Point",
        "coordinates": [
          122.22873,
          -17.95251
        ]
      },
      "properties": {
        "retailer": "OPSM",
        "store_id": "opsm-1027",
        "name": "OPSM Broome",
        "status": "Active",
        "state": "WA",
        "suburb": "Broome",
        "postcode": "6725",
        "full_address": "106 Frederick St, Broome, WA, 6725",
        "phone": "(08) 9192 3444",
        "official_url": "https://www.opsm.com.au/en/opsm-au/find-store",
        "services": "Collect & Return",
        "audiology": "false",
        "venue_name": "",
        "venue_id": "",
        "location_type": "Main Street / Street-front",
        "classification_confidence": "Medium",
        "classification_basis": "Official address is a numbered or corner street address without centre evidence",
        "store_area_sqm": "",
        "area_measure": "",
        "area_source": "",
        "area_date": "",
        "area_confidence": "Unknown",
        "source_url": "https://www.opsm.com.au/en/opsm-au/find-store",
        "fetched_at": "2026-07-23T00:26:21+00:00"
      }
    },
    {
      "type": "Feature",
      "geometry": {
        "type": "Point",
        "coordinates": [
          115.85692,
          -32.06404
        ]
      },
      "properties": {
        "retailer": "OPSM",
        "store_id": "opsm-1516",
        "name": "OPSM Bull Creek",
        "status": "Active",
        "state": "WA",
        "suburb": "Bull Creek",
        "postcode": "6149",
        "full_address": "44 Benningfield Rd, Bull Creek, WA, 6149",
        "phone": "(08) 9310 5775",
        "official_url": "https://www.opsm.com.au/en/opsm-au/find-store",
        "services": "Collect & Return",
        "audiology": "false",
        "venue_name": "",
        "venue_id": "",
        "location_type": "Main Street / Street-front",
        "classification_confidence": "Medium",
        "classification_basis": "Official address is a numbered or corner street address without centre evidence",
        "store_area_sqm": "",
        "area_measure": "",
        "area_source": "",
        "area_date": "",
        "area_confidence": "Unknown",
        "source_url": "https://www.opsm.com.au/en/opsm-au/find-store",
        "fetched_at": "2026-07-23T00:26:21+00:00"
      }
    },
    {
      "type": "Feature",
      "geometry": {
        "type": "Point",
        "coordinates": [
          115.64027,
          -33.32597
        ]
      },
      "properties": {
        "retailer": "OPSM",
        "store_id": "opsm-1382",
        "name": "OPSM Bunbury Centrepoint",
        "status": "Active",
        "state": "WA",
        "suburb": "Bunbury",
        "postcode": "6230",
        "full_address": "Cnr Blair St, Bunbury, WA, 6230",
        "phone": "(08) 9792 5055",
        "official_url": "https://www.opsm.com.au/en/opsm-au/find-store",
        "services": "Collect & Return",
        "audiology": "false",
        "venue_name": "Bunbury Centrepoint",
        "venue_id": "wa-bunbury-centrepoint",
        "location_type": "Shopping Centre",
        "classification_confidence": "High",
        "classification_basis": "Official name/address contains shopping-centre evidence",
        "store_area_sqm": "",
        "area_measure": "",
        "area_source": "",
        "area_date": "",
        "area_confidence": "Unknown",
        "source_url": "https://www.opsm.com.au/en/opsm-au/find-store",
        "fetched_at": "2026-07-23T00:26:21+00:00"
      }
    },
    {
      "type": "Feature",
      "geometry": {
        "type": "Point",
        "coordinates": [
          115.66005,
          -33.33696
        ]
      },
      "properties": {
        "retailer": "OPSM",
        "store_id": "opsm-1283",
        "name": "OPSM Bunbury Forum",
        "status": "Active",
        "state": "WA",
        "suburb": "Bunbury",
        "postcode": "6230",
        "full_address": "Sandridge Rd & Pennant Rd, Bunbury, WA, 6230",
        "phone": "(08) 9721 6809",
        "official_url": "https://www.opsm.com.au/en/opsm-au/find-store",
        "services": "Collect & Return",
        "audiology": "false",
        "venue_name": "",
        "venue_id": "",
        "location_type": "Main Street / Street-front",
        "classification_confidence": "Low",
        "classification_basis": "Official address contains street evidence but needs review",
        "store_area_sqm": "",
        "area_measure": "",
        "area_source": "",
        "area_date": "",
        "area_confidence": "Unknown",
        "source_url": "https://www.opsm.com.au/en/opsm-au/find-store",
        "fetched_at": "2026-07-23T00:26:21+00:00"
      }
    },
    {
      "type": "Feature",
      "geometry": {
        "type": "Point",
        "coordinates": [
          115.64025,
          -33.32612
        ]
      },
      "properties": {
        "retailer": "Specsavers",
        "store_id": "specsavers-3441",
        "name": "Bunbury Centrepoint S/C",
        "status": "Active",
        "state": "WA",
        "suburb": "Bunbury",
        "postcode": "6230",
        "full_address": "Shop 18,19/20, Bunbury Centrepoint S/C, Blair Street, Bunbury, WA, 6230",
        "phone": "(08) 9721 2135",
        "official_url": "https://www.specsavers.com.au/stores/bunbury",
        "services": "Optometry; Audiology",
        "audiology": "true",
        "venue_name": "Bunbury Centrepoint Shopping Centre",
        "venue_id": "wa-bunbury-centrepoint",
        "location_type": "Shopping Centre",
        "classification_confidence": "High",
        "classification_basis": "Official name/address contains shopping-centre evidence",
        "store_area_sqm": "",
        "area_measure": "",
        "area_source": "",
        "area_date": "",
        "area_confidence": "Unknown",
        "source_url": "https://www.specsavers.com.au/stores/bunbury",
        "fetched_at": "2026-07-23T00:53:33.174Z"
      }
    },
    {
      "type": "Feature",
      "geometry": {
        "type": "Point",
        "coordinates": [
          115.34636,
          -33.6508
        ]
      },
      "properties": {
        "retailer": "OPSM",
        "store_id": "opsm-1197",
        "name": "OPSM Busselton",
        "status": "Active",
        "state": "WA",
        "suburb": "Busselton",
        "postcode": "6280",
        "full_address": "64 Prince St, Busselton, WA, 6280",
        "phone": "(08) 9754 4413",
        "official_url": "https://www.opsm.com.au/en/opsm-au/find-store",
        "services": "Collect & Return",
        "audiology": "false",
        "venue_name": "",
        "venue_id": "",
        "location_type": "Main Street / Street-front",
        "classification_confidence": "Medium",
        "classification_basis": "Official address is a numbered or corner street address without centre evidence",
        "store_area_sqm": "",
        "area_measure": "",
        "area_source": "",
        "area_date": "",
        "area_confidence": "Unknown",
        "source_url": "https://www.opsm.com.au/en/opsm-au/find-store",
        "fetched_at": "2026-07-23T00:26:21+00:00"
      }
    },
    {
      "type": "Feature",
      "geometry": {
        "type": "Point",
        "coordinates": [
          115.3429,
          -33.65118
        ]
      },
      "properties": {
        "retailer": "OPSM",
        "store_id": "opsm-4610",
        "name": "OPSM Busselton Central",
        "status": "Active",
        "state": "WA",
        "suburb": "Busselton",
        "postcode": "6280",
        "full_address": "Prince St, Busselton, WA, 6280",
        "phone": "(08) 6149 5427",
        "official_url": "https://www.opsm.com.au/en/opsm-au/find-store",
        "services": "Audiology",
        "audiology": "true",
        "venue_name": "",
        "venue_id": "",
        "location_type": "Main Street / Street-front",
        "classification_confidence": "Low",
        "classification_basis": "Official address contains street evidence but needs review",
        "store_area_sqm": "",
        "area_measure": "",
        "area_source": "",
        "area_date": "",
        "area_confidence": "Unknown",
        "source_url": "https://www.opsm.com.au/en/opsm-au/find-store",
        "fetched_at": "2026-07-23T00:26:21+00:00"
      }
    },
    {
      "type": "Feature",
      "geometry": {
        "type": "Point",
        "coordinates": [
          115.34346,
          -33.651566
        ]
      },
      "properties": {
        "retailer": "Specsavers",
        "store_id": "specsavers-3226",
        "name": "Busselton",
        "status": "Active",
        "state": "WA",
        "suburb": "Busselton",
        "postcode": "6280",
        "full_address": "1/18 Prince St, Busselton, WA, 6280",
        "phone": "(08) 9752 1644",
        "official_url": "https://www.specsavers.com.au/stores/busselton",
        "services": "Optometry; Audiology",
        "audiology": "true",
        "venue_name": "",
        "venue_id": "",
        "location_type": "Main Street / Street-front",
        "classification_confidence": "Medium",
        "classification_basis": "Official address is a numbered or corner street address without centre evidence",
        "store_area_sqm": "",
        "area_measure": "",
        "area_source": "",
        "area_date": "",
        "area_confidence": "Unknown",
        "source_url": "https://www.specsavers.com.au/stores/busselton",
        "fetched_at": "2026-07-23T00:53:33.174Z"
      }
    },
    {
      "type": "Feature",
      "geometry": {
        "type": "Point",
        "coordinates": [
          115.69938,
          -31.636776
        ]
      },
      "properties": {
        "retailer": "Specsavers",
        "store_id": "specsavers-3665",
        "name": "Butler",
        "status": "Active",
        "state": "WA",
        "suburb": "Butler",
        "postcode": "6036",
        "full_address": "T18-19A Butler Central, 150 Butler Boulevard, Butler, WA, 6036",
        "phone": "(08) 9548 9004",
        "official_url": "https://www.specsavers.com.au/stores/butler",
        "services": "Optometry; Audiology",
        "audiology": "true",
        "venue_name": "",
        "venue_id": "",
        "location_type": "Main Street / Street-front",
        "classification_confidence": "Medium",
        "classification_basis": "Official address is a numbered or corner street address without centre evidence",
        "store_area_sqm": "",
        "area_measure": "",
        "area_source": "",
        "area_date": "",
        "area_confidence": "Unknown",
        "source_url": "https://www.specsavers.com.au/stores/butler",
        "fetched_at": "2026-07-23T00:53:33.174Z"
      }
    },
    {
      "type": "Feature",
      "geometry": {
        "type": "Point",
        "coordinates": [
          115.91733,
          -32.08547
        ]
      },
      "properties": {
        "retailer": "OPSM",
        "store_id": "opsm-1395",
        "name": "OPSM Livingston",
        "status": "Active",
        "state": "WA",
        "suburb": "Canning Vale",
        "postcode": "6155",
        "full_address": "Cnr Ranford Rd & Nicholson Rd, Canning Vale, WA, 6155",
        "phone": "(08) 9456 1100",
        "official_url": "https://www.opsm.com.au/en/opsm-au/find-store",
        "services": "Kids Vision Centre, Collect & Return",
        "audiology": "false",
        "venue_name": "",
        "venue_id": "",
        "location_type": "Main Street / Street-front",
        "classification_confidence": "Medium",
        "classification_basis": "Official address is a numbered or corner street address without centre evidence",
        "store_area_sqm": "",
        "area_measure": "",
        "area_source": "",
        "area_date": "",
        "area_confidence": "Unknown",
        "source_url": "https://www.opsm.com.au/en/opsm-au/find-store",
        "fetched_at": "2026-07-23T00:26:21+00:00"
      }
    },
    {
      "type": "Feature",
      "geometry": {
        "type": "Point",
        "coordinates": [
          115.91723,
          -32.08554
        ]
      },
      "properties": {
        "retailer": "Specsavers",
        "store_id": "specsavers-3366",
        "name": "Livingston Marketplace",
        "status": "Active",
        "state": "WA",
        "suburb": "Canning Vale",
        "postcode": "6155",
        "full_address": "Shop 41, Livingston Marketplace S/C, Cnr Ranford & Nicholson Roads, Canning Vale, WA, 6155",
        "phone": "(08) 9456 5560",
        "official_url": "https://www.specsavers.com.au/stores/livingston",
        "services": "Optometry; Audiology",
        "audiology": "true",
        "venue_name": "Livingston Marketplace",
        "venue_id": "wa-livingston-marketplace",
        "location_type": "Shopping Centre",
        "classification_confidence": "High",
        "classification_basis": "Official name/address contains shopping-centre evidence",
        "store_area_sqm": "",
        "area_measure": "",
        "area_source": "",
        "area_date": "",
        "area_confidence": "Unknown",
        "source_url": "https://www.specsavers.com.au/stores/livingston",
        "fetched_at": "2026-07-23T00:53:33.174Z"
      }
    },
    {
      "type": "Feature",
      "geometry": {
        "type": "Point",
        "coordinates": [
          115.9371842,
          -32.0195395
        ]
      },
      "properties": {
        "retailer": "Bailey Nelson",
        "store_id": "bailey-nelson-carousel",
        "name": "Bailey Nelson Carousel",
        "status": "Active",
        "state": "WA",
        "suburb": "Cannington",
        "postcode": "6107",
        "full_address": "1382 Albany Hwy, Cannington, WA, 6107",
        "phone": "+61861499476",
        "official_url": "https://baileynelson.com.au/pages/optometrist-carousel",
        "services": "Optometry Services; Bulk-Billed Eye Tests; Private Eye Tests from $65; Contact Lens Eye Tests; Visual Fields Testing; Ultra-wide retinal imaging; Optical & Sunglass styling; Free frame adjustments",
        "audiology": "false",
        "venue_name": "Carousel",
        "venue_id": "wa-carousel",
        "location_type": "Shopping Centre",
        "classification_confidence": "High",
        "classification_basis": "Official name/address contains shopping-centre evidence",
        "store_area_sqm": "",
        "area_measure": "",
        "area_source": "",
        "area_date": "",
        "area_confidence": "Unknown",
        "source_url": "https://baileynelson.com.au/pages/optometrist-carousel",
        "fetched_at": "2026-07-23T01:01:27+00:00"
      }
    },
    {
      "type": "Feature",
      "geometry": {
        "type": "Point",
        "coordinates": [
          115.93871,
          -32.02018
        ]
      },
      "properties": {
        "retailer": "OPSM",
        "store_id": "opsm-1366",
        "name": "OPSM Carousel",
        "status": "Active",
        "state": "WA",
        "suburb": "Cannington",
        "postcode": "6107",
        "full_address": "1382 Albany Hwy, Cannington, WA, 6107",
        "phone": "(08) 9356 2707",
        "official_url": "https://www.opsm.com.au/en/opsm-au/find-store",
        "services": "Kids Vision Centre, Collect & Return",
        "audiology": "false",
        "venue_name": "Carousel",
        "venue_id": "wa-carousel",
        "location_type": "Shopping Centre",
        "classification_confidence": "High",
        "classification_basis": "Official name/address contains shopping-centre evidence",
        "store_area_sqm": "",
        "area_measure": "",
        "area_source": "",
        "area_date": "",
        "area_confidence": "Unknown",
        "source_url": "https://www.opsm.com.au/en/opsm-au/find-store",
        "fetched_at": "2026-07-23T00:26:21+00:00"
      }
    },
    {
      "type": "Feature",
      "geometry": {
        "type": "Point",
        "coordinates": [
          115.93651,
          -32.018505
        ]
      },
      "properties": {
        "retailer": "Specsavers",
        "store_id": "specsavers-3349",
        "name": "Carousel Westfield",
        "status": "Active",
        "state": "WA",
        "suburb": "Cannington",
        "postcode": "6107",
        "full_address": "Westfield Carousel, Shop 1177, Cannington, WA, 6107",
        "phone": "(08) 9451 6880",
        "official_url": "https://www.specsavers.com.au/stores/carousel",
        "services": "Optometry; Audiology",
        "audiology": "true",
        "venue_name": "Carousel Westfield",
        "venue_id": "wa-carousel-westfield",
        "location_type": "Shopping Centre",
        "classification_confidence": "High",
        "classification_basis": "Official name/address contains shopping-centre evidence",
        "store_area_sqm": "",
        "area_measure": "",
        "area_source": "",
        "area_date": "",
        "area_confidence": "Unknown",
        "source_url": "https://www.specsavers.com.au/stores/carousel",
        "fetched_at": "2026-07-23T00:53:33.174Z"
      }
    },
    {
      "type": "Feature",
      "geometry": {
        "type": "Point",
        "coordinates": [
          115.7795913,
          -31.9822368
        ]
      },
      "properties": {
        "retailer": "Bailey Nelson",
        "store_id": "bailey-nelson-claremont",
        "name": "Bailey Nelson Claremont",
        "status": "Active",
        "state": "WA",
        "suburb": "Claremont",
        "postcode": "6010",
        "full_address": "9 Bayview Terrace, Claremont, WA, 6010",
        "phone": "+61861499477",
        "official_url": "https://baileynelson.com.au/pages/optometrist-claremont",
        "services": "Optometry Services; Bulk-Billed Eye Tests; Private Eye Tests from $65; Contact Lens Eye Tests; Visual Fields Testing; Ultra-wide retinal imaging; Optical & Sunglass styling; Free frame adjustments",
        "audiology": "false",
        "venue_name": "",
        "venue_id": "",
        "location_type": "Main Street / Street-front",
        "classification_confidence": "Medium",
        "classification_basis": "Official address is a numbered or corner street address without centre evidence",
        "store_area_sqm": "",
        "area_measure": "",
        "area_source": "",
        "area_date": "",
        "area_confidence": "Unknown",
        "source_url": "https://baileynelson.com.au/pages/optometrist-claremont",
        "fetched_at": "2026-07-23T01:01:27+00:00"
      }
    },
    {
      "type": "Feature",
      "geometry": {
        "type": "Point",
        "coordinates": [
          115.77959,
          -31.98223
        ]
      },
      "properties": {
        "retailer": "OPSM",
        "store_id": "opsm-1418",
        "name": "OPSM CLAREMONT",
        "status": "Active",
        "state": "WA",
        "suburb": "Claremont",
        "postcode": "6010",
        "full_address": "9 Bayview Terrace, Claremont, WA, 6010",
        "phone": "(08) 9383 3943",
        "official_url": "https://www.opsm.com.au/en/opsm-au/find-store",
        "services": "Kids Vision Centre, Collect & Return",
        "audiology": "false",
        "venue_name": "",
        "venue_id": "",
        "location_type": "Main Street / Street-front",
        "classification_confidence": "Medium",
        "classification_basis": "Official address is a numbered or corner street address without centre evidence",
        "store_area_sqm": "",
        "area_measure": "",
        "area_source": "",
        "area_date": "",
        "area_confidence": "Unknown",
        "source_url": "https://www.opsm.com.au/en/opsm-au/find-store",
        "fetched_at": "2026-07-23T00:26:21+00:00"
      }
    },
    {
      "type": "Feature",
      "geometry": {
        "type": "Point",
        "coordinates": [
          115.71794,
          -31.69123
        ]
      },
      "properties": {
        "retailer": "OPSM",
        "store_id": "opsm-1059",
        "name": "OPSM Ocean Keys",
        "status": "Active",
        "state": "WA",
        "suburb": "Clarkson",
        "postcode": "6030",
        "full_address": "36 Ocean Keys Blvd, Clarkson, WA, 6030",
        "phone": "(08) 9407 9166",
        "official_url": "https://www.opsm.com.au/en/opsm-au/find-store",
        "services": "Collect & Return",
        "audiology": "false",
        "venue_name": "",
        "venue_id": "",
        "location_type": "Unclassified",
        "classification_confidence": "Low",
        "classification_basis": "Insufficient official venue or street evidence",
        "store_area_sqm": "",
        "area_measure": "",
        "area_source": "",
        "area_date": "",
        "area_confidence": "Unknown",
        "source_url": "https://www.opsm.com.au/en/opsm-au/find-store",
        "fetched_at": "2026-07-23T00:26:21+00:00"
      }
    },
    {
      "type": "Feature",
      "geometry": {
        "type": "Point",
        "coordinates": [
          115.71802,
          -31.690157
        ]
      },
      "properties": {
        "retailer": "Specsavers",
        "store_id": "specsavers-3287",
        "name": "Clarkson Ocean Keys S/C",
        "status": "Active",
        "state": "WA",
        "suburb": "Clarkson",
        "postcode": "6030",
        "full_address": "Shop 133, Ocean Keys Shopping Centre, 36 Ocean Keys Boulevard, Clarkson, WA, 6030",
        "phone": "(08) 9407 7023",
        "official_url": "https://www.specsavers.com.au/stores/clarkson",
        "services": "Optometry; Audiology",
        "audiology": "true",
        "venue_name": "Clarkson Ocean Keys Shopping Centre",
        "venue_id": "wa-clarkson-keys-ocean",
        "location_type": "Shopping Centre",
        "classification_confidence": "High",
        "classification_basis": "Official name/address contains shopping-centre evidence",
        "store_area_sqm": "",
        "area_measure": "",
        "area_source": "",
        "area_date": "",
        "area_confidence": "Unknown",
        "source_url": "https://www.specsavers.com.au/stores/clarkson",
        "fetched_at": "2026-07-23T00:53:33.174Z"
      }
    },
    {
      "type": "Feature",
      "geometry": {
        "type": "Point",
        "coordinates": [
          115.93592,
          -31.96409
        ]
      },
      "properties": {
        "retailer": "OPSM",
        "store_id": "opsm-7047",
        "name": "OPSM Belmont Forum",
        "status": "Active",
        "state": "WA",
        "suburb": "Cloverdale",
        "postcode": "6105",
        "full_address": "227 Belmont Ave, Cloverdale, WA, 6105",
        "phone": "(08) 9277 6023",
        "official_url": "https://www.opsm.com.au/en/opsm-au/find-store",
        "services": "",
        "audiology": "false",
        "venue_name": "",
        "venue_id": "",
        "location_type": "Main Street / Street-front",
        "classification_confidence": "Medium",
        "classification_basis": "Official address is a numbered or corner street address without centre evidence",
        "store_area_sqm": "",
        "area_measure": "",
        "area_source": "",
        "area_date": "",
        "area_confidence": "Unknown",
        "source_url": "https://www.opsm.com.au/en/opsm-au/find-store",
        "fetched_at": "2026-07-23T00:26:21+00:00"
      }
    },
    {
      "type": "Feature",
      "geometry": {
        "type": "Point",
        "coordinates": [
          115.93483,
          -31.96519
        ]
      },
      "properties": {
        "retailer": "Specsavers",
        "store_id": "specsavers-3249",
        "name": "Belmont Forum",
        "status": "Active",
        "state": "WA",
        "suburb": "Cloverdale",
        "postcode": "6105",
        "full_address": "Shop 24 Belmont Forum Shopping Centre, 227 Belmont Avenue, Cloverdale, WA, 6105",
        "phone": "(08) 9277 7361",
        "official_url": "https://www.specsavers.com.au/stores/belmontforum",
        "services": "Optometry; Audiology",
        "audiology": "true",
        "venue_name": "",
        "venue_id": "",
        "location_type": "Shopping Centre",
        "classification_confidence": "High",
        "classification_basis": "Official name/address contains shopping-centre evidence",
        "store_area_sqm": "",
        "area_measure": "",
        "area_source": "",
        "area_date": "",
        "area_confidence": "Unknown",
        "source_url": "https://www.specsavers.com.au/stores/belmontforum",
        "fetched_at": "2026-07-23T00:53:33.174Z"
      }
    },
    {
      "type": "Feature",
      "geometry": {
        "type": "Point",
        "coordinates": [
          116.15416,
          -33.35865
        ]
      },
      "properties": {
        "retailer": "OPSM",
        "store_id": "opsm-1561",
        "name": "OPSM Collie",
        "status": "Active",
        "state": "WA",
        "suburb": "Collie",
        "postcode": "6225",
        "full_address": "56-58 Forrest St, Collie, WA, 6225",
        "phone": "(08) 9734 3800",
        "official_url": "https://www.opsm.com.au/en/opsm-au/find-store",
        "services": "Collect & Return",
        "audiology": "false",
        "venue_name": "",
        "venue_id": "",
        "location_type": "Main Street / Street-front",
        "classification_confidence": "Medium",
        "classification_basis": "Official address is a numbered or corner street address without centre evidence",
        "store_area_sqm": "",
        "area_measure": "",
        "area_source": "",
        "area_date": "",
        "area_confidence": "Unknown",
        "source_url": "https://www.opsm.com.au/en/opsm-au/find-store",
        "fetched_at": "2026-07-23T00:26:21+00:00"
      }
    },
    {
      "type": "Feature",
      "geometry": {
        "type": "Point",
        "coordinates": [
          115.76128,
          -31.99783
        ]
      },
      "properties": {
        "retailer": "OPSM",
        "store_id": "opsm-2985",
        "name": "OPSM Cottesloe",
        "status": "Active",
        "state": "WA",
        "suburb": "Cottesloe",
        "postcode": "6011",
        "full_address": "Napoleon St, Cottesloe, WA, 6011",
        "phone": "(08) 6488 0691",
        "official_url": "https://www.opsm.com.au/en/opsm-au/find-store",
        "services": "Collect & Return",
        "audiology": "false",
        "venue_name": "",
        "venue_id": "",
        "location_type": "Main Street / Street-front",
        "classification_confidence": "Low",
        "classification_basis": "Official address contains street evidence but needs review",
        "store_area_sqm": "",
        "area_measure": "",
        "area_source": "",
        "area_date": "",
        "area_confidence": "Unknown",
        "source_url": "https://www.opsm.com.au/en/opsm-au/find-store",
        "fetched_at": "2026-07-23T00:26:21+00:00"
      }
    },
    {
      "type": "Feature",
      "geometry": {
        "type": "Point",
        "coordinates": [
          115.739525,
          -31.741562
        ]
      },
      "properties": {
        "retailer": "Specsavers",
        "store_id": "specsavers-3688",
        "name": "Currambine",
        "status": "Active",
        "state": "WA",
        "suburb": "Currambine",
        "postcode": "6028",
        "full_address": "SP013 Currrambine Central, 1244 Marmion Avenue, Currambine, WA, 6028",
        "phone": "(08) 6300 3333",
        "official_url": "https://www.specsavers.com.au/stores/currambine",
        "services": "Optometry; Audiology",
        "audiology": "true",
        "venue_name": "",
        "venue_id": "",
        "location_type": "Main Street / Street-front",
        "classification_confidence": "Medium",
        "classification_basis": "Official address is a numbered or corner street address without centre evidence",
        "store_area_sqm": "",
        "area_measure": "",
        "area_source": "",
        "area_date": "",
        "area_confidence": "Unknown",
        "source_url": "https://www.specsavers.com.au/stores/currambine",
        "fetched_at": "2026-07-23T00:53:33.174Z"
      }
    },
    {
      "type": "Feature",
      "geometry": {
        "type": "Point",
        "coordinates": [
          115.87183,
          -31.89566
        ]
      },
      "properties": {
        "retailer": "OPSM",
        "store_id": "opsm-1571",
        "name": "OPSM Dianella",
        "status": "Active",
        "state": "WA",
        "suburb": "Dianella",
        "postcode": "6059",
        "full_address": "Cnr Alexander Dr & Grand Promenade, Dianella, WA, 6059",
        "phone": "(08) 9276 4871",
        "official_url": "https://www.opsm.com.au/en/opsm-au/find-store",
        "services": "Collect & Return",
        "audiology": "false",
        "venue_name": "",
        "venue_id": "",
        "location_type": "Unclassified",
        "classification_confidence": "Low",
        "classification_basis": "Insufficient official venue or street evidence",
        "store_area_sqm": "",
        "area_measure": "",
        "area_source": "",
        "area_date": "",
        "area_confidence": "Unknown",
        "source_url": "https://www.opsm.com.au/en/opsm-au/find-store",
        "fetched_at": "2026-07-23T00:26:21+00:00"
      }
    },
    {
      "type": "Feature",
      "geometry": {
        "type": "Point",
        "coordinates": [
          115.71923,
          -33.320248
        ]
      },
      "properties": {
        "retailer": "Specsavers",
        "store_id": "specsavers-3452",
        "name": "Eaton Fair S/C",
        "status": "Active",
        "state": "WA",
        "suburb": "Eaton",
        "postcode": "6232",
        "full_address": "Shop 21, Eaton Fair Shopping Centre, Cnr Eaton & Recreation Drive, Eaton, WA, 6232",
        "phone": "(08) 9725 3542",
        "official_url": "https://www.specsavers.com.au/stores/eaton",
        "services": "Optometry; Audiology",
        "audiology": "true",
        "venue_name": "Eaton Fair Shopping Centre",
        "venue_id": "wa-eaton-fair",
        "location_type": "Shopping Centre",
        "classification_confidence": "High",
        "classification_basis": "Official name/address contains shopping-centre evidence",
        "store_area_sqm": "",
        "area_measure": "",
        "area_source": "",
        "area_date": "",
        "area_confidence": "Unknown",
        "source_url": "https://www.specsavers.com.au/stores/eaton",
        "fetched_at": "2026-07-23T00:53:33.174Z"
      }
    },
    {
      "type": "Feature",
      "geometry": {
        "type": "Point",
        "coordinates": [
          115.97026,
          -31.78222
        ]
      },
      "properties": {
        "retailer": "OPSM",
        "store_id": "opsm-1557",
        "name": "OPSM Ellenbrook",
        "status": "Active",
        "state": "WA",
        "suburb": "Ellenbrook",
        "postcode": "6069",
        "full_address": "Cnr Main St & The Promenade, Ellenbrook, WA, 6069",
        "phone": "(08) 9296 9400",
        "official_url": "https://www.opsm.com.au/en/opsm-au/find-store",
        "services": "Collect & Return",
        "audiology": "false",
        "venue_name": "",
        "venue_id": "",
        "location_type": "Unclassified",
        "classification_confidence": "Low",
        "classification_basis": "Insufficient official venue or street evidence",
        "store_area_sqm": "",
        "area_measure": "",
        "area_source": "",
        "area_date": "",
        "area_confidence": "Unknown",
        "source_url": "https://www.opsm.com.au/en/opsm-au/find-store",
        "fetched_at": "2026-07-23T00:26:21+00:00"
      }
    },
    {
      "type": "Feature",
      "geometry": {
        "type": "Point",
        "coordinates": [
          115.971245,
          -31.782362
        ]
      },
      "properties": {
        "retailer": "Specsavers",
        "store_id": "specsavers-3486",
        "name": "Ellenbrook Central",
        "status": "Active",
        "state": "WA",
        "suburb": "Ellenbrook",
        "postcode": "6069",
        "full_address": "G-087 Ellenbrook Central, Cnr The Promenade & Pinaster Pde, Ellenbrook, WA, 6069",
        "phone": "(08) 6296 5588",
        "official_url": "https://www.specsavers.com.au/stores/ellenbrook",
        "services": "Optometry; Audiology",
        "audiology": "true",
        "venue_name": "",
        "venue_id": "",
        "location_type": "Unclassified",
        "classification_confidence": "Low",
        "classification_basis": "Insufficient official venue or street evidence",
        "store_area_sqm": "",
        "area_measure": "",
        "area_source": "",
        "area_date": "",
        "area_confidence": "Unknown",
        "source_url": "https://www.specsavers.com.au/stores/ellenbrook",
        "fetched_at": "2026-07-23T00:53:33.174Z"
      }
    },
    {
      "type": "Feature",
      "geometry": {
        "type": "Point",
        "coordinates": [
          121.89086,
          -33.85814
        ]
      },
      "properties": {
        "retailer": "OPSM",
        "store_id": "opsm-1567",
        "name": "OPSM Esperance",
        "status": "Active",
        "state": "WA",
        "suburb": "Esperance",
        "postcode": "6450",
        "full_address": "1 Forrest Rd, Esperance, WA, 6450",
        "phone": "(08) 9071 4586",
        "official_url": "https://www.opsm.com.au/en/opsm-au/find-store",
        "services": "Collect & Return",
        "audiology": "false",
        "venue_name": "",
        "venue_id": "",
        "location_type": "Main Street / Street-front",
        "classification_confidence": "Medium",
        "classification_basis": "Official address is a numbered or corner street address without centre evidence",
        "store_area_sqm": "",
        "area_measure": "",
        "area_source": "",
        "area_date": "",
        "area_confidence": "Unknown",
        "source_url": "https://www.opsm.com.au/en/opsm-au/find-store",
        "fetched_at": "2026-07-23T00:26:21+00:00"
      }
    },
    {
      "type": "Feature",
      "geometry": {
        "type": "Point",
        "coordinates": [
          115.79281,
          -31.93754
        ]
      },
      "properties": {
        "retailer": "OPSM",
        "store_id": "opsm-1112",
        "name": "OPSM Floreat",
        "status": "Active",
        "state": "WA",
        "suburb": "Floreat",
        "postcode": "6014",
        "full_address": "1 Howtree Pl, Floreat, WA, 6014",
        "phone": "(08) 9287 1839",
        "official_url": "https://www.opsm.com.au/en/opsm-au/find-store",
        "services": "Kids Vision Centre, Collect & Return",
        "audiology": "false",
        "venue_name": "",
        "venue_id": "",
        "location_type": "Unclassified",
        "classification_confidence": "Low",
        "classification_basis": "Insufficient official venue or street evidence",
        "store_area_sqm": "",
        "area_measure": "",
        "area_source": "",
        "area_date": "",
        "area_confidence": "Unknown",
        "source_url": "https://www.opsm.com.au/en/opsm-au/find-store",
        "fetched_at": "2026-07-23T00:26:21+00:00"
      }
    },
    {
      "type": "Feature",
      "geometry": {
        "type": "Point",
        "coordinates": [
          115.7464942,
          -32.0549593
        ]
      },
      "properties": {
        "retailer": "Bailey Nelson",
        "store_id": "bailey-nelson-fremantle",
        "name": "Bailey Nelson Fremantle",
        "status": "Active",
        "state": "WA",
        "suburb": "Fremantle",
        "postcode": "6160",
        "full_address": "71 Market Street, Fremantle, WA, 6160",
        "phone": "+61861499474",
        "official_url": "https://baileynelson.com.au/pages/optometrist-fremantle",
        "services": "Optometry Services; Bulk-Billed Eye Tests; Private Eye Tests from $65; Contact Lens Eye Tests; Visual Fields Testing; Ultra-wide retinal imaging; Optical & Sunglass styling; Free frame adjustments",
        "audiology": "false",
        "venue_name": "",
        "venue_id": "",
        "location_type": "Main Street / Street-front",
        "classification_confidence": "Medium",
        "classification_basis": "Official address is a numbered or corner street address without centre evidence",
        "store_area_sqm": "",
        "area_measure": "",
        "area_source": "",
        "area_date": "",
        "area_confidence": "Unknown",
        "source_url": "https://baileynelson.com.au/pages/optometrist-fremantle",
        "fetched_at": "2026-07-23T01:01:27+00:00"
      }
    },
    {
      "type": "Feature",
      "geometry": {
        "type": "Point",
        "coordinates": [
          115.74673,
          -32.05547
        ]
      },
      "properties": {
        "retailer": "OPSM",
        "store_id": "opsm-1083",
        "name": "OPSM Fremantle",
        "status": "Active",
        "state": "WA",
        "suburb": "Fremantle",
        "postcode": "6160",
        "full_address": "89 Market St, Fremantle, WA, 6160",
        "phone": "(08) 9335 3066",
        "official_url": "https://www.opsm.com.au/en/opsm-au/find-store",
        "services": "Collect & Return",
        "audiology": "false",
        "venue_name": "",
        "venue_id": "",
        "location_type": "Main Street / Street-front",
        "classification_confidence": "Medium",
        "classification_basis": "Official address is a numbered or corner street address without centre evidence",
        "store_area_sqm": "",
        "area_measure": "",
        "area_source": "",
        "area_date": "",
        "area_confidence": "Unknown",
        "source_url": "https://www.opsm.com.au/en/opsm-au/find-store",
        "fetched_at": "2026-07-23T00:26:21+00:00"
      }
    },
    {
      "type": "Feature",
      "geometry": {
        "type": "Point",
        "coordinates": [
          115.74713,
          -32.054436
        ]
      },
      "properties": {
        "retailer": "Specsavers",
        "store_id": "specsavers-3424",
        "name": "Fremantle",
        "status": "Active",
        "state": "WA",
        "suburb": "Fremantle",
        "postcode": "6160",
        "full_address": "Manning Arcade, GT25, 131-135 High Street, Fremantle, WA, 6160",
        "phone": "(08) 9335 1388",
        "official_url": "https://www.specsavers.com.au/stores/fremantle",
        "services": "Optometry; Audiology",
        "audiology": "true",
        "venue_name": "Manning Arcade",
        "venue_id": "wa-arcade-manning",
        "location_type": "Shopping Centre",
        "classification_confidence": "High",
        "classification_basis": "Official name/address contains shopping-centre evidence",
        "store_area_sqm": "",
        "area_measure": "",
        "area_source": "",
        "area_date": "",
        "area_confidence": "Unknown",
        "source_url": "https://www.specsavers.com.au/stores/fremantle",
        "fetched_at": "2026-07-23T00:53:33.174Z"
      }
    },
    {
      "type": "Feature",
      "geometry": {
        "type": "Point",
        "coordinates": [
          114.61651,
          -28.76711
        ]
      },
      "properties": {
        "retailer": "OPSM",
        "store_id": "opsm-1354",
        "name": "OPSM Geraldton",
        "status": "Active",
        "state": "WA",
        "suburb": "Geraldton",
        "postcode": "6530",
        "full_address": "110 Chapman Rd, Geraldton, WA, 6530",
        "phone": "(08) 9964 4711",
        "official_url": "https://www.opsm.com.au/en/opsm-au/find-store",
        "services": "Collect & Return",
        "audiology": "false",
        "venue_name": "",
        "venue_id": "",
        "location_type": "Main Street / Street-front",
        "classification_confidence": "Medium",
        "classification_basis": "Official address is a numbered or corner street address without centre evidence",
        "store_area_sqm": "",
        "area_measure": "",
        "area_source": "",
        "area_date": "",
        "area_confidence": "Unknown",
        "source_url": "https://www.opsm.com.au/en/opsm-au/find-store",
        "fetched_at": "2026-07-23T00:26:21+00:00"
      }
    },
    {
      "type": "Feature",
      "geometry": {
        "type": "Point",
        "coordinates": [
          114.61191,
          -28.774824
        ]
      },
      "properties": {
        "retailer": "Specsavers",
        "store_id": "specsavers-3535",
        "name": "Geraldton",
        "status": "Active",
        "state": "WA",
        "suburb": "Geraldton",
        "postcode": "6530",
        "full_address": "Shop SP024 Stirlings Central, 54 Sanford Street, Geraldton, WA, 6530",
        "phone": "(08) 9964 7555",
        "official_url": "https://www.specsavers.com.au/stores/geraldton",
        "services": "Optometry",
        "audiology": "false",
        "venue_name": "",
        "venue_id": "",
        "location_type": "Shopping Centre",
        "classification_confidence": "Medium",
        "classification_basis": "Official address uses a shop/level format; venue name requires review",
        "store_area_sqm": "",
        "area_measure": "",
        "area_source": "",
        "area_date": "",
        "area_confidence": "Unknown",
        "source_url": "https://www.specsavers.com.au/stores/geraldton",
        "fetched_at": "2026-07-23T00:53:33.174Z"
      }
    },
    {
      "type": "Feature",
      "geometry": {
        "type": "Point",
        "coordinates": [
          115.70199,
          -32.550304
        ]
      },
      "properties": {
        "retailer": "Specsavers",
        "store_id": "specsavers-3579",
        "name": "Halls Head",
        "status": "Active",
        "state": "WA",
        "suburb": "Halls Head",
        "postcode": "6210",
        "full_address": "Shop SP041 & Portion of SP042 Halls Head Central, 14 Guava Way, Halls Head, WA, 6210",
        "phone": "(08) 9534 7755",
        "official_url": "https://www.specsavers.com.au/stores/hallshead",
        "services": "Optometry; Audiology",
        "audiology": "true",
        "venue_name": "",
        "venue_id": "",
        "location_type": "Shopping Centre",
        "classification_confidence": "Medium",
        "classification_basis": "Official address uses a shop/level format; venue name requires review",
        "store_area_sqm": "",
        "area_measure": "",
        "area_source": "",
        "area_date": "",
        "area_confidence": "Unknown",
        "source_url": "https://www.specsavers.com.au/stores/hallshead",
        "fetched_at": "2026-07-23T00:53:33.174Z"
      }
    },
    {
      "type": "Feature",
      "geometry": {
        "type": "Point",
        "coordinates": [
          115.9266,
          -32.127598
        ]
      },
      "properties": {
        "retailer": "Specsavers",
        "store_id": "specsavers-3649",
        "name": "Harrisdale",
        "status": "Active",
        "state": "WA",
        "suburb": "Harrisdale",
        "postcode": "6112",
        "full_address": "Corner Nicholson Rd & Yellowwood Ave, Harrisdale Stockland S/C, Harrisdale, WA, 6112",
        "phone": "(08) 9451 7981",
        "official_url": "https://www.specsavers.com.au/stores/harrisdale",
        "services": "Optometry; Audiology",
        "audiology": "true",
        "venue_name": "Harrisdale Stockland Shopping Centre",
        "venue_id": "wa-harrisdale-stockland",
        "location_type": "Shopping Centre",
        "classification_confidence": "High",
        "classification_basis": "Official name/address contains shopping-centre evidence",
        "store_area_sqm": "",
        "area_measure": "",
        "area_source": "",
        "area_date": "",
        "area_confidence": "Unknown",
        "source_url": "https://www.specsavers.com.au/stores/harrisdale",
        "fetched_at": "2026-07-23T00:53:33.174Z"
      }
    },
    {
      "type": "Feature",
      "geometry": {
        "type": "Point",
        "coordinates": [
          115.74863,
          -31.79707
        ]
      },
      "properties": {
        "retailer": "OPSM",
        "store_id": "opsm-1447",
        "name": "OPSM Whitford City",
        "status": "Active",
        "state": "WA",
        "suburb": "Hillarys",
        "postcode": "6025",
        "full_address": "Whitfords Ave & Marmion Ave, Hillarys, WA, 6025",
        "phone": "(08) 9307 7960",
        "official_url": "https://www.opsm.com.au/en/opsm-au/find-store",
        "services": "Collect & Return",
        "audiology": "false",
        "venue_name": "",
        "venue_id": "",
        "location_type": "Main Street / Street-front",
        "classification_confidence": "Low",
        "classification_basis": "Official address contains street evidence but needs review",
        "store_area_sqm": "",
        "area_measure": "",
        "area_source": "",
        "area_date": "",
        "area_confidence": "Unknown",
        "source_url": "https://www.opsm.com.au/en/opsm-au/find-store",
        "fetched_at": "2026-07-23T00:26:21+00:00"
      }
    },
    {
      "type": "Feature",
      "geometry": {
        "type": "Point",
        "coordinates": [
          115.74951,
          -31.796915
        ]
      },
      "properties": {
        "retailer": "Specsavers",
        "store_id": "specsavers-3364",
        "name": "Whitford Westfield City",
        "status": "Active",
        "state": "WA",
        "suburb": "Hillarys",
        "postcode": "6025",
        "full_address": "Westfield Whitford City, Shop 216, Cnr Marmion & Whitfords Avenue, Hillarys, WA, 6025",
        "phone": "(08) 9401 5022",
        "official_url": "https://www.specsavers.com.au/stores/whitford",
        "services": "Optometry; Audiology",
        "audiology": "true",
        "venue_name": "Whitford Westfield City",
        "venue_id": "wa-city-westfield-whitford",
        "location_type": "Shopping Centre",
        "classification_confidence": "High",
        "classification_basis": "Official name/address contains shopping-centre evidence",
        "store_area_sqm": "",
        "area_measure": "",
        "area_source": "",
        "area_date": "",
        "area_confidence": "Unknown",
        "source_url": "https://www.specsavers.com.au/stores/whitford",
        "fetched_at": "2026-07-23T00:53:33.174Z"
      }
    },
    {
      "type": "Feature",
      "geometry": {
        "type": "Point",
        "coordinates": [
          115.79995,
          -31.9013
        ]
      },
      "properties": {
        "retailer": "OPSM",
        "store_id": "opsm-1361",
        "name": "OPSM Innaloo",
        "status": "Active",
        "state": "WA",
        "suburb": "Innaloo",
        "postcode": "6018",
        "full_address": "Ellen Sterling Boulevard, Innaloo, WA, 6018",
        "phone": "(08) 9244 4300",
        "official_url": "https://www.opsm.com.au/en/opsm-au/find-store",
        "services": "Collect & Return",
        "audiology": "false",
        "venue_name": "",
        "venue_id": "",
        "location_type": "Main Street / Street-front",
        "classification_confidence": "Low",
        "classification_basis": "Official address contains street evidence but needs review",
        "store_area_sqm": "",
        "area_measure": "",
        "area_source": "",
        "area_date": "",
        "area_confidence": "Unknown",
        "source_url": "https://www.opsm.com.au/en/opsm-au/find-store",
        "fetched_at": "2026-07-23T00:26:21+00:00"
      }
    },
    {
      "type": "Feature",
      "geometry": {
        "type": "Point",
        "coordinates": [
          115.799706,
          -31.901112
        ]
      },
      "properties": {
        "retailer": "Specsavers",
        "store_id": "specsavers-3473",
        "name": "Innaloo Westfield",
        "status": "Active",
        "state": "WA",
        "suburb": "Innaloo",
        "postcode": "6018",
        "full_address": "Innaloo Westfield, Ellen Stirling Boulevard, Innaloo, WA, 6018",
        "phone": "(08) 9204 1336",
        "official_url": "https://www.specsavers.com.au/stores/innaloo",
        "services": "Optometry; Audiology",
        "audiology": "true",
        "venue_name": "Innaloo Westfield",
        "venue_id": "wa-innaloo-westfield",
        "location_type": "Shopping Centre",
        "classification_confidence": "High",
        "classification_basis": "Official name/address contains shopping-centre evidence",
        "store_area_sqm": "",
        "area_measure": "",
        "area_source": "",
        "area_date": "",
        "area_confidence": "Unknown",
        "source_url": "https://www.specsavers.com.au/stores/innaloo",
        "fetched_at": "2026-07-23T00:53:33.174Z"
      }
    },
    {
      "type": "Feature",
      "geometry": {
        "type": "Point",
        "coordinates": [
          115.767223,
          -31.7442957
        ]
      },
      "properties": {
        "retailer": "Bailey Nelson",
        "store_id": "bailey-nelson-joondalup",
        "name": "Bailey Nelson Joondalup",
        "status": "Active",
        "state": "WA",
        "suburb": "Joondalup",
        "postcode": "6027",
        "full_address": "420 Joondalup Drive, Joondalup, WA, 6027",
        "phone": "+61861499470",
        "official_url": "https://baileynelson.com.au/pages/optometrist-joondalup",
        "services": "Optometry Services; Bulk-Billed Eye Tests; Private Eye Tests from $65; Contact Lens Eye Tests; Visual Fields Testing; Ultra-wide retinal imaging; Optical & Sunglass styling; Free frame adjustments",
        "audiology": "false",
        "venue_name": "",
        "venue_id": "",
        "location_type": "Main Street / Street-front",
        "classification_confidence": "Medium",
        "classification_basis": "Official address is a numbered or corner street address without centre evidence",
        "store_area_sqm": "",
        "area_measure": "",
        "area_source": "",
        "area_date": "",
        "area_confidence": "Unknown",
        "source_url": "https://baileynelson.com.au/pages/optometrist-joondalup",
        "fetched_at": "2026-07-23T01:01:27+00:00"
      }
    },
    {
      "type": "Feature",
      "geometry": {
        "type": "Point",
        "coordinates": [
          115.76621,
          -31.7441
        ]
      },
      "properties": {
        "retailer": "OPSM",
        "store_id": "opsm-1404",
        "name": "OPSM Joondalup",
        "status": "Active",
        "state": "WA",
        "suburb": "Joondalup",
        "postcode": "6027",
        "full_address": "420 Joondalup Dr, Joondalup, WA, 6027",
        "phone": "(08) 9300 0377",
        "official_url": "https://www.opsm.com.au/en/opsm-au/find-store",
        "services": "Collect & Return",
        "audiology": "false",
        "venue_name": "",
        "venue_id": "",
        "location_type": "Unclassified",
        "classification_confidence": "Low",
        "classification_basis": "Insufficient official venue or street evidence",
        "store_area_sqm": "",
        "area_measure": "",
        "area_source": "",
        "area_date": "",
        "area_confidence": "Unknown",
        "source_url": "https://www.opsm.com.au/en/opsm-au/find-store",
        "fetched_at": "2026-07-23T00:26:21+00:00"
      }
    },
    {
      "type": "Feature",
      "geometry": {
        "type": "Point",
        "coordinates": [
          115.76625,
          -31.74256
        ]
      },
      "properties": {
        "retailer": "Specsavers",
        "store_id": "specsavers-3247",
        "name": "Joondalup Lakeside S/City",
        "status": "Active",
        "state": "WA",
        "suburb": "Joondalup",
        "postcode": "6027",
        "full_address": "420 Joondalup Drive, Shop T015, Lakeside Joondalup Shopping City, Joondalup, WA, 6027",
        "phone": "(08) 9300 9033",
        "official_url": "https://www.specsavers.com.au/stores/joondalup",
        "services": "Optometry; Audiology",
        "audiology": "true",
        "venue_name": "Joondalup Lakeside S/City",
        "venue_id": "wa-city-joondalup-lakeside-s",
        "location_type": "Shopping Centre",
        "classification_confidence": "High",
        "classification_basis": "Official name/address contains shopping-centre evidence",
        "store_area_sqm": "",
        "area_measure": "",
        "area_source": "",
        "area_date": "",
        "area_confidence": "Unknown",
        "source_url": "https://www.specsavers.com.au/stores/joondalup",
        "fetched_at": "2026-07-23T00:53:33.174Z"
      }
    },
    {
      "type": "Feature",
      "geometry": {
        "type": "Point",
        "coordinates": [
          116.063,
          -31.969
        ]
      },
      "properties": {
        "retailer": "OPSM",
        "store_id": "opsm-7011",
        "name": "OPSM KALAMUNDA",
        "status": "Active",
        "state": "WA",
        "suburb": "Kalamunda",
        "postcode": "6076",
        "full_address": "39 Railway Rd, Kalamunda, WA, 6076",
        "phone": "(08) 9257 2911",
        "official_url": "https://www.opsm.com.au/en/opsm-au/find-store",
        "services": "",
        "audiology": "false",
        "venue_name": "",
        "venue_id": "",
        "location_type": "Main Street / Street-front",
        "classification_confidence": "Medium",
        "classification_basis": "Official address is a numbered or corner street address without centre evidence",
        "store_area_sqm": "",
        "area_measure": "",
        "area_source": "",
        "area_date": "",
        "area_confidence": "Unknown",
        "source_url": "https://www.opsm.com.au/en/opsm-au/find-store",
        "fetched_at": "2026-07-23T00:26:21+00:00"
      }
    },
    {
      "type": "Feature",
      "geometry": {
        "type": "Point",
        "coordinates": [
          116.0597,
          -31.97244
        ]
      },
      "properties": {
        "retailer": "Specsavers",
        "store_id": "specsavers-3237",
        "name": "Kalamunda Central",
        "status": "Active",
        "state": "WA",
        "suburb": "Kalamunda",
        "postcode": "6076",
        "full_address": "SP010 Centro Kalamunda, 39 Railway Road, Kalamunda, WA, 6076",
        "phone": "(08) 9293 1820",
        "official_url": "https://www.specsavers.com.au/stores/kalamunda",
        "services": "Optometry; Audiology",
        "audiology": "true",
        "venue_name": "",
        "venue_id": "",
        "location_type": "Main Street / Street-front",
        "classification_confidence": "Medium",
        "classification_basis": "Official address is a numbered or corner street address without centre evidence",
        "store_area_sqm": "",
        "area_measure": "",
        "area_source": "",
        "area_date": "",
        "area_confidence": "Unknown",
        "source_url": "https://www.specsavers.com.au/stores/kalamunda",
        "fetched_at": "2026-07-23T00:53:33.174Z"
      }
    },
    {
      "type": "Feature",
      "geometry": {
        "type": "Point",
        "coordinates": [
          121.47098,
          -30.74833
        ]
      },
      "properties": {
        "retailer": "OPSM",
        "store_id": "opsm-1007",
        "name": "OPSM Kalgoorlie",
        "status": "Active",
        "state": "WA",
        "suburb": "Kalgoorlie",
        "postcode": "6430",
        "full_address": "296 Hannan St, Kalgoorlie, WA, 6430",
        "phone": "(08) 9091 4442",
        "official_url": "https://www.opsm.com.au/en/opsm-au/find-store",
        "services": "Collect & Return",
        "audiology": "false",
        "venue_name": "",
        "venue_id": "",
        "location_type": "Main Street / Street-front",
        "classification_confidence": "Medium",
        "classification_basis": "Official address is a numbered or corner street address without centre evidence",
        "store_area_sqm": "",
        "area_measure": "",
        "area_source": "",
        "area_date": "",
        "area_confidence": "Unknown",
        "source_url": "https://www.opsm.com.au/en/opsm-au/find-store",
        "fetched_at": "2026-07-23T00:26:21+00:00"
      }
    },
    {
      "type": "Feature",
      "geometry": {
        "type": "Point",
        "coordinates": [
          121.47,
          -30.749153
        ]
      },
      "properties": {
        "retailer": "Specsavers",
        "store_id": "specsavers-3493",
        "name": "Kalgoorlie Woolworths Centre",
        "status": "Active",
        "state": "WA",
        "suburb": "Kalgoorlie",
        "postcode": "6430",
        "full_address": "Kalgoorlie Plaza S/C, 8/340 Hannan St, Kalgoorlie, WA, 6430",
        "phone": "(08) 9021 2037",
        "official_url": "https://www.specsavers.com.au/stores/kalgoorlie",
        "services": "Optometry",
        "audiology": "false",
        "venue_name": "Kalgoorlie Woolworths Centre",
        "venue_id": "wa-kalgoorlie-woolworths",
        "location_type": "Shopping Centre",
        "classification_confidence": "High",
        "classification_basis": "Official name/address contains shopping-centre evidence",
        "store_area_sqm": "",
        "area_measure": "",
        "area_source": "",
        "area_date": "",
        "area_confidence": "Unknown",
        "source_url": "https://www.specsavers.com.au/stores/kalgoorlie",
        "fetched_at": "2026-07-23T00:53:33.174Z"
      }
    },
    {
      "type": "Feature",
      "geometry": {
        "type": "Point",
        "coordinates": [
          115.886055,
          -32.010624
        ]
      },
      "properties": {
        "retailer": "Specsavers",
        "store_id": "specsavers-3231",
        "name": "Waterford Village Green",
        "status": "Active",
        "state": "WA",
        "suburb": "Karawara",
        "postcode": "6152",
        "full_address": "Shop 10, Village Green, 230 Manning Rd, Karawara, WA, 6152",
        "phone": "(08) 9313 1433",
        "official_url": "https://www.specsavers.com.au/stores/waterford",
        "services": "Optometry",
        "audiology": "false",
        "venue_name": "Waterford Village Green",
        "venue_id": "wa-green-village-waterford",
        "location_type": "Shopping Centre",
        "classification_confidence": "High",
        "classification_basis": "Official name/address contains shopping-centre evidence",
        "store_area_sqm": "",
        "area_measure": "",
        "area_source": "",
        "area_date": "",
        "area_confidence": "Unknown",
        "source_url": "https://www.specsavers.com.au/stores/waterford",
        "fetched_at": "2026-07-23T00:53:33.174Z"
      }
    },
    {
      "type": "Feature",
      "geometry": {
        "type": "Point",
        "coordinates": [
          116.84575,
          -20.73557
        ]
      },
      "properties": {
        "retailer": "OPSM",
        "store_id": "opsm-1233",
        "name": "OPSM Karratha",
        "status": "Active",
        "state": "WA",
        "suburb": "Karratha",
        "postcode": "6714",
        "full_address": "12-42 Welcome Rd, Karratha, WA, 6714",
        "phone": "(08) 9143 1208",
        "official_url": "https://www.opsm.com.au/en/opsm-au/find-store",
        "services": "Collect & Return",
        "audiology": "false",
        "venue_name": "",
        "venue_id": "",
        "location_type": "Main Street / Street-front",
        "classification_confidence": "Medium",
        "classification_basis": "Official address is a numbered or corner street address without centre evidence",
        "store_area_sqm": "",
        "area_measure": "",
        "area_source": "",
        "area_date": "",
        "area_confidence": "Unknown",
        "source_url": "https://www.opsm.com.au/en/opsm-au/find-store",
        "fetched_at": "2026-07-23T00:26:21+00:00"
      }
    },
    {
      "type": "Feature",
      "geometry": {
        "type": "Point",
        "coordinates": [
          116.84618,
          -20.73569
        ]
      },
      "properties": {
        "retailer": "Specsavers",
        "store_id": "specsavers-3686",
        "name": "Karratha",
        "status": "Active",
        "state": "WA",
        "suburb": "Karratha",
        "postcode": "6714",
        "full_address": "SP007 Karratha City Plaza, 16 Sharpe Avenue, Karratha, WA, 6714",
        "phone": "(08) 9112 1011",
        "official_url": "https://www.specsavers.com.au/stores/karratha",
        "services": "Optometry",
        "audiology": "false",
        "venue_name": "SP007 Karratha City Plaza",
        "venue_id": "wa-city-karratha-plaza-sp007",
        "location_type": "Shopping Centre",
        "classification_confidence": "High",
        "classification_basis": "Official name/address contains shopping-centre evidence",
        "store_area_sqm": "",
        "area_measure": "",
        "area_source": "",
        "area_date": "",
        "area_confidence": "Unknown",
        "source_url": "https://www.specsavers.com.au/stores/karratha",
        "fetched_at": "2026-07-23T00:53:33.174Z"
      }
    },
    {
      "type": "Feature",
      "geometry": {
        "type": "Point",
        "coordinates": [
          115.77838,
          -31.87684
        ]
      },
      "properties": {
        "retailer": "OPSM",
        "store_id": "opsm-1370",
        "name": "OPSM Karrinyup",
        "status": "Active",
        "state": "WA",
        "suburb": "Karrinyup",
        "postcode": "6018",
        "full_address": "200 Karrinyup Rd, Karrinyup, WA, 6018",
        "phone": "(08) 9446 5994",
        "official_url": "https://www.opsm.com.au/en/opsm-au/find-store",
        "services": "Collect & Return",
        "audiology": "false",
        "venue_name": "",
        "venue_id": "",
        "location_type": "Main Street / Street-front",
        "classification_confidence": "Medium",
        "classification_basis": "Official address is a numbered or corner street address without centre evidence",
        "store_area_sqm": "",
        "area_measure": "",
        "area_source": "",
        "area_date": "",
        "area_confidence": "Unknown",
        "source_url": "https://www.opsm.com.au/en/opsm-au/find-store",
        "fetched_at": "2026-07-23T00:26:21+00:00"
      }
    },
    {
      "type": "Feature",
      "geometry": {
        "type": "Point",
        "coordinates": [
          115.77818,
          -31.877384
        ]
      },
      "properties": {
        "retailer": "Specsavers",
        "store_id": "specsavers-3436",
        "name": "Karrinyup S/C",
        "status": "Active",
        "state": "WA",
        "suburb": "Karrinyup",
        "postcode": "6018",
        "full_address": "200 Karrinyup Road, SPO230/1 Karrinyup Shopping Centre, Karrinyup, WA, 6018",
        "phone": "(08) 9446 6211",
        "official_url": "https://www.specsavers.com.au/stores/karrinyup",
        "services": "Optometry; Audiology",
        "audiology": "true",
        "venue_name": "Karrinyup Shopping Centre",
        "venue_id": "wa-karrinyup",
        "location_type": "Shopping Centre",
        "classification_confidence": "High",
        "classification_basis": "Official name/address contains shopping-centre evidence",
        "store_area_sqm": "",
        "area_measure": "",
        "area_source": "",
        "area_date": "",
        "area_confidence": "Unknown",
        "source_url": "https://www.specsavers.com.au/stores/karrinyup",
        "fetched_at": "2026-07-23T00:53:33.174Z"
      }
    },
    {
      "type": "Feature",
      "geometry": {
        "type": "Point",
        "coordinates": [
          115.81466,
          -32.24485
        ]
      },
      "properties": {
        "retailer": "OPSM",
        "store_id": "opsm-4636",
        "name": "OPSM Kwinana",
        "status": "Active",
        "state": "WA",
        "suburb": "Kwinana",
        "postcode": "6167",
        "full_address": "4 Chisham Ave, Kwinana, WA, 6167",
        "phone": "(08) 9419 1056",
        "official_url": "https://www.opsm.com.au/en/opsm-au/find-store",
        "services": "Dry Eye, Kids Vision Centre",
        "audiology": "false",
        "venue_name": "",
        "venue_id": "",
        "location_type": "Main Street / Street-front",
        "classification_confidence": "Medium",
        "classification_basis": "Official address is a numbered or corner street address without centre evidence",
        "store_area_sqm": "",
        "area_measure": "",
        "area_source": "",
        "area_date": "",
        "area_confidence": "Unknown",
        "source_url": "https://www.opsm.com.au/en/opsm-au/find-store",
        "fetched_at": "2026-07-23T00:26:21+00:00"
      }
    },
    {
      "type": "Feature",
      "geometry": {
        "type": "Point",
        "coordinates": [
          115.81453,
          -32.245247
        ]
      },
      "properties": {
        "retailer": "Specsavers",
        "store_id": "specsavers-3615",
        "name": "Kwinana",
        "status": "Active",
        "state": "WA",
        "suburb": "Kwinana Town Centre",
        "postcode": "6167",
        "full_address": "Shop 81 Kwinana Marketplace, 4 Chisham Avenue, Kwinana Town Centre, WA, 6167",
        "phone": "(08) 6197 7208",
        "official_url": "https://www.specsavers.com.au/stores/kwinana",
        "services": "Optometry; Audiology",
        "audiology": "true",
        "venue_name": "",
        "venue_id": "",
        "location_type": "Shopping Centre",
        "classification_confidence": "High",
        "classification_basis": "Official name/address contains shopping-centre evidence",
        "store_area_sqm": "",
        "area_measure": "",
        "area_source": "",
        "area_date": "",
        "area_confidence": "Unknown",
        "source_url": "https://www.specsavers.com.au/stores/kwinana",
        "fetched_at": "2026-07-23T00:53:33.174Z"
      }
    },
    {
      "type": "Feature",
      "geometry": {
        "type": "Point",
        "coordinates": [
          115.760254,
          -32.47093
        ]
      },
      "properties": {
        "retailer": "Specsavers",
        "store_id": "specsavers-3676",
        "name": "Lakelands",
        "status": "Active",
        "state": "WA",
        "suburb": "Lakelands",
        "postcode": "6180",
        "full_address": "Shop 22-23 Lakelands Shopping Centre, Mandurah Road, Lakelands, WA, 6180",
        "phone": "(08) 9523 1191",
        "official_url": "https://www.specsavers.com.au/stores/lakelands",
        "services": "Optometry; Audiology",
        "audiology": "true",
        "venue_name": "",
        "venue_id": "",
        "location_type": "Shopping Centre",
        "classification_confidence": "High",
        "classification_basis": "Official name/address contains shopping-centre evidence",
        "store_area_sqm": "",
        "area_measure": "",
        "area_source": "",
        "area_date": "",
        "area_confidence": "Unknown",
        "source_url": "https://www.specsavers.com.au/stores/lakelands",
        "fetched_at": "2026-07-23T00:53:33.174Z"
      }
    },
    {
      "type": "Feature",
      "geometry": {
        "type": "Point",
        "coordinates": [
          115.9774,
          -32.0531
        ]
      },
      "properties": {
        "retailer": "OPSM",
        "store_id": "opsm-1427",
        "name": "OPSM Maddington",
        "status": "Active",
        "state": "WA",
        "suburb": "Maddington",
        "postcode": "6109",
        "full_address": "143 Attfield St, Maddington, WA, 6109",
        "phone": "(08) 9459 9599",
        "official_url": "https://www.opsm.com.au/en/opsm-au/find-store",
        "services": "Collect & Return",
        "audiology": "false",
        "venue_name": "",
        "venue_id": "",
        "location_type": "Main Street / Street-front",
        "classification_confidence": "Medium",
        "classification_basis": "Official address is a numbered or corner street address without centre evidence",
        "store_area_sqm": "",
        "area_measure": "",
        "area_source": "",
        "area_date": "",
        "area_confidence": "Unknown",
        "source_url": "https://www.opsm.com.au/en/opsm-au/find-store",
        "fetched_at": "2026-07-23T00:26:21+00:00"
      }
    },
    {
      "type": "Feature",
      "geometry": {
        "type": "Point",
        "coordinates": [
          115.97833,
          -32.05306
        ]
      },
      "properties": {
        "retailer": "Specsavers",
        "store_id": "specsavers-3433",
        "name": "Maddington Centro S/C",
        "status": "Active",
        "state": "WA",
        "suburb": "Maddington",
        "postcode": "6109",
        "full_address": "SP054, Centro Maddington S/C, 43 Attfield Street, Maddington, WA, 6109",
        "phone": "(08) 9459 6182",
        "official_url": "https://www.specsavers.com.au/stores/maddington",
        "services": "Optometry; Audiology",
        "audiology": "true",
        "venue_name": "Maddington Centro Shopping Centre",
        "venue_id": "wa-centro-maddington",
        "location_type": "Shopping Centre",
        "classification_confidence": "High",
        "classification_basis": "Official name/address contains shopping-centre evidence",
        "store_area_sqm": "",
        "area_measure": "",
        "area_source": "",
        "area_date": "",
        "area_confidence": "Unknown",
        "source_url": "https://www.specsavers.com.au/stores/maddington",
        "fetched_at": "2026-07-23T00:53:33.174Z"
      }
    },
    {
      "type": "Feature",
      "geometry": {
        "type": "Point",
        "coordinates": [
          115.823425,
          -31.818182
        ]
      },
      "properties": {
        "retailer": "Specsavers",
        "store_id": "specsavers-3451",
        "name": "Madeley Kingsway City S/C",
        "status": "Active",
        "state": "WA",
        "suburb": "Madeley",
        "postcode": "6065",
        "full_address": "46/168 Wanneroo Road, Shop 17/18a, Madeley, WA, 6065",
        "phone": "(08) 9309 1344",
        "official_url": "https://www.specsavers.com.au/stores/madeley",
        "services": "Optometry; Audiology",
        "audiology": "true",
        "venue_name": "Madeley Kingsway City Shopping Centre",
        "venue_id": "wa-city-kingsway-madeley",
        "location_type": "Shopping Centre",
        "classification_confidence": "High",
        "classification_basis": "Official name/address contains shopping-centre evidence",
        "store_area_sqm": "",
        "area_measure": "",
        "area_source": "",
        "area_date": "",
        "area_confidence": "Unknown",
        "source_url": "https://www.specsavers.com.au/stores/madeley",
        "fetched_at": "2026-07-23T00:53:33.174Z"
      }
    },
    {
      "type": "Feature",
      "geometry": {
        "type": "Point",
        "coordinates": [
          115.70342,
          -32.54888
        ]
      },
      "properties": {
        "retailer": "OPSM",
        "store_id": "opsm-1517",
        "name": "OPSM Halls Head",
        "status": "Active",
        "state": "WA",
        "suburb": "Mandurah",
        "postcode": "6210",
        "full_address": "14 Guava Way, Mandurah, WA, 6210",
        "phone": "(08) 9581 2777",
        "official_url": "https://www.opsm.com.au/en/opsm-au/find-store",
        "services": "Collect & Return",
        "audiology": "false",
        "venue_name": "",
        "venue_id": "",
        "location_type": "Unclassified",
        "classification_confidence": "Low",
        "classification_basis": "Insufficient official venue or street evidence",
        "store_area_sqm": "",
        "area_measure": "",
        "area_source": "",
        "area_date": "",
        "area_confidence": "Unknown",
        "source_url": "https://www.opsm.com.au/en/opsm-au/find-store",
        "fetched_at": "2026-07-23T00:26:21+00:00"
      }
    },
    {
      "type": "Feature",
      "geometry": {
        "type": "Point",
        "coordinates": [
          115.74374,
          -32.53551
        ]
      },
      "properties": {
        "retailer": "OPSM",
        "store_id": "opsm-1405",
        "name": "OPSM Mandurah Forum",
        "status": "Active",
        "state": "WA",
        "suburb": "Mandurah",
        "postcode": "6210",
        "full_address": "330 Pinjarra Rd, Mandurah, WA, 6210",
        "phone": "(08) 6488 0660",
        "official_url": "https://www.opsm.com.au/en/opsm-au/find-store",
        "services": "Collect & Return",
        "audiology": "false",
        "venue_name": "",
        "venue_id": "",
        "location_type": "Main Street / Street-front",
        "classification_confidence": "Medium",
        "classification_basis": "Official address is a numbered or corner street address without centre evidence",
        "store_area_sqm": "",
        "area_measure": "",
        "area_source": "",
        "area_date": "",
        "area_confidence": "Unknown",
        "source_url": "https://www.opsm.com.au/en/opsm-au/find-store",
        "fetched_at": "2026-07-23T00:26:21+00:00"
      }
    },
    {
      "type": "Feature",
      "geometry": {
        "type": "Point",
        "coordinates": [
          115.74203,
          -32.53552
        ]
      },
      "properties": {
        "retailer": "Specsavers",
        "store_id": "specsavers-3553",
        "name": "Mandurah Forum",
        "status": "Active",
        "state": "WA",
        "suburb": "Mandurah",
        "postcode": "6210",
        "full_address": "Shop 142, Mandurah Forum, 330 Pinjarra Road, Mandurah, WA, 6210",
        "phone": "(08) 9535 2988",
        "official_url": "https://www.specsavers.com.au/stores/mandurahforum",
        "services": "Optometry; Audiology",
        "audiology": "true",
        "venue_name": "",
        "venue_id": "",
        "location_type": "Shopping Centre",
        "classification_confidence": "Medium",
        "classification_basis": "Official address uses a shop/level format; venue name requires review",
        "store_area_sqm": "",
        "area_measure": "",
        "area_source": "",
        "area_date": "",
        "area_confidence": "Unknown",
        "source_url": "https://www.specsavers.com.au/stores/mandurahforum",
        "fetched_at": "2026-07-23T00:53:33.174Z"
      }
    },
    {
      "type": "Feature",
      "geometry": {
        "type": "Point",
        "coordinates": [
          116.14611,
          -34.242504
        ]
      },
      "properties": {
        "retailer": "Specsavers",
        "store_id": "specsavers-3227",
        "name": "Manjimup",
        "status": "Active",
        "state": "WA",
        "suburb": "Manjimup",
        "postcode": "6258",
        "full_address": "56 Giblett St, Manjimup, WA, 6258",
        "phone": "(08) 9777 1699",
        "official_url": "https://www.specsavers.com.au/stores/manjimup",
        "services": "Optometry",
        "audiology": "false",
        "venue_name": "",
        "venue_id": "",
        "location_type": "Main Street / Street-front",
        "classification_confidence": "Medium",
        "classification_basis": "Official address is a numbered or corner street address without centre evidence",
        "store_area_sqm": "",
        "area_measure": "",
        "area_source": "",
        "area_date": "",
        "area_confidence": "Unknown",
        "source_url": "https://www.specsavers.com.au/stores/manjimup",
        "fetched_at": "2026-07-23T00:53:33.174Z"
      }
    },
    {
      "type": "Feature",
      "geometry": {
        "type": "Point",
        "coordinates": [
          115.07377,
          -33.95295
        ]
      },
      "properties": {
        "retailer": "OPSM",
        "store_id": "opsm-1115",
        "name": "OPSM Margaret River",
        "status": "Active",
        "state": "WA",
        "suburb": "Margaret River",
        "postcode": "6285",
        "full_address": "145 Bussell Hwy, Margaret River, WA, 6285",
        "phone": "(08) 9757 3370",
        "official_url": "https://www.opsm.com.au/en/opsm-au/find-store",
        "services": "Kids Vision Centre, Collect & Return",
        "audiology": "false",
        "venue_name": "",
        "venue_id": "",
        "location_type": "Main Street / Street-front",
        "classification_confidence": "Medium",
        "classification_basis": "Official address is a numbered or corner street address without centre evidence",
        "store_area_sqm": "",
        "area_measure": "",
        "area_source": "",
        "area_date": "",
        "area_confidence": "Unknown",
        "source_url": "https://www.opsm.com.au/en/opsm-au/find-store",
        "fetched_at": "2026-07-23T00:26:21+00:00"
      }
    },
    {
      "type": "Feature",
      "geometry": {
        "type": "Point",
        "coordinates": [
          116.01051,
          -31.88979
        ]
      },
      "properties": {
        "retailer": "OPSM",
        "store_id": "opsm-1281",
        "name": "OPSM Midland Gate",
        "status": "Active",
        "state": "WA",
        "suburb": "Midland",
        "postcode": "6056",
        "full_address": "274 Great Eastern Hwy, Midland, WA, 6056",
        "phone": "(08) 9274 3565",
        "official_url": "https://www.opsm.com.au/en/opsm-au/find-store",
        "services": "Dry Eye, Collect & Return",
        "audiology": "false",
        "venue_name": "",
        "venue_id": "",
        "location_type": "Main Street / Street-front",
        "classification_confidence": "Medium",
        "classification_basis": "Official address is a numbered or corner street address without centre evidence",
        "store_area_sqm": "",
        "area_measure": "",
        "area_source": "",
        "area_date": "",
        "area_confidence": "Unknown",
        "source_url": "https://www.opsm.com.au/en/opsm-au/find-store",
        "fetched_at": "2026-07-23T00:26:21+00:00"
      }
    },
    {
      "type": "Feature",
      "geometry": {
        "type": "Point",
        "coordinates": [
          116.00343,
          -31.889307
        ]
      },
      "properties": {
        "retailer": "Specsavers",
        "store_id": "specsavers-3238",
        "name": "Midland - The Crescent",
        "status": "Active",
        "state": "WA",
        "suburb": "Midland",
        "postcode": "6056",
        "full_address": "1 The Crescent, Midland, WA, 6056",
        "phone": "(08) 9274 3193",
        "official_url": "https://www.specsavers.com.au/stores/midland",
        "services": "Optometry; Audiology",
        "audiology": "true",
        "venue_name": "",
        "venue_id": "",
        "location_type": "Unclassified",
        "classification_confidence": "Low",
        "classification_basis": "Insufficient official venue or street evidence",
        "store_area_sqm": "",
        "area_measure": "",
        "area_source": "",
        "area_date": "",
        "area_confidence": "Unknown",
        "source_url": "https://www.specsavers.com.au/stores/midland",
        "fetched_at": "2026-07-23T00:53:33.174Z"
      }
    },
    {
      "type": "Feature",
      "geometry": {
        "type": "Point",
        "coordinates": [
          116.01107,
          -31.890009
        ]
      },
      "properties": {
        "retailer": "Specsavers",
        "store_id": "specsavers-3504",
        "name": "Midland Gate S/C",
        "status": "Active",
        "state": "WA",
        "suburb": "Midland",
        "postcode": "6056",
        "full_address": "Shop T008 & T009 274 Great Eastern Highway, Midland Gate Shopping Centre, Midland, WA, 6056",
        "phone": "(08) 9250 6311",
        "official_url": "https://www.specsavers.com.au/stores/midlandgate",
        "services": "Optometry; Audiology",
        "audiology": "true",
        "venue_name": "Midland Gate Shopping Centre",
        "venue_id": "wa-gate-midland",
        "location_type": "Shopping Centre",
        "classification_confidence": "High",
        "classification_basis": "Official name/address contains shopping-centre evidence",
        "store_area_sqm": "",
        "area_measure": "",
        "area_source": "",
        "area_date": "",
        "area_confidence": "Unknown",
        "source_url": "https://www.specsavers.com.au/stores/midlandgate",
        "fetched_at": "2026-07-23T00:53:33.174Z"
      }
    },
    {
      "type": "Feature",
      "geometry": {
        "type": "Point",
        "coordinates": [
          115.86233,
          -31.87051
        ]
      },
      "properties": {
        "retailer": "OPSM",
        "store_id": "opsm-2280",
        "name": "OPSM Mirrabooka",
        "status": "Active",
        "state": "WA",
        "suburb": "Mirrabooka",
        "postcode": "6061",
        "full_address": "43 Yirrigan Dr, Mirrabooka, WA, 6061",
        "phone": "(08) 9344 4344",
        "official_url": "https://www.opsm.com.au/en/opsm-au/find-store",
        "services": "Collect & Return",
        "audiology": "false",
        "venue_name": "",
        "venue_id": "",
        "location_type": "Unclassified",
        "classification_confidence": "Low",
        "classification_basis": "Insufficient official venue or street evidence",
        "store_area_sqm": "",
        "area_measure": "",
        "area_source": "",
        "area_date": "",
        "area_confidence": "Unknown",
        "source_url": "https://www.opsm.com.au/en/opsm-au/find-store",
        "fetched_at": "2026-07-23T00:26:21+00:00"
      }
    },
    {
      "type": "Feature",
      "geometry": {
        "type": "Point",
        "coordinates": [
          115.862495,
          -31.871145
        ]
      },
      "properties": {
        "retailer": "Specsavers",
        "store_id": "specsavers-3365",
        "name": "Mirrabooka Square S/C",
        "status": "Active",
        "state": "WA",
        "suburb": "Mirrabooka",
        "postcode": "6061",
        "full_address": "Shop G083, Mirrabooka Square S/C, 43 Yirrigan Drive, Mirrabooka, WA, 6061",
        "phone": "(08) 9440 0503",
        "official_url": "https://www.specsavers.com.au/stores/mirrabooka",
        "services": "Optometry; Audiology",
        "audiology": "true",
        "venue_name": "Mirrabooka Square Shopping Centre",
        "venue_id": "wa-mirrabooka-square",
        "location_type": "Shopping Centre",
        "classification_confidence": "High",
        "classification_basis": "Official name/address contains shopping-centre evidence",
        "store_area_sqm": "",
        "area_measure": "",
        "area_source": "",
        "area_date": "",
        "area_confidence": "Unknown",
        "source_url": "https://www.specsavers.com.au/stores/mirrabooka",
        "fetched_at": "2026-07-23T00:53:33.174Z"
      }
    },
    {
      "type": "Feature",
      "geometry": {
        "type": "Point",
        "coordinates": [
          115.89937,
          -31.89777
        ]
      },
      "properties": {
        "retailer": "OPSM",
        "store_id": "opsm-1198",
        "name": "OPSM Morley Galleria",
        "status": "Active",
        "state": "WA",
        "suburb": "Morley",
        "postcode": "6062",
        "full_address": "Cnr Collier Rd & Walter Rd W, Morley, WA, 6062",
        "phone": "(08) 9276 5856",
        "official_url": "https://www.opsm.com.au/en/opsm-au/find-store",
        "services": "Collect & Return",
        "audiology": "false",
        "venue_name": "Morley Galleria",
        "venue_id": "wa-galleria-morley",
        "location_type": "Shopping Centre",
        "classification_confidence": "High",
        "classification_basis": "Official name/address contains shopping-centre evidence",
        "store_area_sqm": "",
        "area_measure": "",
        "area_source": "",
        "area_date": "",
        "area_confidence": "Unknown",
        "source_url": "https://www.opsm.com.au/en/opsm-au/find-store",
        "fetched_at": "2026-07-23T00:26:21+00:00"
      }
    },
    {
      "type": "Feature",
      "geometry": {
        "type": "Point",
        "coordinates": [
          115.90048,
          -31.898739
        ]
      },
      "properties": {
        "retailer": "Specsavers",
        "store_id": "specsavers-3554",
        "name": "Morley Galleria Ground Floor",
        "status": "Active",
        "state": "WA",
        "suburb": "Morley",
        "postcode": "6062",
        "full_address": "Shop SP046, Galleria Shopping Centre, Cnr Collier & Walter Roads, Morley, WA, 6062",
        "phone": "(08) 9275 4111",
        "official_url": "https://www.specsavers.com.au/stores/morleysouth",
        "services": "Optometry; Audiology",
        "audiology": "true",
        "venue_name": "Morley Galleria Ground Floor",
        "venue_id": "wa-floor-galleria-ground-morley",
        "location_type": "Shopping Centre",
        "classification_confidence": "High",
        "classification_basis": "Official name/address contains shopping-centre evidence",
        "store_area_sqm": "",
        "area_measure": "",
        "area_source": "",
        "area_date": "",
        "area_confidence": "Unknown",
        "source_url": "https://www.specsavers.com.au/stores/morleysouth",
        "fetched_at": "2026-07-23T00:53:33.174Z"
      }
    },
    {
      "type": "Feature",
      "geometry": {
        "type": "Point",
        "coordinates": [
          115.83725,
          -31.92046
        ]
      },
      "properties": {
        "retailer": "OPSM",
        "store_id": "opsm-1425",
        "name": "OPSM Mt Hawthorn",
        "status": "Active",
        "state": "WA",
        "suburb": "Mount Hawthorn",
        "postcode": "6016",
        "full_address": "180 Scarborough Beach Rd, Mount Hawthorn, WA, 6016",
        "phone": "(08) 9443 5266",
        "official_url": "https://www.opsm.com.au/en/opsm-au/find-store",
        "services": "Collect & Return",
        "audiology": "false",
        "venue_name": "",
        "venue_id": "",
        "location_type": "Main Street / Street-front",
        "classification_confidence": "Medium",
        "classification_basis": "Official address is a numbered or corner street address without centre evidence",
        "store_area_sqm": "",
        "area_measure": "",
        "area_source": "",
        "area_date": "",
        "area_confidence": "Unknown",
        "source_url": "https://www.opsm.com.au/en/opsm-au/find-store",
        "fetched_at": "2026-07-23T00:26:21+00:00"
      }
    },
    {
      "type": "Feature",
      "geometry": {
        "type": "Point",
        "coordinates": [
          116.6724,
          -31.65412
        ]
      },
      "properties": {
        "retailer": "OPSM",
        "store_id": "opsm-1365",
        "name": "OPSM Northam",
        "status": "Active",
        "state": "WA",
        "suburb": "Northam",
        "postcode": "6401",
        "full_address": "171 Fitzgerald St, Northam, WA, 6401",
        "phone": "(08) 9622 3363",
        "official_url": "https://www.opsm.com.au/en/opsm-au/find-store",
        "services": "Collect & Return",
        "audiology": "false",
        "venue_name": "",
        "venue_id": "",
        "location_type": "Main Street / Street-front",
        "classification_confidence": "Medium",
        "classification_basis": "Official address is a numbered or corner street address without centre evidence",
        "store_area_sqm": "",
        "area_measure": "",
        "area_source": "",
        "area_date": "",
        "area_confidence": "Unknown",
        "source_url": "https://www.opsm.com.au/en/opsm-au/find-store",
        "fetched_at": "2026-07-23T00:26:21+00:00"
      }
    },
    {
      "type": "Feature",
      "geometry": {
        "type": "Point",
        "coordinates": [
          116.672295,
          -31.654139
        ]
      },
      "properties": {
        "retailer": "Specsavers",
        "store_id": "specsavers-3617",
        "name": "Northam",
        "status": "Active",
        "state": "WA",
        "suburb": "Northam",
        "postcode": "6401",
        "full_address": "Shop T22, Northam Boulevard Shopping Center, Northam, WA, 6401",
        "phone": "(08) 9670 3666",
        "official_url": "https://www.specsavers.com.au/stores/northam",
        "services": "Optometry",
        "audiology": "false",
        "venue_name": "Northam Boulevard Shopping Center",
        "venue_id": "wa-boulevard-northam",
        "location_type": "Shopping Centre",
        "classification_confidence": "High",
        "classification_basis": "Official name/address contains shopping-centre evidence",
        "store_area_sqm": "",
        "area_measure": "",
        "area_source": "",
        "area_date": "",
        "area_confidence": "Unknown",
        "source_url": "https://www.specsavers.com.au/stores/northam",
        "fetched_at": "2026-07-23T00:53:33.174Z"
      }
    },
    {
      "type": "Feature",
      "geometry": {
        "type": "Point",
        "coordinates": [
          115.8600234,
          -31.9555478
        ]
      },
      "properties": {
        "retailer": "Bailey Nelson",
        "store_id": "bailey-nelson-state-buildings-perth",
        "name": "Bailey Nelson State Buildings Perth CBD",
        "status": "Active",
        "state": "WA",
        "suburb": "Perth",
        "postcode": "6000",
        "full_address": "Corner Barrack Street and St George's Terrace, Perth, WA, 6000",
        "phone": "+61861499471",
        "official_url": "https://baileynelson.com.au/pages/optometrist-state-buildings-perth",
        "services": "Optometry Services; Bulk-Billed Eye Tests; Private Eye Tests from $65; Contact Lens Eye Tests; Visual Fields Testing; Ultra-wide retinal imaging; Optical & Sunglass styling; Free frame adjustments",
        "audiology": "false",
        "venue_name": "",
        "venue_id": "",
        "location_type": "Main Street / Street-front",
        "classification_confidence": "Medium",
        "classification_basis": "Official address is a numbered or corner street address without centre evidence",
        "store_area_sqm": "",
        "area_measure": "",
        "area_source": "",
        "area_date": "",
        "area_confidence": "Unknown",
        "source_url": "https://baileynelson.com.au/pages/optometrist-state-buildings-perth",
        "fetched_at": "2026-07-23T01:01:27+00:00"
      }
    },
    {
      "type": "Feature",
      "geometry": {
        "type": "Point",
        "coordinates": [
          115.85743,
          -31.95336
        ]
      },
      "properties": {
        "retailer": "OPSM",
        "store_id": "opsm-1082",
        "name": "OPSM Perth Hay St",
        "status": "Active",
        "state": "WA",
        "suburb": "Perth",
        "postcode": "6000",
        "full_address": "726 Hay St, Perth, WA, 6000",
        "phone": "(08) 9321 5333",
        "official_url": "https://www.opsm.com.au/en/opsm-au/find-store",
        "services": "Collect & Return",
        "audiology": "false",
        "venue_name": "",
        "venue_id": "",
        "location_type": "Main Street / Street-front",
        "classification_confidence": "Medium",
        "classification_basis": "Official address is a numbered or corner street address without centre evidence",
        "store_area_sqm": "",
        "area_measure": "",
        "area_source": "",
        "area_date": "",
        "area_confidence": "Unknown",
        "source_url": "https://www.opsm.com.au/en/opsm-au/find-store",
        "fetched_at": "2026-07-23T00:26:21+00:00"
      }
    },
    {
      "type": "Feature",
      "geometry": {
        "type": "Point",
        "coordinates": [
          115.85338,
          -31.952927
        ]
      },
      "properties": {
        "retailer": "Specsavers",
        "store_id": "specsavers-3239",
        "name": "Perth CBD - Cloisters",
        "status": "Active",
        "state": "WA",
        "suburb": "Perth",
        "postcode": "6000",
        "full_address": "200 Saint Georges Terrace, Suite 4, Cloisters Square, Perth, WA, 6000",
        "phone": "(08) 9321 9576",
        "official_url": "https://www.specsavers.com.au/stores/perthterrace",
        "services": "Optometry",
        "audiology": "false",
        "venue_name": "Cloisters Square",
        "venue_id": "wa-cloisters-square",
        "location_type": "Shopping Centre",
        "classification_confidence": "High",
        "classification_basis": "Official name/address contains shopping-centre evidence",
        "store_area_sqm": "",
        "area_measure": "",
        "area_source": "",
        "area_date": "",
        "area_confidence": "Unknown",
        "source_url": "https://www.specsavers.com.au/stores/perthterrace",
        "fetched_at": "2026-07-23T00:53:33.174Z"
      }
    },
    {
      "type": "Feature",
      "geometry": {
        "type": "Point",
        "coordinates": [
          115.85913,
          -31.95301
        ]
      },
      "properties": {
        "retailer": "Specsavers",
        "store_id": "specsavers-3481",
        "name": "Perth CBD - Murray St Mall",
        "status": "Active",
        "state": "WA",
        "suburb": "Perth",
        "postcode": "6000",
        "full_address": "Ground Floor, 159 Murray Street Mall, 97-99 Barrack Street, Perth, WA, 6000",
        "phone": "(08) 9202 1280",
        "official_url": "https://www.specsavers.com.au/stores/perthmurraystmall",
        "services": "Optometry",
        "audiology": "false",
        "venue_name": "Murray St Mall",
        "venue_id": "wa-murray-st",
        "location_type": "Shopping Centre",
        "classification_confidence": "High",
        "classification_basis": "Official name/address contains shopping-centre evidence",
        "store_area_sqm": "",
        "area_measure": "",
        "area_source": "",
        "area_date": "",
        "area_confidence": "Unknown",
        "source_url": "https://www.specsavers.com.au/stores/perthmurraystmall",
        "fetched_at": "2026-07-23T00:53:33.174Z"
      }
    },
    {
      "type": "Feature",
      "geometry": {
        "type": "Point",
        "coordinates": [
          115.90569,
          -32.03971
        ]
      },
      "properties": {
        "retailer": "OPSM",
        "store_id": "opsm-1369",
        "name": "OPSM Riverton",
        "status": "Active",
        "state": "WA",
        "suburb": "Riverton",
        "postcode": "6148",
        "full_address": "High Rd & Willeri Rd, Riverton, WA, 6148",
        "phone": "(08) 9354 1733",
        "official_url": "https://www.opsm.com.au/en/opsm-au/find-store",
        "services": "Collect & Return",
        "audiology": "false",
        "venue_name": "",
        "venue_id": "",
        "location_type": "Main Street / Street-front",
        "classification_confidence": "Low",
        "classification_basis": "Official address contains street evidence but needs review",
        "store_area_sqm": "",
        "area_measure": "",
        "area_source": "",
        "area_date": "",
        "area_confidence": "Unknown",
        "source_url": "https://www.opsm.com.au/en/opsm-au/find-store",
        "fetched_at": "2026-07-23T00:26:21+00:00"
      }
    },
    {
      "type": "Feature",
      "geometry": {
        "type": "Point",
        "coordinates": [
          115.90556,
          -32.039955
        ]
      },
      "properties": {
        "retailer": "Specsavers",
        "store_id": "specsavers-3443",
        "name": "Riverton Stockland",
        "status": "Active",
        "state": "WA",
        "suburb": "Riverton",
        "postcode": "6148",
        "full_address": "Shop 11 & 11B Riverton Forum Shopping Centre, Cnr High Road & Willeri Drive, Riverton, WA, 6148",
        "phone": "(08) 9259 4053",
        "official_url": "https://www.specsavers.com.au/stores/riverton",
        "services": "Optometry; Audiology",
        "audiology": "true",
        "venue_name": "& 11B Riverton Forum Shopping Centre",
        "venue_id": "wa-11b-and-forum-riverton",
        "location_type": "Shopping Centre",
        "classification_confidence": "High",
        "classification_basis": "Official name/address contains shopping-centre evidence",
        "store_area_sqm": "",
        "area_measure": "",
        "area_source": "",
        "area_date": "",
        "area_confidence": "Unknown",
        "source_url": "https://www.specsavers.com.au/stores/riverton",
        "fetched_at": "2026-07-23T00:53:33.174Z"
      }
    },
    {
      "type": "Feature",
      "geometry": {
        "type": "Point",
        "coordinates": [
          115.74829,
          -32.28955
        ]
      },
      "properties": {
        "retailer": "OPSM",
        "store_id": "opsm-1285",
        "name": "OPSM Rockingham",
        "status": "Active",
        "state": "WA",
        "suburb": "Rockingham",
        "postcode": "6168",
        "full_address": "1 Council Ave, Rockingham, WA, 6168",
        "phone": "(08) 9527 1444",
        "official_url": "https://www.opsm.com.au/en/opsm-au/find-store",
        "services": "Collect & Return",
        "audiology": "false",
        "venue_name": "",
        "venue_id": "",
        "location_type": "Main Street / Street-front",
        "classification_confidence": "Medium",
        "classification_basis": "Official address is a numbered or corner street address without centre evidence",
        "store_area_sqm": "",
        "area_measure": "",
        "area_source": "",
        "area_date": "",
        "area_confidence": "Unknown",
        "source_url": "https://www.opsm.com.au/en/opsm-au/find-store",
        "fetched_at": "2026-07-23T00:26:21+00:00"
      }
    },
    {
      "type": "Feature",
      "geometry": {
        "type": "Point",
        "coordinates": [
          115.74285,
          -32.290062
        ]
      },
      "properties": {
        "retailer": "Specsavers",
        "store_id": "specsavers-3228",
        "name": "Rockingham S/C",
        "status": "Active",
        "state": "WA",
        "suburb": "Rockingham",
        "postcode": "6168",
        "full_address": "Shop T138, 1 Council Ave, Rockingham, WA, 6168",
        "phone": "(08) 9527 5122",
        "official_url": "https://www.specsavers.com.au/stores/rockingham",
        "services": "Optometry; Audiology",
        "audiology": "true",
        "venue_name": "Rockingham Shopping Centre",
        "venue_id": "wa-rockingham",
        "location_type": "Shopping Centre",
        "classification_confidence": "High",
        "classification_basis": "Official name/address contains shopping-centre evidence",
        "store_area_sqm": "",
        "area_measure": "",
        "area_source": "",
        "area_date": "",
        "area_confidence": "Unknown",
        "source_url": "https://www.specsavers.com.au/stores/rockingham",
        "fetched_at": "2026-07-23T00:53:33.174Z"
      }
    },
    {
      "type": "Feature",
      "geometry": {
        "type": "Point",
        "coordinates": [
          115.75829,
          -32.40769
        ]
      },
      "properties": {
        "retailer": "OPSM",
        "store_id": "opsm-2933",
        "name": "OPSM Secret Harbour",
        "status": "Active",
        "state": "WA",
        "suburb": "Secret Harbour",
        "postcode": "6173",
        "full_address": "Secret Harbour Blvd, Secret Harbour, WA, 6173",
        "phone": "(08) 6149 5423",
        "official_url": "https://www.opsm.com.au/en/opsm-au/find-store",
        "services": "Kids Vision Centre, Collect & Return",
        "audiology": "false",
        "venue_name": "",
        "venue_id": "",
        "location_type": "Unclassified",
        "classification_confidence": "Low",
        "classification_basis": "Insufficient official venue or street evidence",
        "store_area_sqm": "",
        "area_measure": "",
        "area_source": "",
        "area_date": "",
        "area_confidence": "Unknown",
        "source_url": "https://www.opsm.com.au/en/opsm-au/find-store",
        "fetched_at": "2026-07-23T00:26:21+00:00"
      }
    },
    {
      "type": "Feature",
      "geometry": {
        "type": "Point",
        "coordinates": [
          118.59987,
          -20.41027
        ]
      },
      "properties": {
        "retailer": "OPSM",
        "store_id": "opsm-1042",
        "name": "OPSM South Hedland",
        "status": "Active",
        "state": "WA",
        "suburb": "South Hedland",
        "postcode": "6722",
        "full_address": "9/31 Throssel Rd, South Hedland, WA, 6722",
        "phone": "(08) 9140 2323",
        "official_url": "https://www.opsm.com.au/en/opsm-au/find-store",
        "services": "Collect & Return",
        "audiology": "false",
        "venue_name": "",
        "venue_id": "",
        "location_type": "Main Street / Street-front",
        "classification_confidence": "Medium",
        "classification_basis": "Official address is a numbered or corner street address without centre evidence",
        "store_area_sqm": "",
        "area_measure": "",
        "area_source": "",
        "area_date": "",
        "area_confidence": "Unknown",
        "source_url": "https://www.opsm.com.au/en/opsm-au/find-store",
        "fetched_at": "2026-07-23T00:26:21+00:00"
      }
    },
    {
      "type": "Feature",
      "geometry": {
        "type": "Point",
        "coordinates": [
          115.86383,
          -31.98085
        ]
      },
      "properties": {
        "retailer": "OPSM",
        "store_id": "opsm-2354",
        "name": "OPSM South Perth",
        "status": "Active",
        "state": "WA",
        "suburb": "South Perth",
        "postcode": "6151",
        "full_address": "90 Angelo St, South Perth, WA, 6151",
        "phone": "(08) 9367 2789",
        "official_url": "https://www.opsm.com.au/en/opsm-au/find-store",
        "services": "Collect & Return",
        "audiology": "false",
        "venue_name": "",
        "venue_id": "",
        "location_type": "Main Street / Street-front",
        "classification_confidence": "Medium",
        "classification_basis": "Official address is a numbered or corner street address without centre evidence",
        "store_area_sqm": "",
        "area_measure": "",
        "area_source": "",
        "area_date": "",
        "area_confidence": "Unknown",
        "source_url": "https://www.opsm.com.au/en/opsm-au/find-store",
        "fetched_at": "2026-07-23T00:26:21+00:00"
      }
    },
    {
      "type": "Feature",
      "geometry": {
        "type": "Point",
        "coordinates": [
          115.78462,
          -32.09791
        ]
      },
      "properties": {
        "retailer": "OPSM",
        "store_id": "opsm-1426",
        "name": "OPSM Phoenix",
        "status": "Active",
        "state": "WA",
        "suburb": "Spearwood",
        "postcode": "6163",
        "full_address": "254 Rockingham Rd, Spearwood, WA, 6163",
        "phone": "(08) 9418 5000",
        "official_url": "https://www.opsm.com.au/en/opsm-au/find-store",
        "services": "Collect & Return",
        "audiology": "false",
        "venue_name": "",
        "venue_id": "",
        "location_type": "Main Street / Street-front",
        "classification_confidence": "Medium",
        "classification_basis": "Official address is a numbered or corner street address without centre evidence",
        "store_area_sqm": "",
        "area_measure": "",
        "area_source": "",
        "area_date": "",
        "area_confidence": "Unknown",
        "source_url": "https://www.opsm.com.au/en/opsm-au/find-store",
        "fetched_at": "2026-07-23T00:26:21+00:00"
      }
    },
    {
      "type": "Feature",
      "geometry": {
        "type": "Point",
        "coordinates": [
          115.78342,
          -32.098
        ]
      },
      "properties": {
        "retailer": "Specsavers",
        "store_id": "specsavers-3464",
        "name": "Spearwood - Phoenix S/C",
        "status": "Active",
        "state": "WA",
        "suburb": "Spearwood",
        "postcode": "6163",
        "full_address": "28/254 Rockingham Rd, Spearwood, WA, 6163",
        "phone": "(08) 9418 1242",
        "official_url": "https://www.specsavers.com.au/stores/spearwood",
        "services": "Optometry; Audiology",
        "audiology": "true",
        "venue_name": "",
        "venue_id": "",
        "location_type": "Shopping Centre",
        "classification_confidence": "High",
        "classification_basis": "Official name/address contains shopping-centre evidence",
        "store_area_sqm": "",
        "area_measure": "",
        "area_source": "",
        "area_date": "",
        "area_confidence": "Unknown",
        "source_url": "https://www.specsavers.com.au/stores/spearwood",
        "fetched_at": "2026-07-23T00:53:33.174Z"
      }
    },
    {
      "type": "Feature",
      "geometry": {
        "type": "Point",
        "coordinates": [
          115.82417,
          -31.94653
        ]
      },
      "properties": {
        "retailer": "OPSM",
        "store_id": "opsm-1288",
        "name": "OPSM Subiaco",
        "status": "Active",
        "state": "WA",
        "suburb": "Subiaco",
        "postcode": "6008",
        "full_address": "30 Rokeby Rd, Subiaco, WA, 6008",
        "phone": "(08) 9388 1706",
        "official_url": "https://www.opsm.com.au/en/opsm-au/find-store",
        "services": "Collect & Return",
        "audiology": "false",
        "venue_name": "",
        "venue_id": "",
        "location_type": "Main Street / Street-front",
        "classification_confidence": "Medium",
        "classification_basis": "Official address is a numbered or corner street address without centre evidence",
        "store_area_sqm": "",
        "area_measure": "",
        "area_source": "",
        "area_date": "",
        "area_confidence": "Unknown",
        "source_url": "https://www.opsm.com.au/en/opsm-au/find-store",
        "fetched_at": "2026-07-23T00:26:21+00:00"
      }
    },
    {
      "type": "Feature",
      "geometry": {
        "type": "Point",
        "coordinates": [
          115.82391,
          -31.945864
        ]
      },
      "properties": {
        "retailer": "Specsavers",
        "store_id": "specsavers-3644",
        "name": "Subiaco",
        "status": "Active",
        "state": "WA",
        "suburb": "Subiaco",
        "postcode": "6008",
        "full_address": "Shop 13, Rogerson Building, 1 Rokeby Road, Subiaco, WA, 6008",
        "phone": "(08) 9335 1165",
        "official_url": "https://www.specsavers.com.au/stores/subiaco",
        "services": "Optometry; Audiology",
        "audiology": "true",
        "venue_name": "",
        "venue_id": "",
        "location_type": "Shopping Centre",
        "classification_confidence": "Medium",
        "classification_basis": "Official address uses a shop/level format; venue name requires review",
        "store_area_sqm": "",
        "area_measure": "",
        "area_source": "",
        "area_date": "",
        "area_confidence": "Unknown",
        "source_url": "https://www.specsavers.com.au/stores/subiaco",
        "fetched_at": "2026-07-23T00:53:33.174Z"
      }
    },
    {
      "type": "Feature",
      "geometry": {
        "type": "Point",
        "coordinates": [
          115.85798,
          -32.13112
        ]
      },
      "properties": {
        "retailer": "OPSM",
        "store_id": "opsm-1424",
        "name": "OPSM Gateways",
        "status": "Active",
        "state": "WA",
        "suburb": "Success",
        "postcode": "6164",
        "full_address": "816 Beeliar Dr, Success, WA, 6164",
        "phone": "(08) 9498 5855",
        "official_url": "https://www.opsm.com.au/en/opsm-au/find-store",
        "services": "Kids Vision Centre, Collect & Return",
        "audiology": "false",
        "venue_name": "",
        "venue_id": "",
        "location_type": "Unclassified",
        "classification_confidence": "Low",
        "classification_basis": "Insufficient official venue or street evidence",
        "store_area_sqm": "",
        "area_measure": "",
        "area_source": "",
        "area_date": "",
        "area_confidence": "Unknown",
        "source_url": "https://www.opsm.com.au/en/opsm-au/find-store",
        "fetched_at": "2026-07-23T00:26:21+00:00"
      }
    },
    {
      "type": "Feature",
      "geometry": {
        "type": "Point",
        "coordinates": [
          115.85778,
          -32.132576
        ]
      },
      "properties": {
        "retailer": "Specsavers",
        "store_id": "specsavers-3434",
        "name": "Success - Cockburn Gateway S/C",
        "status": "Active",
        "state": "WA",
        "suburb": "Success",
        "postcode": "6164",
        "full_address": "Shop G105 Cockburn Gateway S/C, 816 Beelier Drive, Success, WA, 6164",
        "phone": "(08) 9499 4699",
        "official_url": "https://www.specsavers.com.au/stores/success",
        "services": "Optometry; Audiology",
        "audiology": "true",
        "venue_name": "",
        "venue_id": "",
        "location_type": "Shopping Centre",
        "classification_confidence": "High",
        "classification_basis": "Official name/address contains shopping-centre evidence",
        "store_area_sqm": "",
        "area_measure": "",
        "area_source": "",
        "area_date": "",
        "area_confidence": "Unknown",
        "source_url": "https://www.specsavers.com.au/stores/success",
        "fetched_at": "2026-07-23T00:53:33.174Z"
      }
    },
    {
      "type": "Feature",
      "geometry": {
        "type": "Point",
        "coordinates": [
          115.89793,
          -31.973694
        ]
      },
      "properties": {
        "retailer": "Specsavers",
        "store_id": "specsavers-3234",
        "name": "Victoria Park Central",
        "status": "Active",
        "state": "WA",
        "suburb": "Victoria Park",
        "postcode": "6100",
        "full_address": "Shop SP020 & SP021, Victoria Park Central, 366 Albany Highway, Victoria Park, WA, 6100",
        "phone": "(08) 9472 4848",
        "official_url": "https://www.specsavers.com.au/stores/victoriapark",
        "services": "Optometry; Audiology",
        "audiology": "true",
        "venue_name": "",
        "venue_id": "",
        "location_type": "Shopping Centre",
        "classification_confidence": "Medium",
        "classification_basis": "Official address uses a shop/level format; venue name requires review",
        "store_area_sqm": "",
        "area_measure": "",
        "area_source": "",
        "area_date": "",
        "area_confidence": "Unknown",
        "source_url": "https://www.specsavers.com.au/stores/victoriapark",
        "fetched_at": "2026-07-23T00:53:33.174Z"
      }
    },
    {
      "type": "Feature",
      "geometry": {
        "type": "Point",
        "coordinates": [
          115.80512,
          -31.75272
        ]
      },
      "properties": {
        "retailer": "OPSM",
        "store_id": "opsm-2935",
        "name": "OPSM Wanneroo",
        "status": "Active",
        "state": "WA",
        "suburb": "Wanneroo",
        "postcode": "6065",
        "full_address": "950 Wanneroo Rd, Wanneroo, WA, 6065",
        "phone": "08 6206 0597",
        "official_url": "https://www.opsm.com.au/en/opsm-au/find-store",
        "services": "Collect & Return",
        "audiology": "false",
        "venue_name": "",
        "venue_id": "",
        "location_type": "Main Street / Street-front",
        "classification_confidence": "Medium",
        "classification_basis": "Official address is a numbered or corner street address without centre evidence",
        "store_area_sqm": "",
        "area_measure": "",
        "area_source": "",
        "area_date": "",
        "area_confidence": "Unknown",
        "source_url": "https://www.opsm.com.au/en/opsm-au/find-store",
        "fetched_at": "2026-07-23T00:26:21+00:00"
      }
    },
    {
      "type": "Feature",
      "geometry": {
        "type": "Point",
        "coordinates": [
          115.805084,
          -31.75297
        ]
      },
      "properties": {
        "retailer": "Specsavers",
        "store_id": "specsavers-3472",
        "name": "Wanneroo Central",
        "status": "Active",
        "state": "WA",
        "suburb": "Wanneroo",
        "postcode": "6065",
        "full_address": "Shop 24 & 25, Wanneroo Central, Wanneroo Road, Wanneroo, WA, 6065",
        "phone": "(08) 9404 8271",
        "official_url": "https://www.specsavers.com.au/stores/wanneroo",
        "services": "Optometry; Audiology",
        "audiology": "true",
        "venue_name": "",
        "venue_id": "",
        "location_type": "Shopping Centre",
        "classification_confidence": "Medium",
        "classification_basis": "Official address uses a shop/level format; venue name requires review",
        "store_area_sqm": "",
        "area_measure": "",
        "area_source": "",
        "area_date": "",
        "area_confidence": "Unknown",
        "source_url": "https://www.specsavers.com.au/stores/wanneroo",
        "fetched_at": "2026-07-23T00:53:33.174Z"
      }
    },
    {
      "type": "Feature",
      "geometry": {
        "type": "Point",
        "coordinates": [
          115.76261,
          -32.34614
        ]
      },
      "properties": {
        "retailer": "OPSM",
        "store_id": "opsm-1249",
        "name": "OPSM Warnbro",
        "status": "Active",
        "state": "WA",
        "suburb": "Warnbro",
        "postcode": "6169",
        "full_address": "206 Warnbro Sound Ave, Warnbro, WA, 6169",
        "phone": "(08) 9593 0000",
        "official_url": "https://www.opsm.com.au/en/opsm-au/find-store",
        "services": "Collect & Return",
        "audiology": "false",
        "venue_name": "",
        "venue_id": "",
        "location_type": "Main Street / Street-front",
        "classification_confidence": "Medium",
        "classification_basis": "Official address is a numbered or corner street address without centre evidence",
        "store_area_sqm": "",
        "area_measure": "",
        "area_source": "",
        "area_date": "",
        "area_confidence": "Unknown",
        "source_url": "https://www.opsm.com.au/en/opsm-au/find-store",
        "fetched_at": "2026-07-23T00:26:21+00:00"
      }
    },
    {
      "type": "Feature",
      "geometry": {
        "type": "Point",
        "coordinates": [
          115.762856,
          -32.346214
        ]
      },
      "properties": {
        "retailer": "Specsavers",
        "store_id": "specsavers-3492",
        "name": "Warnbro Centre",
        "status": "Active",
        "state": "WA",
        "suburb": "Warnbro",
        "postcode": "6169",
        "full_address": "Shop SP021 Warnbro Centre, 206 Warnbro Sound Avenue, Warnbro, WA, 6169",
        "phone": "(08) 9593 1488",
        "official_url": "https://www.specsavers.com.au/stores/warnbro",
        "services": "Optometry; Audiology",
        "audiology": "true",
        "venue_name": "Warnbro Centre",
        "venue_id": "wa-warnbro",
        "location_type": "Shopping Centre",
        "classification_confidence": "High",
        "classification_basis": "Official name/address contains shopping-centre evidence",
        "store_area_sqm": "",
        "area_measure": "",
        "area_source": "",
        "area_date": "",
        "area_confidence": "Unknown",
        "source_url": "https://www.specsavers.com.au/stores/warnbro",
        "fetched_at": "2026-07-23T00:53:33.174Z"
      }
    },
    {
      "type": "Feature",
      "geometry": {
        "type": "Point",
        "coordinates": [
          115.81088,
          -31.844
        ]
      },
      "properties": {
        "retailer": "OPSM",
        "store_id": "opsm-1077",
        "name": "OPSM Warwick",
        "status": "Active",
        "state": "WA",
        "suburb": "Warwick",
        "postcode": "6024",
        "full_address": "Cnr Beach Rd & Ernidale Rd, Warwick, WA, 6024",
        "phone": "(08) 9246 5588",
        "official_url": "https://www.opsm.com.au/en/opsm-au/find-store",
        "services": "Collect & Return",
        "audiology": "false",
        "venue_name": "",
        "venue_id": "",
        "location_type": "Main Street / Street-front",
        "classification_confidence": "Medium",
        "classification_basis": "Official address is a numbered or corner street address without centre evidence",
        "store_area_sqm": "",
        "area_measure": "",
        "area_source": "",
        "area_date": "",
        "area_confidence": "Unknown",
        "source_url": "https://www.opsm.com.au/en/opsm-au/find-store",
        "fetched_at": "2026-07-23T00:26:21+00:00"
      }
    },
    {
      "type": "Feature",
      "geometry": {
        "type": "Point",
        "coordinates": [
          115.81181,
          -31.844387
        ]
      },
      "properties": {
        "retailer": "Specsavers",
        "store_id": "specsavers-3462",
        "name": "Warwick Grove",
        "status": "Active",
        "state": "WA",
        "suburb": "Warwick",
        "postcode": "6024",
        "full_address": "Shop SP010 Warwick Grove, Beach Road, Warwick, WA, 6024",
        "phone": "(08) 9203 8300",
        "official_url": "https://www.specsavers.com.au/stores/warwick",
        "services": "Optometry; Audiology",
        "audiology": "true",
        "venue_name": "",
        "venue_id": "",
        "location_type": "Shopping Centre",
        "classification_confidence": "Medium",
        "classification_basis": "Official address uses a shop/level format; venue name requires review",
        "store_area_sqm": "",
        "area_measure": "",
        "area_source": "",
        "area_date": "",
        "area_confidence": "Unknown",
        "source_url": "https://www.specsavers.com.au/stores/warwick",
        "fetched_at": "2026-07-23T00:53:33.174Z"
      }
    },
    {
      "type": "Feature",
      "geometry": {
        "type": "Point",
        "coordinates": [
          115.87984,
          -32.05742
        ]
      },
      "properties": {
        "retailer": "Specsavers",
        "store_id": "specsavers-3395",
        "name": "Willetton-Southlands Blvd",
        "status": "Active",
        "state": "WA",
        "suburb": "Willetton",
        "postcode": "6155",
        "full_address": "Shop T48, HomeCo. Southlands Boulevarde, 45 Burrendah Boulevard, Willetton, WA, 6155",
        "phone": "(08) 9332 5111",
        "official_url": "https://www.specsavers.com.au/stores/willetton",
        "services": "Optometry; Audiology",
        "audiology": "true",
        "venue_name": "HomeCo. Southlands Boulevarde",
        "venue_id": "wa-boulevarde-homeco-southlands",
        "location_type": "Shopping Centre",
        "classification_confidence": "High",
        "classification_basis": "Official name/address contains shopping-centre evidence",
        "store_area_sqm": "",
        "area_measure": "",
        "area_source": "",
        "area_date": "",
        "area_confidence": "Unknown",
        "source_url": "https://www.specsavers.com.au/stores/willetton",
        "fetched_at": "2026-07-23T00:53:33.174Z"
      }
    },
    {
      "type": "Feature",
      "geometry": {
        "type": "Point",
        "coordinates": [
          115.83141,
          -32.0588
        ]
      },
      "properties": {
        "retailer": "Specsavers",
        "store_id": "specsavers-3229",
        "name": "Winthrop Village S/C",
        "status": "Active",
        "state": "WA",
        "suburb": "Winthrop",
        "postcode": "6150",
        "full_address": "7/46-50 Somerville Boulevard, Winthrop Village Shopping Centre, Winthrop, WA, 6150",
        "phone": "(08) 9310 5488",
        "official_url": "https://www.specsavers.com.au/stores/winthrop-village",
        "services": "Optometry; Audiology",
        "audiology": "true",
        "venue_name": "Winthrop Village Shopping Centre",
        "venue_id": "wa-village-winthrop",
        "location_type": "Shopping Centre",
        "classification_confidence": "High",
        "classification_basis": "Official name/address contains shopping-centre evidence",
        "store_area_sqm": "",
        "area_measure": "",
        "area_source": "",
        "area_date": "",
        "area_confidence": "Unknown",
        "source_url": "https://www.specsavers.com.au/stores/winthrop-village",
        "fetched_at": "2026-07-23T00:53:33.174Z"
      }
    },
    {
      "type": "Feature",
      "geometry": {
        "type": "Point",
        "coordinates": [
          115.8471,
          -31.910635
        ]
      },
      "properties": {
        "retailer": "Specsavers",
        "store_id": "specsavers-3435",
        "name": "Yokine - Dog Swamp S/C",
        "status": "Active",
        "state": "WA",
        "suburb": "Yokine",
        "postcode": "6060",
        "full_address": "Shop 13 - 15, Dog Swamp Shopping Centre, 6 Wanneroo Road, Yokine, WA, 6060",
        "phone": "(08) 9444 5299",
        "official_url": "https://www.specsavers.com.au/stores/yokine",
        "services": "Optometry; Audiology",
        "audiology": "true",
        "venue_name": "Dog Swamp Shopping Centre",
        "venue_id": "wa-dog-swamp",
        "location_type": "Shopping Centre",
        "classification_confidence": "High",
        "classification_basis": "Official name/address contains shopping-centre evidence",
        "store_area_sqm": "",
        "area_measure": "",
        "area_source": "",
        "area_date": "",
        "area_confidence": "Unknown",
        "source_url": "https://www.specsavers.com.au/stores/yokine",
        "fetched_at": "2026-07-23T00:53:33.174Z"
      }
    }
  ]
}
