retailer,store_id,name,status,state,suburb,postcode,full_address,phone,latitude,longitude,official_url,services,audiology,venue_name,venue_id,location_type,classification_confidence,classification_basis,store_area_sqm,area_measure,area_source,area_date,area_confidence,source_url,fetched_at
Bailey Nelson,bailey-nelson-belconnen,Bailey Nelson Belconnen,Active,ACT,Belconnen,2617,"Level 2, Shop 81 Benjamin Way, Belconnen, ACT, 2617",+61251275194,-35.2381903,149.065097,https://baileynelson.com.au/pages/optometrist-belconnen,Optometry Services; Bulk-Billed Eye Tests; Private Eye Tests from $65; Contact Lens Eye Tests; Visual Fields Testing; Ultra-wide retinal imaging; Optical & Sunglass styling; Free frame adjustments,false,,,Shopping Centre,Medium,Official address uses a shop/level format; venue name requires review,,,,,Unknown,https://baileynelson.com.au/pages/optometrist-belconnen,2026-07-23T01:01:27+00:00
OPSM,opsm-1221,OPSM Belconnen,Active,ACT,Belconnen,2617,"3 Benjamin Way, Belconnen, ACT, 2617",(02) 6251 4245,-35.23839,149.06656,https://www.opsm.com.au/en/opsm-au/find-store,"Dry Eye, Collect & Return",false,,,Unclassified,Low,Insufficient official venue or street evidence,,,,,Unknown,https://www.opsm.com.au/en/opsm-au/find-store,2026-07-23T00:26:21+00:00
Specsavers,specsavers-3307,Belconnen Westfield,Active,ACT,Belconnen,2617,"Shop 170/171 Benjamin Way, Belconnen, ACT, 2617",(02) 6251 0415,-35.23779,149.06656,https://www.specsavers.com.au/stores/belconnen,Optometry; Audiology,true,Belconnen Westfield,act-belconnen-westfield,Shopping Centre,High,Official name/address contains shopping-centre evidence,,,,,Unknown,https://www.specsavers.com.au/stores/belconnen,2026-07-23T00:53:33.174Z
Bailey Nelson,bailey-nelson-canberra,Bailey Nelson Canberra City,Active,ACT,Canberra,2601,"2 Bunda St, Canberra, ACT, 2601",+61251275196,-35.278545,149.1336806,https://baileynelson.com.au/pages/optometrist-canberra,Optometry Services; Bulk-Billed Eye Tests; Private Eye Tests from $65; Contact Lens Eye Tests; Visual Fields Testing; Ultra-wide retinal imaging; Optical & Sunglass styling; Free frame adjustments,false,,,Main Street / Street-front,Medium,Official address is a numbered or corner street address without centre evidence,,,,,Unknown,https://baileynelson.com.au/pages/optometrist-canberra,2026-07-23T01:01:27+00:00
OPSM,opsm-1029,OPSM Canberra,Active,ACT,Canberra,2601,"Bunda St, Canberra, ACT, 2601",(02) 6249 7344,-35.28001,149.13431,https://www.opsm.com.au/en/opsm-au/find-store,"Dry Eye, Collect & Return",false,,,Main Street / Street-front,Low,Official address contains street evidence but needs review,,,,,Unknown,https://www.opsm.com.au/en/opsm-au/find-store,2026-07-23T00:26:21+00:00
Specsavers,specsavers-3309,Canberra Centre,Active,ACT,Canberra,2600,"Shop EG14/15 Canberra Centre Civic, 148 Bunda St, Canberra, ACT, 2600",(02) 6262 9584,-35.27743,149.13133,https://www.specsavers.com.au/stores/canberra,Optometry; Audiology,true,Canberra Centre,act-canberra,Shopping Centre,High,Official name/address contains shopping-centre evidence,,,,,Unknown,https://www.specsavers.com.au/stores/canberra,2026-07-23T00:53:33.174Z
Specsavers,specsavers-3308,Tuggeranong,Active,ACT,Greenway,2900,"Shop 106, South Point Shopping Centre, 175 Anketell Street, Greenway, ACT, 2900",(02) 6293 1590,-35.415806,149.06734,https://www.specsavers.com.au/stores/tuggeranong,Optometry; Audiology,true,South Point Shopping Centre,act-point-south,Shopping Centre,High,Official name/address contains shopping-centre evidence,,,,,Unknown,https://www.specsavers.com.au/stores/tuggeranong,2026-07-23T00:53:33.174Z
OPSM,opsm-1121,OPSM Gungahlin,Active,ACT,Gungahlin,2912,"30 Hibbersen St, Gungahlin, ACT, 2912",(02) 6241 7933,-35.18548,149.1332,https://www.opsm.com.au/en/opsm-au/find-store,"Audiology, Dry Eye, Collect & Return",true,,,Main Street / Street-front,Medium,Official address is a numbered or corner street address without centre evidence,,,,,Unknown,https://www.opsm.com.au/en/opsm-au/find-store,2026-07-23T00:26:21+00:00
Specsavers,specsavers-3583,Gungahlin,Active,ACT,Gungahlin,2912,"Shop 17-19, 33 Hibberson Street, Gungahlin, ACT, 2912",(02) 6171 7414,-35.185867,149.13376,https://www.specsavers.com.au/stores/gungahlin,Optometry; Audiology,true,,,Shopping Centre,Medium,Official address uses a shop/level format; venue name requires review,,,,,Unknown,https://www.specsavers.com.au/stores/gungahlin,2026-07-23T00:53:33.174Z
Specsavers,specsavers-3346,Woden Westfield,Active,ACT,Phillip,2606,"Westfield Woden, Keltie Street, Phillip, ACT, 2606",(02) 6281 1365,-35.346428,149.08653,https://www.specsavers.com.au/stores/woden,Optometry; Audiology,true,Woden Westfield,act-westfield-woden,Shopping Centre,High,Official name/address contains shopping-centre evidence,,,,,Unknown,https://www.specsavers.com.au/stores/woden,2026-07-23T00:53:33.174Z
OPSM,opsm-1009,OPSM Tuggeranong,Active,ACT,Tuggeranong,2900,"Cnr Pitman St & Anketell St, Tuggeranong, ACT, 2900",(02) 6293 1133,-35.41651,149.06704,https://www.opsm.com.au/en/opsm-au/find-store,Collect & Return,false,,,Main Street / Street-front,Medium,Official address is a numbered or corner street address without centre evidence,,,,,Unknown,https://www.opsm.com.au/en/opsm-au/find-store,2026-07-23T00:26:21+00:00
OPSM,opsm-2265,OPSM Weston,Active,ACT,Weston Creek,2611,"Brierly St, Weston Creek, ACT, 2611",(02) 6288 0599,-35.34148,149.05272,https://www.opsm.com.au/en/opsm-au/find-store,Collect & Return,false,,,Main Street / Street-front,Low,Official address contains street evidence but needs review,,,,,Unknown,https://www.opsm.com.au/en/opsm-au/find-store,2026-07-23T00:26:21+00:00
Specsavers,specsavers-3657,Weston Creek,Active,ACT,Weston Creek,2611,"Shop 007, Cooleman Court, Brierly Street, Weston Creek, ACT, 2611",(02) 6106 9227,-35.34154,149.0528,https://www.specsavers.com.au/stores/westoncreek,Optometry; Audiology,true,,,Shopping Centre,Medium,Official address uses a shop/level format; venue name requires review,,,,,Unknown,https://www.specsavers.com.au/stores/westoncreek,2026-07-23T00:53:33.174Z
OPSM,opsm-1226,OPSM Woden,Active,ACT,Woden Valley,2606,"Keltie St, Woden Valley, ACT, 2606",(02) 6282 1043,-35.34644,149.0855,https://www.opsm.com.au/en/opsm-au/find-store,"Dry Eye, Collect & Return",false,,,Main Street / Street-front,Low,Official address contains street evidence but needs review,,,,,Unknown,https://www.opsm.com.au/en/opsm-au/find-store,2026-07-23T00:26:21+00:00
OPSM,opsm-1017,OPSM Albury,Active,NSW,Albury,2640,"569 Dean St, Albury, NSW, 2640",(02) 6021 3381,-36.08091,146.91603,https://www.opsm.com.au/en/opsm-au/find-store,"Audiology, Dry Eye, Collect & Return",true,,,Main Street / Street-front,Medium,Official address is a numbered or corner street address without centre evidence,,,,,Unknown,https://www.opsm.com.au/en/opsm-au/find-store,2026-07-23T00:26:21+00:00
Specsavers,specsavers-3465,Albury,Active,NSW,Albury,2640,"511-517 Dean St, Shop 2, Albury, NSW, 2640",(02) 6023 5815,-36.081432,146.91747,https://www.specsavers.com.au/stores/albury,Optometry; Audiology,true,,,Shopping Centre,Medium,Official address uses a shop/level format; venue name requires review,,,,,Unknown,https://www.specsavers.com.au/stores/albury,2026-07-23T00:53:33.174Z
OPSM,opsm-1108,OPSM Armidale,Active,NSW,Armidale,2350,"Cnr Beardy & Jessie St, Armidale, NSW, 2350",(02) 6772 3242,-30.51218,151.66266,https://www.opsm.com.au/en/opsm-au/find-store,Collect & Return,false,,,Main Street / Street-front,Medium,Official address is a numbered or corner street address without centre evidence,,,,,Unknown,https://www.opsm.com.au/en/opsm-au/find-store,2026-07-23T00:26:21+00:00
Specsavers,specsavers-3611,Armidale,Active,NSW,Armidale,2350,"Shop 24, Armidale Central, 225 Beardy Street, Armidale, NSW, 2350",(02) 6362 0901,-30.512236,151.66284,https://www.specsavers.com.au/stores/armidale,Optometry; Audiology,true,,,Shopping Centre,Medium,Official address uses a shop/level format; venue name requires review,,,,,Unknown,https://www.specsavers.com.au/stores/armidale,2026-07-23T00:53:33.174Z
OPSM,opsm-1175,OPSM Ashfield,Active,NSW,Ashfield,2131,"260A Liverpool Rd, Ashfield, NSW, 2131",(02) 9798 0645,-33.88953,151.12414,https://www.opsm.com.au/en/opsm-au/find-store,Collect & Return,false,,,Main Street / Street-front,Medium,Official address is a numbered or corner street address without centre evidence,,,,,Unknown,https://www.opsm.com.au/en/opsm-au/find-store,2026-07-23T00:26:21+00:00
Specsavers,specsavers-3519,Ashfield,Active,NSW,Ashfield,2131,"Shop 63, Ashfield Mall, 260A Liverpool Road, Ashfield, NSW, 2131",(02) 9011 6988,-33.88912,151.12392,https://www.specsavers.com.au/stores/ashfield,Optometry; Audiology,true,Ashfield Mall,nsw-ashfield,Shopping Centre,High,Official name/address contains shopping-centre evidence,,,,,Unknown,https://www.specsavers.com.au/stores/ashfield,2026-07-23T00:53:33.174Z
OPSM,opsm-2986,OPSM Balgowlah,Active,NSW,Balgowlah,2093,"197-215 Condamine St, Balgowlah, NSW, 2093",(02) 9949 5023,-33.79323,151.26431,https://www.opsm.com.au/en/opsm-au/find-store,Collect & Return,false,,,Main Street / Street-front,Medium,Official address is a numbered or corner street address without centre evidence,,,,,Unknown,https://www.opsm.com.au/en/opsm-au/find-store,2026-07-23T00:26:21+00:00
Specsavers,specsavers-3624,Balgowlah,Active,NSW,Balgowlah,2093,"Shop 41/42 Balgowlah Shopping Centre, 197-215 Condamine Street, Balgowlah, NSW, 2093",(02) 9907 1169,-33.793247,151.26442,https://www.specsavers.com.au/stores/balgowlah,Optometry; Audiology,true,,,Shopping Centre,High,Official name/address contains shopping-centre evidence,,,,,Unknown,https://www.specsavers.com.au/stores/balgowlah,2026-07-23T00:53:33.174Z
OPSM,opsm-1259,OPSM Ballina,Active,NSW,Ballina,2478,"Cnr Kerr St & Fox St, Ballina, NSW, 2478",(02) 6686 5071,-28.85811,153.55944,https://www.opsm.com.au/en/opsm-au/find-store,Collect & Return,false,,,Main Street / Street-front,Medium,Official address is a numbered or corner street address without centre evidence,,,,,Unknown,https://www.opsm.com.au/en/opsm-au/find-store,2026-07-23T00:26:21+00:00
Specsavers,specsavers-3296,Ballina,Active,NSW,Ballina,2478,"155 River St, Ballina, NSW, 2478",(02) 6686 4004,-28.870071,153.55989,https://www.specsavers.com.au/stores/ballina,Optometry; Audiology,true,,,Main Street / Street-front,Medium,Official address is a numbered or corner street address without centre evidence,,,,,Unknown,https://www.specsavers.com.au/stores/ballina,2026-07-23T00:53:33.174Z
Bailey Nelson,bailey-nelson-balmain,Bailey Nelson Balmain,Active,NSW,Balmain,2041,"295 Darling Street, Balmain, NSW, 2041",+61283571359,-33.857109,151.1806581,https://baileynelson.com.au/pages/optometrist-balmain,Optometry Services; Bulk-Billed Eye Tests; Private Eye Tests from $65; Contact Lens Eye Tests; Visual Fields Testing; Ultra-wide retinal imaging; Optical & Sunglass styling; Free frame adjustments,false,,,Main Street / Street-front,Medium,Official address is a numbered or corner street address without centre evidence,,,,,Unknown,https://baileynelson.com.au/pages/optometrist-balmain,2026-07-23T01:01:27+00:00
OPSM,opsm-2984,OPSM Balmain,Active,NSW,Balmain,2041,"270 Darling St, Balmain, NSW, 2041",(02) 9001 0514,-33.8578,151.18176,https://www.opsm.com.au/en/opsm-au/find-store,Collect & Return,false,,,Main Street / Street-front,Medium,Official address is a numbered or corner street address without centre evidence,,,,,Unknown,https://www.opsm.com.au/en/opsm-au/find-store,2026-07-23T00:26:21+00:00
OPSM,opsm-1178,Opsm Bankstown,Active,NSW,Bankstown,2200,"Bankstown Central, Stacey Street, Bankstown, NSW, 2200",(02) 9709 2420,-33.9163,151.03819,https://www.opsm.com.au/en/opsm-au/find-store,"Audiology, Dry Eye, Collect & Return",true,,,Main Street / Street-front,Low,Official address contains street evidence but needs review,,,,,Unknown,https://www.opsm.com.au/en/opsm-au/find-store,2026-07-23T00:26:21+00:00
Specsavers,specsavers-3383,Bankstown Centro Lvl 1,Active,NSW,Bankstown,2200,"Shop SP345A, North Terrace, Bankstown, NSW, 2200",(02) 9707 2933,-33.91623,151.039,https://www.specsavers.com.au/stores/bankstown,Optometry; Audiology,true,,,Shopping Centre,Medium,Official address uses a shop/level format; venue name requires review,,,,,Unknown,https://www.specsavers.com.au/stores/bankstown,2026-07-23T00:53:33.174Z
Specsavers,specsavers-3622,Bass Hill,Active,NSW,Bass Hill,2197,"Shop 15-17 Bass Hill Plaza, 753 Hume Highway, Bass Hill, NSW, 2197",(02) 9724 7488,-33.89985,150.9932,https://www.specsavers.com.au/stores/basshill,Optometry; Audiology,true,,,Shopping Centre,High,Official name/address contains shopping-centre evidence,,,,,Unknown,https://www.specsavers.com.au/stores/basshill,2026-07-23T00:53:33.174Z
OPSM,opsm-2990,OPSM Bateau Bay,Active,NSW,Bateau Bay,2261,"The Entrance Rd, Bateau Bay, NSW, 2261",(02) 4333 4370,-33.37342,151.47296,https://www.opsm.com.au/en/opsm-au/find-store,Collect & Return,false,,,Main Street / Street-front,Low,Official address contains street evidence but needs review,,,,,Unknown,https://www.opsm.com.au/en/opsm-au/find-store,2026-07-23T00:26:21+00:00
Specsavers,specsavers-3523,Bateau Bay,Active,NSW,Bateau Bay,2261,"Shop 91, Bateau Bay Square, 12 Bay Village Road, Bateau Bay, NSW, 2261",(02) 4333 6650,-33.37356,151.47351,https://www.specsavers.com.au/stores/bateaubay,Optometry,false,Bateau Bay Square,nsw-bateau-bay-square,Shopping Centre,High,Official name/address contains shopping-centre evidence,,,,,Unknown,https://www.specsavers.com.au/stores/bateaubay,2026-07-23T00:53:33.174Z
OPSM,opsm-2995,OPSM Batemans Bay,Active,NSW,Batemans Bay,2536,"Orient St, Batemans Bay, NSW, 2536",(02) 4472 7088,-35.70684,150.17782,https://www.opsm.com.au/en/opsm-au/find-store,Collect & Return,false,,,Main Street / Street-front,Low,Official address contains street evidence but needs review,,,,,Unknown,https://www.opsm.com.au/en/opsm-au/find-store,2026-07-23T00:26:21+00:00
Specsavers,specsavers-3276,Batemans Bay,Active,NSW,Batemans Bay,2536,"1/30 Orient Street, Batemans Bay, NSW, 2536",(02) 4472 5565,-35.708836,150.17723,https://www.specsavers.com.au/stores/batemansbay,Optometry; Audiology,true,,,Main Street / Street-front,Medium,Official address is a numbered or corner street address without centre evidence,,,,,Unknown,https://www.specsavers.com.au/stores/batemansbay,2026-07-23T00:53:33.174Z
OPSM,opsm-1020,OPSM Bathurst,Active,NSW,Bathurst,2795,"121 Howick St, Bathurst, NSW, 2795",(02) 6331 4023,-33.41777,149.58267,https://www.opsm.com.au/en/opsm-au/find-store,Collect & Return,false,,,Main Street / Street-front,Medium,Official address is a numbered or corner street address without centre evidence,,,,,Unknown,https://www.opsm.com.au/en/opsm-au/find-store,2026-07-23T00:26:21+00:00
Specsavers,specsavers-3513,Bathurst,Active,NSW,Bathurst,2795,"Shop 4 & 5, Bathurst City Centre, 210 Howick Street, Bathurst, NSW, 2795",(02) 6332 6414,-33.41865,149.58176,https://www.specsavers.com.au/stores/bathurst,Optometry; Audiology,true,Bathurst City Centre,nsw-bathurst-city,Shopping Centre,High,Official name/address contains shopping-centre evidence,,,,,Unknown,https://www.specsavers.com.au/stores/bathurst,2026-07-23T00:53:33.174Z
Specsavers,specsavers-3633,Baulkham Hills,Active,NSW,Baulkham Hills,2153,"375-383 Windsor Road, Shop 50/51 Grove Square, Baulkham Hills, NSW, 2153",(02) 9620 6755,-33.759014,150.99103,https://www.specsavers.com.au/stores/baulkhamhills,Optometry; Audiology,true,,,Shopping Centre,High,Official name/address contains shopping-centre evidence,,,,,Unknown,https://www.specsavers.com.au/stores/baulkhamhills,2026-07-23T00:53:33.174Z
OPSM,opsm-2943,Jason Harley Bega by OPSM,Active,NSW,Bega,2550,"1/209 Carp St, Bega, NSW, 2550",(02) 6492 5511,-35.35179,149.23459,https://www.opsm.com.au/en/opsm-au/find-store,Collect & Return,false,,,Main Street / Street-front,Medium,Official address is a numbered or corner street address without centre evidence,,,,,Unknown,https://www.opsm.com.au/en/opsm-au/find-store,2026-07-23T00:26:21+00:00
Specsavers,specsavers-3589,Bega,Active,NSW,Bega,2550,"Sapphire Marketplace, Shop T20/106 Auckland Street, Bega, NSW, 2550",(02) 6492 5000,-36.675735,149.8414,https://www.specsavers.com.au/stores/bega,Optometry; Audiology,true,Sapphire Marketplace,nsw-marketplace-sapphire,Shopping Centre,High,Official name/address contains shopping-centre evidence,,,,,Unknown,https://www.specsavers.com.au/stores/bega,2026-07-23T00:53:33.174Z
OPSM,opsm-1462,OPSM Blacktown,Active,NSW,Blacktown,2148,"17 Patrick St, Blacktown, NSW, 2148",(02) 9622 4400,-33.77046,150.90623,https://www.opsm.com.au/en/opsm-au/find-store,Collect & Return,false,,,Main Street / Street-front,Medium,Official address is a numbered or corner street address without centre evidence,,,,,Unknown,https://www.opsm.com.au/en/opsm-au/find-store,2026-07-23T00:26:21+00:00
Specsavers,specsavers-3357,Blacktown Westpoint S/C,Active,NSW,Blacktown,2148,"Shop 1059, Level 1, Westpoint Shopping Centre, 17 Patrick Street, Blacktown, NSW, 2148",(02) 9621 0033,-33.772507,150.90656,https://www.specsavers.com.au/stores/blacktown,Optometry; Audiology,true,Blacktown Westpoint Shopping Centre,nsw-blacktown-westpoint,Shopping Centre,High,Official name/address contains shopping-centre evidence,,,,,Unknown,https://www.specsavers.com.au/stores/blacktown,2026-07-23T00:53:33.174Z
Bailey Nelson,bailey-nelson-bondi-beach,Bailey Nelson Bondi Beach,Active,NSW,Bondi Beach,2026,"157 Curlewis Street, Bondi Beach, NSW, 2026",+61283571352,-33.8895405,151.2745168,https://baileynelson.com.au/pages/optometrist-bondi-beach,Optometry Services; Bulk-Billed Eye Tests; Private Eye Tests from $65; Contact Lens Eye Tests; Visual Fields Testing; Ultra-wide retinal imaging; Optical & Sunglass styling; Free frame adjustments,false,,,Main Street / Street-front,Medium,Official address is a numbered or corner street address without centre evidence,,,,,Unknown,https://baileynelson.com.au/pages/optometrist-bondi-beach,2026-07-23T01:01:27+00:00
Bailey Nelson,bailey-nelson-bondi-junction,Bailey Nelson Bondi Junction,Active,NSW,Bondi Junction,2022,"Westfield Bondi Junction, Bondi Junction, NSW, 2022",+61283571357,-33.8925777,151.2507681,https://baileynelson.com.au/pages/optometrist-bondi-junction,Optometry Services; Bulk-Billed Eye Tests; Private Eye Tests from $65; Contact Lens Eye Tests; Visual Fields Testing; Ultra-wide retinal imaging; Optical & Sunglass styling; Free frame adjustments,false,Bondi Junction,nsw-bondi-junction,Shopping Centre,High,Official name/address contains shopping-centre evidence,,,,,Unknown,https://baileynelson.com.au/pages/optometrist-bondi-junction,2026-07-23T01:01:27+00:00
OPSM,opsm-1103,OPSM Bondi Junction,Active,NSW,Bondi Junction,2022,"251 Oxford St, Bondi Junction, NSW, 2022",(02) 9389 4044,-33.89151,151.25231,https://www.opsm.com.au/en/opsm-au/find-store,"Dry Eye, Collect & Return",false,Bondi Junction,nsw-bondi-junction,Shopping Centre,High,Official name/address contains shopping-centre evidence,,,,,Unknown,https://www.opsm.com.au/en/opsm-au/find-store,2026-07-23T00:26:21+00:00
Specsavers,specsavers-3606,Bondi Junction Eastgate,Active,NSW,Bondi Junction,2022,"Shop 63, Eastgate Shopping Centre, 71/91 Spring St, Bondi Junction, NSW, 2022",(02) 9060 7844,-33.893154,151.24777,https://www.specsavers.com.au/stores/bondieastgate,Optometry; Audiology,true,Bondi Junction Eastgate,nsw-bondi-eastgate-junction,Shopping Centre,High,Official name/address contains shopping-centre evidence,,,,,Unknown,https://www.specsavers.com.au/stores/bondieastgate,2026-07-23T00:53:33.174Z
Specsavers,specsavers-3399,Bondi Junction Westfield,Active,NSW,Bondi Junction,2022,"1031/500 Oxford Street, Bondi Junction, NSW, 2022",(02) 9386 0788,-33.89269,151.25047,https://www.specsavers.com.au/stores/bondijunction,Optometry,false,Bondi Junction Westfield,nsw-bondi-junction-westfield,Shopping Centre,High,Official name/address contains shopping-centre evidence,,,,,Unknown,https://www.specsavers.com.au/stores/bondijunction,2026-07-23T00:53:33.174Z
Specsavers,specsavers-3612,Bonnyrigg Plaza,Active,NSW,Bonnyrigg,2177,"Shop 29 Bonnyrigg Plaza, 100 Bonnyrigg Avenue, Bonnyrigg, NSW, 2177",(02) 9060 7800,-33.88623,150.88864,https://www.specsavers.com.au/stores/bonnyrigg,Optometry; Audiology,true,Bonnyrigg Plaza,nsw-bonnyrigg-plaza,Shopping Centre,High,Official name/address contains shopping-centre evidence,,,,,Unknown,https://www.specsavers.com.au/stores/bonnyrigg,2026-07-23T00:53:33.174Z
OPSM,opsm-1658,OPSM Bowral,Active,NSW,Bowral,2576,"320 - 326 Bong Bong St, Bowral, NSW, 2576",(02) 4862 1190,-34.48032,150.41777,https://www.opsm.com.au/en/opsm-au/find-store,Collect & Return,false,,,Main Street / Street-front,Medium,Official address is a numbered or corner street address without centre evidence,,,,,Unknown,https://www.opsm.com.au/en/opsm-au/find-store,2026-07-23T00:26:21+00:00
OPSM,opsm-7062,OPSM Broken Hill,Active,NSW,Broken Hill,2880,"249 Argent Street, Broken Hill, NSW, 2880",(08) 8087 3202,-31.95918,141.46465,https://www.opsm.com.au/en/opsm-au/find-store,,false,,,Main Street / Street-front,Medium,Official address is a numbered or corner street address without centre evidence,,,,,Unknown,https://www.opsm.com.au/en/opsm-au/find-store,2026-07-23T00:26:21+00:00
Bailey Nelson,bailey-nelson-warringah-mall,Bailey Nelson Warringah Mall,Active,NSW,Brookvale,2100,"Shop 1530 Westfield Warringah Mall, 145 Condamine St, Brookvale, NSW, 2100",+61283571356,-33.7665187,151.2651111,https://baileynelson.com.au/pages/optometrist-warringah-mall,Optometry Services; Bulk-Billed Eye Tests; Private Eye Tests from $65; Contact Lens Eye Tests; Visual Fields Testing; Ultra-wide retinal imaging; Optical & Sunglass styling; Free frame adjustments,false,Warringah Mall,nsw-warringah,Shopping Centre,High,Official name/address contains shopping-centre evidence,,,,,Unknown,https://baileynelson.com.au/pages/optometrist-warringah-mall,2026-07-23T01:01:27+00:00
OPSM,opsm-1201,OPSM Warringah Mall,Active,NSW,Brookvale,2100,"145 Old Pittwater Rd, Brookvale, NSW, 2100",(02) 9905 2666,-33.76669,151.26572,https://www.opsm.com.au/en/opsm-au/find-store,"Dry Eye, Collect & Return",false,Warringah Mall,nsw-warringah,Shopping Centre,High,Official name/address contains shopping-centre evidence,,,,,Unknown,https://www.opsm.com.au/en/opsm-au/find-store,2026-07-23T00:26:21+00:00
Specsavers,specsavers-3361,Warringah Mall S/C,Active,NSW,Brookvale,2100,"SH1164/1165, Warringah Mall, Condamine Street & Old Pittwater Road, Brookvale, NSW, 2100",(02) 9907 1677,-33.76819,151.26483,https://www.specsavers.com.au/stores/warringah,Optometry; Audiology,true,Warringah Mall Shopping Centre,nsw-warringah,Shopping Centre,High,Official name/address contains shopping-centre evidence,,,,,Unknown,https://www.specsavers.com.au/stores/warringah,2026-07-23T00:53:33.174Z
OPSM,opsm-2216,OPSM Burwood,Active,NSW,Burwood,2134,"Burwood Rd, Burwood, NSW, 2134",(02) 9747 3925,-33.8748,151.10507,https://www.opsm.com.au/en/opsm-au/find-store,Collect & Return,false,,,Main Street / Street-front,Low,Official address contains street evidence but needs review,,,,,Unknown,https://www.opsm.com.au/en/opsm-au/find-store,2026-07-23T00:26:21+00:00
Specsavers,specsavers-3298,Burwood Westfield,Active,NSW,Burwood,2134,"100 Burwood Road, Burwood, NSW, 2134",(02) 9744 2900,-33.87459,151.10512,https://www.specsavers.com.au/stores/burwood,Optometry; Audiology,true,Burwood Westfield,nsw-burwood-westfield,Shopping Centre,High,Official name/address contains shopping-centre evidence,,,,,Unknown,https://www.specsavers.com.au/stores/burwood,2026-07-23T00:53:33.174Z
Bailey Nelson,bailey-nelson-byron-bay,Bailey Nelson Byron Bay,Active,NSW,Byron Bay,2481,"15 Lawson Street, Byron Bay, NSW, 2481",+61256439793,-28.6421951,153.6133449,https://baileynelson.com.au/pages/optometrist-byron-bay,Optometry Services; Bulk-Billed Eye Tests; Private Eye Tests from $65; Contact Lens Eye Tests; Visual Fields Testing; Ultra-wide retinal imaging; Optical & Sunglass styling; Free frame adjustments,false,,,Main Street / Street-front,Medium,Official address is a numbered or corner street address without centre evidence,,,,,Unknown,https://baileynelson.com.au/pages/optometrist-byron-bay,2026-07-23T01:01:27+00:00
OPSM,opsm-2992,OPSM Byron Bay,Active,NSW,Byron Bay,2481,"56 Jonson St, Byron Bay, NSW, 2481",(02) 8840 3720,-28.64371,153.61203,https://www.opsm.com.au/en/opsm-au/find-store,Collect & Return,false,,,Main Street / Street-front,Medium,Official address is a numbered or corner street address without centre evidence,,,,,Unknown,https://www.opsm.com.au/en/opsm-au/find-store,2026-07-23T00:26:21+00:00
OPSM,opsm-1192,OPSM Macarthur Square,Active,NSW,Campbelltown,2560,"200 Gilchrist Dr, Campbelltown, NSW, 2560",(02) 4625 2773,-34.0773,150.79812,https://www.opsm.com.au/en/opsm-au/find-store,Collect & Return,false,Macarthur Square,nsw-macarthur-square,Shopping Centre,High,Official name/address contains shopping-centre evidence,,,,,Unknown,https://www.opsm.com.au/en/opsm-au/find-store,2026-07-23T00:26:21+00:00
Specsavers,specsavers-3347,Campbelltown,Active,NSW,Campbelltown,2560,"L15/271 Queen Street, Campbelltown, NSW, 2560",(02) 4628 0757,-34.069263,150.81082,https://www.specsavers.com.au/stores/campbelltown,Optometry; Audiology,true,,,Main Street / Street-front,Medium,Official address is a numbered or corner street address without centre evidence,,,,,Unknown,https://www.specsavers.com.au/stores/campbelltown,2026-07-23T00:53:33.174Z
Specsavers,specsavers-3348,Macarthur Square,Active,NSW,Campbelltown,2560,"Shop LO3 U144, 200 Gilchrist Drive, Campbelltown, NSW, 2560",(02) 4628 7544,-34.07498,150.79637,https://www.specsavers.com.au/stores/macarthur,Optometry; Audiology,true,Macarthur Square,nsw-macarthur-square,Shopping Centre,High,Official name/address contains shopping-centre evidence,,,,,Unknown,https://www.specsavers.com.au/stores/macarthur,2026-07-23T00:53:33.174Z
Specsavers,specsavers-3663,Carlingford,Active,NSW,Carlingford,2118,"Shop 204, Carlingford Court, Cnr Carlingford Road & Pennant Hill Road, Carlingford, NSW, 2118",(02) 8660 0998,-33.77669,151.05203,https://www.specsavers.com.au/stores/carlingford,Optometry,false,,,Shopping Centre,Medium,Official address uses a shop/level format; venue name requires review,,,,,Unknown,https://www.specsavers.com.au/stores/carlingford,2026-07-23T00:53:33.174Z
Bailey Nelson,bailey-nelson-castle-towers,Bailey Nelson Castle Towers,Active,NSW,Castle Hill,2154,"Shop 389, 6-14 Castle St, Castle Hill, NSW, 2154",+61283571354,-33.7300053,151.0065959,https://baileynelson.com.au/pages/optometrist-castle-towers,Optometry Services; Bulk-Billed Eye Tests; Private Eye Tests from $65; Contact Lens Eye Tests; Visual Fields Testing; Ultra-wide retinal imaging; Optical & Sunglass styling; Free frame adjustments,false,Castle Towers,nsw-castle-towers,Shopping Centre,High,Reviewed official store name and address,,,,,Unknown,https://baileynelson.com.au/pages/optometrist-castle-towers,2026-07-23T01:01:27+00:00
OPSM,opsm-1321,OPSM Castle Towers,Active,NSW,Castle Hill,2154,"341 CASTLE TOWERS SHOPPING CENTRE, Castle Hill, NSW, 2154",(02) 9634 6157,-33.73048,151.00542,https://www.opsm.com.au/en/opsm-au/find-store,"Dry Eye, Kids Vision Centre, Return",false,Castle Towers,nsw-castle-towers,Shopping Centre,High,Reviewed official store name and address,,,,,Unknown,https://www.opsm.com.au/en/opsm-au/find-store,2026-07-23T00:26:21+00:00
Specsavers,specsavers-3405,Castle Hill - Castle Towers,Active,NSW,Castle Hill,2154,"Shop 331 Castle Hill S/C, 6-14 Castle Street, Castle Hill, NSW, 2154",(02) 8850 1334,-33.730434,151.0065,https://www.specsavers.com.au/stores/castlehill,Optometry; Audiology,true,Castle Towers,nsw-castle-towers,Shopping Centre,High,Reviewed official store name and address,,,,,Unknown,https://www.specsavers.com.au/stores/castlehill,2026-07-23T00:53:33.174Z
Specsavers,specsavers-3558,Casula,Active,NSW,Casula,2170,"Casula Mall, 1 Ingham Dr, Casula, NSW, 2170",(02) 9822 7239,-33.94762,150.90007,https://www.specsavers.com.au/stores/casula,Optometry,false,Casula Mall,nsw-casula,Shopping Centre,High,Official name/address contains shopping-centre evidence,,,,,Unknown,https://www.specsavers.com.au/stores/casula,2026-07-23T00:53:33.174Z
Specsavers,specsavers-3382,Cessnock Plaza S/C,Active,NSW,Cessnock,2325,"Cessnock Plaza Shopping Centre, Shop 2, Cessnock, NSW, 2325",(02) 4990 6299,-32.834255,151.35481,https://www.specsavers.com.au/stores/cessnock,Optometry,false,Cessnock Plaza Shopping Centre,nsw-cessnock-plaza,Shopping Centre,High,Official name/address contains shopping-centre evidence,,,,,Unknown,https://www.specsavers.com.au/stores/cessnock,2026-07-23T00:53:33.174Z
OPSM,opsm-1219,OPSM Charlestown,Active,NSW,Charlestown,2290,"Pearson St, Charlestown, NSW, 2290",(02) 4943 9066,-32.96465,151.69361,https://www.opsm.com.au/en/opsm-au/find-store,"Dry Eye, Collect & Return",false,,,Main Street / Street-front,Low,Official address contains street evidence but needs review,,,,,Unknown,https://www.opsm.com.au/en/opsm-au/find-store,2026-07-23T00:26:21+00:00
Specsavers,specsavers-3329,Charlestown Square,Active,NSW,Charlestown,2290,"L01, 1024 Charlestown Square, 30 Pearson St, Charlestown, NSW, 2290",(02) 4920 9866,-32.965057,151.6937,https://www.specsavers.com.au/stores/charlestown,Optometry; Audiology,true,Charlestown Square,nsw-charlestown-square,Shopping Centre,High,Official name/address contains shopping-centre evidence,,,,,Unknown,https://www.specsavers.com.au/stores/charlestown,2026-07-23T00:53:33.174Z
Bailey Nelson,bailey-nelson-chatswood,Bailey Nelson Chatswood,Active,NSW,Chatswood,2067,"1 Anderson Street, Chatswood, NSW, 2067",+61283571355,-33.796909,151.1837921,https://baileynelson.com.au/pages/optometrist-chatswood,Optometry Services; Bulk-Billed Eye Tests; Private Eye Tests from $65; Contact Lens Eye Tests; Visual Fields Testing; Ultra-wide retinal imaging; Optical & Sunglass styling; Free frame adjustments,false,,,Main Street / Street-front,Medium,Official address is a numbered or corner street address without centre evidence,,,,,Unknown,https://baileynelson.com.au/pages/optometrist-chatswood,2026-07-23T01:01:27+00:00
OPSM,opsm-1460,OPSM Chatswood Westfield,Active,NSW,Chatswood,2067,"1 Anderson St, Chatswood, NSW, 2067",(02) 9413 2055,-33.79671,151.18381,https://www.opsm.com.au/en/opsm-au/find-store,"Dry Eye, Kids Vision Centre, Collect & Return",false,Chatswood Westfield,nsw-chatswood-westfield,Shopping Centre,High,Official name/address contains shopping-centre evidence,,,,,Unknown,https://www.opsm.com.au/en/opsm-au/find-store,2026-07-23T00:26:21+00:00
Specsavers,specsavers-3319,Chatswood,Active,NSW,Chatswood,2067,"Shop A, 398 Victoria Avenue, Chatswood, NSW, 2067",(02) 9411 3390,-33.796463,151.18256,https://www.specsavers.com.au/stores/chatswood,Optometry; Audiology,true,,,Shopping Centre,Medium,Official address uses a shop/level format; venue name requires review,,,,,Unknown,https://www.specsavers.com.au/stores/chatswood,2026-07-23T00:53:33.174Z
Specsavers,specsavers-3659,Chatswood Chase,Active,NSW,Chatswood,2067,"Shop B-022 Chatswood Chase, 345 Victoria Avenue, Chatswood, NSW, 2067",(02) 9411 3390,-33.79449,151.18597,https://www.specsavers.com.au/stores/chatswoodchase,Optometry; Audiology,true,Chatswood Chase,nsw-chase-chatswood,Shopping Centre,High,Official name/address contains shopping-centre evidence,,,,,Unknown,https://www.specsavers.com.au/stores/chatswoodchase,2026-07-23T00:53:33.174Z
OPSM,opsm-1086,OPSM Cherrybrook,Active,NSW,Cherrybrook,2126,"41 - 47 Shepherds Dr, Cherrybrook, NSW, 2126",(02) 9481 4287,-33.7207,151.04392,https://www.opsm.com.au/en/opsm-au/find-store,"Dry Eye, Kids Vision Centre, Collect & Return",false,,,Unclassified,Low,Insufficient official venue or street evidence,,,,,Unknown,https://www.opsm.com.au/en/opsm-au/find-store,2026-07-23T00:26:21+00:00
Specsavers,specsavers-3668,Chullora,Active,NSW,Chullora,2190,"Shop 39 & 39A, Chullora Marketplace, 355-357 Waterloo Road, Chullora, NSW, 2190",(02) 9791 0585,-33.89335,151.06133,https://www.specsavers.com.au/stores/chullora,Optometry; Audiology,true,Chullora Marketplace,nsw-chullora-marketplace,Shopping Centre,High,Official name/address contains shopping-centre evidence,,,,,Unknown,https://www.specsavers.com.au/stores/chullora,2026-07-23T00:53:33.174Z
OPSM,opsm-1229,OPSM Coffs Harbour,Active,NSW,Coffs Harbour,2450,"253 Pacific Hwy, Coffs Harbour, NSW, 2450",(02) 6652 3893,-30.2828,153.13172,https://www.opsm.com.au/en/opsm-au/find-store,Collect & Return,false,,,Main Street / Street-front,Medium,Official address is a numbered or corner street address without centre evidence,,,,,Unknown,https://www.opsm.com.au/en/opsm-au/find-store,2026-07-23T00:26:21+00:00
Specsavers,specsavers-3339,Coffs Harbour - Park Beach,Active,NSW,Coffs Harbour,2450,"Shop 21 Park Beach Plaza, 253 Pacific Hwy, Coffs Harbour, NSW, 2450",(02) 6651 8883,-30.28371,153.13156,https://www.specsavers.com.au/stores/coffsparkbeach,Optometry; Audiology,true,,,Shopping Centre,High,Official name/address contains shopping-centre evidence,,,,,Unknown,https://www.specsavers.com.au/stores/coffsparkbeach,2026-07-23T00:53:33.174Z
Specsavers,specsavers-3301,Coffs Harbour City Centre,Active,NSW,Coffs Harbour,2450,"City Centre Square, Shop 80, Coffs Harbour, NSW, 2450",(02) 6651 4300,-30.29738,153.11536,https://www.specsavers.com.au/stores/coffsharbour,Optometry; Audiology,true,Coffs Harbour City Centre,nsw-city-coffs-harbour,Shopping Centre,High,Official name/address contains shopping-centre evidence,,,,,Unknown,https://www.specsavers.com.au/stores/coffsharbour,2026-07-23T00:53:33.174Z
Specsavers,specsavers-3413,Corrimal Shopping Centre,Active,NSW,Corrimal,2518,"Shop 29-32 Corrimal Village, 270 Princes Highway, Corrimal, NSW, 2518",(02) 4283 3172,-34.37432,150.89778,https://www.specsavers.com.au/stores/corrimal,Optometry; Audiology,true,Corrimal Shopping Centre,nsw-corrimal,Shopping Centre,High,Official name/address contains shopping-centre evidence,,,,,Unknown,https://www.specsavers.com.au/stores/corrimal,2026-07-23T00:53:33.174Z
OPSM,opsm-1439,OPSM Crows Nest,Active,NSW,Crows Nest,2065,"106 Willoughby Rd, Crows Nest, NSW, 2065",(02) 9438 2100,-33.82462,151.20054,https://www.opsm.com.au/en/opsm-au/find-store,Collect & Return,false,,,Main Street / Street-front,Medium,Official address is a numbered or corner street address without centre evidence,,,,,Unknown,https://www.opsm.com.au/en/opsm-au/find-store,2026-07-23T00:26:21+00:00
OPSM,opsm-1133,OPSM Dapto,Active,NSW,Dapto,2530,"Cnr Princes Hwy & Moombara St, Dapto, NSW, 2530",(02) 4261 5550,-34.49482,150.79449,https://www.opsm.com.au/en/opsm-au/find-store,Collect & Return,false,,,Main Street / Street-front,Medium,Official address is a numbered or corner street address without centre evidence,,,,,Unknown,https://www.opsm.com.au/en/opsm-au/find-store,2026-07-23T00:26:21+00:00
Specsavers,specsavers-3531,Dapto,Active,NSW,Dapto,2530,"Dapto Mall, Shop 128, Dapto, NSW, 2530",(02) 4260 8645,-34.494804,150.7944,https://www.specsavers.com.au/stores/dapto,Optometry; Audiology,true,Dapto Mall,nsw-dapto,Shopping Centre,High,Official name/address contains shopping-centre evidence,,,,,Unknown,https://www.specsavers.com.au/stores/dapto,2026-07-23T00:53:33.174Z
OPSM,opsm-1205,OPSM Dee Why,Active,NSW,Dee Why,2099,"15-19 Pacific Pde, Dee Why, NSW, 2099",(02) 9981 2442,-33.75462,151.28482,https://www.opsm.com.au/en/opsm-au/find-store,Collect & Return,false,,,Unclassified,Low,Insufficient official venue or street evidence,,,,,Unknown,https://www.opsm.com.au/en/opsm-au/find-store,2026-07-23T00:26:21+00:00
OPSM,opsm-1227,OPSM Dubbo,Active,NSW,Dubbo,2830,"177 Macquarie St, Dubbo, NSW, 2830",(02) 6882 4710,-32.25026,148.60056,https://www.opsm.com.au/en/opsm-au/find-store,Collect & Return,false,,,Main Street / Street-front,Medium,Official address is a numbered or corner street address without centre evidence,,,,,Unknown,https://www.opsm.com.au/en/opsm-au/find-store,2026-07-23T00:26:21+00:00
Specsavers,specsavers-3681,Dubbo East,Active,NSW,Dubbo,2830,"Shop 14, Orana Mall Marketplace, 56 Windsor Parade, Dubbo, NSW, 2830",(02) 6882 8855,-32.255867,148.6309,https://www.specsavers.com.au/stores/dubbo-east,Optometry; Audiology,true,Orana Mall Marketplace,nsw-marketplace-orana,Shopping Centre,High,Official name/address contains shopping-centre evidence,,,,,Unknown,https://www.specsavers.com.au/stores/dubbo-east,2026-07-23T00:53:33.174Z
Specsavers,specsavers-3489,Dubbo Square,Active,NSW,Dubbo,2830,"Shop 14B, Dubbo Square, 177 Macquarie Street, Dubbo, NSW, 2830",(02) 6882 8855,-32.250015,148.59955,https://www.specsavers.com.au/stores/dubbo,Optometry; Audiology,true,Dubbo Square,nsw-dubbo-square,Shopping Centre,High,Official name/address contains shopping-centre evidence,,,,,Unknown,https://www.specsavers.com.au/stores/dubbo,2026-07-23T00:53:33.174Z
Bailey Nelson,bailey-nelson-green-hills,Bailey Nelson Green Hills,Active,NSW,East Maitland,2323,"1 Molly Morgan Dr, East Maitland, NSW, 2323",+61240818935,-32.7627913,151.5913572,https://baileynelson.com.au/pages/optometrist-green-hills,Optometry Services; Bulk-Billed Eye Tests; Private Eye Tests from $65; Contact Lens Eye Tests; Visual Fields Testing; Ultra-wide retinal imaging; Optical & Sunglass styling; Free frame adjustments,false,,,Unclassified,Low,Insufficient official venue or street evidence,,,,,Unknown,https://baileynelson.com.au/pages/optometrist-green-hills,2026-07-23T01:01:27+00:00
OPSM,opsm-1403,OPSM Green Hills,Active,NSW,East Maitland,2323,"1 Molly Morgan Dr, East Maitland, NSW, 2323",(02) 83213480,-32.76187,151.59151,https://www.opsm.com.au/en/opsm-au/find-store,Collect & Return,false,,,Unclassified,Low,Insufficient official venue or street evidence,,,,,Unknown,https://www.opsm.com.au/en/opsm-au/find-store,2026-07-23T00:26:21+00:00
Specsavers,specsavers-3446,East Maitland - Green Hills,Active,NSW,East Maitland,2323,"Shop 012/1 Molly Morgan Drive, East Maitland, NSW, 2323",(02) 4933 0844,-32.76294,151.59111,https://www.specsavers.com.au/stores/eastmaitland,Optometry; Audiology,true,,,Shopping Centre,Medium,Official address uses a shop/level format; venue name requires review,,,,,Unknown,https://www.specsavers.com.au/stores/eastmaitland,2026-07-23T00:53:33.174Z
Bailey Nelson,bailey-nelson-eastgardens,Bailey Nelson Eastgardens - Now Open,Active,NSW,Eastgardens,2036,"152 Bunnerong Rd, Eastgardens, NSW, 2036",+61283942761,-33.9447872,151.2240871,https://baileynelson.com.au/pages/optometrist-eastgardens,Optometry Services; Bulk-Billed Eye Tests; Private Eye Tests from $65; Contact Lens Eye Tests; Visual Fields Testing; Ultra-wide retinal imaging; Optical & Sunglass styling; Free frame adjustments,false,,,Main Street / Street-front,Medium,Official address is a numbered or corner street address without centre evidence,,,,,Unknown,https://baileynelson.com.au/pages/optometrist-eastgardens,2026-07-23T01:01:27+00:00
Specsavers,specsavers-3355,Eastgardens Westfield,Active,NSW,Eastgardens,2036,"Level 2, Westfield Eastgardens Shopping Centre, 152 Bunnerong Road, Eastgardens, NSW, 2036",(02) 8347 1499,-33.944916,151.22435,https://www.specsavers.com.au/stores/eastgardens,Optometry; Audiology,true,Eastgardens Westfield,nsw-eastgardens-westfield,Shopping Centre,High,Official name/address contains shopping-centre evidence,,,,,Unknown,https://www.specsavers.com.au/stores/eastgardens,2026-07-23T00:53:33.174Z
Bailey Nelson,bailey-nelson-erina-fair,Bailey Nelson Erina Fair,Active,NSW,Erina,2250,"620-658 Terrigal Drive, Erina, NSW, 2250",+61243163121,-33.4376053,151.3927555,https://baileynelson.com.au/pages/optometrist-erina-fair,Optometry Services; Bulk-Billed Eye Tests; Private Eye Tests from $65; Contact Lens Eye Tests; Visual Fields Testing; Ultra-wide retinal imaging; Optical & Sunglass styling; Free frame adjustments,false,Erina Fair,nsw-erina-fair,Shopping Centre,High,Official name/address contains shopping-centre evidence,,,,,Unknown,https://baileynelson.com.au/pages/optometrist-erina-fair,2026-07-23T01:01:27+00:00
OPSM,opsm-1416,OPSM Erina,Active,NSW,Erina,2250,"Terrigal Dr, Erina, NSW, 2250",(02) 4365 1024,-33.43802,151.39395,https://www.opsm.com.au/en/opsm-au/find-store,"Dry Eye, Collect & Return",false,,,Unclassified,Low,Insufficient official venue or street evidence,,,,,Unknown,https://www.opsm.com.au/en/opsm-au/find-store,2026-07-23T00:26:21+00:00
Specsavers,specsavers-3331,Erina Fair,Active,NSW,Erina,2250,"Erina Fair Shopping Centre, Shop T095-T097, Terrigal Drive, Erina, NSW, 2250",(02) 4367 3666,-33.438686,151.39474,https://www.specsavers.com.au/stores/erina,Optometry; Audiology,true,Erina Fair,nsw-erina-fair,Shopping Centre,High,Official name/address contains shopping-centre evidence,,,,,Unknown,https://www.specsavers.com.au/stores/erina,2026-07-23T00:53:33.174Z
Specsavers,specsavers-3468,Fairfield - Neeta City S/C,Active,NSW,Fairfield,2165,"Shop G66, Neeta City S/C, 54 Smart Street, Fairfield, NSW, 2165",(02) 9723 3360,-33.868855,150.95642,https://www.specsavers.com.au/stores/fairfield,Optometry,false,Neeta City Shopping Centre,nsw-city-neeta,Shopping Centre,High,Official name/address contains shopping-centre evidence,,,,,Unknown,https://www.specsavers.com.au/stores/fairfield,2026-07-23T00:53:33.174Z
Specsavers,specsavers-3685,Figtree,Active,NSW,Figtree,2525,"Shop T29, Figtree Grove Shopping Centre, 19 Princes Highway, Figtree, NSW, 2525",(02) 4225 0827,-34.436413,150.86287,https://www.specsavers.com.au/stores/figtree,Optometry; Audiology,true,Figtree Grove Shopping Centre,nsw-figtree-grove,Shopping Centre,High,Official name/address contains shopping-centre evidence,,,,,Unknown,https://www.specsavers.com.au/stores/figtree,2026-07-23T00:53:33.174Z
OPSM,opsm-1350,OPSM Forster,Active,NSW,Forster,2428,"Breese Pde, Forster, NSW, 2428",(02) 6555 7254,-32.19959,152.52014,https://www.opsm.com.au/en/opsm-au/find-store,Collect & Return,false,,,Unclassified,Low,Insufficient official venue or street evidence,,,,,Unknown,https://www.opsm.com.au/en/opsm-au/find-store,2026-07-23T00:26:21+00:00
Specsavers,specsavers-3613,Forster Stockland,Active,NSW,Forster,2428,"Shop 125, Stockland Forster Shopping Centre, Bresse Pde, Forster, NSW, 2428",(02) 6550 0922,-32.199314,152.51933,https://www.specsavers.com.au/stores/forster,Optometry; Audiology,true,Stockland Forster Shopping Centre,nsw-forster-stockland,Shopping Centre,High,Official name/address contains shopping-centre evidence,,,,,Unknown,https://www.specsavers.com.au/stores/forster,2026-07-23T00:53:33.174Z
OPSM,opsm-1473,OPSM Forestway,Active,NSW,Frenchs Forest,2086,"20 Forest Way, Frenchs Forest, NSW, 2086",(02) 9452 1555,-33.75016,151.22431,https://www.opsm.com.au/en/opsm-au/find-store,Collect & Return,false,,,Unclassified,Low,Insufficient official venue or street evidence,,,,,Unknown,https://www.opsm.com.au/en/opsm-au/find-store,2026-07-23T00:26:21+00:00
Specsavers,specsavers-3336,Glendale Stockland S/C,Active,NSW,Glendale,2285,"Shop 32, Stockland Shopping Centre, 387 Lake Road, Glendale, NSW, 2285",(02) 4956 5344,-32.93487,151.64267,https://www.specsavers.com.au/stores/glendale,Optometry; Audiology,true,Glendale Stockland Shopping Centre,nsw-glendale-stockland,Shopping Centre,High,Official name/address contains shopping-centre evidence,,,,,Unknown,https://www.specsavers.com.au/stores/glendale,2026-07-23T00:53:33.174Z
Specsavers,specsavers-3682,Glenmore Park,Active,NSW,Glenmore Park,2745,"Shop T11 Home Co., Glenmore Park Town Centre, Glenmore Park, NSW, 2745",(02) 4721 7725,-33.78896,150.66869,https://www.specsavers.com.au/stores/glenmore-park,Optometry,false,Glenmore Park Town Centre,nsw-glenmore-park-town,Shopping Centre,High,Official name/address contains shopping-centre evidence,,,,,Unknown,https://www.specsavers.com.au/stores/glenmore-park,2026-07-23T00:53:33.174Z
OPSM,opsm-1113,OPSM Gordon,Active,NSW,Gordon,2072,"767 Pacific Hwy, Gordon, NSW, 2072",(02) 9498 6031,-33.75507,151.15273,https://www.opsm.com.au/en/opsm-au/find-store,Collect & Return,false,,,Main Street / Street-front,Medium,Official address is a numbered or corner street address without centre evidence,,,,,Unknown,https://www.opsm.com.au/en/opsm-au/find-store,2026-07-23T00:26:21+00:00
Specsavers,specsavers-3334,Gosford - Imperial S/C,Active,NSW,Gosford,2250,"Shop 105/106, Imperial S/C, 171 Mann Street, Gosford, NSW, 2250",(02) 4325 3444,-33.425247,151.34248,https://www.specsavers.com.au/stores/gosford,Optometry,false,Imperial Shopping Centre,nsw-imperial,Shopping Centre,High,Official name/address contains shopping-centre evidence,,,,,Unknown,https://www.specsavers.com.au/stores/gosford,2026-07-23T00:53:33.174Z
OPSM,opsm-1016,OPSM Goulburn,Active,NSW,Goulburn,2580,"217 Auburn St, Goulburn, NSW, 2580",(02) 4821 1074,-34.75267,149.72049,https://www.opsm.com.au/en/opsm-au/find-store,Collect & Return,false,,,Main Street / Street-front,Medium,Official address is a numbered or corner street address without centre evidence,,,,,Unknown,https://www.opsm.com.au/en/opsm-au/find-store,2026-07-23T00:26:21+00:00
Specsavers,specsavers-3498,Goulburn,Active,NSW,Goulburn,2580,"Shop 1 & 2, The Belmore Centre, 210 Auburn Street, Goulburn, NSW, 2580",(02) 4821 4655,-34.75393,149.71866,https://www.specsavers.com.au/stores/goulburn,Optometry; Audiology,true,The Belmore Centre,nsw-belmore-the,Shopping Centre,High,Official name/address contains shopping-centre evidence,,,,,Unknown,https://www.specsavers.com.au/stores/goulburn,2026-07-23T00:53:33.174Z
Specsavers,specsavers-3605,Grafton Shoppingworld,Active,NSW,Grafton,2460,"Tenancy 12, Grafton Shoppingworld, 52-74 Fitzroy Street, Grafton, NSW, 2460",(02) 6675 0716,-29.692156,152.93628,https://www.specsavers.com.au/stores/grafton,Optometry; Audiology,true,,,Shopping Centre,Medium,Official address uses a shop/level format; venue name requires review,,,,,Unknown,https://www.specsavers.com.au/stores/grafton,2026-07-23T00:53:33.174Z
OPSM,opsm-1550,OPSM Griffith,Active,NSW,Griffith,2680,"314 Banna Ave, Griffith, NSW, 2680",(02) 6962 2198,-34.28805,146.0452,https://www.opsm.com.au/en/opsm-au/find-store,Collect & Return,false,,,Main Street / Street-front,Medium,Official address is a numbered or corner street address without centre evidence,,,,,Unknown,https://www.opsm.com.au/en/opsm-au/find-store,2026-07-23T00:26:21+00:00
Specsavers,specsavers-3592,Griffith,Active,NSW,Griffith,2680,"Shop T3 & 4A, Griffith Central Shopping Centre, 10-12 Yambil Street, Griffith, NSW, 2680",(02) 6912 2122,-34.290394,146.05164,https://www.specsavers.com.au/stores/griffith,Optometry; Audiology,true,Griffith Central Shopping Centre,nsw-central-griffith,Shopping Centre,High,Official name/address contains shopping-centre evidence,,,,,Unknown,https://www.specsavers.com.au/stores/griffith,2026-07-23T00:53:33.174Z
Specsavers,specsavers-3586,Carnes Hill,Active,NSW,Horningsea Park,2171,"Shop B10, Carnes Hill Marketplace, Cnr Cowpasture & Kurrajong Roads, Horningsea Park, NSW, 2171",(02) 9190 5375,-33.93744,150.84517,https://www.specsavers.com.au/stores/carneshill,Optometry,false,Carnes Hill Marketplace,nsw-carnes-hill-marketplace,Shopping Centre,High,Official name/address contains shopping-centre evidence,,,,,Unknown,https://www.specsavers.com.au/stores/carneshill,2026-07-23T00:53:33.174Z
Bailey Nelson,bailey-nelson-hornsby,Bailey Nelson Hornsby,Active,NSW,Hornsby,2077,"Shop 2023, Westfield Hornsby, Hornsby, NSW, 2077",+61283571353,-33.7043001,151.0997034,https://baileynelson.com.au/pages/optometrist-hornsby,Optometry Services; Bulk-Billed Eye Tests; Private Eye Tests from $65; Contact Lens Eye Tests; Visual Fields Testing; Ultra-wide retinal imaging; Optical & Sunglass styling; Free frame adjustments,false,Westfield Hornsby,nsw-hornsby-westfield,Shopping Centre,High,Official name/address contains shopping-centre evidence,,,,,Unknown,https://baileynelson.com.au/pages/optometrist-hornsby,2026-07-23T01:01:27+00:00
OPSM,opsm-1102,OPSM Hornsby,Active,NSW,Hornsby,2077,"236 Pacific Hwy, Hornsby, NSW, 2077",(02) 9477 3439,-33.70429,151.0999,https://www.opsm.com.au/en/opsm-au/find-store,Collect & Return,false,,,Main Street / Street-front,Medium,Official address is a numbered or corner street address without centre evidence,,,,,Unknown,https://www.opsm.com.au/en/opsm-au/find-store,2026-07-23T00:26:21+00:00
Specsavers,specsavers-3418,Hornsby Westfield,Active,NSW,Hornsby,2077,"Level 1, Shop 1076-1077 Westfield Hornsby, Cnr Florence and Hunter Streets, Hornsby, NSW, 2077",(02) 9476 0177,-33.704235,151.10081,https://www.specsavers.com.au/stores/hornsby,Optometry; Audiology,true,Hornsby Westfield,nsw-hornsby-westfield,Shopping Centre,High,Official name/address contains shopping-centre evidence,,,,,Unknown,https://www.specsavers.com.au/stores/hornsby,2026-07-23T00:53:33.174Z
OPSM,opsm-2217,OPSM Hurstville,Active,NSW,Hurstville,2220,"Cnr Cross St & Park Rd, Hurstville, NSW, 2220",(02) 9579 5955,-33.96595,151.10515,https://www.opsm.com.au/en/opsm-au/find-store,"Dry Eye, Collect & Return",false,,,Main Street / Street-front,Medium,Official address is a numbered or corner street address without centre evidence,,,,,Unknown,https://www.opsm.com.au/en/opsm-au/find-store,2026-07-23T00:26:21+00:00
Specsavers,specsavers-3402,Hurstville Westfield,Active,NSW,Hurstville,2220,"Shop 232 Westfield Hurstville, Hurstville, NSW, 2220",(02) 9580 0010,-33.966118,151.10483,https://www.specsavers.com.au/stores/hurstville,Optometry; Audiology,true,Hurstville Westfield,nsw-hurstville-westfield,Shopping Centre,High,Official name/address contains shopping-centre evidence,,,,,Unknown,https://www.specsavers.com.au/stores/hurstville,2026-07-23T00:53:33.174Z
Specsavers,specsavers-3344,Ingleburn,Active,NSW,Ingleburn,2565,"3/30-32 Oxford Rd, Ingleburn, NSW, 2565",(02) 9605 5751,-33.998306,150.86618,https://www.specsavers.com.au/stores/ingleburn,Optometry,false,,,Main Street / Street-front,Medium,Official address is a numbered or corner street address without centre evidence,,,,,Unknown,https://www.specsavers.com.au/stores/ingleburn,2026-07-23T00:53:33.174Z
Specsavers,specsavers-3684,Inverell,Active,NSW,Inverell,2360,"71 Byron Street, Inverell, NSW, 2360",(02) 5732 1605,-29.773144,151.11284,https://www.specsavers.com.au/stores/inverell,Optometry,false,,,Main Street / Street-front,Medium,Official address is a numbered or corner street address without centre evidence,,,,,Unknown,https://www.specsavers.com.au/stores/inverell,2026-07-23T00:53:33.174Z
OPSM,opsm-4719,OPSM Jesmond,Active,NSW,Jesmond,2299,"28 Blue Gum Rd, Jesmond, NSW, 2299",(02) 4951 7488,-32.9024,151.6901,https://www.opsm.com.au/en/opsm-au/find-store,,false,,,Main Street / Street-front,Medium,Official address is a numbered or corner street address without centre evidence,,,,,Unknown,https://www.opsm.com.au/en/opsm-au/find-store,2026-07-23T00:26:21+00:00
Specsavers,specsavers-3471,Jesmond Central,Active,NSW,Jesmond,2299,"004/28 Blue Gum Rd, Jesmond, NSW, 2299",(02) 4951 6279,-32.90314,151.68979,https://www.specsavers.com.au/stores/jesmond,Optometry,false,,,Main Street / Street-front,Medium,Official address is a numbered or corner street address without centre evidence,,,,,Unknown,https://www.specsavers.com.au/stores/jesmond,2026-07-23T00:53:33.174Z
OPSM,opsm-1279,OPSM Katoomba,Active,NSW,Katoomba,2780,"Katoomba St, Katoomba, NSW, 2780",(02) 4782 2525,-33.71558,150.31107,https://www.opsm.com.au/en/opsm-au/find-store,Collect & Return,false,,,Main Street / Street-front,Low,Official address contains street evidence but needs review,,,,,Unknown,https://www.opsm.com.au/en/opsm-au/find-store,2026-07-23T00:26:21+00:00
Specsavers,specsavers-3475,Katoomba,Active,NSW,Katoomba,2780,"98 Katoomba St, Katoomba, NSW, 2780",(02) 4782 4688,-33.714283,150.31181,https://www.specsavers.com.au/stores/katoomba,Optometry,false,,,Main Street / Street-front,Medium,Official address is a numbered or corner street address without centre evidence,,,,,Unknown,https://www.specsavers.com.au/stores/katoomba,2026-07-23T00:53:33.174Z
OPSM,opsm-2218,OPSM Kempsey,Active,NSW,Kempsey,2440,"1A Belgrave St, Kempsey, NSW, 2440",(02) 6562 5886,-31.08043,152.84123,https://www.opsm.com.au/en/opsm-au/find-store,Collect & Return,false,,,Main Street / Street-front,Medium,Official address is a numbered or corner street address without centre evidence,,,,,Unknown,https://www.opsm.com.au/en/opsm-au/find-store,2026-07-23T00:26:21+00:00
Specsavers,specsavers-3677,Kiama,Active,NSW,Kiama,2533,"143 Terralong Street, 143 Terralong Street, Kiama, NSW, 2533",(02) 4261 4300,-34.666958,150.85022,https://www.specsavers.com.au/stores/kiama,Optometry,false,,,Main Street / Street-front,Medium,Official address is a numbered or corner street address without centre evidence,,,,,Unknown,https://www.specsavers.com.au/stores/kiama,2026-07-23T00:53:33.174Z
Bailey Nelson,bailey-nelson-kotara,Bailey Nelson Kotara,Active,NSW,Kotara,2289,"Northcott Drive, Kotara, NSW, 2289",+61240818930,-32.9422944,151.7112084,https://baileynelson.com.au/pages/optometrist-kotara,Optometry Services; Bulk-Billed Eye Tests; Private Eye Tests from $65; Contact Lens Eye Tests; Visual Fields Testing; Ultra-wide retinal imaging; Optical & Sunglass styling; Free frame adjustments,false,,,Main Street / Street-front,Low,Official address contains street evidence but needs review,,,,,Unknown,https://baileynelson.com.au/pages/optometrist-kotara,2026-07-23T01:01:27+00:00
OPSM,opsm-1396,OPSM Kotara,Active,NSW,Kotara,2289,"Cnr Northcott Dr & Park Ave, Kotara, NSW, 2289",(02) 4956 1544,-32.94249,151.7113,https://www.opsm.com.au/en/opsm-au/find-store,Collect & Return,false,,,Main Street / Street-front,Medium,Official address is a numbered or corner street address without centre evidence,,,,,Unknown,https://www.opsm.com.au/en/opsm-au/find-store,2026-07-23T00:26:21+00:00
Specsavers,specsavers-3333,Kotara Westfield,Active,NSW,Kotara,2289,"Shop 15, Level 2, Westfield Kotara, Northcott Dr, Kotara, NSW, 2289",(02) 4952 3733,-32.942368,151.71138,https://www.specsavers.com.au/stores/kotara,Optometry; Audiology,true,Kotara Westfield,nsw-kotara-westfield,Shopping Centre,High,Official name/address contains shopping-centre evidence,,,,,Unknown,https://www.specsavers.com.au/stores/kotara,2026-07-23T00:53:33.174Z
OPSM,opsm-1320,OPSM Lake Haven,Active,NSW,Lake Haven,2263,"92 Lake Haven Dr, Lake Haven, NSW, 2263",(02) 4393 2904,-33.24173,151.50465,https://www.opsm.com.au/en/opsm-au/find-store,Collect & Return,false,,,Unclassified,Low,Insufficient official venue or street evidence,,,,,Unknown,https://www.opsm.com.au/en/opsm-au/find-store,2026-07-23T00:26:21+00:00
Specsavers,specsavers-3511,Lake Haven,Active,NSW,Lake Haven,2263,"Shop 61/62, Lake Haven Shopping Centre, Lake Haven Drive, Lake Haven, NSW, 2263",(02) 4394 2777,-33.240383,151.5039,https://www.specsavers.com.au/stores/lakehaven,Optometry; Audiology,true,Lake Haven Shopping Centre,nsw-haven-lake,Shopping Centre,High,Official name/address contains shopping-centre evidence,,,,,Unknown,https://www.specsavers.com.au/stores/lakehaven,2026-07-23T00:53:33.174Z
OPSM,opsm-2295,OPSM Laurieton,Active,NSW,Laurieton,2443,"8/16 Laurie St, Laurieton, NSW, 2443",(02) 6559 9007,-31.65243,152.79572,https://www.opsm.com.au/en/opsm-au/find-store,Collect & Return,false,,,Main Street / Street-front,Medium,Official address is a numbered or corner street address without centre evidence,,,,,Unknown,https://www.opsm.com.au/en/opsm-au/find-store,2026-07-23T00:26:21+00:00
OPSM,opsm-1243,OPSM Lavington,Active,NSW,Lavington,2641,"351 Griffith Rd, Lavington, NSW, 2641",(02) 6040 6077,-36.04846,146.93501,https://www.opsm.com.au/en/opsm-au/find-store,Collect & Return,false,,,Main Street / Street-front,Medium,Official address is a numbered or corner street address without centre evidence,,,,,Unknown,https://www.opsm.com.au/en/opsm-au/find-store,2026-07-23T00:26:21+00:00
Specsavers,specsavers-3466,Lavington Square,Active,NSW,Lavington,2641,"Shop SP043, Lavington Square, 351 Griffith Road, Lavington, NSW, 2641",(02) 6025 2907,-36.048428,146.93512,https://www.specsavers.com.au/stores/lavington,Optometry; Audiology,true,Lavington Square,nsw-lavington-square,Shopping Centre,High,Official name/address contains shopping-centre evidence,,,,,Unknown,https://www.specsavers.com.au/stores/lavington,2026-07-23T00:53:33.174Z
OPSM,opsm-1179,OPSM Leichhardt,Active,NSW,Leichhardt,2040,"Cnr Marion St & Flood St, Leichhardt, NSW, 2040",(02) 9569 4289,-33.88495,151.14919,https://www.opsm.com.au/en/opsm-au/find-store,Collect & Return,false,,,Main Street / Street-front,Medium,Official address is a numbered or corner street address without centre evidence,,,,,Unknown,https://www.opsm.com.au/en/opsm-au/find-store,2026-07-23T00:26:21+00:00
Specsavers,specsavers-3423,Leichhardt Marketplace,Active,NSW,Leichhardt,2040,"12/122-138 Flood Street, Leichhardt, NSW, 2040",(02) 9518 0234,-33.884857,151.14975,https://www.specsavers.com.au/stores/leichhardt,Optometry; Audiology,true,Leichhardt Marketplace,nsw-leichhardt-marketplace,Shopping Centre,High,Official name/address contains shopping-centre evidence,,,,,Unknown,https://www.specsavers.com.au/stores/leichhardt,2026-07-23T00:53:33.174Z
Specsavers,specsavers-3638,Lidcombe,Active,NSW,Lidcombe,2141,"Shop G-010 & G-011 Lidcombe Shopping Centre, 92 Parramatta Road, Lidcombe, NSW, 2141",(02) 9648 3556,-33.849342,151.04956,https://www.specsavers.com.au/stores/lidcombe,Optometry; Audiology,true,& G-011 Lidcombe Shopping Centre,nsw-011-and-g-lidcombe,Shopping Centre,High,Official name/address contains shopping-centre evidence,,,,,Unknown,https://www.specsavers.com.au/stores/lidcombe,2026-07-23T00:53:33.174Z
OPSM,opsm-1210,OPSM Lismore,Active,NSW,Lismore,2480,"Cnr Brewster St & Uralba St, Lismore, NSW, 2480",(02) 6621 2095,-28.8105,153.28656,https://www.opsm.com.au/en/opsm-au/find-store,Collect & Return,false,,,Main Street / Street-front,Medium,Official address is a numbered or corner street address without centre evidence,,,,,Unknown,https://www.opsm.com.au/en/opsm-au/find-store,2026-07-23T00:26:21+00:00
Specsavers,specsavers-3299,Lismore S/C,Active,NSW,Lismore,2480,"Lismore Shopping Square,, Corner of Brewster and Uralba Street, Lismore, NSW, 2480",(02) 6621 8600,-28.811014,153.2871,https://www.specsavers.com.au/stores/lismore,Optometry; Audiology,true,Lismore Shopping Centre,nsw-lismore,Shopping Centre,High,Official name/address contains shopping-centre evidence,,,,,Unknown,https://www.specsavers.com.au/stores/lismore,2026-07-23T00:53:33.174Z
OPSM,opsm-1106,OPSM Liverpool,Active,NSW,Liverpool,2170,"Macquarie St, Liverpool, NSW, 2170",(02) 9602 3105,-33.91883,150.92359,https://www.opsm.com.au/en/opsm-au/find-store,Collect & Return,false,,,Main Street / Street-front,Low,Official address contains street evidence but needs review,,,,,Unknown,https://www.opsm.com.au/en/opsm-au/find-store,2026-07-23T00:26:21+00:00
Specsavers,specsavers-3373,Liverpool Westfield,Active,NSW,Liverpool,2170,"122 Macquarie Street, Liverpool, NSW, 2170",(02) 9600 6864,-33.91972,150.9243,https://www.specsavers.com.au/stores/liverpool,Optometry,false,Liverpool Westfield,nsw-liverpool-westfield,Shopping Centre,High,Official name/address contains shopping-centre evidence,,,,,Unknown,https://www.specsavers.com.au/stores/liverpool,2026-07-23T00:53:33.174Z
OPSM,opsm-1013,OPSM Maitland,Active,NSW,Maitland,2320,"418 High St, Maitland, NSW, 2320",(02) 4933 6923,-32.73188,151.55492,https://www.opsm.com.au/en/opsm-au/find-store,Collect & Return,false,,,Main Street / Street-front,Medium,Official address is a numbered or corner street address without centre evidence,,,,,Unknown,https://www.opsm.com.au/en/opsm-au/find-store,2026-07-23T00:26:21+00:00
Bailey Nelson,bailey-nelson-manly,Bailey Nelson Manly,Active,NSW,Manly,2095,"4-10 Sydney Rd, Manly, NSW, 2095",+61283571358,-33.7970173,151.2872737,https://baileynelson.com.au/pages/optometrist-manly,Optometry Services; Bulk-Billed Eye Tests; Private Eye Tests from $65; Contact Lens Eye Tests; Visual Fields Testing; Ultra-wide retinal imaging; Optical & Sunglass styling; Free frame adjustments,false,,,Main Street / Street-front,Medium,Official address is a numbered or corner street address without centre evidence,,,,,Unknown,https://baileynelson.com.au/pages/optometrist-manly,2026-07-23T01:01:27+00:00
Specsavers,specsavers-3647,Maroubra,Active,NSW,Maroubra,2035,"Shop 2, Pacific Square S/C, 737 Anzac Parade, Maroubra, NSW, 2035",(02) 8347 0933,-33.94028,151.23863,https://www.specsavers.com.au/stores/maroubra,Optometry; Audiology,true,Pacific Square Shopping Centre,nsw-pacific-square,Shopping Centre,High,Official name/address contains shopping-centre evidence,,,,,Unknown,https://www.specsavers.com.au/stores/maroubra,2026-07-23T00:53:33.174Z
OPSM,opsm-2991,OPSM Marrickville,Active,NSW,Marrickville,2204,"20 Smidmore St, Marrickville, NSW, 2204",(02) 9136 7697,-33.90808,151.17218,https://www.opsm.com.au/en/opsm-au/find-store,Collect & Return,false,,,Main Street / Street-front,Medium,Official address is a numbered or corner street address without centre evidence,,,,,Unknown,https://www.opsm.com.au/en/opsm-au/find-store,2026-07-23T00:26:21+00:00
Specsavers,specsavers-3544,Marrickville,Active,NSW,Marrickville,2204,"Shop 86B/34 Victoria Road, Marrickville, NSW, 2204",(02) 9557 8108,-33.907146,151.17223,https://www.specsavers.com.au/stores/marrickville,Optometry,false,,,Shopping Centre,Medium,Official address uses a shop/level format; venue name requires review,,,,,Unknown,https://www.specsavers.com.au/stores/marrickville,2026-07-23T00:53:33.174Z
Specsavers,specsavers-3532,Menai,Active,NSW,Menai,2234,"T30 Menai Marketplace S/C, 152-194 Allison Crescent, Menai, NSW, 2234",(02) 9543 7070,-34.01346,151.01581,https://www.specsavers.com.au/stores/menai,Optometry; Audiology,true,T30 Menai Marketplace Shopping Centre,nsw-marketplace-menai-t30,Shopping Centre,High,Official name/address contains shopping-centre evidence,,,,,Unknown,https://www.specsavers.com.au/stores/menai,2026-07-23T00:53:33.174Z
OPSM,opsm-2942,Jason Harley Merimbula by OPSM,Active,NSW,Merimbula,2548,"40 Market Street, Merimbula, NSW, 2548",(02) 6495 3104,-36.88782,149.91068,https://www.opsm.com.au/en/opsm-au/find-store,Collect & Return,false,,,Main Street / Street-front,Medium,Official address is a numbered or corner street address without centre evidence,,,,,Unknown,https://www.opsm.com.au/en/opsm-au/find-store,2026-07-23T00:26:21+00:00
Specsavers,specsavers-3454,Merrylands Stockland,Active,NSW,Merrylands,2160,"Shop 1016, Stockland Merrylands, 1 McFarlane Street, Merrylands, NSW, 2160",(02) 9637 7050,-33.834496,150.98941,https://www.specsavers.com.au/stores/merrylands,Optometry; Audiology,true,,,Shopping Centre,Medium,Official address uses a shop/level format; venue name requires review,,,,,Unknown,https://www.specsavers.com.au/stores/merrylands,2026-07-23T00:53:33.174Z
Bailey Nelson,bailey-nelson-miranda,Bailey Nelson Miranda,Active,NSW,Miranda,2228,"600 Kingsway, Miranda, NSW, 2228",+61283571351,-34.0355512,151.1006368,https://baileynelson.com.au/pages/optometrist-miranda,Optometry Services; Bulk-Billed Eye Tests; Private Eye Tests from $65; Contact Lens Eye Tests; Visual Fields Testing; Ultra-wide retinal imaging; Optical & Sunglass styling; Free frame adjustments,false,,,Unclassified,Low,Insufficient official venue or street evidence,,,,,Unknown,https://baileynelson.com.au/pages/optometrist-miranda,2026-07-23T01:01:27+00:00
OPSM,opsm-1174,OPSM Miranda,Active,NSW,Miranda,2228,"600 The Kingsway, Miranda, NSW, 2228",(02) 9524 6789,-34.03555,151.10063,https://www.opsm.com.au/en/opsm-au/find-store,"Dry Eye, Collect & Return",false,,,Unclassified,Low,Insufficient official venue or street evidence,,,,,Unknown,https://www.opsm.com.au/en/opsm-au/find-store,2026-07-23T00:26:21+00:00
Specsavers,specsavers-3417,Miranda Westfield Lv 2,Active,NSW,Miranda,2228,"Shop 2012, Level 2, Westfield Miranda, 600 Kingsway, Miranda, NSW, 2228",(02) 9524 0577,-34.03511,151.10007,https://www.specsavers.com.au/stores/miranda,Optometry,false,Miranda Westfield Lv 2,nsw-2-lv-miranda-westfield,Shopping Centre,High,Official name/address contains shopping-centre evidence,,,,,Unknown,https://www.specsavers.com.au/stores/miranda,2026-07-23T00:53:33.174Z
Specsavers,specsavers-3559,Miranda Westfield Lvl 1,Active,NSW,Miranda,2228,"Shop 1096, Level 1, Westfield Miranda, 600 Kingsway, Miranda, NSW, 2228",(02) 9525 1733,-34.03511,151.10007,https://www.specsavers.com.au/stores/mirandaeast,Optometry; Audiology,true,Miranda Westfield Lvl 1,nsw-1-lvl-miranda-westfield,Shopping Centre,High,Official name/address contains shopping-centre evidence,,,,,Unknown,https://www.specsavers.com.au/stores/mirandaeast,2026-07-23T00:53:33.174Z
Specsavers,specsavers-3561,Mittagong,Active,NSW,Mittagong,2575,"Shop 18, Highlands Marketplace, 197 Old Hume Highway, Mittagong, NSW, 2575",(02) 4871 3844,-34.4473,150.43784,https://www.specsavers.com.au/stores/mittagong,Optometry; Audiology,true,Highlands Marketplace,nsw-highlands-marketplace,Shopping Centre,High,Official name/address contains shopping-centre evidence,,,,,Unknown,https://www.specsavers.com.au/stores/mittagong,2026-07-23T00:53:33.174Z
OPSM,opsm-2941,OPSM Mona Vale,Active,NSW,Mona Vale,2103,"Bungan St, Mona Vale, NSW, 2103",(02) 9999 4756,-33.67635,151.30329,https://www.opsm.com.au/en/opsm-au/find-store,Collect & Return,false,,,Main Street / Street-front,Low,Official address contains street evidence but needs review,,,,,Unknown,https://www.opsm.com.au/en/opsm-au/find-store,2026-07-23T00:26:21+00:00
Specsavers,specsavers-3321,Morisset Square,Active,NSW,Morisset,2264,"Shops 16 & 17, Morisset Square, 35 Yambo St, Morisset, NSW, 2264",(02) 4973 3003,-33.10645,151.48817,https://www.specsavers.com.au/stores/morisset,Optometry; Audiology,true,Morisset Square,nsw-morisset-square,Shopping Centre,High,Official name/address contains shopping-centre evidence,,,,,Unknown,https://www.specsavers.com.au/stores/morisset,2026-07-23T00:53:33.174Z
Bailey Nelson,bailey-nelson-mosman,Bailey Nelson Mosman,Active,NSW,Mosman,2088,"Shop 3 - 597 Military Road, Mosman, NSW, 2088",+61290008068,-33.8253654,151.2420018,https://baileynelson.com.au/pages/optometrist-mosman,Optometry Services; Bulk-Billed Eye Tests; Private Eye Tests from $65; Contact Lens Eye Tests; Visual Fields Testing; Ultra-wide retinal imaging; Optical & Sunglass styling; Free frame adjustments,false,,,Shopping Centre,Medium,Official address uses a shop/level format; venue name requires review,,,,,Unknown,https://baileynelson.com.au/pages/optometrist-mosman,2026-07-23T01:01:27+00:00
OPSM,opsm-2967,OPSM Mosman Bridgepoint,Active,NSW,Mosman,2088,"Cnr Brady St & Military Rd, Mosman, NSW, 2088",(02) 9969 8761,-33.82412,151.24024,https://www.opsm.com.au/en/opsm-au/find-store,Collect & Return,false,,,Main Street / Street-front,Medium,Official address is a numbered or corner street address without centre evidence,,,,,Unknown,https://www.opsm.com.au/en/opsm-au/find-store,2026-07-23T00:26:21+00:00
OPSM,opsm-1193,OPSM Mt Druitt,Active,NSW,Mount Druitt,2770,"Cnr Luxford Ave & Carlisle Ave, Mount Druitt, NSW, 2770",(02) 9625 7056,-33.76684,150.82053,https://www.opsm.com.au/en/opsm-au/find-store,Collect & Return,false,,,Main Street / Street-front,Medium,Official address is a numbered or corner street address without centre evidence,,,,,Unknown,https://www.opsm.com.au/en/opsm-au/find-store,2026-07-23T00:26:21+00:00
Specsavers,specsavers-3323,Mt Druitt Westfield,Active,NSW,Mount Druitt,2770,"Westfield Mount Druitt, Cnr Carlisle Avenue & Luxford Road, Mount Druitt, NSW, 2770",(02) 9832 2081,-33.767002,150.82048,https://www.specsavers.com.au/stores/mtdruitt,Optometry; Audiology,true,Mt Druitt Westfield,nsw-druitt-mt-westfield,Shopping Centre,High,Official name/address contains shopping-centre evidence,,,,,Unknown,https://www.specsavers.com.au/stores/mtdruitt,2026-07-23T00:53:33.174Z
OPSM,opsm-1217,OPSM Lake Macquarie,Active,NSW,Mt Hutton,2290,"46 Wilson Rd, Mt Hutton, NSW, 2290",(02) 4945 4090,-32.98427,151.67253,https://www.opsm.com.au/en/opsm-au/find-store,Collect & Return,false,,,Main Street / Street-front,Medium,Official address is a numbered or corner street address without centre evidence,,,,,Unknown,https://www.opsm.com.au/en/opsm-au/find-store,2026-07-23T00:26:21+00:00
Specsavers,specsavers-3335,Mt Hutton - Lake Macquarie,Active,NSW,Mt Hutton,2290,"Shop T76 Lake Macquarie Square, 46 -56 Wilsons Rd, Mt Hutton, NSW, 2290",(02) 4948 0100,-32.98463,151.67255,https://www.specsavers.com.au/stores/mthutton,Optometry; Audiology,true,,,Shopping Centre,High,Official name/address contains shopping-centre evidence,,,,,Unknown,https://www.specsavers.com.au/stores/mthutton,2026-07-23T00:53:33.174Z
OPSM,opsm-1056,OPSM Narellan,Active,NSW,Narellan,2567,"326 Camden Valley Way, Narellan, NSW, 2567",(02) 4648 2742,-34.04195,150.73702,https://www.opsm.com.au/en/opsm-au/find-store,Collect & Return,false,,,Unclassified,Low,Insufficient official venue or street evidence,,,,,Unknown,https://www.opsm.com.au/en/opsm-au/find-store,2026-07-23T00:26:21+00:00
Specsavers,specsavers-3345,Narellan Town Centre,Active,NSW,Narellan,2567,"Shop 80 & 81, Narellan Town Centre, 326 Camden Valley Way, Narellan, NSW, 2567",(02) 4647 4577,-34.04177,150.73727,https://www.specsavers.com.au/stores/narellan,Optometry; Audiology,true,Narellan Town Centre,nsw-narellan-town,Shopping Centre,High,Official name/address contains shopping-centre evidence,,,,,Unknown,https://www.specsavers.com.au/stores/narellan,2026-07-23T00:53:33.174Z
Specsavers,specsavers-3494,Neutral Bay,Active,NSW,Neutral Bay,2089,"Shops 1-3, 184 Military Road, Neutral Bay, NSW, 2089",(02) 8969 6254,-33.83119,151.2221,https://www.specsavers.com.au/stores/neutralbay,Optometry; Audiology,true,,,Shopping Centre,Medium,Official address uses a shop/level format; venue name requires review,,,,,Unknown,https://www.specsavers.com.au/stores/neutralbay,2026-07-23T00:53:33.174Z
OPSM,opsm-4718,OPSM Newcastle,Active,NSW,Newcastle,2300,"122-132 Hunter St, Newcastle, NSW, 2300",(02) 4929 5211,-32.927,151.7824,https://www.opsm.com.au/en/opsm-au/find-store,,false,,,Main Street / Street-front,Medium,Official address is a numbered or corner street address without centre evidence,,,,,Unknown,https://www.opsm.com.au/en/opsm-au/find-store,2026-07-23T00:26:21+00:00
Specsavers,specsavers-3632,Newcastle Marketown,Active,NSW,Newcastle West,2302,"Tenancy G-02, Marketown Shopping Centre, 23 Steel St, Newcastle West, NSW, 2302",(02) 4951 2855,-32.929016,151.76286,https://www.specsavers.com.au/stores/newcastlemarketown,Optometry; Audiology,true,Marketown Shopping Centre,nsw-marketown,Shopping Centre,High,Official name/address contains shopping-centre evidence,,,,,Unknown,https://www.specsavers.com.au/stores/newcastlemarketown,2026-07-23T00:53:33.174Z
Bailey Nelson,bailey-nelson-newtown,Bailey Nelson Newtown,Active,NSW,Newtown,2042,"239 King Street, Newtown, NSW, 2042",+61283571350,-33.8954608,151.1811783,https://baileynelson.com.au/pages/optometrist-newtown,Optometry Services; Bulk-Billed Eye Tests; Private Eye Tests from $65; Contact Lens Eye Tests; Visual Fields Testing; Ultra-wide retinal imaging; Optical & Sunglass styling; Free frame adjustments,false,,,Main Street / Street-front,Medium,Official address is a numbered or corner street address without centre evidence,,,,,Unknown,https://baileynelson.com.au/pages/optometrist-newtown,2026-07-23T01:01:27+00:00
Specsavers,specsavers-3398,North Rocks Shopping Centre,Active,NSW,North Rocks,2151,"Shop 36 North Rocks S/C, 328 -336 North Rocks Road, North Rocks, NSW, 2151",(02) 9871 1177,-33.768658,151.02783,https://www.specsavers.com.au/stores/northrocks,Optometry; Audiology,true,North Rocks Shopping Centre,nsw-north-rocks,Shopping Centre,High,Official name/address contains shopping-centre evidence,,,,,Unknown,https://www.specsavers.com.au/stores/northrocks,2026-07-23T00:53:33.174Z
Bailey Nelson,bailey-nelson-macquarie,Bailey Nelson Macquarie Centre,Active,NSW,North Ryde,2113,"Level 1, Shop 13A, Macquarie Centre, Corner of Herring Road & Waterloo Road, North Ryde, NSW, 2113",+61290008062,-33.7767187,151.1205172,https://baileynelson.com.au/pages/optometrist-macquarie,Optometry Services; Bulk-Billed Eye Tests; Private Eye Tests from $65; Contact Lens Eye Tests; Visual Fields Testing; Ultra-wide retinal imaging; Optical & Sunglass styling; Free frame adjustments,false,Macquarie Centre,nsw-macquarie-centre,Shopping Centre,High,Reviewed official store name and address,,,,,Unknown,https://baileynelson.com.au/pages/optometrist-macquarie,2026-07-23T01:01:27+00:00
OPSM,opsm-1213,OPSM Macquarie Centre,Active,NSW,North Ryde,2113,"Cnr Herring And Waterloo Rd, North Ryde, NSW, 2113",(02) 9878 4377,-33.77671,151.12051,https://www.opsm.com.au/en/opsm-au/find-store,"Dry Eye, Kids Vision Centre, Collect & Return",false,Macquarie Centre,nsw-macquarie-centre,Shopping Centre,High,Reviewed official store name and address,,,,,Unknown,https://www.opsm.com.au/en/opsm-au/find-store,2026-07-23T00:26:21+00:00
Specsavers,specsavers-3359,Macquarie S/C North Ryde,Active,NSW,North Ryde,2113,"Shop 9 Maquarie Shopping Centre, Cnr Herring & Waterloo Roads, North Ryde, NSW, 2113",(02) 9889 2556,-33.777058,151.12158,https://www.specsavers.com.au/stores/northryde,Optometry; Audiology,true,Macquarie Centre,nsw-macquarie-centre,Shopping Centre,High,Reviewed official store name and address,,,,,Unknown,https://www.specsavers.com.au/stores/northryde,2026-07-23T00:53:33.174Z
OPSM,opsm-2200,OPSM North Sydney,Active,NSW,North Sydney,2060,"100 Miller St, North Sydney, NSW, 2060",(02) 8866 1629,-33.83753,151.20657,https://www.opsm.com.au/en/opsm-au/find-store,Collect & Return,false,,,Main Street / Street-front,Medium,Official address is a numbered or corner street address without centre evidence,,,,,Unknown,https://www.opsm.com.au/en/opsm-au/find-store,2026-07-23T00:26:21+00:00
Specsavers,specsavers-3356,North Sydney - Greenwood Plaza,Active,NSW,North Sydney,2060,"Shop M13-14 Greenwood Plaza, Pacific Highway, North Sydney, NSW, 2060",(02) 9460 3300,-33.840374,151.2077,https://www.specsavers.com.au/stores/northsydney,Optometry,false,Greenwood Plaza,nsw-greenwood-plaza,Shopping Centre,High,Official name/address contains shopping-centre evidence,,,,,Unknown,https://www.specsavers.com.au/stores/northsydney,2026-07-23T00:53:33.174Z
OPSM,opsm-2994,OPSM Nowra,Active,NSW,Nowra,2540,"Kinghorne St, Nowra, NSW, 2540",(02) 4421 3420,-34.87433,150.60319,https://www.opsm.com.au/en/opsm-au/find-store,Collect & Return,false,,,Main Street / Street-front,Low,Official address contains street evidence but needs review,,,,,Unknown,https://www.opsm.com.au/en/opsm-au/find-store,2026-07-23T00:26:21+00:00
Specsavers,specsavers-3315,Nowra Central,Active,NSW,Nowra,2541,"57 Kinghorne St, Cnr Worrigee & Kinghorne Streets, Nowra, NSW, 2541",(02) 4421 0500,-34.87682,150.60243,https://www.specsavers.com.au/stores/nowracentral,Optometry; Audiology,true,,,Main Street / Street-front,Medium,Official address is a numbered or corner street address without centre evidence,,,,,Unknown,https://www.specsavers.com.au/stores/nowracentral,2026-07-23T00:53:33.174Z
Specsavers,specsavers-3316,Nowra Plaza,Active,NSW,Nowra,2541,"Shop 20 & 21 Nowra Centre Plaza, 32-60 East Street, Nowra, NSW, 2541",(02) 4423 1811,-34.87693,150.60666,https://www.specsavers.com.au/stores/nowra-plaza,Optometry; Audiology,true,Nowra Plaza,nsw-nowra-plaza,Shopping Centre,High,Official name/address contains shopping-centre evidence,,,,,Unknown,https://www.specsavers.com.au/stores/nowra-plaza,2026-07-23T00:53:33.174Z
OPSM,opsm-4614,OPSM Oran Park,Active,NSW,Oran Park,2570,"351 Oran Park Dr., Oran Park, NSW, 2570",(02) 4744 3831,-34.01285,150.74166,https://www.opsm.com.au/en/opsm-au/find-store,,false,,,Unclassified,Low,Insufficient official venue or street evidence,,,,,Unknown,https://www.opsm.com.au/en/opsm-au/find-store,2026-07-23T00:26:21+00:00
Specsavers,specsavers-3675,Oran Park,Active,NSW,Oran Park,2570,"Q4 351 Oran Park Drive, Oran Park, NSW, 2570",(02) 4620 0801,-34.000046,150.74046,https://www.specsavers.com.au/stores/oranpark,Optometry,false,,,Main Street / Street-front,Medium,Official address is a numbered or corner street address without centre evidence,,,,,Unknown,https://www.specsavers.com.au/stores/oranpark,2026-07-23T00:53:33.174Z
OPSM,opsm-1028,OPSM Orange,Active,NSW,Orange,2800,"227-237 Summer St, Orange, NSW, 2800",(02) 6362 1284,-33.28296,149.10032,https://www.opsm.com.au/en/opsm-au/find-store,"Dry Eye, Collect & Return",false,,,Main Street / Street-front,Medium,Official address is a numbered or corner street address without centre evidence,,,,,Unknown,https://www.opsm.com.au/en/opsm-au/find-store,2026-07-23T00:26:21+00:00
Specsavers,specsavers-3517,Orange,Active,NSW,Orange,2800,"Shop No 122, Orange Central S/C, 227-237 Summer Street, Orange, NSW, 2800",(02) 6362 1045,-33.28267,149.10057,https://www.specsavers.com.au/stores/orange,Optometry; Audiology,true,Orange Central Shopping Centre,nsw-central-orange,Shopping Centre,High,Official name/address contains shopping-centre evidence,,,,,Unknown,https://www.specsavers.com.au/stores/orange,2026-07-23T00:53:33.174Z
Bailey Nelson,bailey-nelson-paddington,Bailey Nelson Paddington - New Location,Active,NSW,Paddington,2021,"372 Oxford Street, Paddington, NSW, 2021",+61290008061,-33.8860014,151.2289799,https://baileynelson.com.au/pages/optometrist-paddington,Optometry Services; Bulk-Billed Eye Tests; Private Eye Tests from $65; Contact Lens Eye Tests; Visual Fields Testing; Ultra-wide retinal imaging; Optical & Sunglass styling; Free frame adjustments,false,,,Main Street / Street-front,Medium,Official address is a numbered or corner street address without centre evidence,,,,,Unknown,https://baileynelson.com.au/pages/optometrist-paddington,2026-07-23T01:01:27+00:00
OPSM,opsm-1180,OPSM Eastgardens,Active,NSW,Pagewood,2035,"152 Bunnerong Rd, Pagewood, NSW, 2035",(02) 9349 3377,-33.945,151.22597,https://www.opsm.com.au/en/opsm-au/find-store,Collect & Return,false,,,Main Street / Street-front,Medium,Official address is a numbered or corner street address without centre evidence,,,,,Unknown,https://www.opsm.com.au/en/opsm-au/find-store,2026-07-23T00:26:21+00:00
OPSM,opsm-1117,OPSM Parkes,Active,NSW,Parkes,2870,"299 Clarinda St, Parkes, NSW, 2870",(02) 6862 1576,-33.13424,148.17464,https://www.opsm.com.au/en/opsm-au/find-store,Collect & Return,false,,,Main Street / Street-front,Medium,Official address is a numbered or corner street address without centre evidence,,,,,Unknown,https://www.opsm.com.au/en/opsm-au/find-store,2026-07-23T00:26:21+00:00
OPSM,opsm-1326,OPSM Parramatta,Active,NSW,Parramatta,2150,"159-175 Church St, Parramatta, NSW, 2150",(02) 9633 2394,-33.81736,151.00279,https://www.opsm.com.au/en/opsm-au/find-store,"Dry Eye, Collect & Return",false,,,Main Street / Street-front,Medium,Official address is a numbered or corner street address without centre evidence,,,,,Unknown,https://www.opsm.com.au/en/opsm-au/find-store,2026-07-23T00:26:21+00:00
Specsavers,specsavers-3625,Parramatta Westfield - Level 1,Active,NSW,Parramatta,2150,"Parramatta Westfield Shop 1150, Level 1, 159 - 175 Church Street, Parramatta, NSW, 2150",(02) 9633 2480,-33.817665,151.00162,https://www.specsavers.com.au/stores/parramattasouth,Optometry; Audiology,true,Parramatta Westfield,nsw-parramatta-westfield,Shopping Centre,High,Official name/address contains shopping-centre evidence,,,,,Unknown,https://www.specsavers.com.au/stores/parramattasouth,2026-07-23T00:53:33.174Z
Specsavers,specsavers-3385,Parramatta Westfield - Level 5,Active,NSW,Parramatta,2150,"Westfield Parramatta, 5070/159-175 Church Street, Parramatta, NSW, 2150",(02) 9635 6233,-33.817642,151.00197,https://www.specsavers.com.au/stores/parramatta,Optometry,false,Parramatta Westfield,nsw-parramatta-westfield,Shopping Centre,High,Official name/address contains shopping-centre evidence,,,,,Unknown,https://www.specsavers.com.au/stores/parramatta,2026-07-23T00:53:33.174Z
OPSM,opsm-1300,OPSM Nepean,Active,NSW,Penrith,2750,"Cnr Station St & Woodriff St, Penrith, NSW, 2750",(02) 4722 8593,-33.75743,150.69256,https://www.opsm.com.au/en/opsm-au/find-store,Collect & Return,false,,,Main Street / Street-front,Medium,Official address is a numbered or corner street address without centre evidence,,,,,Unknown,https://www.opsm.com.au/en/opsm-au/find-store,2026-07-23T00:26:21+00:00
OPSM,opsm-1328,OPSM Penrith Plaza,Active,NSW,Penrith,2750,"585 High St, Penrith, NSW, 2750",(02) 4721 8477,-33.75154,150.6927,https://www.opsm.com.au/en/opsm-au/find-store,"Dry Eye, Collect & Return",false,Penrith Plaza,nsw-penrith-plaza,Shopping Centre,High,Official name/address contains shopping-centre evidence,,,,,Unknown,https://www.opsm.com.au/en/opsm-au/find-store,2026-07-23T00:26:21+00:00
Specsavers,specsavers-3578,Penrith Nepean,Active,NSW,Penrith,2750,"SP007, Nepean Village, Woodriff St, Penrith, NSW, 2750",(02) 4721 4333,-33.75792,150.69188,https://www.specsavers.com.au/stores/penrithnepean,Optometry; Audiology,true,Nepean Village,nsw-nepean-village,Shopping Centre,High,Official name/address contains shopping-centre evidence,,,,,Unknown,https://www.specsavers.com.au/stores/penrithnepean,2026-07-23T00:53:33.174Z
Specsavers,specsavers-3386,Penrith Westfield,Active,NSW,Penrith,2750,"Westfield Penrith S/C, 585 High Street, Penrith, NSW, 2750",(02) 4732 4677,-33.75123,150.69214,https://www.specsavers.com.au/stores/penrith,Optometry; Audiology,true,Penrith Westfield,nsw-penrith-westfield,Shopping Centre,High,Official name/address contains shopping-centre evidence,,,,,Unknown,https://www.specsavers.com.au/stores/penrith,2026-07-23T00:53:33.174Z
OPSM,opsm-1351,OPSM Plumpton,Active,NSW,Plumpton,2761,"Hyatts Rd & Jersey Rd, Plumpton, NSW, 2761",(02) 9677 2387,-33.7458,150.83603,https://www.opsm.com.au/en/opsm-au/find-store,Collect & Return,false,,,Main Street / Street-front,Low,Official address contains street evidence but needs review,,,,,Unknown,https://www.opsm.com.au/en/opsm-au/find-store,2026-07-23T00:26:21+00:00
Specsavers,specsavers-3528,Plumpton Marketplace,Active,NSW,Plumpton,2761,"Shop 27/28 Plumpton Marketplace, 28 Hyatts Road, Plumpton, NSW, 2761",(02) 9625 0848,-33.74577,150.83592,https://www.specsavers.com.au/stores/plumpton,Optometry; Audiology,true,Plumpton Marketplace,nsw-marketplace-plumpton,Shopping Centre,High,Official name/address contains shopping-centre evidence,,,,,Unknown,https://www.specsavers.com.au/stores/plumpton,2026-07-23T00:53:33.174Z
OPSM,opsm-2297,OPSM Port Central,Active,NSW,Port Macquarie,2444,"40-42 Horton St, Port Macquarie, NSW, 2444",(02) 6583 1377,-31.42759,152.89538,https://www.opsm.com.au/en/opsm-au/find-store,Collect & Return,false,,,Main Street / Street-front,Medium,Official address is a numbered or corner street address without centre evidence,,,,,Unknown,https://www.opsm.com.au/en/opsm-au/find-store,2026-07-23T00:26:21+00:00
OPSM,opsm-2296,OPSM Port Macquarie,Active,NSW,Port Macquarie,2444,"Cnr Park & Bay St, Port Macquarie, NSW, 2444",(02) 6583 4271,-31.42759,152.89538,https://www.opsm.com.au/en/opsm-au/find-store,Collect & Return,false,,,Main Street / Street-front,Medium,Official address is a numbered or corner street address without centre evidence,,,,,Unknown,https://www.opsm.com.au/en/opsm-au/find-store,2026-07-23T00:26:21+00:00
Specsavers,specsavers-3438,Port Macquarie,Active,NSW,Port Macquarie,2444,"2/46 Horton St, Port Macquarie, NSW, 2444",(02) 6583 5174,-31.430004,152.90842,https://www.specsavers.com.au/stores/portmacquarie,Optometry; Audiology,true,,,Main Street / Street-front,Medium,Official address is a numbered or corner street address without centre evidence,,,,,Unknown,https://www.specsavers.com.au/stores/portmacquarie,2026-07-23T00:53:33.174Z
Specsavers,specsavers-3584,Port Macquarie West,Active,NSW,Port Macquarie,2444,"Settlement City Shopping Centre, Cnr Park and Bay Streets, Port Macquarie, NSW, 2444",(02) 6583 5177,-31.426834,152.89526,https://www.specsavers.com.au/stores/portmacquariewest,Optometry; Audiology,true,Settlement City Shopping Centre,nsw-city-settlement,Shopping Centre,High,Official name/address contains shopping-centre evidence,,,,,Unknown,https://www.specsavers.com.au/stores/portmacquariewest,2026-07-23T00:53:33.174Z
OPSM,opsm-1384,OPSM Queanbeyan,Active,NSW,Queanbeyan,2620,"131 Monaro St, Queanbeyan, NSW, 2620",(02) 6299 4411,-35.35179,149.23459,https://www.opsm.com.au/en/opsm-au/find-store,"Kids Vision Centre, Collect & Return",false,,,Main Street / Street-front,Medium,Official address is a numbered or corner street address without centre evidence,,,,,Unknown,https://www.opsm.com.au/en/opsm-au/find-store,2026-07-23T00:26:21+00:00
Specsavers,specsavers-3574,Queanbeyan - Riverside,Active,NSW,Queanbeyan,2620,"Riverside Plaza Queanbeyan, 22/131 Monaro Street, Queanbeyan, NSW, 2620",(02) 6232 9533,-35.35333,149.23451,https://www.specsavers.com.au/stores/queanbeyan,Optometry; Audiology,true,Riverside Plaza Queanbeyan,nsw-plaza-queanbeyan-riverside,Shopping Centre,High,Official name/address contains shopping-centre evidence,,,,,Unknown,https://www.specsavers.com.au/stores/queanbeyan,2026-07-23T00:53:33.174Z
OPSM,opsm-2971,OPSM Randwick,Active,NSW,Randwick,2031,"73 Belmore Rd, Randwick, NSW, 2031",(02) 9399 3365,-33.91542,151.24106,https://www.opsm.com.au/en/opsm-au/find-store,Collect & Return,false,,,Main Street / Street-front,Medium,Official address is a numbered or corner street address without centre evidence,,,,,Unknown,https://www.opsm.com.au/en/opsm-au/find-store,2026-07-23T00:26:21+00:00
Specsavers,specsavers-3313,Randwick - Royal Randwick,Active,NSW,Randwick,2031,"73 Belmore Rd, Shop 57 Royal Randwick Shopping Centre, Randwick, NSW, 2031",(02) 9326 6040,-33.915173,151.24101,https://www.specsavers.com.au/stores/randwick,Optometry,false,,,Shopping Centre,High,Official name/address contains shopping-centre evidence,,,,,Unknown,https://www.specsavers.com.au/stores/randwick,2026-07-23T00:53:33.174Z
OPSM,opsm-1430,OPSM Raymond Terrace,Active,NSW,Raymond Terrace,2324,"Port Stephens St, Raymond Terrace, NSW, 2324",(02) 4987 3171,-32.76086,151.74363,https://www.opsm.com.au/en/opsm-au/find-store,Collect & Return,false,,,Main Street / Street-front,Low,Official address contains street evidence but needs review,,,,,Unknown,https://www.opsm.com.au/en/opsm-au/find-store,2026-07-23T00:26:21+00:00
Specsavers,specsavers-3652,Raymond Terrace,Active,NSW,Raymond Terrace,2324,"Shop 22, Raymond Terrace Marketplace, 35 William Street, Raymond Terrace, NSW, 2324",(02) 4062 1110,-32.761185,151.74434,https://www.specsavers.com.au/stores/raymondterrace,Optometry; Audiology,true,Raymond Terrace Marketplace,nsw-marketplace-raymond-terrace,Shopping Centre,High,Official name/address contains shopping-centre evidence,,,,,Unknown,https://www.specsavers.com.au/stores/raymondterrace,2026-07-23T00:53:33.174Z
OPSM,opsm-2966,OPSM Rhodes,Active,NSW,Rhodes,2138,"1 Rider Blvd, Rhodes, NSW, 2138",(02) 9743 5616,-33.83515,151.08538,https://www.opsm.com.au/en/opsm-au/find-store,Collect & Return,false,,,Unclassified,Low,Insufficient official venue or street evidence,,,,,Unknown,https://www.opsm.com.au/en/opsm-au/find-store,2026-07-23T00:26:21+00:00
Specsavers,specsavers-3588,Rhodes,Active,NSW,Rhodes,2138,"Rhodes Waterside S/C, 1 Rider Blvd, Shop 59, Rhodes, NSW, 2138",(02) 8384 0325,-33.835712,151.08524,https://www.specsavers.com.au/stores/rhodes,Optometry; Audiology,true,Rhodes Waterside Shopping Centre,nsw-rhodes-waterside,Shopping Centre,High,Official name/address contains shopping-centre evidence,,,,,Unknown,https://www.specsavers.com.au/stores/rhodes,2026-07-23T00:53:33.174Z
OPSM,opsm-1257,OPSM Richmond,Active,NSW,Richmond,2753,"253 Windsor St, Richmond, NSW, 2753",(02) 4578 4093,-33.59608,150.75006,https://www.opsm.com.au/en/opsm-au/find-store,Collect & Return,false,,,Main Street / Street-front,Medium,Official address is a numbered or corner street address without centre evidence,,,,,Unknown,https://www.opsm.com.au/en/opsm-au/find-store,2026-07-23T00:26:21+00:00
Specsavers,specsavers-3439,Richmond Marketplace,Active,NSW,Richmond,2753,"Shop 4 & 5 Richmond Marketplace, March Street, Richmond, NSW, 2753",(02) 4578 3905,-33.600674,150.75275,https://www.specsavers.com.au/stores/richmond,Optometry; Audiology,true,Richmond Marketplace,nsw-marketplace-richmond,Shopping Centre,High,Official name/address contains shopping-centre evidence,,,,,Unknown,https://www.specsavers.com.au/stores/richmond,2026-07-23T00:53:33.174Z
Specsavers,specsavers-3546,Rockdale,Active,NSW,Rockdale,2216,"1 Rockdale Plaza Drive, Rockdale Plaza, Rockdale, NSW, 2216",(02) 9587 6755,-33.95821,151.14012,https://www.specsavers.com.au/stores/rockdale,Optometry; Audiology,true,Rockdale Plaza Drive,nsw-drive-plaza-rockdale,Shopping Centre,High,Official name/address contains shopping-centre evidence,,,,,Unknown,https://www.specsavers.com.au/stores/rockdale,2026-07-23T00:53:33.174Z
OPSM,opsm-1415,OPSM Roselands,Active,NSW,Roselands,2196,"Roselands Dr, Roselands, NSW, 2196",(02) 9759 0825,-33.93492,151.06921,https://www.opsm.com.au/en/opsm-au/find-store,Collect & Return,false,,,Unclassified,Low,Insufficient official venue or street evidence,,,,,Unknown,https://www.opsm.com.au/en/opsm-au/find-store,2026-07-23T00:26:21+00:00
Specsavers,specsavers-3419,Roselands,Active,NSW,Roselands,2196,"Shop G017, Roselands Shopping Centre, Roselands Drive, Roselands, NSW, 2196",(02) 9758 4937,-33.93476,151.06874,https://www.specsavers.com.au/stores/roselands,Optometry; Audiology,true,Roselands Shopping Centre,nsw-roselands,Shopping Centre,High,Official name/address contains shopping-centre evidence,,,,,Unknown,https://www.specsavers.com.au/stores/roselands,2026-07-23T00:53:33.174Z
OPSM,opsm-4633,OPSM Rouse Hill,Active,NSW,Rouse Hill,2155,"10-14 Market Place, Rouse Hill, NSW, 2155",(02) 8882 9399,-33.69094,150.92434,https://www.opsm.com.au/en/opsm-au/find-store,"Audiology, Dry Eye, Kids Vision Centre, Collect & Return",true,,,Unclassified,Low,Insufficient official venue or street evidence,,,,,Unknown,https://www.opsm.com.au/en/opsm-au/find-store,2026-07-23T00:26:21+00:00
Specsavers,specsavers-3526,Rouse Hill Town Centre,Active,NSW,Rouse Hill,2155,"Shop GR 058/59, Rouse Hill Town Centre, Corner Windsor Road & White Hart Drive, Rouse Hill, NSW, 2155",(02) 8205 7940,-33.691624,150.92526,https://www.specsavers.com.au/stores/rousehill,Optometry; Audiology,true,Rouse Hill Town Centre,nsw-hill-rouse-town,Shopping Centre,High,Official name/address contains shopping-centre evidence,,,,,Unknown,https://www.specsavers.com.au/stores/rousehill,2026-07-23T00:53:33.174Z
OPSM,opsm-1551,OPSM Top Ryde,Active,NSW,Ryde,2112,"109-129 Blaxland Rd, Ryde, NSW, 2112",(02) 9807 6211,-33.8121,151.10571,https://www.opsm.com.au/en/opsm-au/find-store,Collect & Return,false,,,Main Street / Street-front,Medium,Official address is a numbered or corner street address without centre evidence,,,,,Unknown,https://www.opsm.com.au/en/opsm-au/find-store,2026-07-23T00:26:21+00:00
Specsavers,specsavers-3428,Top Ryde City,Active,NSW,Ryde,2112,"Shop 2005, Level LG1, Top Ryde City Shopping Centre, Cnr Devlin St &, Blaxland Rd, Ryde, NSW, 2112",(02) 9807 5049,-33.81218,151.10602,https://www.specsavers.com.au/stores/topryde,Optometry; Audiology,true,Top Ryde City Shopping Centre,nsw-city-ryde-top,Shopping Centre,High,Official name/address contains shopping-centre evidence,,,,,Unknown,https://www.specsavers.com.au/stores/topryde,2026-07-23T00:53:33.174Z
OPSM,opsm-1375,OPSM Salamander Bay,Active,NSW,Salamander Bay,2317,"2 Town Centre Circuit, Salamander Bay, NSW, 2317",(02) 4982 0770,-32.73537,152.10689,https://www.opsm.com.au/en/opsm-au/find-store,Collect & Return,false,Town Centre Circuit,nsw-circuit-town,Shopping Centre,High,Official name/address contains shopping-centre evidence,,,,,Unknown,https://www.opsm.com.au/en/opsm-au/find-store,2026-07-23T00:26:21+00:00
Specsavers,specsavers-3563,Salamander Bay,Active,NSW,Salamander Bay,2317,"Shop G016 Salamander S/C, 2 Town Centre Circuit, Salamander Bay, NSW, 2317",(02) 4982 7788,-32.73578,152.1069,https://www.specsavers.com.au/stores/salamander-bay,Optometry; Audiology,true,,,Shopping Centre,High,Official name/address contains shopping-centre evidence,,,,,Unknown,https://www.specsavers.com.au/stores/salamander-bay,2026-07-23T00:53:33.174Z
Specsavers,specsavers-3516,Seven Hills,Active,NSW,Seven Hills,2147,"Shop 57, Seven Hills Plaza, Cnr Prospect Hwy & Federal Road, Seven Hills, NSW, 2147",(02) 9622 4964,-33.775494,150.93121,https://www.specsavers.com.au/stores/sevenhills,Optometry,false,Seven Hills Plaza,nsw-hills-plaza-seven,Shopping Centre,High,Official name/address contains shopping-centre evidence,,,,,Unknown,https://www.specsavers.com.au/stores/sevenhills,2026-07-23T00:53:33.174Z
OPSM,opsm-1105,SHELLHARBOUR,Active,NSW,Shellharbour,2529,"Shop 1004-1005, Shellharbour, NSW, 2529",(02) 4296 7777,-34.5629,150.8393,https://www.opsm.com.au/en/opsm-au/find-store,"Dry Eye, Collect & Return",false,,,Shopping Centre,Medium,Official address uses a shop/level format; venue name requires review,,,,,Unknown,https://www.opsm.com.au/en/opsm-au/find-store,2026-07-23T00:26:21+00:00
Specsavers,specsavers-3377,Shellharbour Stockland,Active,NSW,Shellharbour City,2529,"Shop 52, Stockland Shellharbour Shopping Centre, 211 Lake Entrance Road, Shellharbour City, NSW, 2529",(02) 4296 2342,-34.56457,150.839,https://www.specsavers.com.au/stores/shellharbour,Optometry; Audiology,true,Stockland Shellharbour Shopping Centre,nsw-shellharbour-stockland,Shopping Centre,High,Official name/address contains shopping-centre evidence,,,,,Unknown,https://www.specsavers.com.au/stores/shellharbour,2026-07-23T00:53:33.174Z
OPSM,opsm-4702,OPSM Singleton,Active,NSW,Singleton,2330,"1 Gowrie St, Singleton, NSW, 2330",(02) 6571 1266,-32.566,151.1639,https://www.opsm.com.au/en/opsm-au/find-store,,false,,,Main Street / Street-front,Medium,Official address is a numbered or corner street address without centre evidence,,,,,Unknown,https://www.opsm.com.au/en/opsm-au/find-store,2026-07-23T00:26:21+00:00
Specsavers,specsavers-3614,Singleton,Active,NSW,Singleton,2330,"Shop 26 Singleton Square, 1 Gowrie St, Singleton, Singleton, NSW, 2330",(02) 6528 0720,-32.566017,151.16463,https://www.specsavers.com.au/stores/singleton,Optometry; Audiology,true,,,Shopping Centre,High,Official name/address contains shopping-centre evidence,,,,,Unknown,https://www.specsavers.com.au/stores/singleton,2026-07-23T00:53:33.174Z
OPSM,opsm-1398,OPSM St Ives,Active,NSW,St Ives,2075,"166 Mona Vale Rd, St Ives, NSW, 2075",(02) 9449 1066,-33.72977,151.15871,https://www.opsm.com.au/en/opsm-au/find-store,Collect & Return,false,,,Main Street / Street-front,Medium,Official address is a numbered or corner street address without centre evidence,,,,,Unknown,https://www.opsm.com.au/en/opsm-au/find-store,2026-07-23T00:26:21+00:00
Specsavers,specsavers-3637,St Ives,Active,NSW,St Ives,2075,"196 Mona Vale Rd, St Ives, NSW, 2075",(02) 9423 0225,-33.730137,151.16032,https://www.specsavers.com.au/stores/stives,Optometry; Audiology,true,,,Main Street / Street-front,Medium,Official address is a numbered or corner street address without centre evidence,,,,,Unknown,https://www.specsavers.com.au/stores/stives,2026-07-23T00:53:33.174Z
Specsavers,specsavers-3496,St Marys Village S/C,Active,NSW,St Marys,2760,"Shop 33, St Marys Village, Charles Hackett Drive, St Marys, NSW, 2760",(02) 9673 1068,-33.76669,150.77034,https://www.specsavers.com.au/stores/stmarys,Optometry,false,St Marys Village Shopping Centre,nsw-marys-st-village,Shopping Centre,High,Official name/address contains shopping-centre evidence,,,,,Unknown,https://www.specsavers.com.au/stores/stmarys,2026-07-23T00:53:33.174Z
Specsavers,specsavers-3367,Stanhope Gardens,Active,NSW,Stanhope Gardens,2768,"Shop 39 Stanhope Village S/C, Cnr Stanhope Parkway & Sentry Drive, Stanhope Gardens, NSW, 2768",(02) 9836 2769,-33.71977,150.92029,https://www.specsavers.com.au/stores/stanhopegardens,Optometry; Audiology,true,,,Shopping Centre,High,Official name/address contains shopping-centre evidence,,,,,Unknown,https://www.specsavers.com.au/stores/stanhopegardens,2026-07-23T00:53:33.174Z
Bailey Nelson,bailey-nelson-pitt-st-sydney,Bailey Nelson Pitt Street - Westfield Sydney,Active,NSW,Sydney,2000,"188 Pitt St, Sydney, NSW, 2000",+61290008067,-33.8705971,151.2090642,https://baileynelson.com.au/pages/optometrist-pitt-st-sydney,Optometry Services; Bulk-Billed Eye Tests; Private Eye Tests from $65; Contact Lens Eye Tests; Visual Fields Testing; Ultra-wide retinal imaging; Optical & Sunglass styling; Free frame adjustments,false,,,Shopping Centre,High,Official name/address contains shopping-centre evidence,,,,,Unknown,https://baileynelson.com.au/pages/optometrist-pitt-st-sydney,2026-07-23T01:01:27+00:00
OPSM,opsm-1304,OPSM George Street,Active,NSW,Sydney,2000,"413 George St, Sydney, NSW, 2000",(02) 9299 3061,-33.87025,151.20677,https://www.opsm.com.au/en/opsm-au/find-store,"Dry Eye, Collect & Return",false,,,Main Street / Street-front,Medium,Official address is a numbered or corner street address without centre evidence,,,,,Unknown,https://www.opsm.com.au/en/opsm-au/find-store,2026-07-23T00:26:21+00:00
OPSM,opsm-1177,OPSM Macquarie St,Active,NSW,Sydney,2000,"183 Macquarie St, Sydney, NSW, 2000",(02) 9232 7995,-33.87025,151.20677,https://www.opsm.com.au/en/opsm-au/find-store,"Dry Eye, Collect & Return",false,,,Main Street / Street-front,Medium,Official address is a numbered or corner street address without centre evidence,,,,,Unknown,https://www.opsm.com.au/en/opsm-au/find-store,2026-07-23T00:26:21+00:00
Specsavers,specsavers-3581,Sydney - Pitt Street Mall,Active,NSW,Sydney,2000,"Unit 18LG, 450 George St, Westfield Sydney Central, Sydney, NSW, 2000",(02) 9223 4055,-33.870464,151.20712,https://www.specsavers.com.au/stores/sydneycentral,Optometry,false,Pitt Street Mall,nsw-pitt-street,Shopping Centre,High,Official name/address contains shopping-centre evidence,,,,,Unknown,https://www.specsavers.com.au/stores/sydneycentral,2026-07-23T00:53:33.174Z
OPSM,opsm-2996,Optometrist Sylvania by OPSM,Active,NSW,Sylvania,2224,"Shop 2, Southgate Shopping Centre, Sylvania, NSW, 2224",(02)95446655,-34.01019,151.10419,https://www.opsm.com.au/en/opsm-au/find-store,Collect & Return,false,Southgate Shopping Centre,nsw-southgate,Shopping Centre,High,Official name/address contains shopping-centre evidence,,,,,Unknown,https://www.opsm.com.au/en/opsm-au/find-store,2026-07-23T00:26:21+00:00
Specsavers,specsavers-3488,Sylvania - Southgate S/C,Active,NSW,Sylvania,2224,"Shop 29, Southgate Shopping Centre, 124 Corner Princes Highway and, Port Hacking Rd, Sylvania, NSW, 2224",(02) 9522 9965,-34.01019,151.10327,https://www.specsavers.com.au/stores/sylvania,Optometry; Audiology,true,Southgate Shopping Centre,nsw-southgate,Shopping Centre,High,Official name/address contains shopping-centre evidence,,,,,Unknown,https://www.specsavers.com.au/stores/sylvania,2026-07-23T00:53:33.174Z
OPSM,opsm-2938,OPSM Tamworth,Active,NSW,Tamworth,2340,"335 Peel St, Tamworth, NSW, 2340",(02) 6766 3256,-31.09066,150.92956,https://www.opsm.com.au/en/opsm-au/find-store,Collect & Return,false,,,Main Street / Street-front,Medium,Official address is a numbered or corner street address without centre evidence,,,,,Unknown,https://www.opsm.com.au/en/opsm-au/find-store,2026-07-23T00:26:21+00:00
Specsavers,specsavers-3403,Tamworth,Active,NSW,Tamworth,2340,"300-304 Peel St, Tamworth, NSW, 2340",(02) 6766 4666,-31.089302,150.92892,https://www.specsavers.com.au/stores/tamworth,Optometry,false,,,Main Street / Street-front,Medium,Official address is a numbered or corner street address without centre evidence,,,,,Unknown,https://www.specsavers.com.au/stores/tamworth,2026-07-23T00:53:33.174Z
OPSM,opsm-2298,OPSM Taree,Active,NSW,Taree,2430,"60 Manning Street, Taree, NSW, 2430",(02) 6552 2391,-31.91072,152.45861,https://www.opsm.com.au/en/opsm-au/find-store,Collect & Return,false,,,Main Street / Street-front,Medium,Official address is a numbered or corner street address without centre evidence,,,,,Unknown,https://www.opsm.com.au/en/opsm-au/find-store,2026-07-23T00:26:21+00:00
Specsavers,specsavers-3469,Taree,Active,NSW,Taree,2430,"42-44 Manning Street,, Shop 2, Taree, NSW, 2430",(02) 6552 7331,-31.911173,152.46,https://www.specsavers.com.au/stores/taree,Optometry; Audiology,true,,,Shopping Centre,Medium,Official address uses a shop/level format; venue name requires review,,,,,Unknown,https://www.specsavers.com.au/stores/taree,2026-07-23T00:53:33.174Z
OPSM,opsm-1228,OPSM Toormina,Active,NSW,Toormina,2452,"5 Toormina Rd, Toormina, NSW, 2452",(02) 6653 1277,-30.35346,153.0921,https://www.opsm.com.au/en/opsm-au/find-store,Collect & Return,false,,,Main Street / Street-front,Medium,Official address is a numbered or corner street address without centre evidence,,,,,Unknown,https://www.opsm.com.au/en/opsm-au/find-store,2026-07-23T00:26:21+00:00
OPSM,opsm-2266,OPSM Toronto,Active,NSW,Toronto,2283,"47 The Blvd, Toronto, NSW, 2283",(02) 4950 5545,-33.01256,151.59539,https://www.opsm.com.au/en/opsm-au/find-store,Collect & Return,false,,,Unclassified,Low,Insufficient official venue or street evidence,,,,,Unknown,https://www.opsm.com.au/en/opsm-au/find-store,2026-07-23T00:26:21+00:00
Specsavers,specsavers-3459,Toronto,Active,NSW,Toronto,2283,"29 The Boulevarde, Toronto, NSW, 2283",(02) 4959 2377,-33.01354,151.5965,https://www.specsavers.com.au/stores/toronto,Optometry; Audiology,true,,,Main Street / Street-front,Medium,Official address is a numbered or corner street address without centre evidence,,,,,Unknown,https://www.specsavers.com.au/stores/toronto,2026-07-23T00:53:33.174Z
OPSM,opsm-1127,OPSM Tuggerah,Active,NSW,Tuggerah,2259,"Cnr Cobbs Rd & Gavenlock Rd, Tuggerah, NSW, 2259",(02) 4353 5223,-33.30802,151.41389,https://www.opsm.com.au/en/opsm-au/find-store,Collect & Return,false,,,Main Street / Street-front,Medium,Official address is a numbered or corner street address without centre evidence,,,,,Unknown,https://www.opsm.com.au/en/opsm-au/find-store,2026-07-23T00:26:21+00:00
Specsavers,specsavers-3332,Tuggerah Westfield,Active,NSW,Tuggerah,2259,"Westfield Tuggerah, 2038 Wyong Road, Tuggerah, NSW, 2259",(02) 4351 0766,-33.308376,151.41144,https://www.specsavers.com.au/stores/tuggerah,Optometry; Audiology,true,Tuggerah Westfield,nsw-tuggerah-westfield,Shopping Centre,High,Official name/address contains shopping-centre evidence,,,,,Unknown,https://www.specsavers.com.au/stores/tuggerah,2026-07-23T00:53:33.174Z
OPSM,opsm-1107,OPSM Tweed Mall,Active,NSW,Tweed Heads,2485,"Corner Bay St & Wharf St, Tweed Heads, NSW, 2485",(07) 5536 3024,-28.17218,153.54382,https://www.opsm.com.au/en/opsm-au/find-store,Collect & Return,false,Tweed Mall,nsw-tweed,Shopping Centre,High,Official name/address contains shopping-centre evidence,,,,,Unknown,https://www.opsm.com.au/en/opsm-au/find-store,2026-07-23T00:26:21+00:00
OPSM,opsm-1406,OPSM Tweed City,Active,NSW,Tweed Heads South,2486,"SHOP 227 TWEED CITY SHOPPING CENTRE, 54 MINJUNGBAL, Tweed Heads South, NSW, 2486",(07) 3445 0552,-28.20204,153.54608,https://www.opsm.com.au/en/opsm-au/find-store,"Dry Eye, Collect & Return",false,,,Shopping Centre,High,Official name/address contains shopping-centre evidence,,,,,Unknown,https://www.opsm.com.au/en/opsm-au/find-store,2026-07-23T00:26:21+00:00
Specsavers,specsavers-3371,Tweed City S/C,Active,NSW,Tweed Heads South,2486,"Tweed City Shopping Centre, Shop 113 & Shop 114/54 Minjungbal Drive, Tweed Heads South, NSW, 2486",(07) 5524 8660,-28.201036,153.54582,https://www.specsavers.com.au/stores/tweedcity,Optometry; Audiology,true,Tweed City Shopping Centre,nsw-city-tweed,Shopping Centre,High,Official name/address contains shopping-centre evidence,,,,,Unknown,https://www.specsavers.com.au/stores/tweedcity,2026-07-23T00:53:33.174Z
OPSM,opsm-2993,OPSM Ulladulla,Active,NSW,Ulladulla,2539,"93 Princess Highway, Ulladulla, NSW, 2539",(02) 4455 1288,-35.35753,150.47359,https://www.opsm.com.au/en/opsm-au/find-store,"Dry Eye, Collect & Return",false,,,Main Street / Street-front,Medium,Official address is a numbered or corner street address without centre evidence,,,,,Unknown,https://www.opsm.com.au/en/opsm-au/find-store,2026-07-23T00:26:21+00:00
Specsavers,specsavers-3673,Ulladulla,Active,NSW,Ulladulla,2539,"Shop 2 & 2A Ulladulla Shopping Centre, 116 Princes Highway, Ulladulla, NSW, 2539",(02) 4421 6811,-35.35865,150.47401,https://www.specsavers.com.au/stores/ulladulla,Optometry; Audiology,true,& 2A Ulladulla Shopping Centre,nsw-2a-and-ulladulla,Shopping Centre,High,Official name/address contains shopping-centre evidence,,,,,Unknown,https://www.specsavers.com.au/stores/ulladulla,2026-07-23T00:53:33.174Z
Bailey Nelson,bailey-nelson-broadway,Bailey Nelson Broadway,Active,NSW,Ultimo,2007,"1 Bay Street, Ultimo, NSW, 2007",+61290008069,-33.8834174,151.1943646,https://baileynelson.com.au/pages/optometrist-broadway,Optometry Services; Bulk-Billed Eye Tests; Private Eye Tests from $65; Contact Lens Eye Tests; Visual Fields Testing; Ultra-wide retinal imaging; Optical & Sunglass styling; Free frame adjustments,false,,,Main Street / Street-front,Medium,Official address is a numbered or corner street address without centre evidence,,,,,Unknown,https://baileynelson.com.au/pages/optometrist-broadway,2026-07-23T01:01:27+00:00
OPSM,opsm-1423,OPSM Broadway,Active,NSW,Ultimo,2007,"1 Bay St, Ultimo, NSW, 2007",(02) 9212 6366,-33.88367,151.19366,https://www.opsm.com.au/en/opsm-au/find-store,Collect & Return,false,,,Main Street / Street-front,Medium,Official address is a numbered or corner street address without centre evidence,,,,,Unknown,https://www.opsm.com.au/en/opsm-au/find-store,2026-07-23T00:26:21+00:00
Specsavers,specsavers-3505,Broadway Sydney,Active,NSW,Ultimo,2007,"Shop G27(Near Coles) Broadway, 1 Bay Street, Ultimo, NSW, 2007",(02) 9211 4088,-33.883568,151.19388,https://www.specsavers.com.au/stores/broadway,Optometry,false,,,Shopping Centre,Medium,Official address uses a shop/level format; venue name requires review,,,,,Unknown,https://www.specsavers.com.au/stores/broadway,2026-07-23T00:53:33.174Z
OPSM,opsm-1021,OPSM Wagga Wagga,Active,NSW,Wagga Wagga,2650,"87 Bayliss St, Wagga Wagga, NSW, 2650",(02) 6921 3160,-35.11539,147.36967,https://www.opsm.com.au/en/opsm-au/find-store,"Dry Eye, Collect & Return",false,,,Main Street / Street-front,Medium,Official address is a numbered or corner street address without centre evidence,,,,,Unknown,https://www.opsm.com.au/en/opsm-au/find-store,2026-07-23T00:26:21+00:00
Specsavers,specsavers-3254,Wagga Wagga,Active,NSW,Wagga Wagga,2650,"Shop 1 & 2, 56 Forsyth St, Wagga Wagga, NSW, 2650",(02) 6921 2111,-35.114376,147.37082,https://www.specsavers.com.au/stores/waggawagga,Optometry; Audiology,true,,,Shopping Centre,Medium,Official address uses a shop/level format; venue name requires review,,,,,Unknown,https://www.specsavers.com.au/stores/waggawagga,2026-07-23T00:53:33.174Z
OPSM,opsm-2959,OPSM Wallsend,Active,NSW,Wallsend,2287,"24 Kokera St, Wallsend, NSW, 2287",(02) 8865 8346,-32.898,151.668,https://www.opsm.com.au/en/opsm-au/find-store,Collect & Return,false,,,Main Street / Street-front,Medium,Official address is a numbered or corner street address without centre evidence,,,,,Unknown,https://www.opsm.com.au/en/opsm-au/find-store,2026-07-23T00:26:21+00:00
Specsavers,specsavers-3220,Warilla Grove Shopping Centre,Active,NSW,Warilla,2528,"Shop 4A & 5, HomeCo. Warilla Grove, 43-57 Shellharbour Rd, Warilla, NSW, 2528",(02) 4296 2342,-34.546833,150.86299,https://www.specsavers.com.au/stores/warilla,Optometry; Audiology,true,Warilla Grove Shopping Centre,nsw-grove-warilla,Shopping Centre,High,Official name/address contains shopping-centre evidence,,,,,Unknown,https://www.specsavers.com.au/stores/warilla,2026-07-23T00:53:33.174Z
Specsavers,specsavers-3210,Warrawong,Active,NSW,Warrawong,2502,"Shop 39/40, Warrawong Plaza SC, King street & Cowper Street, Warrawong, NSW, 2502",(02) 9138 0722,-34.486053,150.88948,https://www.specsavers.com.au/stores/warrawong,Optometry; Audiology,true,Warrawong Plaza SC,nsw-plaza-sc-warrawong,Shopping Centre,High,Official name/address contains shopping-centre evidence,,,,,Unknown,https://www.specsavers.com.au/stores/warrawong,2026-07-23T00:53:33.174Z
OPSM,opsm-1068,OPSM Warriewood,Active,NSW,Warriewood,2102,"Jacksons Rd, Warriewood, NSW, 2102",(02) 9913 9071,-33.69569,151.29617,https://www.opsm.com.au/en/opsm-au/find-store,Collect & Return,false,,,Main Street / Street-front,Low,Official address contains street evidence but needs review,,,,,Unknown,https://www.opsm.com.au/en/opsm-au/find-store,2026-07-23T00:26:21+00:00
Specsavers,specsavers-3575,Warriewood,Active,NSW,Warriewood,2102,"Warriewood Square, Jacksons Road, Warriewood, NSW, 2102",(02) 9913 1844,-33.695763,151.29584,https://www.specsavers.com.au/stores/warriewood,Optometry; Audiology,true,Warriewood Square,nsw-square-warriewood,Shopping Centre,High,Official name/address contains shopping-centre evidence,,,,,Unknown,https://www.specsavers.com.au/stores/warriewood,2026-07-23T00:53:33.174Z
OPSM,opsm-2299,OPSM Wauchope,Active,NSW,Wauchope,2446,"High St, Wauchope, NSW, 2446",(02) 6585 2755,-31.45755,152.73391,https://www.opsm.com.au/en/opsm-au/find-store,Collect & Return,false,,,Main Street / Street-front,Low,Official address contains street evidence but needs review,,,,,Unknown,https://www.opsm.com.au/en/opsm-au/find-store,2026-07-23T00:26:21+00:00
OPSM,opsm-1307,OPSM Wetherill Park,Active,NSW,Wetherill Park,2164,"Polding St, Wetherill Park, NSW, 2164",(02) 9729 0339,-33.85862,150.89779,https://www.opsm.com.au/en/opsm-au/find-store,Collect & Return,false,,,Main Street / Street-front,Low,Official address contains street evidence but needs review,,,,,Unknown,https://www.opsm.com.au/en/opsm-au/find-store,2026-07-23T00:26:21+00:00
Specsavers,specsavers-3497,Wetherill Park Stockland,Active,NSW,Wetherill Park,2164,"1/561-583 Polding Street, Wetherill Park, NSW, 2164",(02) 9756 0510,-33.858765,150.89783,https://www.specsavers.com.au/stores/wetherillpark,Optometry,false,,,Main Street / Street-front,Medium,Official address is a numbered or corner street address without centre evidence,,,,,Unknown,https://www.specsavers.com.au/stores/wetherillpark,2026-07-23T00:53:33.174Z
Specsavers,specsavers-3678,Windsor,Active,NSW,Windsor,2756,"Shop 19, Windsor Riverview Shopping Centre, 227 George Street, Windsor, NSW, 2756",(02) 4577 3447,-33.606937,150.81879,https://www.specsavers.com.au/stores/windsor,Optometry; Audiology,true,Windsor Riverview Shopping Centre,nsw-riverview-windsor,Shopping Centre,High,Official name/address contains shopping-centre evidence,,,,,Unknown,https://www.specsavers.com.au/stores/windsor,2026-07-23T00:53:33.174Z
OPSM,opsm-2928,OPSM Winston Hills,Active,NSW,Winston Hills,2153,"180 Caroline Chisholm Dr, Winston Hills, NSW, 2153",(02) 9674 8632,-33.77275,150.96801,https://www.opsm.com.au/en/opsm-au/find-store,Collect & Return,false,,,Unclassified,Low,Insufficient official venue or street evidence,,,,,Unknown,https://www.opsm.com.au/en/opsm-au/find-store,2026-07-23T00:26:21+00:00
Specsavers,specsavers-3501,Winston Hills Mall,Active,NSW,Winston Hills,2153,"180-190 Caroline Chisholm, Shop 60 Winston Hills Mall, Winston Hills, NSW, 2153",(02) 9624 6486,-33.77288,150.96922,https://www.specsavers.com.au/stores/winstonhills,Optometry; Audiology,true,Winston Hills Mall,nsw-hills-winston,Shopping Centre,High,Official name/address contains shopping-centre evidence,,,,,Unknown,https://www.specsavers.com.au/stores/winstonhills,2026-07-23T00:53:33.174Z
OPSM,opsm-1015,OPSM Wollongong,Active,NSW,Wollongong,2500,"200 Crown St, Wollongong, NSW, 2500",(02) 4229 4444,-34.42477,150.8942,https://www.opsm.com.au/en/opsm-au/find-store,Collect & Return,false,,,Main Street / Street-front,Medium,Official address is a numbered or corner street address without centre evidence,,,,,Unknown,https://www.opsm.com.au/en/opsm-au/find-store,2026-07-23T00:26:21+00:00
Specsavers,specsavers-3456,Wollongong - Crown St Mall,Active,NSW,Wollongong,2500,"179 Crown Street, Wollongong, NSW, 2500",(02) 4225 0652,-34.42537,150.89447,https://www.specsavers.com.au/stores/wollongong,Optometry; Audiology,true,Crown St Mall,nsw-crown-st,Shopping Centre,High,Official name/address contains shopping-centre evidence,,,,,Unknown,https://www.specsavers.com.au/stores/wollongong,2026-07-23T00:53:33.174Z
OPSM,opsm-1311,OPSM Woy Woy,Active,NSW,Woy Woy,2256,"Railway St, Woy Woy, NSW, 2256",(02) 4342 3033,-33.48774,151.32397,https://www.opsm.com.au/en/opsm-au/find-store,Collect & Return,false,,,Main Street / Street-front,Low,Official address contains street evidence but needs review,,,,,Unknown,https://www.opsm.com.au/en/opsm-au/find-store,2026-07-23T00:26:21+00:00
Specsavers,specsavers-3538,Woy Woy,Active,NSW,Woy Woy,2256,"Railway Street, Shop 27, Deepwater Plaza Centre, Woy Woy, NSW, 2256",(02) 4342 5900,-33.488037,151.3238,https://www.specsavers.com.au/stores/woywoy,Optometry; Audiology,true,Deepwater Plaza Centre,nsw-deepwater-plaza,Shopping Centre,High,Official name/address contains shopping-centre evidence,,,,,Unknown,https://www.specsavers.com.au/stores/woywoy,2026-07-23T00:53:33.174Z
OPSM,opsm-1582,OPSM Alice Springs,Active,NT,Alice Springs,0870,"Hartley St, Alice Springs, NT, 0870",(08) 8952 8277,-23.69941,133.88087,https://www.opsm.com.au/en/opsm-au/find-store,Collect & Return,false,,,Main Street / Street-front,Low,Official address contains street evidence but needs review,,,,,Unknown,https://www.opsm.com.au/en/opsm-au/find-store,2026-07-23T00:26:21+00:00
OPSM,opsm-1200,OPSM Casuarina,Active,NT,Darwin,0810,"247 Trower Rd, Darwin, NT, 0810",(08) 8927 9377,-12.37553,130.88083,https://www.opsm.com.au/en/opsm-au/find-store,"Dry Eye, Kids Vision Centre, Collect & Return",false,,,Main Street / Street-front,Medium,Official address is a numbered or corner street address without centre evidence,,,,,Unknown,https://www.opsm.com.au/en/opsm-au/find-store,2026-07-23T00:26:21+00:00
OPSM,opsm-1577,OPSM Darwin,Active,NT,Darwin,0800,"Smith St Mall, Darwin, NT, 0800",(08) 8941 1577,-12.46378,130.84219,https://www.opsm.com.au/en/opsm-au/find-store,"Kids Vision Centre, Collect & Return",false,Smith St Mall,nt-smith-st,Shopping Centre,High,Official name/address contains shopping-centre evidence,,,,,Unknown,https://www.opsm.com.au/en/opsm-au/find-store,2026-07-23T00:26:21+00:00
Specsavers,specsavers-3317,Hibiscus Shoppingtown,Active,NT,Darwin,0812,"Shop 20, Hibiscus Shoppingtown, Leanyer Drive, Darwin, NT, 0812",(08) 8927 5139,-12.377735,130.89606,https://www.specsavers.com.au/stores/darwinnorth,Optometry,false,,,Shopping Centre,Medium,Official address uses a shop/level format; venue name requires review,,,,,Unknown,https://www.specsavers.com.au/stores/darwinnorth,2026-07-23T00:53:33.174Z
OPSM,opsm-1580,OPSM Katherine,Active,NT,Katherine,0851,"Katherine Tce, Katherine, NT, 0851",(08) 8972 2035,-14.46567,132.26553,https://www.opsm.com.au/en/opsm-au/find-store,Collect & Return,false,,,Unclassified,Low,Insufficient official venue or street evidence,,,,,Unknown,https://www.opsm.com.au/en/opsm-au/find-store,2026-07-23T00:26:21+00:00
Specsavers,specsavers-3318,Palmerston,Active,NT,Palmerston,0830,"Shop 25, Oasis Shopping Centre, Cnr Chung Wah Terrace & Temple Tce, Palmerston, NT, 0830",(08) 8932 6188,-12.483665,130.9855,https://www.specsavers.com.au/stores/palmerston,Optometry; Audiology,true,Oasis Shopping Centre,nt-oasis,Shopping Centre,High,Official name/address contains shopping-centre evidence,,,,,Unknown,https://www.specsavers.com.au/stores/palmerston,2026-07-23T00:53:33.174Z
OPSM,opsm-1191,OPSM Palmerston,Active,NT,Yarrawonga,0830,"1 Roystonea Ave, Yarrawonga, NT, 0830",(08) 8932 7320,-12.47133,130.98307,https://www.opsm.com.au/en/opsm-au/find-store,"Kids Vision Centre, Collect & Return",false,,,Main Street / Street-front,Medium,Official address is a numbered or corner street address without centre evidence,,,,,Unknown,https://www.opsm.com.au/en/opsm-au/find-store,2026-07-23T00:26:21+00:00
OPSM,opsm-1161,OPSM Townsville,Active,QLD,Aitkenvale,4814,"310 Ross River Rd, Aitkenvale, QLD, 4814",(07) 4725 4822,-19.3001,146.76274,https://www.opsm.com.au/en/opsm-au/find-store,Collect & Return,false,,,Main Street / Street-front,Medium,Official address is a numbered or corner street address without centre evidence,,,,,Unknown,https://www.opsm.com.au/en/opsm-au/find-store,2026-07-23T00:26:21+00:00
Specsavers,specsavers-3499,Townsville Aitkenvale,Active,QLD,Aitkenvale,4814,"310 Ross River Road, Shop 25, Townsville Shopping Centre, Aitkenvale, QLD, 4814",(07) 4728 6114,-19.298828,146.76407,https://www.specsavers.com.au/stores/townsvilleaitkenvale,Optometry; Audiology,true,Townsville Shopping Centre,qld-townsville,Shopping Centre,High,Official name/address contains shopping-centre evidence,,,,,Unknown,https://www.specsavers.com.au/stores/townsvilleaitkenvale,2026-07-23T00:53:33.174Z
Specsavers,specsavers-3636,Rockhampton Allenstown,Active,QLD,Allenstown,4700,"Shop 16 & 17A, Allenstown Square, 139-145 Derby Street, Allenstown, QLD, 4700",(07) 4921 0762,-23.3901,150.50374,https://www.specsavers.com.au/stores/rockhamptonallenstown,Optometry; Audiology,true,Allenstown Square,qld-allenstown-square,Shopping Centre,High,Official name/address contains shopping-centre evidence,,,,,Unknown,https://www.specsavers.com.au/stores/rockhamptonallenstown,2026-07-23T00:53:33.174Z
Specsavers,specsavers-3224,Arundel Plaza,Active,QLD,Arundel,4212,"Shop 12, Arundel Plaza, 230-232 Napper Road, Arundel, QLD, 4212",(07) 5563 3937,-27.947132,153.35222,https://www.specsavers.com.au/stores/arundel,Optometry,false,Arundel Plaza,qld-arundel-plaza,Shopping Centre,High,Official name/address contains shopping-centre evidence,,,,,Unknown,https://www.specsavers.com.au/stores/arundel,2026-07-23T00:53:33.174Z
OPSM,opsm-2272,OPSM Aspley,Active,QLD,Aspley,4034,"59 Albany Creek Rd, Aspley, QLD, 4034",(07) 3263 8377,-27.36192,153.01364,https://www.opsm.com.au/en/opsm-au/find-store,Collect & Return,false,,,Main Street / Street-front,Medium,Official address is a numbered or corner street address without centre evidence,,,,,Unknown,https://www.opsm.com.au/en/opsm-au/find-store,2026-07-23T00:26:21+00:00
Specsavers,specsavers-3629,Aspley,Active,QLD,Aspley,4034,"Shop 21, Aspley Hypermarket, 59 Albany Creek Road, Aspley, QLD, 4034",(07) 3155 3775,-27.361555,153.01357,https://www.specsavers.com.au/stores/aspley,Optometry; Audiology,true,,,Shopping Centre,Medium,Official address uses a shop/level format; venue name requires review,,,,,Unknown,https://www.specsavers.com.au/stores/aspley,2026-07-23T00:53:33.174Z
Specsavers,specsavers-3378,Bundaberg Sugarland,Active,QLD,Avoca,4670,"115 Takalvan Street, Shop 424 Sugarland Shoppingtown, Avoca, QLD, 4670",(07) 4151 1196,-24.887964,152.31892,https://www.specsavers.com.au/stores/bundabergsugarland,Optometry; Audiology,true,,,Shopping Centre,Medium,Official address uses a shop/level format; venue name requires review,,,,,Unknown,https://www.specsavers.com.au/stores/bundabergsugarland,2026-07-23T00:53:33.174Z
Specsavers,specsavers-3285,Beaudesert Central,Active,QLD,Beaudesert,4285,"Shop 3B Beaudesert Central S/C, 125-141 Brisbane Street, Beaudesert, QLD, 4285",(07) 5541 1177,-27.98553,152.9966,https://www.specsavers.com.au/stores/beaudesert,Optometry; Audiology,true,,,Shopping Centre,High,Official name/address contains shopping-centre evidence,,,,,Unknown,https://www.specsavers.com.au/stores/beaudesert,2026-07-23T00:53:33.174Z
Specsavers,specsavers-3447,Beenleigh Marketplace,Active,QLD,Beenleigh,4207,"Beenleigh Market Place, G002/114-118 George Street, Beenleigh, QLD, 4207",(07) 3807 2683,-27.717701,153.20769,https://www.specsavers.com.au/stores/beenleigh,Optometry; Audiology,true,Beenleigh Marketplace,qld-beenleigh-marketplace,Shopping Centre,High,Official name/address contains shopping-centre evidence,,,,,Unknown,https://www.specsavers.com.au/stores/beenleigh,2026-07-23T00:53:33.174Z
Specsavers,specsavers-3207,Beerwah Village,Active,QLD,Beerwah,4519,"Beerwah Village, Shop 6 & 7, Beerwah, QLD, 4519",(07) 5494 0300,-26.856695,152.95741,https://www.specsavers.com.au/stores/beerwah,Optometry; Audiology,true,Beerwah Village,qld-beerwah-village,Shopping Centre,High,Official name/address contains shopping-centre evidence,,,,,Unknown,https://www.specsavers.com.au/stores/beerwah,2026-07-23T00:53:33.174Z
OPSM,opsm-2982,OPSM Birtinya,Active,QLD,Birtinya,4575,"8 The Avenue, Birtinya, QLD, 4575",(07) 5301 9276,-26.74019,153.11627,https://www.opsm.com.au/en/opsm-au/find-store,Collect & Return,false,,,Main Street / Street-front,Medium,Official address is a numbered or corner street address without centre evidence,,,,,Unknown,https://www.opsm.com.au/en/opsm-au/find-store,2026-07-23T00:26:21+00:00
Specsavers,specsavers-3619,Bribie Island,Active,QLD,Bongaree,4507,"Shop 23, Bribie Island Shopping Centre, 239-255 Goodwin Dr, Bongaree, QLD, 4507",(07) 3475 3070,-27.063889,153.15753,https://www.specsavers.com.au/stores/bribieisland,Optometry; Audiology,true,Bribie Island Shopping Centre,qld-bribie-island,Shopping Centre,High,Official name/address contains shopping-centre evidence,,,,,Unknown,https://www.specsavers.com.au/stores/bribieisland,2026-07-23T00:53:33.174Z
OPSM,opsm-1065,OPSM Booval,Active,QLD,Booval,4304,"139 Brisbane Rd, Booval, QLD, 4304",(07) 3281 2360,-27.61489,152.78985,https://www.opsm.com.au/en/opsm-au/find-store,Collect & Return,false,,,Main Street / Street-front,Medium,Official address is a numbered or corner street address without centre evidence,,,,,Unknown,https://www.opsm.com.au/en/opsm-au/find-store,2026-07-23T00:26:21+00:00
Bailey Nelson,bailey-nelson-brisbane-macarthur,Bailey Nelson Brisbane MacArthur,Active,QLD,Brisbane,4000,"255 Queen St, Brisbane, QLD, 4000",+61737093763,-27.4681543,153.0276745,https://baileynelson.com.au/pages/optometrist-brisbane-macarthur,Optometry Services; Bulk-Billed Eye Tests; Private Eye Tests from $65; Contact Lens Eye Tests; Visual Fields Testing; Ultra-wide retinal imaging; Optical & Sunglass styling; Free frame adjustments,false,,,Main Street / Street-front,Medium,Official address is a numbered or corner street address without centre evidence,,,,,Unknown,https://baileynelson.com.au/pages/optometrist-brisbane-macarthur,2026-07-23T01:01:27+00:00
OPSM,opsm-1513,OPSM Albert St Brisbane,Active,QLD,Brisbane,4000,"186 Albert St, Brisbane, QLD, 4000",(07) 3229 2200,-27.47015,153.02556,https://www.opsm.com.au/en/opsm-au/find-store,Collect & Return,false,,,Main Street / Street-front,Medium,Official address is a numbered or corner street address without centre evidence,,,,,Unknown,https://www.opsm.com.au/en/opsm-au/find-store,2026-07-23T00:26:21+00:00
OPSM,opsm-1464,OPSM Wintergarden,Active,QLD,Brisbane,4000,"170-209 Queen St, Brisbane, QLD, 4000",(07) 3221 1158,-27.46945,153.02646,https://www.opsm.com.au/en/opsm-au/find-store,Collect & Return,false,,,Main Street / Street-front,Medium,Official address is a numbered or corner street address without centre evidence,,,,,Unknown,https://www.opsm.com.au/en/opsm-au/find-store,2026-07-23T00:26:21+00:00
Specsavers,specsavers-3527,Brisbane - Creek Street,Active,QLD,Brisbane,4000,"Shop 4, 307 Queen Street, Brisbane, QLD, 4000",(07) 3117 2700,-27.467556,153.02873,https://www.specsavers.com.au/stores/brisbanecbdeast,Optometry; Audiology,true,,,Shopping Centre,Medium,Official address uses a shop/level format; venue name requires review,,,,,Unknown,https://www.specsavers.com.au/stores/brisbanecbdeast,2026-07-23T00:53:33.174Z
Specsavers,specsavers-3432,Brisbane CBD - Albert St,Active,QLD,Brisbane,4000,"197 Albert St, Brisbane, QLD, 4000",(07) 3211 4355,-27.469778,153.02559,https://www.specsavers.com.au/stores/brisbanecbd,Optometry,false,,,Main Street / Street-front,Medium,Official address is a numbered or corner street address without centre evidence,,,,,Unknown,https://www.specsavers.com.au/stores/brisbanecbd,2026-07-23T00:53:33.174Z
Bailey Nelson,bailey-nelson-gold-coast,Bailey Nelson Gold Coast Pacific Fair,Active,QLD,Broadbeach,4218,"32 Hooker Boulevard, Broadbeach, QLD, 4218",+61756168866,-28.0370278,153.4266806,https://baileynelson.com.au/pages/optometrist-gold-coast,Optometry Services; Bulk-Billed Eye Tests; Private Eye Tests from $65; Contact Lens Eye Tests; Visual Fields Testing; Ultra-wide retinal imaging; Optical & Sunglass styling; Free frame adjustments,false,Gold Coast Pacific Fair,qld-coast-fair-gold-pacific,Shopping Centre,High,Official name/address contains shopping-centre evidence,,,,,Unknown,https://baileynelson.com.au/pages/optometrist-gold-coast,2026-07-23T01:01:27+00:00
OPSM,opsm-1495,OPSM Pacific Fair,Active,QLD,Broadbeach,4218,"2 Hooker Blvd, Broadbeach, QLD, 4218",(07) 5570 6204,-28.03722,153.42698,https://www.opsm.com.au/en/opsm-au/find-store,"Dry Eye, Collect & Return",false,Pacific Fair,qld-fair-pacific,Shopping Centre,High,Official name/address contains shopping-centre evidence,,,,,Unknown,https://www.opsm.com.au/en/opsm-au/find-store,2026-07-23T00:26:21+00:00
Specsavers,specsavers-3562,Pacific Fair,Active,QLD,Broadbeach,4218,"Pacific Fair Shopping Centre, Hooker Boulevard, Broadbeach, QLD, 4218",(07) 5526 9377,-28.036512,153.42802,https://www.specsavers.com.au/stores/broadbeach,Optometry,false,Pacific Fair,qld-fair-pacific,Shopping Centre,High,Official name/address contains shopping-centre evidence,,,,,Unknown,https://www.specsavers.com.au/stores/broadbeach,2026-07-23T00:53:33.174Z
OPSM,opsm-1357,OPSM Browns Plains,Active,QLD,Browns Plains,4118,"27-29 Browns Plains Rd, Browns Plains, QLD, 4118",(07) 3800 6911,-27.66249,153.04105,https://www.opsm.com.au/en/opsm-au/find-store,Collect & Return,false,,,Main Street / Street-front,Medium,Official address is a numbered or corner street address without centre evidence,,,,,Unknown,https://www.opsm.com.au/en/opsm-au/find-store,2026-07-23T00:26:21+00:00
Specsavers,specsavers-3411,Browns Plains -Grand Plaza S/C,Active,QLD,Browns Plains,4118,"GF062, Grand Plaza Shopping Center, Grand Plaza Dr, Browns Plains, QLD, 4118",(07) 3809 2897,-27.662798,153.04227,https://www.specsavers.com.au/stores/brownsplains,Optometry,false,Browns Plains -Grand Plaza Shopping Centre,qld-browns-grand-plains-plaza,Shopping Centre,High,Official name/address contains shopping-centre evidence,,,,,Unknown,https://www.specsavers.com.au/stores/brownsplains,2026-07-23T00:53:33.174Z
OPSM,opsm-7059,OPSM Kawana Waters,Active,QLD,Buddina,4575,"119 Point Cartwright Dr, Buddina, QLD, 4575",(07) 5478 1864,-26.70449,153.12945,https://www.opsm.com.au/en/opsm-au/find-store,,false,,,Unclassified,Low,Insufficient official venue or street evidence,,,,,Unknown,https://www.opsm.com.au/en/opsm-au/find-store,2026-07-23T00:26:21+00:00
Specsavers,specsavers-3202,Kawana Shoppingworld,Active,QLD,Buddina,4575,"Kawana Shopping World, Shop 383-384, 119 Point Cartwright Dr, Buddina, QLD, 4575",(07) 5444 2655,-26.70294,153.13101,https://www.specsavers.com.au/stores/kawana,Optometry; Audiology,true,,,Shopping Centre,Medium,Official address uses a shop/level format; venue name requires review,,,,,Unknown,https://www.specsavers.com.au/stores/kawana,2026-07-23T00:53:33.174Z
Specsavers,specsavers-3205,Buderim Marketplace,Active,QLD,Buderim,4556,"Shop 10, Buderim Marketplace, 67 Burnett St, Buderim, QLD, 4556",(07) 5445 4254,-26.68759,153.0494,https://www.specsavers.com.au/stores/buderim,Optometry; Audiology,true,Buderim Marketplace,qld-buderim-marketplace,Shopping Centre,High,Official name/address contains shopping-centre evidence,,,,,Unknown,https://www.specsavers.com.au/stores/buderim,2026-07-23T00:53:33.174Z
OPSM,opsm-1111,OPSM Bundaberg Hinkler,Active,QLD,Bundaberg,4670,"16 Maryborough St, Bundaberg, QLD, 4670",(07) 4152 4377,-24.87208,152.34968,https://www.opsm.com.au/en/opsm-au/find-store,Collect & Return,false,,,Main Street / Street-front,Medium,Official address is a numbered or corner street address without centre evidence,,,,,Unknown,https://www.opsm.com.au/en/opsm-au/find-store,2026-07-23T00:26:21+00:00
OPSM,opsm-1386,OPSM Bundaberg Sugarland,Active,QLD,Bundaberg,4670,"115 - 119 Takalvan St, Bundaberg, QLD, 4670",(07) 4151 7131,-24.88723,152.31848,https://www.opsm.com.au/en/opsm-au/find-store,Collect & Return,false,,,Main Street / Street-front,Medium,Official address is a numbered or corner street address without centre evidence,,,,,Unknown,https://www.opsm.com.au/en/opsm-au/find-store,2026-07-23T00:26:21+00:00
Specsavers,specsavers-3646,Bundaberg Hinkler,Active,QLD,Bundaberg Central,4670,"16 Maryborough St, Tenancy 5, Bundaberg Central, QLD, 4670",(07) 4151 1196,-24.871937,152.34973,https://www.specsavers.com.au/stores/bundaberghinkler,Optometry; Audiology,true,,,Main Street / Street-front,Medium,Official address is a numbered or corner street address without centre evidence,,,,,Unknown,https://www.specsavers.com.au/stores/bundaberghinkler,2026-07-23T00:53:33.174Z
Bailey Nelson,bailey-nelson-burleigh-heads,Bailey Nelson Burleigh Heads,Active,QLD,Burleigh Heads,4220,"15-17 James Street, Burleigh Heads, QLD, 4220",+61 7 5690 5060,-28.089137,153.4511243,https://baileynelson.com.au/pages/optometrist-burleigh-heads,Optometry Services; Bulk-Billed Eye Tests; Private Eye Tests from $65; Contact Lens Eye Tests; Visual Fields Testing; Ultra-wide retinal imaging; Optical & Sunglass styling; Free frame adjustments,false,,,Main Street / Street-front,Medium,Official address is a numbered or corner street address without centre evidence,,,,,Unknown,https://baileynelson.com.au/pages/optometrist-burleigh-heads,2026-07-23T01:01:27+00:00
OPSM,opsm-1085,OPSM Burleigh Heads,Active,QLD,Burleigh Heads,4220,"149 West Burleigh Rd, Burleigh Heads, QLD, 4220",(07) 5568 7023,-28.09723,153.44072,https://www.opsm.com.au/en/opsm-au/find-store,Collect & Return,false,,,Main Street / Street-front,Medium,Official address is a numbered or corner street address without centre evidence,,,,,Unknown,https://www.opsm.com.au/en/opsm-au/find-store,2026-07-23T00:26:21+00:00
Specsavers,specsavers-3225,Burleigh Heads Stockland,Active,QLD,Burleigh Heads,4220,"Shop 93, Stockland Shopping Centre, 149 W Burleigh Rd, Burleigh Heads, QLD, 4220",(07) 5535 6131,-28.097614,153.44109,https://www.specsavers.com.au/stores/westburleigh,Optometry; Audiology,true,Stockland Shopping Centre,qld-stockland,Shopping Centre,High,Official name/address contains shopping-centre evidence,,,,,Unknown,https://www.specsavers.com.au/stores/westburleigh,2026-07-23T00:53:33.174Z
OPSM,opsm-1336,OPSM Cairns Central,Active,QLD,Cairns,4870,"1-21 Mcleod St, Cairns, QLD, 4870",(07) 4051 1666,-16.9244,145.77232,https://www.opsm.com.au/en/opsm-au/find-store,Collect & Return,false,,,Main Street / Street-front,Medium,Official address is a numbered or corner street address without centre evidence,,,,,Unknown,https://www.opsm.com.au/en/opsm-au/find-store,2026-07-23T00:26:21+00:00
OPSM,opsm-1237,OPSM Smithfield,Active,QLD,Cairns,4878,"Captain Cook Hwy & Kennedy Hwy, Cairns, QLD, 4878",(07) 4038 2555,-16.83688,145.69179,https://www.opsm.com.au/en/opsm-au/find-store,Collect & Return,false,,,Main Street / Street-front,Low,Official address contains street evidence but needs review,,,,,Unknown,https://www.opsm.com.au/en/opsm-au/find-store,2026-07-23T00:26:21+00:00
Specsavers,specsavers-3223,Cairns S/C,Active,QLD,Cairns City,4870,"Shop 128-129, Level 1, Cairns Central S/C, Spence Street, Cairns City, QLD, 4870",(07) 4031 1310,-16.92384,145.77147,https://www.specsavers.com.au/stores/cairns,Optometry; Audiology,true,Cairns Shopping Centre,qld-cairns,Shopping Centre,High,Official name/address contains shopping-centre evidence,,,,,Unknown,https://www.specsavers.com.au/stores/cairns,2026-07-23T00:53:33.174Z
OPSM,opsm-1385,OPSM Caloundra,Active,QLD,Caloundra,4551,"47 Bowman Rd, Caloundra, QLD, 4551",(07) 5491 5507,-26.80295,153.12537,https://www.opsm.com.au/en/opsm-au/find-store,Collect & Return,false,,,Main Street / Street-front,Medium,Official address is a numbered or corner street address without centre evidence,,,,,Unknown,https://www.opsm.com.au/en/opsm-au/find-store,2026-07-23T00:26:21+00:00
Specsavers,specsavers-3692,Caloundra,Active,QLD,Caloundra,4551,"Shop 5, Caloundra Shopping Centre, 47 Bowman Road, Caloundra, QLD, 4551",(07) 5222 4080,-26.802908,153.12498,https://www.specsavers.com.au/stores/caloundra,Optometry; Audiology,true,Caloundra Shopping Centre,qld-caloundra,Shopping Centre,High,Official name/address contains shopping-centre evidence,,,,,Unknown,https://www.specsavers.com.au/stores/caloundra,2026-07-23T00:53:33.174Z
OPSM,opsm-1264,OPSM Cannon Hill,Active,QLD,Cannon Hill,4170,"Wynnum Rd, Cannon Hill, QLD, 4170",(07) 3899 3255,-27.47144,153.09844,https://www.opsm.com.au/en/opsm-au/find-store,Collect & Return,false,,,Main Street / Street-front,Low,Official address contains street evidence but needs review,,,,,Unknown,https://www.opsm.com.au/en/opsm-au/find-store,2026-07-23T00:26:21+00:00
Specsavers,specsavers-3658,Cannon Hill,Active,QLD,Cannon Hill,4170,"Shop 6, Cannon Hill Kmart Plaza, Cnr Creek & Wynnum Roads, Cannon Hill, QLD, 4170",(07) 3187 7522,-27.471205,153.0974,https://www.specsavers.com.au/stores/cannonhill,Optometry; Audiology,true,Cannon Hill Kmart Plaza,qld-cannon-hill-kmart-plaza,Shopping Centre,High,Official name/address contains shopping-centre evidence,,,,,Unknown,https://www.specsavers.com.au/stores/cannonhill,2026-07-23T00:53:33.174Z
Specsavers,specsavers-3541,Cannonvale,Active,QLD,Cannonvale,4802,"Shop SP019/20, Whitsunday Plaza, 8 Galbraith Park Drive, Cannonvale, QLD, 4802",(07) 4948 3407,-20.290306,148.67459,https://www.specsavers.com.au/stores/cannonvale,Optometry; Audiology,true,Whitsunday Plaza,qld-plaza-whitsunday,Shopping Centre,High,Official name/address contains shopping-centre evidence,,,,,Unknown,https://www.specsavers.com.au/stores/cannonvale,2026-07-23T00:53:33.174Z
OPSM,opsm-1246,OPSM Capalaba Park,Active,QLD,Capalaba,4157,"Cnr Mt Cotton Rd & Redland Bay Rd, Capalaba, QLD, 4157",(07) 3823 3061,-27.52421,153.19055,https://www.opsm.com.au/en/opsm-au/find-store,Collect & Return,false,,,Main Street / Street-front,Medium,Official address is a numbered or corner street address without centre evidence,,,,,Unknown,https://www.opsm.com.au/en/opsm-au/find-store,2026-07-23T00:26:21+00:00
Specsavers,specsavers-3374,Capalaba Park S/C,Active,QLD,Capalaba,4157,"Capalaba Park Shopping Centre, Shop 92, Cnr Mt Cotton & Redland Bay Road, Capalaba, QLD, 4157",(07) 3245 3952,-27.527485,153.19586,https://www.specsavers.com.au/stores/capalaba,Optometry; Audiology,true,Capalaba Park Shopping Centre,qld-capalaba-park,Shopping Centre,High,Official name/address contains shopping-centre evidence,,,,,Unknown,https://www.specsavers.com.au/stores/capalaba,2026-07-23T00:53:33.174Z
Bailey Nelson,bailey-nelson-carindale,Bailey Nelson Carindale,Active,QLD,Carindale,4152,"1151 Creek Rd, Carindale, QLD, 4152",+61737093760,-27.5029969,153.1019762,https://baileynelson.com.au/pages/optometrist-carindale,Optometry Services; Bulk-Billed Eye Tests; Private Eye Tests from $65; Contact Lens Eye Tests; Visual Fields Testing; Ultra-wide retinal imaging; Optical & Sunglass styling; Free frame adjustments,false,Carindale,qld-carindale,Shopping Centre,High,Official name/address contains shopping-centre evidence,,,,,Unknown,https://baileynelson.com.au/pages/optometrist-carindale,2026-07-23T01:01:27+00:00
OPSM,opsm-1266,OPSM Carindale,Active,QLD,Carindale,4152,"1151 Creek Rd, Carindale, QLD, 4152",(07) 3398 9911,-27.50309,153.10197,https://www.opsm.com.au/en/opsm-au/find-store,"Dry Eye, Collect & Return",false,Carindale,qld-carindale,Shopping Centre,High,Official name/address contains shopping-centre evidence,,,,,Unknown,https://www.opsm.com.au/en/opsm-au/find-store,2026-07-23T00:26:21+00:00
Specsavers,specsavers-3246,Carindale Westfield,Active,QLD,Carindale,4152,"Carindale Westfield, 1151 Creek Road, Carindale, QLD, 4152",(07) 3398 5866,-27.504248,153.10129,https://www.specsavers.com.au/stores/carindale,Optometry; Audiology,true,Carindale Westfield,qld-carindale-westfield,Shopping Centre,High,Official name/address contains shopping-centre evidence,,,,,Unknown,https://www.specsavers.com.au/stores/carindale,2026-07-23T00:53:33.174Z
Bailey Nelson,bailey-nelson-chermside,Bailey Nelson Chermside,Active,QLD,Chermside,4032,"Shop 1380, Westfield Chermside, Chermside, QLD, 4032",+61737093766,-27.3813595,153.0329081,https://baileynelson.com.au/pages/optometrist-chermside,Optometry Services; Bulk-Billed Eye Tests; Private Eye Tests from $65; Contact Lens Eye Tests; Visual Fields Testing; Ultra-wide retinal imaging; Optical & Sunglass styling; Free frame adjustments,false,Chermside,qld-chermside,Shopping Centre,High,Official name/address contains shopping-centre evidence,,,,,Unknown,https://baileynelson.com.au/pages/optometrist-chermside,2026-07-23T01:01:27+00:00
OPSM,opsm-1346,OPSM Chermside,Active,QLD,Chermside,4032,"Cnr Gympie Rd & Hamilton Rd, Chermside, QLD, 4032",(07) 3350 1166,-27.3828,153.03289,https://www.opsm.com.au/en/opsm-au/find-store,"Dry Eye, Collect & Return",false,Chermside,qld-chermside,Shopping Centre,High,Official name/address contains shopping-centre evidence,,,,,Unknown,https://www.opsm.com.au/en/opsm-au/find-store,2026-07-23T00:26:21+00:00
Specsavers,specsavers-3393,Chermside Westfield,Active,QLD,Chermside,4032,"Shop 396A Gympie Road, Chermside, QLD, 4032",(07) 3861 4533,-27.381393,153.03311,https://www.specsavers.com.au/stores/chermside,Optometry; Audiology,true,Chermside Westfield,qld-chermside-westfield,Shopping Centre,High,Official name/address contains shopping-centre evidence,,,,,Unknown,https://www.specsavers.com.au/stores/chermside,2026-07-23T00:53:33.174Z
OPSM,opsm-1337,OPSM Cleveland,Active,QLD,Cleveland,4163,"91 Middle St, Cleveland, QLD, 4163",(07) 3286 4399,-27.52634,153.26853,https://www.opsm.com.au/en/opsm-au/find-store,Collect & Return,false,,,Main Street / Street-front,Medium,Official address is a numbered or corner street address without centre evidence,,,,,Unknown,https://www.opsm.com.au/en/opsm-au/find-store,2026-07-23T00:26:21+00:00
Specsavers,specsavers-3607,Cleveland S/C,Active,QLD,Cleveland,4163,"Shop 82, Cleveland Central, 90/91 Middle St, Cleveland, QLD, 4163",(07) 3461 7215,-27.526537,153.26834,https://www.specsavers.com.au/stores/cleveland,Optometry; Audiology,true,Cleveland Shopping Centre,qld-cleveland,Shopping Centre,High,Official name/address contains shopping-centre evidence,,,,,Unknown,https://www.specsavers.com.au/stores/cleveland,2026-07-23T00:53:33.174Z
Bailey Nelson,bailey-nelson-coomera,Bailey Nelson Coomera,Active,QLD,Coomera,4209,"103 Foxwell Rd, Coomera, QLD, 4209",+61756060742,-27.8527529,153.3144519,https://baileynelson.com.au/pages/optometrist-coomera,Optometry Services; Bulk-Billed Eye Tests; Private Eye Tests from $65; Contact Lens Eye Tests; Visual Fields Testing; Ultra-wide retinal imaging; Optical & Sunglass styling; Free frame adjustments,false,,,Main Street / Street-front,Medium,Official address is a numbered or corner street address without centre evidence,,,,,Unknown,https://baileynelson.com.au/pages/optometrist-coomera,2026-07-23T01:01:27+00:00
OPSM,opsm-2974,OPSM Coomera,Active,QLD,Coomera,4209,"Foxwell Rd, Coomera, QLD, 4209",(07) 5613 0298,-27.85372,153.31484,https://www.opsm.com.au/en/opsm-au/find-store,"Kids Vision Centre, Collect & Return",false,,,Main Street / Street-front,Low,Official address contains street evidence but needs review,,,,,Unknown,https://www.opsm.com.au/en/opsm-au/find-store,2026-07-23T00:26:21+00:00
Specsavers,specsavers-3591,Coomera,Active,QLD,Coomera,4209,"Shop 1048, Westfield Coomera, Coomera, QLD, 4209",(07) 3556 7672,-27.853813,153.31526,https://www.specsavers.com.au/stores/coomera,Optometry,false,Westfield Coomera,qld-coomera-westfield,Shopping Centre,High,Official name/address contains shopping-centre evidence,,,,,Unknown,https://www.specsavers.com.au/stores/coomera,2026-07-23T00:53:33.174Z
Specsavers,specsavers-3206,Currimundi Markets,Active,QLD,Currimundi,4551,"11/Lot 1 Bellara Drive, Currimundi, QLD, 4551",(07) 5437 6311,-26.77259,153.12225,https://www.specsavers.com.au/stores/currimundi,Optometry,false,,,Main Street / Street-front,Medium,Official address is a numbered or corner street address without centre evidence,,,,,Unknown,https://www.specsavers.com.au/stores/currimundi,2026-07-23T00:53:33.174Z
OPSM,opsm-1162,OPSM Earlville,Active,QLD,Earlville,4870,"537 Mulgrave Rd, Earlville, QLD, 4870",(07) 4033 0407,-16.94349,145.74073,https://www.opsm.com.au/en/opsm-au/find-store,Collect & Return,false,,,Main Street / Street-front,Medium,Official address is a numbered or corner street address without centre evidence,,,,,Unknown,https://www.opsm.com.au/en/opsm-au/find-store,2026-07-23T00:26:21+00:00
Specsavers,specsavers-3437,Cairns Earlville,Active,QLD,Earlville,4870,"Shop 102, Earlville Shopping Town, 537 Mulgrave Road, Earlville, QLD, 4870",(07) 4033 7045,-16.943556,145.74045,https://www.specsavers.com.au/stores/cairnsearlville,Optometry; Audiology,true,,,Shopping Centre,Medium,Official address uses a shop/level format; venue name requires review,,,,,Unknown,https://www.specsavers.com.au/stores/cairnsearlville,2026-07-23T00:53:33.174Z
OPSM,opsm-1569,OPSM Elanora,Active,QLD,Elanora,4221,"Guineas Creek Rd & Kp Mcgrath Dr, Elanora, QLD, 4221",(07) 5598 1255,-28.13485,153.46946,https://www.opsm.com.au/en/opsm-au/find-store,Collect & Return,false,,,Unclassified,Low,Insufficient official venue or street evidence,,,,,Unknown,https://www.opsm.com.au/en/opsm-au/find-store,2026-07-23T00:26:21+00:00
Specsavers,specsavers-3568,Elanora,Active,QLD,Elanora,4221,"The Pines Shopping Centre, Cnr Guineas Creek Road and KP McGrath Drive, Elanora, QLD, 4221",(07) 5534 1777,-28.13503,153.46931,https://www.specsavers.com.au/stores/elanora,Optometry; Audiology,true,The Pines Shopping Centre,qld-pines-the,Shopping Centre,High,Official name/address contains shopping-centre evidence,,,,,Unknown,https://www.specsavers.com.au/stores/elanora,2026-07-23T00:53:33.174Z
Specsavers,specsavers-3545,Emerald,Active,QLD,Emerald,4720,"SP012/51-57 Hospital Road, Emerald, QLD, 4720",(07) 4987 4122,-23.518412,148.15594,https://www.specsavers.com.au/stores/emerald,Optometry; Audiology,true,,,Main Street / Street-front,Medium,Official address is a numbered or corner street address without centre evidence,,,,,Unknown,https://www.specsavers.com.au/stores/emerald,2026-07-23T00:53:33.174Z
OPSM,opsm-7009,OPSM FAIRFIELD,Active,QLD,Fairfield,4103,"Cnr Fairfield Rd & Brougham St, Fairfield, QLD, 4103",(07) 3846 2433,-27.50919,153.02425,https://www.opsm.com.au/en/opsm-au/find-store,Dry Eye,false,,,Main Street / Street-front,Medium,Official address is a numbered or corner street address without centre evidence,,,,,Unknown,https://www.opsm.com.au/en/opsm-au/find-store,2026-07-23T00:26:21+00:00
Specsavers,specsavers-3643,Fairfield Gardens,Active,QLD,Fairfield,4103,"180 Fairfield Rd, Fairfield QLD 4103, T23 / 25 Fairfield Gardens Shopping Centre, Fairfield, QLD, 4103",(07) 3130 4001,-27.509064,153.02585,https://www.specsavers.com.au/stores/fairfieldgardens,Optometry; Audiology,true,T23 / 25 Fairfield Gardens Shopping Centre,qld-25-fairfield-gardens-t23,Shopping Centre,High,Official name/address contains shopping-centre evidence,,,,,Unknown,https://www.specsavers.com.au/stores/fairfieldgardens,2026-07-23T00:53:33.174Z
Bailey Nelson,bailey-nelson-fortitude-valley,Bailey Nelson Fortitude Valley,Active,QLD,Fortitude Valley,4006,"65 James Street, Fortitude Valley, QLD, 4006",+61737093761,-27.4575991,153.0405923,https://baileynelson.com.au/pages/optometrist-fortitude-valley,Optometry Services; Bulk-Billed Eye Tests; Private Eye Tests from $65; Contact Lens Eye Tests; Visual Fields Testing; Ultra-wide retinal imaging; Optical & Sunglass styling; Free frame adjustments,false,,,Main Street / Street-front,Medium,Official address is a numbered or corner street address without centre evidence,,,,,Unknown,https://baileynelson.com.au/pages/optometrist-fortitude-valley,2026-07-23T01:01:27+00:00
Specsavers,specsavers-3303,Townsville Domain Central,Active,QLD,Garbutt,4814,"Shop G1 Domain Central, Duckworth St, Garbutt, QLD, 4814",(07) 4728 3299,-19.278137,146.75835,https://www.specsavers.com.au/stores/townsville,Optometry,false,,,Shopping Centre,Medium,Official address uses a shop/level format; venue name requires review,,,,,Unknown,https://www.specsavers.com.au/stores/townsville,2026-07-23T00:53:33.174Z
OPSM,opsm-1588,OPSM Gladstone,Active,QLD,Gladstone,4680,"Cnr Dawson Hwy & Philip St, Gladstone, QLD, 4680",(07) 4978 6421,-23.87023,151.24266,https://www.opsm.com.au/en/opsm-au/find-store,"Kids Vision Centre, Collect & Return",false,,,Main Street / Street-front,Medium,Official address is a numbered or corner street address without centre evidence,,,,,Unknown,https://www.opsm.com.au/en/opsm-au/find-store,2026-07-23T00:26:21+00:00
Specsavers,specsavers-3487,Gympie Central,Active,QLD,Gympie,4570,"Gympie Central, Cnr Bruce Highway & Excelsior Road, Gympie, QLD, 4570",(07) 5481 2953,-26.199356,152.6674,https://www.specsavers.com.au/stores/gympie,Optometry; Audiology,true,,,Main Street / Street-front,Medium,Official address is a numbered or corner street address without centre evidence,,,,,Unknown,https://www.specsavers.com.au/stores/gympie,2026-07-23T00:53:33.174Z
OPSM,opsm-1069,OPSM Helensvale Westfield,Active,QLD,Helensvale,4212,"1-29 Millaroo Dr, Helensvale, QLD, 4212",(07) 5580 3550,-27.926,153.33652,https://www.opsm.com.au/en/opsm-au/find-store,Collect & Return,false,Helensvale Westfield,qld-helensvale-westfield,Shopping Centre,High,Official name/address contains shopping-centre evidence,,,,,Unknown,https://www.opsm.com.au/en/opsm-au/find-store,2026-07-23T00:26:21+00:00
Specsavers,specsavers-3387,Helensvale Westfield,Active,QLD,Helensvale,4212,"1053/1 Millaroo Drive, Westfield Helensvale, Helensvale, QLD, 4212",(07) 5580 1340,-27.92866,153.33607,https://www.specsavers.com.au/stores/helensvale,Optometry,false,Helensvale Westfield,qld-helensvale-westfield,Shopping Centre,High,Official name/address contains shopping-centre evidence,,,,,Unknown,https://www.specsavers.com.au/stores/helensvale,2026-07-23T00:53:33.174Z
OPSM,opsm-1465,OPSM Stocklands Hervey Bay,Active,QLD,Hervey Bay,4655,"6 Central Ave, Hervey Bay, QLD, 4655",(07) 4124 8355,-25.29023,152.83497,https://www.opsm.com.au/en/opsm-au/find-store,Collect & Return,false,,,Main Street / Street-front,Medium,Official address is a numbered or corner street address without centre evidence,,,,,Unknown,https://www.opsm.com.au/en/opsm-au/find-store,2026-07-23T00:26:21+00:00
OPSM,opsm-2958,OPSM Fairfield Central Townsville,Active,QLD,Idalia,4811,"2/30 Lakeside Dr, Idalia, QLD, 4811",(07) 4735 8721,-19.3158,146.8179,https://www.opsm.com.au/en/opsm-au/find-store,Return,false,,,Unclassified,Low,Insufficient official venue or street evidence,,,,,Unknown,https://www.opsm.com.au/en/opsm-au/find-store,2026-07-23T00:26:21+00:00
Bailey Nelson,bailey-nelson-indooroopilly,Bailey Nelson Indooroopilly,Active,QLD,Indooroopilly,4608,"322 Moggill Road, Indooroopilly, QLD, 4608",+61737093764,-27.499702,152.9730189,https://baileynelson.com.au/pages/optometrist-indooroopilly,Optometry Services; Bulk-Billed Eye Tests; Private Eye Tests from $65; Contact Lens Eye Tests; Visual Fields Testing; Ultra-wide retinal imaging; Optical & Sunglass styling; Free frame adjustments,false,Indooroopilly,qld-indooroopilly,Shopping Centre,High,Official name/address contains shopping-centre evidence,,,,,Unknown,https://baileynelson.com.au/pages/optometrist-indooroopilly,2026-07-23T01:01:27+00:00
OPSM,opsm-1277,OPSM Indooroopilly,Active,QLD,Indooroopilly,4068,"322 Moggill Rd, Indooroopilly, QLD, 4068",(07) 3378 4266,-27.49969,152.97269,https://www.opsm.com.au/en/opsm-au/find-store,"Dry Eye, Collect & Return",false,Indooroopilly,qld-indooroopilly,Shopping Centre,High,Official name/address contains shopping-centre evidence,,,,,Unknown,https://www.opsm.com.au/en/opsm-au/find-store,2026-07-23T00:26:21+00:00
Specsavers,specsavers-3427,Indooroopilly S/C,Active,QLD,Indooroopilly,4068,"Level 1, Indooroopilly Shopping Centre, 322 Moggill Road, Indooroopilly, QLD, 4068",(07) 3720 1398,-27.499659,152.97255,https://www.specsavers.com.au/stores/indooroopilly,Optometry,false,Indooroopilly Shopping Centre,qld-indooroopilly,Shopping Centre,High,Official name/address contains shopping-centre evidence,,,,,Unknown,https://www.specsavers.com.au/stores/indooroopilly,2026-07-23T00:53:33.174Z
OPSM,opsm-1564,OPSM Innisfail,Active,QLD,Innisfail,4860,"51-53 Edith Street, Innisfail, QLD, 4860",(07) 4061 4244,-17.52497,146.03101,https://www.opsm.com.au/en/opsm-au/find-store,Collect & Return,false,,,Main Street / Street-front,Medium,Official address is a numbered or corner street address without centre evidence,,,,,Unknown,https://www.opsm.com.au/en/opsm-au/find-store,2026-07-23T00:26:21+00:00
Specsavers,specsavers-3362,Ipswich Riverlink S/C,Active,QLD,Ipswich,4305,"Shop E4, Ipswich Riverlink Shopping Centre, Down Street & The Terrace, Ipswich, QLD, 4305",(07) 3281 3411,-27.609728,152.75957,https://www.specsavers.com.au/stores/ipswich,Optometry; Audiology,true,Ipswich Riverlink Shopping Centre,qld-ipswich-riverlink,Shopping Centre,High,Official name/address contains shopping-centre evidence,,,,,Unknown,https://www.specsavers.com.au/stores/ipswich,2026-07-23T00:53:33.174Z
Specsavers,specsavers-3687,Toowoomba Plaza,Active,QLD,Kearneys Spring,4350,"Shop 3, 878 Ruthven Street, Kearneys Spring, QLD, 4350",(07) 4633 0504,-27.59454,151.949,https://www.specsavers.com.au/stores/toowoomba-plaza,Optometry; Audiology,true,Toowoomba Plaza,qld-plaza-toowoomba,Shopping Centre,High,Official name/address contains shopping-centre evidence,,,,,Unknown,https://www.specsavers.com.au/stores/toowoomba-plaza,2026-07-23T00:53:33.174Z
OPSM,opsm-1570,OPSM Kingaroy,Active,QLD,Kingaroy,4610,"29 - 45 Alford St, Kingaroy, QLD, 4610",(07) 4162 7444,-26.54158,151.83693,https://www.opsm.com.au/en/opsm-au/find-store,Collect & Return,false,,,Main Street / Street-front,Medium,Official address is a numbered or corner street address without centre evidence,,,,,Unknown,https://www.opsm.com.au/en/opsm-au/find-store,2026-07-23T00:26:21+00:00
Specsavers,specsavers-3603,Kingaroy Plaza,Active,QLD,Kingaroy,4610,"Shop 36A Kingaroy Shopping Centre, 29-54 Alford St, Kingaroy, QLD, 4610",(07) 3558 2266,-26.541676,151.83694,https://www.specsavers.com.au/stores/kingaroy,Optometry,false,Kingaroy Plaza,qld-kingaroy-plaza,Shopping Centre,High,Official name/address contains shopping-centre evidence,,,,,Unknown,https://www.specsavers.com.au/stores/kingaroy,2026-07-23T00:53:33.174Z
OPSM,opsm-2970,OPSM Kippa Ring,Active,QLD,Kippa-Ring,4021,"272 Anzac Ave, Kippa-Ring, QLD, 4021",(07) 3284 5811,-27.22489,153.0882,https://www.opsm.com.au/en/opsm-au/find-store,Collect & Return,false,,,Main Street / Street-front,Medium,Official address is a numbered or corner street address without centre evidence,,,,,Unknown,https://www.opsm.com.au/en/opsm-au/find-store,2026-07-23T00:26:21+00:00
Specsavers,specsavers-3461,Kippa-Ring - Peninsula Fair,Active,QLD,Kippa-Ring,4021,"Shop 4A, Peninsula Fair Shopping Centre, 272 Anzac Ave, Kippa-Ring, QLD, 4021",(07) 3889 3516,-27.225927,153.0876,https://www.specsavers.com.au/stores/kipparing,Optometry; Audiology,true,Peninsula Fair Shopping Centre,qld-fair-peninsula,Shopping Centre,High,Official name/address contains shopping-centre evidence,,,,,Unknown,https://www.specsavers.com.au/stores/kipparing,2026-07-23T00:53:33.174Z
OPSM,opsm-2283,OPSM Townsville The Willows,Active,QLD,Kirwan,4817,"Thuringowa Dr, Kirwan, QLD, 4817",(07) 4723 8500,-19.31574,146.72682,https://www.opsm.com.au/en/opsm-au/find-store,Collect & Return,false,,,Unclassified,Low,Insufficient official venue or street evidence,,,,,Unknown,https://www.opsm.com.au/en/opsm-au/find-store,2026-07-23T00:26:21+00:00
Specsavers,specsavers-3302,Logan Hyperdome,Active,QLD,Loganholme,4129,"Shop 307 Logan Hyperdome, Cnr Pacific Highway and Bryants Rd, Loganholme, QLD, 4129",(07) 3806 4728,-27.658688,153.17096,https://www.specsavers.com.au/stores/loganholme,Optometry; Audiology,true,,,Shopping Centre,Medium,Official address uses a shop/level format; venue name requires review,,,,,Unknown,https://www.specsavers.com.au/stores/loganholme,2026-07-23T00:53:33.174Z
Specsavers,specsavers-3653,Lutwyche,Active,QLD,Lutwyche,4030,"Shop T3.26 HomeCo, 543 Lutwyche Road, Lutwyche, QLD, 4030",(07) 3558 7448,-27.422167,153.03468,https://www.specsavers.com.au/stores/lutwyche,Optometry; Audiology,true,,,Shopping Centre,Medium,Official address uses a shop/level format; venue name requires review,,,,,Unknown,https://www.specsavers.com.au/stores/lutwyche,2026-07-23T00:53:33.174Z
OPSM,opsm-1295,OPSM Mackay,Active,QLD,Mackay,4740,"Cnr Mangrove Rd & Victoria St, Mackay, QLD, 4740",(07) 4953 0861,-21.13661,149.1778,https://www.opsm.com.au/en/opsm-au/find-store,Collect & Return,false,,,Main Street / Street-front,Medium,Official address is a numbered or corner street address without centre evidence,,,,,Unknown,https://www.opsm.com.au/en/opsm-au/find-store,2026-07-23T00:26:21+00:00
OPSM,opsm-2264,OPSM Mackay Mt Pleasant,Active,QLD,Mackay,4740,"Cnr Phillip St & Bucasia Rd, Mackay, QLD, 4740",(07) 4942 5161,-21.11892,149.15872,https://www.opsm.com.au/en/opsm-au/find-store,Collect & Return,false,,,Main Street / Street-front,Medium,Official address is a numbered or corner street address without centre evidence,,,,,Unknown,https://www.opsm.com.au/en/opsm-au/find-store,2026-07-23T00:26:21+00:00
Specsavers,specsavers-3404,Mackay Canelands S/C,Active,QLD,Mackay,4740,"Shop GD2068-70, Caneland Central S/C, Cnr Victoria St & Mangrove Rd, Mackay, QLD, 4740",(07) 4944 0016,-21.138412,149.17763,https://www.specsavers.com.au/stores/mackaycanelands,Optometry; Audiology,true,Mackay Canelands Shopping Centre,qld-canelands-mackay,Shopping Centre,High,Official name/address contains shopping-centre evidence,,,,,Unknown,https://www.specsavers.com.au/stores/mackaycanelands,2026-07-23T00:53:33.174Z
OPSM,opsm-2968,OPSM North Lakes,Active,QLD,Mango Hill,4509,"Cnr Anzac Ave & North Lakes Dr, Mango Hill, QLD, 4509",(07) 3482 2099,-27.24073,153.01491,https://www.opsm.com.au/en/opsm-au/find-store,"Kids Vision Centre, Collect & Return",false,,,Unclassified,Low,Insufficient official venue or street evidence,,,,,Unknown,https://www.opsm.com.au/en/opsm-au/find-store,2026-07-23T00:26:21+00:00
OPSM,opsm-1263,OPSM Maroochydore,Active,QLD,Maroochydore,4558,"154 - 164 Horton Pde, Maroochydore, QLD, 4558",(07) 5479 3444,-26.65452,153.08724,https://www.opsm.com.au/en/opsm-au/find-store,"Audiology, Dry Eye, Collect & Return",true,,,Unclassified,Low,Insufficient official venue or street evidence,,,,,Unknown,https://www.opsm.com.au/en/opsm-au/find-store,2026-07-23T00:26:21+00:00
Specsavers,specsavers-3201,Maroochydore Sunshine Plaza,Active,QLD,Maroochydore,4558,"Shop 242/243, Sunshine Plaza, 154-164 Horton Parade, Maroochydore, QLD, 4558",(07) 5443 7628,-26.65376,153.08862,https://www.specsavers.com.au/stores/maroochydore,Optometry; Audiology,true,Maroochydore Sunshine Plaza,qld-maroochydore-plaza-sunshine,Shopping Centre,High,Official name/address contains shopping-centre evidence,,,,,Unknown,https://www.specsavers.com.au/stores/maroochydore,2026-07-23T00:53:33.174Z
OPSM,opsm-1167,OPSM Maryborough,Active,QLD,Maryborough,4650,"142 Lennox St, Maryborough, QLD, 4650",(07) 4121 3214,-25.53782,152.6974,https://www.opsm.com.au/en/opsm-au/find-store,"Dry Eye, Collect & Return",false,,,Main Street / Street-front,Medium,Official address is a numbered or corner street address without centre evidence,,,,,Unknown,https://www.opsm.com.au/en/opsm-au/find-store,2026-07-23T00:26:21+00:00
Specsavers,specsavers-3483,Maryborough,Active,QLD,Maryborough,4650,"Shop 18 & 19, Station Square Shopping Centre, 142 Lennox Street, Maryborough, QLD, 4650",(07) 4121 0684,-25.538109,152.69807,https://www.specsavers.com.au/stores/maryborough,Optometry,false,Station Square Shopping Centre,qld-square-station,Shopping Centre,High,Official name/address contains shopping-centre evidence,,,,,Unknown,https://www.specsavers.com.au/stores/maryborough,2026-07-23T00:53:33.174Z
OPSM,opsm-1119,OPSM Brookside,Active,QLD,Mitchelton,4053,"Cnr Osborne Rd & Burwood Rd, Mitchelton, QLD, 4053",(07) 3355 9388,-27.40933,152.98036,https://www.opsm.com.au/en/opsm-au/find-store,"Dry Eye, Collect & Return",false,,,Main Street / Street-front,Medium,Official address is a numbered or corner street address without centre evidence,,,,,Unknown,https://www.opsm.com.au/en/opsm-au/find-store,2026-07-23T00:26:21+00:00
Specsavers,specsavers-3408,Brookside S/C,Active,QLD,Mitchelton,4053,"SH73, Brookside Shopping Centre, 159 Osbourne Road, Mitchelton, QLD, 4053",(07) 3354 1039,-27.409336,152.97922,https://www.specsavers.com.au/stores/brookside,Optometry; Audiology,true,Brookside Shopping Centre,qld-brookside,Shopping Centre,High,Official name/address contains shopping-centre evidence,,,,,Unknown,https://www.specsavers.com.au/stores/brookside,2026-07-23T00:53:33.174Z
OPSM,opsm-1273,OPSM Morayfield,Active,QLD,Morayfield,4506,"171 Morayfield Rd, Morayfield, QLD, 4506",(07) 5498 3755,-27.10376,152.95044,https://www.opsm.com.au/en/opsm-au/find-store,Collect & Return,false,,,Main Street / Street-front,Medium,Official address is a numbered or corner street address without centre evidence,,,,,Unknown,https://www.opsm.com.au/en/opsm-au/find-store,2026-07-23T00:26:21+00:00
Specsavers,specsavers-3363,Morayfield S/C,Active,QLD,Morayfield,4506,"Shop 102, Morayfield Shopping Centre, Morayfield, QLD, 4506",(07) 5499 2911,-27.104435,152.95,https://www.specsavers.com.au/stores/morayfield,Optometry; Audiology,true,Morayfield Shopping Centre,qld-morayfield,Shopping Centre,High,Official name/address contains shopping-centre evidence,,,,,Unknown,https://www.specsavers.com.au/stores/morayfield,2026-07-23T00:53:33.174Z
OPSM,opsm-2270,OPSM Mt Gravatt Plaza,Active,QLD,Mount Gravatt,4122,"Cnr Logan Rd & Creek Rd, Mount Gravatt, QLD, 4122",(07) 3849 8361,-27.53906,153.0822,https://www.opsm.com.au/en/opsm-au/find-store,Collect & Return,false,Mt Gravatt Plaza,qld-gravatt-mt-plaza,Shopping Centre,High,Official name/address contains shopping-centre evidence,,,,,Unknown,https://www.opsm.com.au/en/opsm-au/find-store,2026-07-23T00:26:21+00:00
OPSM,opsm-1585,OPSM Mt Isa,Active,QLD,Mount Isa,4825,"22 Simpson St, Mount Isa, QLD, 4825",(07) 4743 3839,-20.7255,139.49497,https://www.opsm.com.au/en/opsm-au/find-store,"Kids Vision Centre, Collect & Return",false,,,Main Street / Street-front,Medium,Official address is a numbered or corner street address without centre evidence,,,,,Unknown,https://www.opsm.com.au/en/opsm-au/find-store,2026-07-23T00:26:21+00:00
Specsavers,specsavers-3406,Mt Ommaney Centre,Active,QLD,Mount Ommaney,4074,"Shop 76 Mt Ommaney Centre, 171 Dandenong Road, Mount Ommaney, QLD, 4074",(07) 3376 0062,-27.549639,152.93752,https://www.specsavers.com.au/stores/mtommaney,Optometry; Audiology,true,Mt Ommaney Centre,qld-mt-ommaney,Shopping Centre,High,Official name/address contains shopping-centre evidence,,,,,Unknown,https://www.specsavers.com.au/stores/mtommaney,2026-07-23T00:53:33.174Z
OPSM,opsm-1274,OPSM Mt Ommaney,Active,QLD,Mt Ommaney,4074,"171 Dandenong Rd, Mt Ommaney, QLD, 4074",(07) 3279 0699,-27.54869,152.93942,https://www.opsm.com.au/en/opsm-au/find-store,"Kids Vision Centre, Collect & Return",false,,,Main Street / Street-front,Medium,Official address is a numbered or corner street address without centre evidence,,,,,Unknown,https://www.opsm.com.au/en/opsm-au/find-store,2026-07-23T00:26:21+00:00
Specsavers,specsavers-3203,Nambour Plaza,Active,QLD,Nambour,4560,"Nambour Plaza, Shop 3 & 4 Ann Street, Nambour, QLD, 4560",(07) 5441 1999,-26.62603,152.96164,https://www.specsavers.com.au/stores/nambour,Optometry; Audiology,true,Nambour Plaza,qld-nambour-plaza,Shopping Centre,High,Official name/address contains shopping-centre evidence,,,,,Unknown,https://www.specsavers.com.au/stores/nambour,2026-07-23T00:53:33.174Z
Specsavers,specsavers-3628,Nerang,Active,QLD,Nerang,4211,"Shop 9, Nerang Town Centre, 57 Station Street, Nerang, QLD, 4211",(07) 5616 8484,-27.997887,153.33832,https://www.specsavers.com.au/stores/nerang,Optometry; Audiology,true,Nerang Town Centre,qld-nerang-town,Shopping Centre,High,Official name/address contains shopping-centre evidence,,,,,Unknown,https://www.specsavers.com.au/stores/nerang,2026-07-23T00:53:33.174Z
Specsavers,specsavers-3572,Toowoomba Clifford Gardens,Active,QLD,Newtown,4350,"GF082 James Street, Newtown, QLD, 4350",(07) 4634 5773,-27.564692,151.93233,https://www.specsavers.com.au/stores/toowoombacliffordgardens,Optometry; Audiology,true,,,Main Street / Street-front,Low,Official address contains street evidence but needs review,,,,,Unknown,https://www.specsavers.com.au/stores/toowoombacliffordgardens,2026-07-23T00:53:33.174Z
OPSM,opsm-2998,OPSM Noosa,Active,QLD,Noosaville,4566,"28 Eenie Creek Rd, Noosaville, QLD, 4566",(07) 5474 2399,-26.4153,153.0485,https://www.opsm.com.au/en/opsm-au/find-store,Collect & Return,false,,,Main Street / Street-front,Medium,Official address is a numbered or corner street address without centre evidence,,,,,Unknown,https://www.opsm.com.au/en/opsm-au/find-store,2026-07-23T00:26:21+00:00
Specsavers,specsavers-3204,Noosa,Active,QLD,Noosaville,4566,"Shop T1064/65, Noosa Civic Shopping Centre, Noosaville, QLD, 4566",(07) 5440 5863,-26.416218,153.04865,https://www.specsavers.com.au/stores/noosa,Optometry; Audiology,true,Noosa Civic Shopping Centre,qld-civic-noosa,Shopping Centre,High,Official name/address contains shopping-centre evidence,,,,,Unknown,https://www.specsavers.com.au/stores/noosa,2026-07-23T00:53:33.174Z
OPSM,opsm-2978,OPSM Ipswich,Active,QLD,North Ipswich,4305,"Cnr Down St & The Terrace, North Ipswich, QLD, 4305",(07) 3557 0003,-27.60873,152.75892,https://www.opsm.com.au/en/opsm-au/find-store,Collect & Return,false,,,Main Street / Street-front,Medium,Official address is a numbered or corner street address without centre evidence,,,,,Unknown,https://www.opsm.com.au/en/opsm-au/find-store,2026-07-23T00:26:21+00:00
Bailey Nelson,bailey-nelson-north-lakes,Bailey Nelson North Lakes,Active,QLD,North Lakes,4509,"1158a North Lakes Drive, North Lakes, QLD, 4509",+61737093765,-27.2411429,153.0156064,https://baileynelson.com.au/pages/optometrist-north-lakes,Optometry Services; Bulk-Billed Eye Tests; Private Eye Tests from $65; Contact Lens Eye Tests; Visual Fields Testing; Ultra-wide retinal imaging; Optical & Sunglass styling; Free frame adjustments,false,,,Main Street / Street-front,Medium,Official address is a numbered or corner street address without centre evidence,,,,,Unknown,https://baileynelson.com.au/pages/optometrist-north-lakes,2026-07-23T01:01:27+00:00
Specsavers,specsavers-3305,North Lakes Westfield,Active,QLD,North Lakes,4509,"Shop 1086, Westfield North Lakes, N Lakes Dr, North Lakes, QLD, 4509",(07) 3491 3981,-27.24224,153.0182,https://www.specsavers.com.au/stores/northlakes,Optometry; Audiology,true,North Lakes Westfield,qld-lakes-north-westfield,Shopping Centre,High,Official name/address contains shopping-centre evidence,,,,,Unknown,https://www.specsavers.com.au/stores/northlakes,2026-07-23T00:53:33.174Z
Specsavers,specsavers-3604,Mackay Mt Pleasant S/C,Active,QLD,North Mackay,4740,"Shop 11C Mount Pleasant Shopping Centre, Cnr Bucasia Rd & Phillip St, North Mackay, QLD, 4740",(07) 4910 9743,-21.119085,149.15886,https://www.specsavers.com.au/stores/mackaymtpleasant,Optometry,false,Mackay Mt Pleasant Shopping Centre,qld-mackay-mt-pleasant,Shopping Centre,High,Official name/address contains shopping-centre evidence,,,,,Unknown,https://www.specsavers.com.au/stores/mackaymtpleasant,2026-07-23T00:53:33.174Z
Specsavers,specsavers-3455,Rockhampton Stockland,Active,QLD,Park Avenue,4701,"Shop 230, Stockland Rockhampton SC, Box 181 Cnr Yaamba Rd And Bruce Hwy, Park Avenue, QLD, 4701",(07) 4921 0299,-23.354399,150.52243,https://www.specsavers.com.au/stores/rockhamptonnorth,Optometry; Audiology,true,,,Shopping Centre,Medium,Official address uses a shop/level format; venue name requires review,,,,,Unknown,https://www.specsavers.com.au/stores/rockhamptonnorth,2026-07-23T00:53:33.174Z
OPSM,opsm-1299,OPSM Hervey Bay,Active,QLD,Pialba,4655,"Cnr Hunter St & Old Maryborough Rd, Pialba, QLD, 4655",(07) 4124 2627,-25.28341,152.83969,https://www.opsm.com.au/en/opsm-au/find-store,Collect & Return,false,,,Main Street / Street-front,Medium,Official address is a numbered or corner street address without centre evidence,,,,,Unknown,https://www.opsm.com.au/en/opsm-au/find-store,2026-07-23T00:26:21+00:00
Specsavers,specsavers-3343,Hervey Bay Pialba,Active,QLD,Pialba,4655,"Shop 16, Pialba Place, Cnr Hunter St & Old Marybough Rd, Pialba, QLD, 4655",(07) 4128 4833,-25.283688,152.83966,https://www.specsavers.com.au/stores/herveybaypialba,Optometry; Audiology,true,,,Shopping Centre,Medium,Official address uses a shop/level format; venue name requires review,,,,,Unknown,https://www.specsavers.com.au/stores/herveybaypialba,2026-07-23T00:53:33.174Z
Specsavers,specsavers-3576,Townsville Castletown,Active,QLD,Pimlico,4812,"Castletown Shoppingworld, Cnr Woolcock & Kings Rd, Pimlico, QLD, 4812",(07) 4721 0500,-19.2718,146.7905,https://www.specsavers.com.au/stores/castletown,Optometry; Audiology,true,,,Shopping Centre,Medium,Official address uses a shop/level format; venue name requires review,,,,,Unknown,https://www.specsavers.com.au/stores/castletown,2026-07-23T00:53:33.174Z
Specsavers,specsavers-3277,Redbank Plaza,Active,QLD,Redbank,4301,"Shop 3338A - 3338B Redbank Plaza Shopping Centre, 1 Collingwood Drive, Redbank, QLD, 4301",(07) 3818 7700,-27.605621,152.86783,https://www.specsavers.com.au/stores/redbank,Optometry; Audiology,true,Redbank Plaza,qld-plaza-redbank,Shopping Centre,High,Official name/address contains shopping-centre evidence,,,,,Unknown,https://www.specsavers.com.au/stores/redbank,2026-07-23T00:53:33.174Z
Bailey Nelson,bailey-nelson-robina,Bailey Nelson Gold Coast Robina,Active,QLD,Robina,4230,"Robina Town Shopping Centre, Robina, QLD, 4230",+61756517346,-28.0764984,153.3860834,https://baileynelson.com.au/pages/optometrist-robina,Optometry Services; Bulk-Billed Eye Tests; Private Eye Tests from $65; Contact Lens Eye Tests; Visual Fields Testing; Ultra-wide retinal imaging; Optical & Sunglass styling; Free frame adjustments,false,Robina Town Shopping Centre,qld-robina-town,Shopping Centre,High,Official name/address contains shopping-centre evidence,,,,,Unknown,https://baileynelson.com.au/pages/optometrist-robina,2026-07-23T01:01:27+00:00
Specsavers,specsavers-3381,Robina Town Centre - G Level,Active,QLD,Robina,4230,"Shop 4044, Ground Level, Robina Town Centre, Robina Town Centre Dr, Robina, QLD, 4230",(07) 5580 8800,-28.076752,153.3863,https://www.specsavers.com.au/stores/robina,Optometry; Audiology,true,Robina Town Centre,qld-robina-town,Shopping Centre,High,Official name/address contains shopping-centre evidence,,,,,Unknown,https://www.specsavers.com.au/stores/robina,2026-07-23T00:53:33.174Z
OPSM,opsm-1322,OPSM Robina,Active,QLD,Robina Town Centre,4230,"167-191 Robina Town Centre Dr, Robina Town Centre, QLD, 4230",(07) 5593 2199,-28.07611,153.38606,https://www.opsm.com.au/en/opsm-au/find-store,Collect & Return,false,167-191 Robina Town Centre Dr,qld-167-191-dr-robina-town,Shopping Centre,High,Official name/address contains shopping-centre evidence,,,,,Unknown,https://www.opsm.com.au/en/opsm-au/find-store,2026-07-23T00:26:21+00:00
OPSM,opsm-1064,OPSM Rockhampton,Active,QLD,Rockhampton,4701,"Yaamba Rd & Bruce Hwy, Rockhampton, QLD, 4701",(07) 4928 0022,-23.35608,150.52231,https://www.opsm.com.au/en/opsm-au/find-store,"Dry Eye, Collect & Return",false,,,Main Street / Street-front,Low,Official address contains street evidence but needs review,,,,,Unknown,https://www.opsm.com.au/en/opsm-au/find-store,2026-07-23T00:26:21+00:00
OPSM,opsm-1076,OPSM Runaway Bay,Active,QLD,Runaway Bay,4216,"10 - 12 Lae Dr, Runaway Bay, QLD, 4216",(07) 5529 1166,-27.91408,153.39963,https://www.opsm.com.au/en/opsm-au/find-store,Collect & Return,false,,,Unclassified,Low,Insufficient official venue or street evidence,,,,,Unknown,https://www.opsm.com.au/en/opsm-au/find-store,2026-07-23T00:26:21+00:00
Specsavers,specsavers-3391,Runaway Bay Shopping Village,Active,QLD,Runaway Bay,4216,"Shop GF074 Runaway Bay S/C, 10-12 Lae Drive, Runaway Bay, QLD, 4216",(07) 5500 5455,-27.913984,153.40071,https://www.specsavers.com.au/stores/runawaybay,Optometry; Audiology,true,Runaway Bay Shopping Village,qld-bay-runaway-village,Shopping Centre,High,Official name/address contains shopping-centre evidence,,,,,Unknown,https://www.specsavers.com.au/stores/runawaybay,2026-07-23T00:53:33.174Z
OPSM,opsm-1562,OPSM Loganholme,Active,QLD,Shailer Park,4128,"3828-3846 Pacific Hwy, Shailer Park, QLD, 4128",(07) 3209 7525,-27.66046,153.17229,https://www.opsm.com.au/en/opsm-au/find-store,Collect & Return,false,,,Main Street / Street-front,Medium,Official address is a numbered or corner street address without centre evidence,,,,,Unknown,https://www.opsm.com.au/en/opsm-au/find-store,2026-07-23T00:26:21+00:00
Specsavers,specsavers-3304,Cairns Smithfield Centre,Active,QLD,Smithfield,4878,"Smithfield Centre,Shop 176 & 178, Kennedy Hwy & Captain Cook Hwy, Smithfield, QLD, 4878",(07) 4038 1488,-16.83657,145.69238,https://www.specsavers.com.au/stores/smithfield,Optometry; Audiology,true,Cairns Smithfield Centre,qld-cairns-smithfield,Shopping Centre,High,Official name/address contains shopping-centre evidence,,,,,Unknown,https://www.specsavers.com.au/stores/smithfield,2026-07-23T00:53:33.174Z
OPSM,opsm-1343,OPSM Southport,Active,QLD,Southport,4215,"42 Marine Pde, Southport, QLD, 4215",(07) 5531 1128,-27.96859,153.41572,https://www.opsm.com.au/en/opsm-au/find-store,Collect & Return,false,,,Unclassified,Low,Insufficient official venue or street evidence,,,,,Unknown,https://www.opsm.com.au/en/opsm-au/find-store,2026-07-23T00:26:21+00:00
Specsavers,specsavers-3453,Southport - Australia Fair S/C,Active,QLD,Southport,4215,"Shop G096 Marine Parade, Southport, QLD, 4215",(07) 5564 0917,-27.967402,153.41563,https://www.specsavers.com.au/stores/australiafair,Optometry; Audiology,true,,,Shopping Centre,High,Official name/address contains shopping-centre evidence,,,,,Unknown,https://www.specsavers.com.au/stores/australiafair,2026-07-23T00:53:33.174Z
Specsavers,specsavers-3567,Springfield,Active,QLD,Springfield Central,4300,"Shop 4-6 Orion Springfield Central, 1 Main Street, Springfield Central, QLD, 4300",(07) 3470 1155,-27.677938,152.9033,https://www.specsavers.com.au/stores/springfield,Optometry; Audiology,true,,,Shopping Centre,Medium,Official address uses a shop/level format; venue name requires review,,,,,Unknown,https://www.specsavers.com.au/stores/springfield,2026-07-23T00:53:33.174Z
OPSM,opsm-1110,OPSM Springfield,Active,QLD,Springfield Lakes,4300,"1 Main St, Springfield Lakes, QLD, 4300",(07) 3470 0884,-27.6774,152.90262,https://www.opsm.com.au/en/opsm-au/find-store,"Kids Vision Centre, Collect & Return",false,,,Main Street / Street-front,Medium,Official address is a numbered or corner street address without centre evidence,,,,,Unknown,https://www.opsm.com.au/en/opsm-au/find-store,2026-07-23T00:26:21+00:00
Specsavers,specsavers-3651,Springwood,Active,QLD,Springwood,4127,"Shop 23/24, Arndale Shopping Centre, 17-27 Cinderella Drive, Springwood, QLD, 4127",(07) 3209 7622,-27.61218,153.12453,https://www.specsavers.com.au/stores/springwood,Optometry; Audiology,true,Arndale Shopping Centre,qld-arndale,Shopping Centre,High,Official name/address contains shopping-centre evidence,,,,,Unknown,https://www.specsavers.com.au/stores/springwood,2026-07-23T00:53:33.174Z
OPSM,opsm-7025,OPSM Stafford,Active,QLD,Stafford,4053,"400 Stafford Rd, Stafford, QLD, 4053",(07) 3352 7964,-27.4117,153.0122,https://www.opsm.com.au/en/opsm-au/find-store,Kids Vision Centre,false,,,Main Street / Street-front,Medium,Official address is a numbered or corner street address without centre evidence,,,,,Unknown,https://www.opsm.com.au/en/opsm-au/find-store,2026-07-23T00:26:21+00:00
OPSM,opsm-1436,OPSM Strathpine,Active,QLD,Strathpine,4500,"Strathpine Centre,295 Gympie Rd, Strathpine, QLD, 4500",(07) 3881 2899,-27.30691,152.99344,https://www.opsm.com.au/en/opsm-au/find-store,"Audiology, Dry Eye, Collect & Return",true,Strathpine Centre,qld-strathpine,Shopping Centre,High,Official name/address contains shopping-centre evidence,,,,,Unknown,https://www.opsm.com.au/en/opsm-au/find-store,2026-07-23T00:26:21+00:00
Specsavers,specsavers-3389,Strathpine Centre,Active,QLD,Strathpine,4500,"Strathpine Centre, 111-112/295 Gympie Road, Strathpine, QLD, 4500",(07) 3889 7460,-27.306997,152.99115,https://www.specsavers.com.au/stores/strathpine,Optometry; Audiology,true,Strathpine Centre,qld-strathpine,Shopping Centre,High,Official name/address contains shopping-centre evidence,,,,,Unknown,https://www.specsavers.com.au/stores/strathpine,2026-07-23T00:53:33.174Z
OPSM,opsm-1268,OPSM Sunnybank,Active,QLD,Sunnybank,4109,"Cnr Mains Rd & Mccullough St, Sunnybank, QLD, 4109",(07) 3344 2406,-27.56961,153.06276,https://www.opsm.com.au/en/opsm-au/find-store,"Kids Vision Centre, Collect & Return",false,,,Main Street / Street-front,Medium,Official address is a numbered or corner street address without centre evidence,,,,,Unknown,https://www.opsm.com.au/en/opsm-au/find-store,2026-07-23T00:26:21+00:00
Specsavers,specsavers-3479,Sunnybank Plaza,Active,QLD,Sunnybank,4109,"Shop 13 Sunnybank Plaza S/C, Cnr Mains Road and McCollough St, Sunnybank, QLD, 4109",(07) 3219 5144,-27.569996,153.0626,https://www.specsavers.com.au/stores/sunnybank,Optometry; Audiology,true,Sunnybank Plaza,qld-plaza-sunnybank,Shopping Centre,High,Official name/address contains shopping-centre evidence,,,,,Unknown,https://www.specsavers.com.au/stores/sunnybank,2026-07-23T00:53:33.174Z
Specsavers,specsavers-3518,Taigum Square,Active,QLD,Taigum,4018,"Shop SP038 Taigum Square S/C, 215 Church Road, Taigum, QLD, 4018",(07) 3117 2720,-27.350534,153.04822,https://www.specsavers.com.au/stores/taigum,Optometry; Audiology,true,Taigum Square,qld-square-taigum,Shopping Centre,High,Official name/address contains shopping-centre evidence,,,,,Unknown,https://www.specsavers.com.au/stores/taigum,2026-07-23T00:53:33.174Z
OPSM,opsm-1387,OPSM The Gap,Active,QLD,The Gap,4061,"1000 Waterworks Rd, The Gap, QLD, 4061",(07) 3300 6400,-27.44597,152.95269,https://www.opsm.com.au/en/opsm-au/find-store,"Kids Vision Centre, Collect & Return",false,,,Main Street / Street-front,Medium,Official address is a numbered or corner street address without centre evidence,,,,,Unknown,https://www.opsm.com.au/en/opsm-au/find-store,2026-07-23T00:26:21+00:00
Specsavers,specsavers-3476,Townsville Willows S/C,Active,QLD,Thuringowa Central,4817,"Shop 48A, Willows Shopping Centre, Cnr Thuringowa Drive & Hervey Range Road, Thuringowa Central, QLD, 4817",(07) 4723 4822,-19.315872,146.72647,https://www.specsavers.com.au/stores/townsvillewillows,Optometry; Audiology,true,Townsville Willows Shopping Centre,qld-townsville-willows,Shopping Centre,High,Official name/address contains shopping-centre evidence,,,,,Unknown,https://www.specsavers.com.au/stores/townsvillewillows,2026-07-23T00:53:33.174Z
OPSM,opsm-1565,OPSM Toowong,Active,QLD,Toowong,4066,"9 Serwood Rd, Toowong, QLD, 4066",(07) 3371 7733,-27.48504,152.99289,https://www.opsm.com.au/en/opsm-au/find-store,Collect & Return,false,,,Main Street / Street-front,Medium,Official address is a numbered or corner street address without centre evidence,,,,,Unknown,https://www.opsm.com.au/en/opsm-au/find-store,2026-07-23T00:26:21+00:00
Specsavers,specsavers-3566,Toowong,Active,QLD,Toowong,4066,"Toowong Village, L15/9 Sherwood Road, Toowong, QLD, 4066",(07) 3371 0088,-27.484604,152.99304,https://www.specsavers.com.au/stores/toowong,Optometry; Audiology,true,Toowong Village,qld-toowong-village,Shopping Centre,High,Official name/address contains shopping-centre evidence,,,,,Unknown,https://www.specsavers.com.au/stores/toowong,2026-07-23T00:53:33.174Z
Bailey Nelson,bailey-nelson-toowoomba,Bailey Nelson Toowoomba,Active,QLD,Toowoomba,4350,"Cnr Margaret and Dent Street, Toowoomba, QLD, 4350",+61775208218,-27.5614002,151.9494249,https://baileynelson.com.au/pages/optometrist-toowoomba,Optometry Services; Bulk-Billed Eye Tests; Private Eye Tests from $65; Contact Lens Eye Tests; Visual Fields Testing; Ultra-wide retinal imaging; Optical & Sunglass styling; Free frame adjustments,false,,,Main Street / Street-front,Medium,Official address is a numbered or corner street address without centre evidence,,,,,Unknown,https://baileynelson.com.au/pages/optometrist-toowoomba,2026-07-23T01:01:27+00:00
OPSM,opsm-1339,OPSM Clifford Gardens,Active,QLD,Toowoomba,4350,"Cnr Anzac Ave & James St, Toowoomba, QLD, 4350",(07) 4634 1934,-27.56466,151.93255,https://www.opsm.com.au/en/opsm-au/find-store,Collect & Return,false,,,Main Street / Street-front,Medium,Official address is a numbered or corner street address without centre evidence,,,,,Unknown,https://www.opsm.com.au/en/opsm-au/find-store,2026-07-23T00:26:21+00:00
OPSM,opsm-1062,OPSM Toowoomba,Active,QLD,Toowoomba,4350,"Cnr Margaret St & Clifford St, Toowoomba, QLD, 4350",(07) 4638 5799,-27.5615,151.94874,https://www.opsm.com.au/en/opsm-au/find-store,"Dry Eye, Collect & Return",false,,,Main Street / Street-front,Medium,Official address is a numbered or corner street address without centre evidence,,,,,Unknown,https://www.opsm.com.au/en/opsm-au/find-store,2026-07-23T00:26:21+00:00
Specsavers,specsavers-3416,Toowoomba Grand Central S/C,Active,QLD,Toowoomba,4350,"Shop GC0070/71 Grand Central S/C, Cnr Margaret and Dent Street, Toowoomba, QLD, 4350",(07) 4638 4610,-27.561283,151.94885,https://www.specsavers.com.au/stores/toowoombagrand,Optometry; Audiology,true,Toowoomba Grand Central Shopping Centre,qld-central-grand-toowoomba,Shopping Centre,High,Official name/address contains shopping-centre evidence,,,,,Unknown,https://www.specsavers.com.au/stores/toowoombagrand,2026-07-23T00:53:33.174Z
OPSM,opsm-1169,OPSM Castletown,Active,QLD,Townsville,4810,"Cnr Woolcock St & Kings Rd, Townsville, QLD, 4810",(07) 4721 6831,-19.27202,146.79091,https://www.opsm.com.au/en/opsm-au/find-store,"Dry Eye, Collect & Return",false,,,Main Street / Street-front,Medium,Official address is a numbered or corner street address without centre evidence,,,,,Unknown,https://www.opsm.com.au/en/opsm-au/find-store,2026-07-23T00:26:21+00:00
Bailey Nelson,bailey-nelson-mt-gravatt,Bailey Nelson Mt Gravatt - NEW LOCATION,Active,QLD,Upper Mount Gravatt,4122,"Kessels Rd, Upper Mount Gravatt, QLD, 4122",+61737093762,-27.5637584,153.0848465,https://baileynelson.com.au/pages/optometrist-mt-gravatt,Optometry Services; Bulk-Billed Eye Tests; Private Eye Tests from $65; Contact Lens Eye Tests; Visual Fields Testing; Ultra-wide retinal imaging; Optical & Sunglass styling; Free frame adjustments,false,,,Main Street / Street-front,Low,Official address contains street evidence but needs review,,,,,Unknown,https://baileynelson.com.au/pages/optometrist-mt-gravatt,2026-07-23T01:01:27+00:00
OPSM,opsm-1262,OPSM Mt Gravatt Westfield,Active,QLD,Upper Mount Gravatt,4122,"Kessells Rd, Upper Mount Gravatt, QLD, 4122",(07) 3343 3944,-27.56303,153.08298,https://www.opsm.com.au/en/opsm-au/find-store,"Dry Eye, Collect & Return",false,Mt Gravatt Westfield,qld-gravatt-mt-westfield,Shopping Centre,High,Official name/address contains shopping-centre evidence,,,,,Unknown,https://www.opsm.com.au/en/opsm-au/find-store,2026-07-23T00:26:21+00:00
Specsavers,specsavers-3248,Upper Mt Gravatt Westfield,Active,QLD,Upper Mount Gravatt,4122,"Shop 2338 Westfield Mt Gravatt, Cnr Logan and Kessels Road, Upper Mount Gravatt, QLD, 4122",(07) 3420 0780,-27.562225,153.08133,https://www.specsavers.com.au/stores/uppermtgravatt,Optometry; Audiology,true,Upper Mt Gravatt Westfield,qld-gravatt-mt-upper-westfield,Shopping Centre,High,Official name/address contains shopping-centre evidence,,,,,Unknown,https://www.specsavers.com.au/stores/uppermtgravatt,2026-07-23T00:53:33.174Z
Specsavers,specsavers-3342,Hervey Bay Central,Active,QLD,Urraween,4655,"Stockland Hervey Bay Shop 88, 6 Central Avenue, Urraween, QLD, 4655",(07) 4124 5602,-25.289972,152.83514,https://www.specsavers.com.au/stores/herveybaycentral,Optometry; Audiology,true,,,Shopping Centre,Medium,Official address uses a shop/level format; venue name requires review,,,,,Unknown,https://www.specsavers.com.au/stores/herveybaycentral,2026-07-23T00:53:33.174Z
OPSM,opsm-1552,OPSM Victoria Point,Active,QLD,Victoria Point,4165,"2-34 Bunker Rd, Victoria Point, QLD, 4165",(07) 3820 8237,-27.58784,153.28017,https://www.opsm.com.au/en/opsm-au/find-store,Collect & Return,false,,,Main Street / Street-front,Medium,Official address is a numbered or corner street address without centre evidence,,,,,Unknown,https://www.opsm.com.au/en/opsm-au/find-store,2026-07-23T00:26:21+00:00
Specsavers,specsavers-3445,Victoria Point S/C,Active,QLD,Victoria Point,4165,"Shop N42, Victoria Point Shopping Centre, Cnr Cleveland-Redland Bay & Bunker Rd, Victoria Point, QLD, 4165",(07) 3207 9968,-27.588737,153.28087,https://www.specsavers.com.au/stores/victoriapoint,Optometry; Audiology,true,Victoria Point Shopping Centre,qld-point-victoria,Shopping Centre,High,Official name/address contains shopping-centre evidence,,,,,Unknown,https://www.specsavers.com.au/stores/victoriapoint,2026-07-23T00:53:33.174Z
Specsavers,specsavers-3626,Warwick Rose City,Active,QLD,Warwick,4370,"Shop 44, Rose City Shoppingworld, 81 Palmerin Street, Warwick, QLD, 4370",(07) 4589 5200,-28.215103,152.03166,https://www.specsavers.com.au/stores/warwickrosecity,Optometry; Audiology,true,,,Shopping Centre,Medium,Official address uses a shop/level format; venue name requires review,,,,,Unknown,https://www.specsavers.com.au/stores/warwickrosecity,2026-07-23T00:53:33.174Z
Specsavers,specsavers-3506,Gladstone Centre Plaza,Active,QLD,West Gladstone,4680,"Shop 21 & 24, Gladstone Centre Plaza, Philip St, West Gladstone, QLD, 4680",(07) 4978 1255,-23.86964,151.242,https://www.specsavers.com.au/stores/gladstone,Optometry; Audiology,true,Gladstone Centre Plaza,qld-gladstone-plaza,Shopping Centre,High,Official name/address contains shopping-centre evidence,,,,,Unknown,https://www.specsavers.com.au/stores/gladstone,2026-07-23T00:53:33.174Z
Specsavers,specsavers-3442,Wynnum Plaza,Active,QLD,Wynnum West,4178,"Wynnum Plaza, Shop 46-47/2021 Wynnum Road, Wynnum West, QLD, 4178",(07) 3348 2043,-27.456676,153.15575,https://www.specsavers.com.au/stores/wynnumwest,Optometry; Audiology,true,Wynnum Plaza,qld-plaza-wynnum,Shopping Centre,High,Official name/address contains shopping-centre evidence,,,,,Unknown,https://www.specsavers.com.au/stores/wynnumwest,2026-07-23T00:53:33.174Z
Specsavers,specsavers-3664,Yamanto,Active,QLD,Yamanto,4305,"Shop 4-5, Yamanto Central, 488 Warwick Road, Yamanto, QLD, 4305",,-27.660442,152.74191,https://www.specsavers.com.au/stores/yamanto,Optometry; Audiology,true,,,Shopping Centre,Medium,Official address uses a shop/level format; venue name requires review,,,,,Unknown,https://www.specsavers.com.au/stores/yamanto,2026-07-23T00:53:33.174Z
OPSM,opsm-2957,OPSM Bay Plaza Yeppoon,Active,QLD,Yeppoon,4703,"64-76 James St, Yeppoon, QLD, 4703",(07) 4910 8762,-23.12788,150.74536,https://www.opsm.com.au/en/opsm-au/find-store,Collect & Return,false,Bay Plaza Yeppoon,qld-bay-plaza-yeppoon,Shopping Centre,High,Official name/address contains shopping-centre evidence,,,,,Unknown,https://www.opsm.com.au/en/opsm-au/find-store,2026-07-23T00:26:21+00:00
OPSM,opsm-2961,Vision Hub Aberfoyle Park by OPSM,Active,SA,Aberfoyle Park,5159,"Shop 31/130-150 Hub Drive, Aberfoyle Park, SA, 5159",(08)83706588,-35.07489,138.59267,https://www.opsm.com.au/en/opsm-au/find-store,"Kids Vision Centre, Collect & Return",false,,,Shopping Centre,Medium,Official address uses a shop/level format; venue name requires review,,,,,Unknown,https://www.opsm.com.au/en/opsm-au/find-store,2026-07-23T00:26:21+00:00
Bailey Nelson,bailey-nelson-adelaide-arcade,Bailey Nelson Adelaide Arcade,Active,SA,Adelaide,5000,"111-117 Rundle Mall, Adelaide Arcade, Adelaide, SA, 5000",+61870951011,-34.9230131,138.601695,https://baileynelson.com.au/pages/optometrist-adelaide-arcade,Optometry Services; Bulk-Billed Eye Tests; Private Eye Tests from $65; Contact Lens Eye Tests; Visual Fields Testing; Ultra-wide retinal imaging; Optical & Sunglass styling; Free frame adjustments,false,Adelaide Arcade,sa-adelaide-arcade,Shopping Centre,High,Official name/address contains shopping-centre evidence,,,,,Unknown,https://baileynelson.com.au/pages/optometrist-adelaide-arcade,2026-07-23T01:01:27+00:00
OPSM,opsm-1376,OPSM Adelaide Rundle Mall,Active,SA,Adelaide,5000,"71 Rundle Mall, Adelaide, SA, 5000",(08) 8212 5192,-34.92302,138.60226,https://www.opsm.com.au/en/opsm-au/find-store,"Audiology, Dry Eye, Collect & Return",true,Adelaide Rundle Mall,sa-adelaide-rundle,Shopping Centre,High,Official name/address contains shopping-centre evidence,,,,,Unknown,https://www.opsm.com.au/en/opsm-au/find-store,2026-07-23T00:26:21+00:00
OPSM,opsm-1050,OPSM Bagot House,Active,SA,Adelaide,5000,"198 North Terrace, Adelaide, SA, 5000",(08) 8305 1000,-34.92143,138.6023,https://www.opsm.com.au/en/opsm-au/find-store,Collect & Return,false,,,Main Street / Street-front,Medium,Official address is a numbered or corner street address without centre evidence,,,,,Unknown,https://www.opsm.com.au/en/opsm-au/find-store,2026-07-23T00:26:21+00:00
Specsavers,specsavers-3208,Adelaide - Rundle Mall,Active,SA,Adelaide,5000,"Shop 2, 11-13 Rundle Mall, Adelaide, SA, 5000",(08) 8410 5444,-34.92303,138.60008,https://www.specsavers.com.au/stores/rundlemall,Optometry; Audiology,true,Rundle Mall,sa-rundle,Shopping Centre,High,Official name/address contains shopping-centre evidence,,,,,Unknown,https://www.specsavers.com.au/stores/rundlemall,2026-07-23T00:53:33.174Z
OPSM,opsm-1579,OPSM Berri,Active,SA,Berri,5343,"24 Denny St, Berri, SA, 5343",(08) 8582 2974,-34.2867,140.60188,https://www.opsm.com.au/en/opsm-au/find-store,Collect & Return,false,,,Main Street / Street-front,Medium,Official address is a numbered or corner street address without centre evidence,,,,,Unknown,https://www.opsm.com.au/en/opsm-au/find-store,2026-07-23T00:26:21+00:00
Specsavers,specsavers-3217,Berri Riverland Central Plaza,Active,SA,Berri,5343,"Riverland Plaza Shopping Centre, Shop 21, Kay Avenue, Berri, SA, 5343",(08) 8582 1167,-34.28057,140.60942,https://www.specsavers.com.au/stores/berri,Optometry; Audiology,true,Berri Riverland Central Plaza,sa-berri-central-plaza-riverland,Shopping Centre,High,Official name/address contains shopping-centre evidence,,,,,Unknown,https://www.specsavers.com.au/stores/berri,2026-07-23T00:53:33.174Z
Specsavers,specsavers-3269,Clare,Active,SA,Clare,5453,"245 Main North Rd, Clare, SA, 5453",(08) 8842 2336,-33.833584,138.61232,https://www.specsavers.com.au/stores/clare,Optometry; Audiology,true,,,Main Street / Street-front,Medium,Official address is a numbered or corner street address without centre evidence,,,,,Unknown,https://www.specsavers.com.au/stores/clare,2026-07-23T00:53:33.174Z
OPSM,opsm-1572,OPSM Edwardstown,Active,SA,Edwardstown,5039,"992 South Rd, Edwardstown, SA, 5039",(08) 8277 6822,-34.98117,138.57246,https://www.opsm.com.au/en/opsm-au/find-store,Collect & Return,false,,,Main Street / Street-front,Medium,Official address is a numbered or corner street address without centre evidence,,,,,Unknown,https://www.opsm.com.au/en/opsm-au/find-store,2026-07-23T00:26:21+00:00
Specsavers,specsavers-3369,Edwardstown Castle Plaza S/C,Active,SA,Edwardstown,5039,"Shop GO54, Castle Plaza Shopping Centre, 992 South Road, Edwardstown, SA, 5039",(08) 8276 3649,-34.981487,138.5726,https://www.specsavers.com.au/stores/edwardstown,Optometry; Audiology,true,Edwardstown Castle Plaza Shopping Centre,sa-castle-edwardstown-plaza,Shopping Centre,High,Official name/address contains shopping-centre evidence,,,,,Unknown,https://www.specsavers.com.au/stores/edwardstown,2026-07-23T00:53:33.174Z
OPSM,opsm-1155,OPSM Elizabeth,Active,SA,Elizabeth,5112,"50 Elizabeth Way, Elizabeth, SA, 5112",(08) 8252 1255,-34.71849,138.66765,https://www.opsm.com.au/en/opsm-au/find-store,"Kids Vision Centre, Collect & Return",false,,,Unclassified,Low,Insufficient official venue or street evidence,,,,,Unknown,https://www.opsm.com.au/en/opsm-au/find-store,2026-07-23T00:26:21+00:00
Specsavers,specsavers-3351,Elizabeth S/C,Active,SA,Elizabeth,5112,"S93/50 Elizabeth Way, Elizabeth, SA, 5112",(08) 8252 0177,-34.71839,138.66866,https://www.specsavers.com.au/stores/elizabeth,Optometry; Audiology,true,Elizabeth Shopping Centre,sa-elizabeth,Shopping Centre,High,Official name/address contains shopping-centre evidence,,,,,Unknown,https://www.specsavers.com.au/stores/elizabeth,2026-07-23T00:53:33.174Z
OPSM,opsm-1422,OPSM Firle 2,Active,SA,Firle,5070,"171 Glynburn Rd, Firle, SA, 5070",(08) 8332 9788,-34.9048,138.656,https://www.opsm.com.au/en/opsm-au/find-store,"Kids Vision Centre, Collect & Return",false,,,Main Street / Street-front,Medium,Official address is a numbered or corner street address without centre evidence,,,,,Unknown,https://www.opsm.com.au/en/opsm-au/find-store,2026-07-23T00:26:21+00:00
OPSM,opsm-1251,OPSM Gawler,Active,SA,Gawler,5118,"56 Murray St, Gawler, SA, 5118",(08) 8522 1580,-34.6002,138.7491,https://www.opsm.com.au/en/opsm-au/find-store,Collect & Return,false,,,Main Street / Street-front,Medium,Official address is a numbered or corner street address without centre evidence,,,,,Unknown,https://www.opsm.com.au/en/opsm-au/find-store,2026-07-23T00:26:21+00:00
Specsavers,specsavers-3616,Gawler,Active,SA,Gawler,5118,"114 Murray Street, Gawler, SA, 5118",(08) 8284 1122,-34.59783,138.74883,https://www.specsavers.com.au/stores/gawler,Optometry; Audiology,true,,,Main Street / Street-front,Medium,Official address is a numbered or corner street address without centre evidence,,,,,Unknown,https://www.specsavers.com.au/stores/gawler,2026-07-23T00:53:33.174Z
OPSM,opsm-1211,OPSM Glenelg,Active,SA,Glenelg,5045,"Cnr Brighton Rd & Jetty Rd, Glenelg, SA, 5045",(08) 8294 2566,-34.97916,138.51955,https://www.opsm.com.au/en/opsm-au/find-store,"Dry Eye, Collect & Return",false,,,Main Street / Street-front,Medium,Official address is a numbered or corner street address without centre evidence,,,,,Unknown,https://www.opsm.com.au/en/opsm-au/find-store,2026-07-23T00:26:21+00:00
OPSM,opsm-1011,OPSM Burnside,Active,SA,Glenside,5065,"447 Portrush Rd, Glenside, SA, 5065",(08) 8338 6400,-34.94124,138.64148,https://www.opsm.com.au/en/opsm-au/find-store,"Dry Eye, Kids Vision Centre, Collect & Return",false,,,Main Street / Street-front,Medium,Official address is a numbered or corner street address without centre evidence,,,,,Unknown,https://www.opsm.com.au/en/opsm-au/find-store,2026-07-23T00:26:21+00:00
OPSM,opsm-1468,OPSM Golden Grove,Active,SA,Golden Grove,5125,"Cnr The Golden Way & The Grove Way, Golden Grove, SA, 5125",(08) 8289 3544,-34.79034,138.69436,https://www.opsm.com.au/en/opsm-au/find-store,Collect & Return,false,,,Unclassified,Low,Insufficient official venue or street evidence,,,,,Unknown,https://www.opsm.com.au/en/opsm-au/find-store,2026-07-23T00:26:21+00:00
Specsavers,specsavers-3662,The Grove Shopping Centre,Active,SA,Golden Grove,5125,"Shop G022 The Grove Shopping Centre, The Golden Way, Golden Grove, SA, 5125",(08) 8252 1022,-34.78989,138.69336,https://www.specsavers.com.au/stores/goldengrove,Optometry; Audiology,true,The Grove Shopping Centre,sa-grove-the,Shopping Centre,High,Official name/address contains shopping-centre evidence,,,,,Unknown,https://www.specsavers.com.au/stores/goldengrove,2026-07-23T00:53:33.174Z
Specsavers,specsavers-3514,Ingle Farm Plaza,Active,SA,Ingle Farm,5098,"Shop 2021B-A, Ingle Farm Plaza, Cnr Walkleys and Montague Rd, Ingle Farm, SA, 5098",(08) 8263 6933,-34.82931,138.64847,https://www.specsavers.com.au/stores/inglefarm,Optometry; Audiology,true,Ingle Farm Plaza,sa-farm-ingle-plaza,Shopping Centre,High,Official name/address contains shopping-centre evidence,,,,,Unknown,https://www.specsavers.com.au/stores/inglefarm,2026-07-23T00:53:33.174Z
Specsavers,specsavers-3273,Kadina,Active,SA,Kadina,5554,"9A, 9B & 11 Hallett Street, Kadina, SA, 5554",(08) 8821 3308,-33.963467,137.7126,https://www.specsavers.com.au/stores/kadina,Optometry; Audiology,true,,,Main Street / Street-front,Medium,Official address is a numbered or corner street address without centre evidence,,,,,Unknown,https://www.specsavers.com.au/stores/kadina,2026-07-23T00:53:33.174Z
OPSM,opsm-1648,OPSM Arndale,Active,SA,Kilkenny,5009,"Cnr Hanson Rd & Torrens Rd, Kilkenny, SA, 5009",(08) 8345 2471,-34.87401,138.54961,https://www.opsm.com.au/en/opsm-au/find-store,Collect & Return,false,,,Main Street / Street-front,Medium,Official address is a numbered or corner street address without centre evidence,,,,,Unknown,https://www.opsm.com.au/en/opsm-au/find-store,2026-07-23T00:26:21+00:00
Specsavers,specsavers-3524,Kilkenny,Active,SA,Kilkenny,5009,"Arndale Central, Shop 76-78/470 Torrens Road, Kilkenny, SA, 5009",(08) 8244 0611,-34.874546,138.54938,https://www.specsavers.com.au/stores/kilkenny,Optometry; Audiology,true,,,Shopping Centre,Medium,Official address uses a shop/level format; venue name requires review,,,,,Unknown,https://www.specsavers.com.au/stores/kilkenny,2026-07-23T00:53:33.174Z
Specsavers,specsavers-3244,Marden S/C,Active,SA,Marden,5070,"Shop 39, Marden Shopping Centre, Marden, SA, 5070",(08) 8362 9292,-34.8955,138.63847,https://www.specsavers.com.au/stores/marden,Optometry,false,Marden Shopping Centre,sa-marden,Shopping Centre,High,Official name/address contains shopping-centre evidence,,,,,Unknown,https://www.specsavers.com.au/stores/marden,2026-07-23T00:53:33.174Z
OPSM,opsm-1231,OPSM Tea Tree Plaza,Active,SA,Modbury,5092,"976 North East Rd, Modbury, SA, 5092",(08) 8264 3000,-34.83077,138.69223,https://www.opsm.com.au/en/opsm-au/find-store,"Kids Vision Centre, Collect & Return",false,Tea Tree Plaza,sa-plaza-tea-tree,Shopping Centre,High,Official name/address contains shopping-centre evidence,,,,,Unknown,https://www.opsm.com.au/en/opsm-au/find-store,2026-07-23T00:26:21+00:00
Specsavers,specsavers-3212,Tea Tree Plaza,Active,SA,Modbury,5092,"Shop 2-3 Westfield Tea Tree Plaza, 976 North East Rd, Modbury, SA, 5092",(08) 8396 6600,-34.83195,138.6906,https://www.specsavers.com.au/stores/teatreeplaza,Optometry; Audiology,true,Tea Tree Plaza,sa-plaza-tea-tree,Shopping Centre,High,Official name/address contains shopping-centre evidence,,,,,Unknown,https://www.specsavers.com.au/stores/teatreeplaza,2026-07-23T00:53:33.174Z
OPSM,opsm-2934,OPSM Southgate Square,Active,SA,Morphett Vale,5162,"Cnr Sherriffs & Hillier Rd, Morphett Vale, SA, 5162",(08) 8305 1015,-35.11402,138.54753,https://www.opsm.com.au/en/opsm-au/find-store,"Kids Vision Centre, Collect & Return",false,Southgate Square,sa-southgate-square,Shopping Centre,High,Official name/address contains shopping-centre evidence,,,,,Unknown,https://www.opsm.com.au/en/opsm-au/find-store,2026-07-23T00:26:21+00:00
Specsavers,specsavers-3509,Morphett Vale,Active,SA,Morphett Vale,5162,"Sherriffs Road (cnr Hillier Road), Shop 6, Southgate Plaza, Morphett Vale, SA, 5162",(08) 8186 1075,-35.107254,138.52173,https://www.specsavers.com.au/stores/morphettvale,Optometry; Audiology,true,Southgate Plaza,sa-plaza-southgate,Shopping Centre,High,Official name/address contains shopping-centre evidence,,,,,Unknown,https://www.specsavers.com.au/stores/morphettvale,2026-07-23T00:53:33.174Z
OPSM,opsm-1245,OPSM Mt Barker,Active,SA,Mount Barker,5251,"13 Mclaren St, Mount Barker, SA, 5251",(08) 8391 0121,-35.06489,138.85975,https://www.opsm.com.au/en/opsm-au/find-store,Collect & Return,false,,,Main Street / Street-front,Medium,Official address is a numbered or corner street address without centre evidence,,,,,Unknown,https://www.opsm.com.au/en/opsm-au/find-store,2026-07-23T00:26:21+00:00
Specsavers,specsavers-3458,Mt Barker Central,Active,SA,Mount Barker,5251,"Shop 9, 10 & 11A, Mt Barker Central SC, McLaren Street, Mount Barker, SA, 5251",(08) 8391 3588,-35.065285,138.85985,https://www.specsavers.com.au/stores/mtbarker,Optometry; Audiology,true,,,Shopping Centre,Medium,Official address uses a shop/level format; venue name requires review,,,,,Unknown,https://www.specsavers.com.au/stores/mtbarker,2026-07-23T00:53:33.174Z
OPSM,opsm-1584,OPSM Mount Gambier,Active,SA,Mount Gambier,5290,"21 Helen St, Mount Gambier, SA, 5290",(08) 8725 7222,-37.82989,140.77727,https://www.opsm.com.au/en/opsm-au/find-store,Collect & Return,false,,,Main Street / Street-front,Medium,Official address is a numbered or corner street address without centre evidence,,,,,Unknown,https://www.opsm.com.au/en/opsm-au/find-store,2026-07-23T00:26:21+00:00
Specsavers,specsavers-3412,Mt Gambier,Active,SA,Mount Gambier,5290,"40 Commercial St W, Mount Gambier, SA, 5290",(08) 8723 0274,-37.827724,140.77898,https://www.specsavers.com.au/stores/mtgambier,Optometry; Audiology,true,,,Unclassified,Low,Insufficient official venue or street evidence,,,,,Unknown,https://www.specsavers.com.au/stores/mtgambier,2026-07-23T00:53:33.174Z
Specsavers,specsavers-3594,Murray Bridge,Active,SA,Murray Bridge,5253,"T17, Murray Bridge Marketplace, 21-53 South Terrace, Murray Bridge, SA, 5253",(08) 7077 0324,-35.119434,139.2778,https://www.specsavers.com.au/stores/murraybridge,Optometry; Audiology,true,Murray Bridge Marketplace,sa-bridge-marketplace-murray,Shopping Centre,High,Official name/address contains shopping-centre evidence,,,,,Unknown,https://www.specsavers.com.au/stores/murraybridge,2026-07-23T00:53:33.174Z
Specsavers,specsavers-3512,Newton,Active,SA,Newton,5074,"10/84 Gorge Rd, Newton, SA, 5074",(08) 8165 0341,-34.87714,138.67458,https://www.specsavers.com.au/stores/newton,Optometry; Audiology,true,,,Main Street / Street-front,Medium,Official address is a numbered or corner street address without centre evidence,,,,,Unknown,https://www.specsavers.com.au/stores/newton,2026-07-23T00:53:33.174Z
OPSM,opsm-7071,OPSM Colonnades,Active,SA,Noarlunga,5168,"Cnr Goldsmith Rd & Beach Rd, Noarlunga, SA, 5168",(08) 8384 3399,-35.13839,138.49432,https://www.opsm.com.au/en/opsm-au/find-store,,false,,,Main Street / Street-front,Medium,Official address is a numbered or corner street address without centre evidence,,,,,Unknown,https://www.opsm.com.au/en/opsm-au/find-store,2026-07-23T00:26:21+00:00
Specsavers,specsavers-3376,Noarlunga Centre,Active,SA,Noarlunga Downs,5168,"Beach Road, Shop SP1999 Colonnades Shopping Centre, Noarlunga Downs, SA, 5168",(08) 8186 1611,-35.142426,138.49806,https://www.specsavers.com.au/stores/noarlunga,Optometry; Audiology,true,Noarlunga Centre,sa-noarlunga,Shopping Centre,High,Official name/address contains shopping-centre evidence,,,,,Unknown,https://www.specsavers.com.au/stores/noarlunga,2026-07-23T00:53:33.174Z
OPSM,opsm-1058,OPSM North Adelaide,Active,SA,North Adelaide,5006,"67 O'Connell St, North Adelaide, SA, 5006",(08) 8239 0400,-34.90724,138.59559,https://www.opsm.com.au/en/opsm-au/find-store,"Dry Eye, Collect & Return",false,,,Main Street / Street-front,Medium,Official address is a numbered or corner street address without centre evidence,,,,,Unknown,https://www.opsm.com.au/en/opsm-au/find-store,2026-07-23T00:26:21+00:00
Bailey Nelson,bailey-nelson-norwood,Bailey Nelson Norwood,Active,SA,Norwood,5067,"152 The Parade, Norwood, SA, 5067",+61870951012,-34.9214469,138.6347078,https://baileynelson.com.au/pages/optometrist-norwood,Optometry Services; Bulk-Billed Eye Tests; Private Eye Tests from $65; Contact Lens Eye Tests; Visual Fields Testing; Ultra-wide retinal imaging; Optical & Sunglass styling; Free frame adjustments,false,,,Main Street / Street-front,Medium,Official address is a numbered or corner street address without centre evidence,,,,,Unknown,https://baileynelson.com.au/pages/optometrist-norwood,2026-07-23T01:01:27+00:00
OPSM,opsm-2989,OPSM Norwood,Active,SA,Norwood,5067,"161 The Parade, Norwood, SA, 5067",(08) 8305 1011,-34.92102,138.63568,https://www.opsm.com.au/en/opsm-au/find-store,"Kids Vision Centre, Collect & Return",false,,,Main Street / Street-front,Medium,Official address is a numbered or corner street address without centre evidence,,,,,Unknown,https://www.opsm.com.au/en/opsm-au/find-store,2026-07-23T00:26:21+00:00
Specsavers,specsavers-3415,Norwood Place,Active,SA,Norwood,5067,"Shop 22 & 22A Norwood Place, 161 â€“ 169 The Parade, Norwood, SA, 5067",(08) 8332 1640,-34.920547,138.63542,https://www.specsavers.com.au/stores/norwood,Optometry; Audiology,true,,,Shopping Centre,Medium,Official address uses a shop/level format; venue name requires review,,,,,Unknown,https://www.specsavers.com.au/stores/norwood,2026-07-23T00:53:33.174Z
Specsavers,specsavers-3271,Nuriootpa,Active,SA,Nuriootpa,5355,"3 Murray St., Shop 8, The Barossa Co-Op Shopping Centre, Nuriootpa, SA, 5355",(08) 8562 3777,-34.474426,138.9939,https://www.specsavers.com.au/stores/nuriootpa,Optometry; Audiology,true,The Barossa Co-Op Shopping Centre,sa-barossa-co-op-the,Shopping Centre,High,Official name/address contains shopping-centre evidence,,,,,Unknown,https://www.specsavers.com.au/stores/nuriootpa,2026-07-23T00:53:33.174Z
Bailey Nelson,bailey-nelson-marion,Bailey Nelson Marion,Active,SA,Oaklands Park,5046,"297 Diagonal Road, Oaklands Park, SA, 5046",+61870951019,-35.0164765,138.5461336,https://baileynelson.com.au/pages/optometrist-marion,Optometry Services; Bulk-Billed Eye Tests; Private Eye Tests from $65; Contact Lens Eye Tests; Visual Fields Testing; Ultra-wide retinal imaging; Optical & Sunglass styling; Free frame adjustments,false,,,Main Street / Street-front,Medium,Official address is a numbered or corner street address without centre evidence,,,,,Unknown,https://baileynelson.com.au/pages/optometrist-marion,2026-07-23T01:01:27+00:00
OPSM,opsm-1254,OPSM Marion,Active,SA,Oaklands Park,5046,"297 Diagonal Rd, Oaklands Park, SA, 5046",(08) 8296 5388,-35.01659,138.54628,https://www.opsm.com.au/en/opsm-au/find-store,"Audiology, Dry Eye, Collect & Return",true,,,Main Street / Street-front,Medium,Official address is a numbered or corner street address without centre evidence,,,,,Unknown,https://www.opsm.com.au/en/opsm-au/find-store,2026-07-23T00:26:21+00:00
Specsavers,specsavers-3521,Marion East Westfield Lvl 2,Active,SA,Oaklands Park,5046,"Shop 2040/297 Diagonal Road, Oaklands Park, SA, 5046",(08) 8296 5969,-35.016357,138.54594,https://www.specsavers.com.au/stores/marioneast,Optometry,false,Marion East Westfield Lvl 2,sa-2-east-lvl-marion-westfield,Shopping Centre,High,Official name/address contains shopping-centre evidence,,,,,Unknown,https://www.specsavers.com.au/stores/marioneast,2026-07-23T00:53:33.174Z
Specsavers,specsavers-3209,Marion West Westfield Lvl 2,Active,SA,Oaklands Park,5046,"Shop 2007, Level 2, Westfield Marion West Shopping Centre, 297 Diagonal Rd, Oaklands Park, SA, 5046",(08) 8358 1611,-35.015724,138.54639,https://www.specsavers.com.au/stores/marion,Optometry; Audiology,true,Marion West Westfield Lvl 2,sa-2-lvl-marion-west-westfield,Shopping Centre,High,Official name/address contains shopping-centre evidence,,,,,Unknown,https://www.specsavers.com.au/stores/marion,2026-07-23T00:53:33.174Z
OPSM,opsm-2962,Vision Hub Pasadena by OPSM,Active,SA,Pasadena,5042,"Shop 22/20 Five Ash Drive, Pasadena, SA, 5042",(08) 8277 8595,-35.00053,138.58704,https://www.opsm.com.au/en/opsm-au/find-store,"Kids Vision Centre, Collect & Return",false,,,Shopping Centre,Medium,Official address uses a shop/level format; venue name requires review,,,,,Unknown,https://www.opsm.com.au/en/opsm-au/find-store,2026-07-23T00:26:21+00:00
Bailey Nelson,bailey-nelson-port-adelaide,Bailey Nelson Port Adelaide,Active,SA,Port Adelaide,5015,"200-220 Commercial Road, Port Adelaide, SA, 5015",+61870951010,-34.8484914,138.5055049,https://baileynelson.com.au/pages/optometrist-port-adelaide,Optometry Services; Bulk-Billed Eye Tests; Private Eye Tests from $65; Contact Lens Eye Tests; Visual Fields Testing; Ultra-wide retinal imaging; Optical & Sunglass styling; Free frame adjustments,false,,,Main Street / Street-front,Medium,Official address is a numbered or corner street address without centre evidence,,,,,Unknown,https://baileynelson.com.au/pages/optometrist-port-adelaide,2026-07-23T01:01:27+00:00
OPSM,opsm-1586,OPSM Port Lincoln,Active,SA,Port Lincoln,5606,"19 Liverpool St, Port Lincoln, SA, 5606",(08) 8682 2729,-34.72203,135.85852,https://www.opsm.com.au/en/opsm-au/find-store,Collect & Return,false,,,Main Street / Street-front,Medium,Official address is a numbered or corner street address without centre evidence,,,,,Unknown,https://www.opsm.com.au/en/opsm-au/find-store,2026-07-23T00:26:21+00:00
Specsavers,specsavers-3635,Port Lincoln,Active,SA,Port Lincoln,5606,"8 Liverpool Street, Port Lincoln, SA, 5606",(08) 7648 1888,-34.72202,135.85764,https://www.specsavers.com.au/stores/portlincoln,Optometry; Audiology,true,,,Main Street / Street-front,Medium,Official address is a numbered or corner street address without centre evidence,,,,,Unknown,https://www.specsavers.com.au/stores/portlincoln,2026-07-23T00:53:33.174Z
Specsavers,specsavers-3283,Pirie Plaza,Active,SA,Port Pirie,5540,"16-18/91 Grey Terrace, Port Pirie Plaza, Port Pirie, SA, 5540",(08) 8632 2486,-33.191036,138.0073,https://www.specsavers.com.au/stores/portpirie,Optometry; Audiology,true,Pirie Plaza,sa-pirie-plaza,Shopping Centre,High,Official name/address contains shopping-centre evidence,,,,,Unknown,https://www.specsavers.com.au/stores/portpirie,2026-07-23T00:53:33.174Z
OPSM,opsm-1256,OPSM North Park,Active,SA,Prospect Adelaide,5082,"264 Main North Rd, Prospect Adelaide, SA, 5082",(08) 8269 5244,-34.87545,138.60192,https://www.opsm.com.au/en/opsm-au/find-store,Collect & Return,false,,,Main Street / Street-front,Medium,Official address is a numbered or corner street address without centre evidence,,,,,Unknown,https://www.opsm.com.au/en/opsm-au/find-store,2026-07-23T00:26:21+00:00
OPSM,opsm-1066,OPSM Salisbury,Active,SA,Salisbury,5108,"68 John St, Salisbury, SA, 5108",(08) 8258 6211,-34.76038,138.64561,https://www.opsm.com.au/en/opsm-au/find-store,Collect & Return,false,,,Main Street / Street-front,Medium,Official address is a numbered or corner street address without centre evidence,,,,,Unknown,https://www.opsm.com.au/en/opsm-au/find-store,2026-07-23T00:26:21+00:00
Specsavers,specsavers-3214,Parabanks Centre,Active,SA,Salisbury,5108,"32 Parabanks Centre, Salisbury, SA, 5108",(08) 8281 9220,-34.760307,138.64587,https://www.specsavers.com.au/stores/parabanks,Optometry; Audiology,true,Parabanks Centre,sa-parabanks,Shopping Centre,High,Official name/address contains shopping-centre evidence,,,,,Unknown,https://www.specsavers.com.au/stores/parabanks,2026-07-23T00:53:33.174Z
Specsavers,specsavers-3213,Hollywood S/C,Active,SA,Salisbury Downs,5108,"Hollywood Shopping Centre, 64 Winzor Street, Salisbury Downs, SA, 5108",(08) 8281 7244,-34.767986,138.62471,https://www.specsavers.com.au/stores/hollywood,Optometry; Audiology,true,Hollywood Shopping Centre,sa-hollywood,Shopping Centre,High,Official name/address contains shopping-centre evidence,,,,,Unknown,https://www.specsavers.com.au/stores/hollywood,2026-07-23T00:53:33.174Z
OPSM,opsm-1514,OPSM Seaford,Active,SA,Seaford,5169,"Commercial Rd & The Prde, Seaford, SA, 5169",(08) 8386 3400,-35.18854,138.47908,https://www.opsm.com.au/en/opsm-au/find-store,"Kids Vision Centre, Collect & Return",false,,,Unclassified,Low,Insufficient official venue or street evidence,,,,,Unknown,https://www.opsm.com.au/en/opsm-au/find-store,2026-07-23T00:26:21+00:00
Specsavers,specsavers-3642,Seaford,Active,SA,Seaford,5169,"108 Commercial Road, Shop 15, Seaford Central,, Seaford, SA, 5169",(08) 7260 3033,-35.189983,138.47917,https://www.specsavers.com.au/stores/seaford,Optometry; Audiology,true,,,Shopping Centre,Medium,Official address uses a shop/level format; venue name requires review,,,,,Unknown,https://www.specsavers.com.au/stores/seaford,2026-07-23T00:53:33.174Z
Specsavers,specsavers-3211,Sefton Plaza S/C,Active,SA,Sefton Park,5083,"Shop 26, Sefton Plaza Shopping Centre, 225/239 Main N Rd, Sefton Park, SA, 5083",(08) 8344 4444,-34.87621,138.60301,https://www.specsavers.com.au/stores/seftonpark,Optometry,false,Sefton Plaza Shopping Centre,sa-plaza-sefton,Shopping Centre,High,Official name/address contains shopping-centre evidence,,,,,Unknown,https://www.specsavers.com.au/stores/seftonpark,2026-07-23T00:53:33.174Z
Specsavers,specsavers-3215,Munno Para S/C,Active,SA,Smithfield,5114,"T88 & T99 Munno Para Centre, 600 Main North Road, Smithfield, SA, 5114",(08) 8284 1122,-34.687958,138.68831,https://www.specsavers.com.au/stores/munnopara,Optometry; Audiology,true,Munno Para Shopping Centre,sa-munno-para,Shopping Centre,High,Official name/address contains shopping-centre evidence,,,,,Unknown,https://www.specsavers.com.au/stores/munnopara,2026-07-23T00:53:33.174Z
OPSM,opsm-1289,OPSM Mitcham,Active,SA,Torrens Park,5062,"119 Belair Rd, Torrens Park, SA, 5062",(08) 8272 6300,-34.97552,138.61054,https://www.opsm.com.au/en/opsm-au/find-store,Collect & Return,false,,,Main Street / Street-front,Medium,Official address is a numbered or corner street address without centre evidence,,,,,Unknown,https://www.opsm.com.au/en/opsm-au/find-store,2026-07-23T00:26:21+00:00
Specsavers,specsavers-3627,Mitcham,Active,SA,Torrens Park,5062,"T2/3 Mitcham Shopping Centre, 119 Belair Road, Torrens Park, SA, 5062",(08) 8423 1360,-34.975246,138.61046,https://www.specsavers.com.au/stores/mitcham,Optometry; Audiology,true,T2/3 Mitcham Shopping Centre,sa-3-mitcham-t2,Shopping Centre,High,Official name/address contains shopping-centre evidence,,,,,Unknown,https://www.specsavers.com.au/stores/mitcham,2026-07-23T00:53:33.174Z
OPSM,opsm-2930,OPSM Brickworks,Active,SA,Torrensville,5031,"Cnr South Rd & Ashwin Prde, Torrensville, SA, 5031",(08) 8305 1020,-34.91373,138.56479,https://www.opsm.com.au/en/opsm-au/find-store,Collect & Return,false,,,Unclassified,Low,Insufficient official venue or street evidence,,,,,Unknown,https://www.opsm.com.au/en/opsm-au/find-store,2026-07-23T00:26:21+00:00
Specsavers,specsavers-3569,Brickworks Marketplace,Active,SA,Torrensville,5031,"Brickworks Marketplace, South Road, Torrensville, SA, 5031",(08) 8352 3822,-34.914326,138.5651,https://www.specsavers.com.au/stores/thebarton,Optometry; Audiology,true,Brickworks Marketplace,sa-brickworks-marketplace,Shopping Centre,High,Official name/address contains shopping-centre evidence,,,,,Unknown,https://www.specsavers.com.au/stores/thebarton,2026-07-23T00:53:33.174Z
OPSM,opsm-7082,OPSM Victor Harbor,Active,SA,Victor Harbor,5211,"77 Torrens St, Victor Harbor, SA, 5211",(08) 8552 2655,-35.55585,138.62196,https://www.opsm.com.au/en/opsm-au/find-store,,false,,,Main Street / Street-front,Medium,Official address is a numbered or corner street address without centre evidence,,,,,Unknown,https://www.opsm.com.au/en/opsm-au/find-store,2026-07-23T00:26:21+00:00
Specsavers,specsavers-3573,Victor Central,Active,SA,Victor Harbor,5211,"Victor Central, Shop 15-17/21-37 Torrens Street, Victor Harbor, SA, 5211",(08) 8552 8522,-35.55307,138.62032,https://www.specsavers.com.au/stores/victor-harbor,Optometry; Audiology,true,,,Shopping Centre,Medium,Official address uses a shop/level format; venue name requires review,,,,,Unknown,https://www.specsavers.com.au/stores/victor-harbor,2026-07-23T00:53:33.174Z
OPSM,opsm-1081,OPSM West Lakes,Active,SA,West Lakes,5021,"111 West Lakes Mall Blvd, West Lakes, SA, 5021",(08) 8355 6188,-34.87943,138.49075,https://www.opsm.com.au/en/opsm-au/find-store,Collect & Return,false,West Lakes Mall Blvd,sa-blvd-lakes-west,Shopping Centre,High,Official name/address contains shopping-centre evidence,,,,,Unknown,https://www.opsm.com.au/en/opsm-au/find-store,2026-07-23T00:26:21+00:00
Specsavers,specsavers-3375,West Lakes Westfield,Active,SA,West Lakes,5021,"Shop 218, West Lakes Shopping Centre, 111 West Lakes Boulevard, West Lakes, SA, 5021",(08) 8235 1488,-34.879433,138.4914,https://www.specsavers.com.au/stores/westlakes,Optometry; Audiology,true,West Lakes Westfield,sa-lakes-west-westfield,Shopping Centre,High,Official name/address contains shopping-centre evidence,,,,,Unknown,https://www.specsavers.com.au/stores/westlakes,2026-07-23T00:53:33.174Z
OPSM,opsm-1583,OPSM Whyalla,Active,SA,Whyalla,5608,"Nicolson Ave, Whyalla, SA, 5608",(08) 8645 2722,-33.0278,137.53215,https://www.opsm.com.au/en/opsm-au/find-store,Collect & Return,false,,,Main Street / Street-front,Low,Official address contains street evidence but needs review,,,,,Unknown,https://www.opsm.com.au/en/opsm-au/find-store,2026-07-23T00:26:21+00:00
Specsavers,specsavers-3388,Whyalla Westland S/C,Active,SA,Whyalla Norrie,5608,"Westland Shopping Centre, Nicolson Avenue, Whyalla Norrie, SA, 5608",(08) 8644 3365,-33.02778,137.53224,https://www.specsavers.com.au/stores/whyalla,Optometry; Audiology,true,Whyalla Westland Shopping Centre,sa-westland-whyalla,Shopping Centre,High,Official name/address contains shopping-centre evidence,,,,,Unknown,https://www.specsavers.com.au/stores/whyalla,2026-07-23T00:53:33.174Z
OPSM,opsm-1573,OPSM Woodcroft,Active,SA,Woodcroft,5162,"Cnr Bains & Panalatinga Rd, Woodcroft, SA, 5162",(08) 8325 2011,-35.11402,138.54753,https://www.opsm.com.au/en/opsm-au/find-store,Collect & Return,false,,,Main Street / Street-front,Medium,Official address is a numbered or corner street address without centre evidence,,,,,Unknown,https://www.opsm.com.au/en/opsm-au/find-store,2026-07-23T00:26:21+00:00
OPSM,opsm-2287,OPSM Burnie,Active,TAS,Burnie,7320,"46 Mount St, Burnie, TAS, 7320",(03) 6431 8177,-41.05206,145.90485,https://www.opsm.com.au/en/opsm-au/find-store,Collect & Return,false,,,Main Street / Street-front,Medium,Official address is a numbered or corner street address without centre evidence,,,,,Unknown,https://www.opsm.com.au/en/opsm-au/find-store,2026-07-23T00:26:21+00:00
Specsavers,specsavers-3543,Burnie,Active,TAS,Burnie,7320,"49 Wilson St, Burnie, TAS, 7320",(03) 6432 2608,-41.051685,145.90672,https://www.specsavers.com.au/stores/burnie,Optometry; Audiology,true,,,Main Street / Street-front,Medium,Official address is a numbered or corner street address without centre evidence,,,,,Unknown,https://www.specsavers.com.au/stores/burnie,2026-07-23T00:53:33.174Z
OPSM,opsm-2294,OPSM Devonport,Active,TAS,Devonport,7310,"31 Rooke St, Devonport, TAS, 7310",(03) 6423 1166,-41.1805,146.3602,https://www.opsm.com.au/en/opsm-au/find-store,"Dry Eye, Collect & Return",false,,,Main Street / Street-front,Medium,Official address is a numbered or corner street address without centre evidence,,,,,Unknown,https://www.opsm.com.au/en/opsm-au/find-store,2026-07-23T00:26:21+00:00
Specsavers,specsavers-3585,Devonport,Active,TAS,Devonport,7310,"69 Rooke St, Devonport, TAS, 7310",(03) 6441 5226,-41.17935,146.36041,https://www.specsavers.com.au/stores/devonport,Optometry; Audiology,true,,,Main Street / Street-front,Medium,Official address is a numbered or corner street address without centre evidence,,,,,Unknown,https://www.specsavers.com.au/stores/devonport,2026-07-23T00:53:33.174Z
OPSM,opsm-1662,OPSM Glenorchy,Active,TAS,Glenorchy,7010,"387 - 393 Main Rd, Glenorchy, TAS, 7010",(03) 6272 1670,-42.83223,147.27323,https://www.opsm.com.au/en/opsm-au/find-store,Collect & Return,false,,,Main Street / Street-front,Medium,Official address is a numbered or corner street address without centre evidence,,,,,Unknown,https://www.opsm.com.au/en/opsm-au/find-store,2026-07-23T00:26:21+00:00
Specsavers,specsavers-3515,Glenorchy,Active,TAS,Glenorchy,7010,"Shop 051, Level G, Northgate Shopping Centre, 387-393 Main Road, Glenorchy, TAS, 7010",(03) 6237 0026,-42.832012,147.2735,https://www.specsavers.com.au/stores/glenorchy,Optometry; Audiology,true,Northgate Shopping Centre,tas-northgate,Shopping Centre,High,Official name/address contains shopping-centre evidence,,,,,Unknown,https://www.specsavers.com.au/stores/glenorchy,2026-07-23T00:53:33.174Z
Bailey Nelson,bailey-nelson-hobart,Bailey Nelson Hobart,Active,TAS,Hobart,7000,"35 Murray Street, Hobart, TAS, 7000",+61361640371,-42.8833754,147.3275438,https://baileynelson.com.au/pages/optometrist-hobart,Optometry Services; Bulk-Billed Eye Tests; Private Eye Tests from $65; Contact Lens Eye Tests; Visual Fields Testing; Ultra-wide retinal imaging; Optical & Sunglass styling; Free frame adjustments,false,,,Main Street / Street-front,Medium,Official address is a numbered or corner street address without centre evidence,,,,,Unknown,https://baileynelson.com.au/pages/optometrist-hobart,2026-07-23T01:01:27+00:00
OPSM,opsm-2293,OPSM Hobart Collins St,Active,TAS,Hobart,7000,"140 Collins St, Hobart, TAS, 7000",(03) 6270 6555,-42.88319,147.32788,https://www.opsm.com.au/en/opsm-au/find-store,"Dry Eye, Collect & Return",false,,,Main Street / Street-front,Medium,Official address is a numbered or corner street address without centre evidence,,,,,Unknown,https://www.opsm.com.au/en/opsm-au/find-store,2026-07-23T00:26:21+00:00
Specsavers,specsavers-3495,Hobart,Active,TAS,Hobart,7000,"The Cat & Fiddle Arcade, 53A Murray Street, Hobart, TAS, 7000",(03) 6223 5792,-42.883038,147.32678,https://www.specsavers.com.au/stores/hobart,Optometry; Audiology,true,The Cat & Fiddle Arcade,tas-and-arcade-cat-fiddle-the,Shopping Centre,High,Official name/address contains shopping-centre evidence,,,,,Unknown,https://www.specsavers.com.au/stores/hobart,2026-07-23T00:53:33.174Z
OPSM,opsm-1666,OPSM Kingsmeadow,Active,TAS,Kings Meadows,7249,"106 Hobart Rd, Kings Meadows, TAS, 7249",(03) 6344 5555,-41.46717,147.15871,https://www.opsm.com.au/en/opsm-au/find-store,Collect & Return,false,,,Main Street / Street-front,Medium,Official address is a numbered or corner street address without centre evidence,,,,,Unknown,https://www.opsm.com.au/en/opsm-au/find-store,2026-07-23T00:26:21+00:00
Specsavers,specsavers-3641,Kings Meadows,Active,TAS,Kings Meadows,7249,"Shop 27, Meadow Mews Plaza, 102 Hobart Road, Kings Meadows, TAS, 7249",(03) 6722 5500,-41.466595,147.15874,https://www.specsavers.com.au/stores/kingsmeadows,Optometry; Audiology,true,Meadow Mews Plaza,tas-meadow-mews-plaza,Shopping Centre,High,Official name/address contains shopping-centre evidence,,,,,Unknown,https://www.specsavers.com.au/stores/kingsmeadows,2026-07-23T00:53:33.174Z
OPSM,opsm-2292,OPSM Kingston,Active,TAS,Kingston,7050,"2 Kingston Plaza, Kingston, TAS, 7050",(03) 6229 9911,-42.9746,147.31091,https://www.opsm.com.au/en/opsm-au/find-store,Collect & Return,false,Kingston Plaza,tas-kingston-plaza,Shopping Centre,High,Official name/address contains shopping-centre evidence,,,,,Unknown,https://www.opsm.com.au/en/opsm-au/find-store,2026-07-23T00:26:21+00:00
Specsavers,specsavers-3547,Kingston,Active,TAS,Kingston,7050,"29 Channel Highway, Kingston, TAS, 7050",(03) 6239 3334,-42.97631,147.30983,https://www.specsavers.com.au/stores/kingston,Optometry,false,,,Main Street / Street-front,Medium,Official address is a numbered or corner street address without centre evidence,,,,,Unknown,https://www.specsavers.com.au/stores/kingston,2026-07-23T00:53:33.174Z
OPSM,opsm-2291,OPSM Launceston,Active,TAS,Launceston,7250,"64 Brisbane St, Launceston, TAS, 7250",(03) 6331 1755,-41.43637,147.14029,https://www.opsm.com.au/en/opsm-au/find-store,Collect & Return,false,,,Main Street / Street-front,Medium,Official address is a numbered or corner street address without centre evidence,,,,,Unknown,https://www.opsm.com.au/en/opsm-au/find-store,2026-07-23T00:26:21+00:00
Specsavers,specsavers-3325,Launceston,Active,TAS,Launceston,7250,"47 Brisbane St, Launceston, TAS, 7250",(03) 6331 7566,-41.43561,147.14166,https://www.specsavers.com.au/stores/launceston,Optometry; Audiology,true,,,Main Street / Street-front,Medium,Official address is a numbered or corner street address without centre evidence,,,,,Unknown,https://www.specsavers.com.au/stores/launceston,2026-07-23T00:53:33.174Z
OPSM,opsm-2290,OPSM Moonah,Active,TAS,Moonah,7009,"110 Main Rd, Moonah, TAS, 7009",(03) 6272 0733,-42.84597,147.29339,https://www.opsm.com.au/en/opsm-au/find-store,Collect & Return,false,,,Main Street / Street-front,Medium,Official address is a numbered or corner street address without centre evidence,,,,,Unknown,https://www.opsm.com.au/en/opsm-au/find-store,2026-07-23T00:26:21+00:00
OPSM,opsm-2289,OPSM Rosny,Active,TAS,Rosny,7018,"13 Bayfield St, Rosny, TAS, 7018",(03) 6244 6600,-42.86681,147.37075,https://www.opsm.com.au/en/opsm-au/find-store,Collect & Return,false,,,Main Street / Street-front,Medium,Official address is a numbered or corner street address without centre evidence,,,,,Unknown,https://www.opsm.com.au/en/opsm-au/find-store,2026-07-23T00:26:21+00:00
Specsavers,specsavers-3421,Rosny Park Eastlands S/C,Active,TAS,Rosny Park,7018,"Shop 4, Upper Level, Eastlands Shopping Centre, Bligh Street, Rosny Park, TAS, 7018",(03) 6245 0972,-42.866287,147.36841,https://www.specsavers.com.au/stores/rosnypark,Optometry; Audiology,true,Rosny Park Eastlands Shopping Centre,tas-eastlands-park-rosny,Shopping Centre,High,Official name/address contains shopping-centre evidence,,,,,Unknown,https://www.specsavers.com.au/stores/rosnypark,2026-07-23T00:53:33.174Z
Bailey Nelson,bailey-nelson-hobart-eastlands,Bailey Nelson Hobart Eastlands,Active,TAS,"Rosny Park,",7018,"26 Bligh Street, Rosny Park,, TAS, 7018",+61361640370,-42.8658356,147.3684373,https://baileynelson.com.au/pages/optometrist-hobart-eastlands,Optometry Services; Bulk-Billed Eye Tests; Private Eye Tests from $65; Contact Lens Eye Tests; Visual Fields Testing; Ultra-wide retinal imaging; Optical & Sunglass styling; Free frame adjustments,false,Hobart Eastlands,tas-eastlands-hobart,Shopping Centre,High,Official name/address contains shopping-centre evidence,,,,,Unknown,https://baileynelson.com.au/pages/optometrist-hobart-eastlands,2026-07-23T01:01:27+00:00
OPSM,opsm-2288,OPSM Wynyard,Active,TAS,Wynyard,7325,"124 Goldie St, Wynyard, TAS, 7325",(03) 6442 4440,-40.99001,145.72552,https://www.opsm.com.au/en/opsm-au/find-store,Collect & Return,false,,,Main Street / Street-front,Medium,Official address is a numbered or corner street address without centre evidence,,,,,Unknown,https://www.opsm.com.au/en/opsm-au/find-store,2026-07-23T00:26:21+00:00
OPSM,opsm-1488,OPSM Airport West,Active,VIC,Airport West,3042,"29 - 35 Louis St, Airport West, VIC, 3042",(03) 9335 2077,-37.7143,144.88516,https://www.opsm.com.au/en/opsm-au/find-store,Collect & Return,false,,,Main Street / Street-front,Medium,Official address is a numbered or corner street address without centre evidence,,,,,Unknown,https://www.opsm.com.au/en/opsm-au/find-store,2026-07-23T00:26:21+00:00
Specsavers,specsavers-3431,Airport West Westfield,Active,VIC,Airport West,3042,"Westfield Airport West, Shop 76, Airport West, VIC, 3042",(03) 9338 4780,-37.714077,144.88731,https://www.specsavers.com.au/stores/airportwest,Optometry; Audiology,true,Airport West Westfield,vic-airport-west-westfield,Shopping Centre,High,Official name/address contains shopping-centre evidence,,,,,Unknown,https://www.specsavers.com.au/stores/airportwest,2026-07-23T00:53:33.174Z
OPSM,opsm-1428,OPSM Altona Gate,Active,VIC,Altona Gate,3025,"124 - 134 Millers Rd, Altona Gate, VIC, 3025",(03) 9315 1510,-37.82781,144.8475,https://www.opsm.com.au/en/opsm-au/find-store,Collect & Return,false,,,Main Street / Street-front,Medium,Official address is a numbered or corner street address without centre evidence,,,,,Unknown,https://www.opsm.com.au/en/opsm-au/find-store,2026-07-23T00:26:21+00:00
Specsavers,specsavers-3258,Altona Meadows Central Square,Active,VIC,Altona Meadows,3028,"43-44 Central Avenue, Altona Meadows, VIC, 3028",(03) 9315 6340,-37.87295,144.77557,https://www.specsavers.com.au/stores/altonameadows,Optometry,false,Altona Meadows Central Square,vic-altona-central-meadows-square,Shopping Centre,High,Official name/address contains shopping-centre evidence,,,,,Unknown,https://www.specsavers.com.au/stores/altonameadows,2026-07-23T00:53:33.174Z
Specsavers,specsavers-3457,Altona Gate S/C,Active,VIC,Altona North,3025,"Shop G003, Altona Gate S/C, 124 - 134 Millers Road, Altona North, VIC, 3025",(03) 9314 4788,-37.827724,144.84749,https://www.specsavers.com.au/stores/altonanorth,Optometry; Audiology,true,Altona Gate Shopping Centre,vic-altona-gate,Shopping Centre,High,Official name/address contains shopping-centre evidence,,,,,Unknown,https://www.specsavers.com.au/stores/altonanorth,2026-07-23T00:53:33.174Z
Specsavers,specsavers-3602,Bacchus Marsh,Active,VIC,Bacchus Marsh,3340,"Shop 42, The Village Bacchus Marsh S/C, 160/192 Main St, Bacchus Marsh, VIC, 3340",(03) 9114 3830,-37.675243,144.43993,https://www.specsavers.com.au/stores/bacchusmarsh,Optometry; Audiology,true,The Village Bacchus Marsh Shopping Centre,vic-bacchus-marsh-the-village,Shopping Centre,High,Official name/address contains shopping-centre evidence,,,,,Unknown,https://www.specsavers.com.au/stores/bacchusmarsh,2026-07-23T00:53:33.174Z
OPSM,opsm-2914,OPSM Bairnsdale,Active,VIC,Bairnsdale,3875,"111 Nicholson St, Bairnsdale, VIC, 3875",(03)5152 6741,-37.82561,147.62948,https://www.opsm.com.au/en/opsm-au/find-store,Collect & Return,false,,,Main Street / Street-front,Medium,Official address is a numbered or corner street address without centre evidence,,,,,Unknown,https://www.opsm.com.au/en/opsm-au/find-store,2026-07-23T00:26:21+00:00
Specsavers,specsavers-3564,Bairnsdale,Active,VIC,Bairnsdale,3875,"23 Bailey Street, Bairnsdale, VIC, 3875",(03) 5153 2333,-37.825104,147.63199,https://www.specsavers.com.au/stores/bairnsdale,Optometry; Audiology,true,,,Main Street / Street-front,Medium,Official address is a numbered or corner street address without centre evidence,,,,,Unknown,https://www.specsavers.com.au/stores/bairnsdale,2026-07-23T00:53:33.174Z
OPSM,opsm-1057,OPSM Ballarat,Active,VIC,Ballarat,3350,"18 Armstrong St South, Ballarat, VIC, 3350",(03) 5333 3120,-37.56287,143.85536,https://www.opsm.com.au/en/opsm-au/find-store,Collect & Return,false,,,Unclassified,Low,Insufficient official venue or street evidence,,,,,Unknown,https://www.opsm.com.au/en/opsm-au/find-store,2026-07-23T00:26:21+00:00
OPSM,opsm-2261,OPSM Ballarat Bridge Mall,Active,VIC,Ballarat,3350,"Sturt St, Ballarat, VIC, 3350",(03) 5332 8285,-37.56287,143.85536,https://www.opsm.com.au/en/opsm-au/find-store,Collect & Return,false,Ballarat Bridge Mall,vic-ballarat-bridge,Shopping Centre,High,Official name/address contains shopping-centre evidence,,,,,Unknown,https://www.opsm.com.au/en/opsm-au/find-store,2026-07-23T00:26:21+00:00
Specsavers,specsavers-3396,Ballarat Bridge Mall,Active,VIC,Ballarat,3350,"Shop 28-30 Bridge Mall, Ballarat, VIC, 3350",(03) 5331 9919,-37.56262,143.86185,https://www.specsavers.com.au/stores/ballarat,Optometry; Audiology,true,Ballarat Bridge Mall,vic-ballarat-bridge,Shopping Centre,High,Official name/address contains shopping-centre evidence,,,,,Unknown,https://www.specsavers.com.au/stores/ballarat,2026-07-23T00:53:33.174Z
Specsavers,specsavers-3275,Belmont S/C - Geelong,Active,VIC,Belmont,3216,"Belmont Village, Shop 6-8, 65 High Street, Belmont, VIC, 3216",(03) 5245 7600,-38.1698,144.35016,https://www.specsavers.com.au/stores/belmont,Optometry; Audiology,true,Belmont Shopping Centre,vic-belmont,Shopping Centre,High,Official name/address contains shopping-centre evidence,,,,,Unknown,https://www.specsavers.com.au/stores/belmont,2026-07-23T00:53:33.174Z
Specsavers,specsavers-3291,Benalla,Active,VIC,Benalla,3672,"59 Bridge Street East, Benalla, VIC, 3672",(03) 5762 4911,-36.551228,145.98477,https://www.specsavers.com.au/stores/benalla,Optometry; Audiology,true,,,Main Street / Street-front,Medium,Official address is a numbered or corner street address without centre evidence,,,,,Unknown,https://www.specsavers.com.au/stores/benalla,2026-07-23T00:53:33.174Z
OPSM,opsm-1037,OPSM Bendigo Marketplace,Active,VIC,Bendigo,3550,"116-120 Mitchell St, Bendigo, VIC, 3550",(03) 5443 4662,-36.76571,144.28054,https://www.opsm.com.au/en/opsm-au/find-store,"Audiology, Dry Eye, Collect & Return",true,Bendigo Marketplace,vic-bendigo-marketplace,Shopping Centre,High,Official name/address contains shopping-centre evidence,,,,,Unknown,https://www.opsm.com.au/en/opsm-au/find-store,2026-07-23T00:26:21+00:00
OPSM,opsm-7008,QUEEN ST BENDIGO,Active,VIC,Bendigo,3550,"23 Queen St, Bendigo, VIC, 3550",(03) 5441 6086,-36.7609,144.2809,https://www.opsm.com.au/en/opsm-au/find-store,,false,,,Main Street / Street-front,Medium,Official address is a numbered or corner street address without centre evidence,,,,,Unknown,https://www.opsm.com.au/en/opsm-au/find-store,2026-07-23T00:26:21+00:00
Specsavers,specsavers-3322,Bendigo Marketplace,Active,VIC,Bendigo,3550,"Shop G038 Bendigo Marketplace, 116 -120 Mitchell Street, Bendigo, VIC, 3550",(03) 5441 4235,-36.765644,144.28088,https://www.specsavers.com.au/stores/bendigo,Optometry; Audiology,true,Bendigo Marketplace,vic-bendigo-marketplace,Shopping Centre,High,Official name/address contains shopping-centre evidence,,,,,Unknown,https://www.specsavers.com.au/stores/bendigo,2026-07-23T00:53:33.174Z
OPSM,opsm-1134,OPSM Bentleigh,Active,VIC,Bentleigh,3204,"414 Centre Rd, Bentleigh, VIC, 3204",(03) 9557 6005,-37.91834,145.03733,https://www.opsm.com.au/en/opsm-au/find-store,Collect & Return,false,Centre Rd,vic-rd,Shopping Centre,High,Official name/address contains shopping-centre evidence,,,,,Unknown,https://www.opsm.com.au/en/opsm-au/find-store,2026-07-23T00:26:21+00:00
Specsavers,specsavers-3282,Bentleigh,Active,VIC,Bentleigh,3204,"433 Centre Road, Bentleigh, VIC, 3204",(03) 9557 8319,-37.91842,145.03975,https://www.specsavers.com.au/stores/bentleigh,Optometry,false,Centre Road,vic-road,Shopping Centre,High,Official name/address contains shopping-centre evidence,,,,,Unknown,https://www.specsavers.com.au/stores/bentleigh,2026-07-23T00:53:33.174Z
Bailey Nelson,bailey-nelson-berwick,"Bailey Nelson Berwick, Melbourne",Active,VIC,Berwick,3806,"49 High Street, Berwick, VIC, 3806",+61399679894,-38.0309824,145.3465211,https://baileynelson.com.au/pages/optometrist-berwick,Optometry Services; Bulk-Billed Eye Tests; Private Eye Tests from $65; Contact Lens Eye Tests; Visual Fields Testing; Ultra-wide retinal imaging; Optical & Sunglass styling; Free frame adjustments,false,,,Main Street / Street-front,Medium,Official address is a numbered or corner street address without centre evidence,,,,,Unknown,https://baileynelson.com.au/pages/optometrist-berwick,2026-07-23T01:01:27+00:00
OPSM,opsm-7046,OPSM Berwick,Active,VIC,Berwick,3806,"57 High St, Berwick, VIC, 3806",(03) 9707 5556,-38.03083,145.34692,https://www.opsm.com.au/en/opsm-au/find-store,,false,,,Main Street / Street-front,Medium,Official address is a numbered or corner street address without centre evidence,,,,,Unknown,https://www.opsm.com.au/en/opsm-au/find-store,2026-07-23T00:26:21+00:00
Specsavers,specsavers-3474,Berwick Eden Rise S/C,Active,VIC,Berwick,3806,"Shop 18, Eden Rise Village Shopping Centre, 1 O'Shea Rd, Berwick, VIC, 3806",(03) 8768 9137,-38.061806,145.33975,https://www.specsavers.com.au/stores/berwick,Optometry; Audiology,true,Berwick Eden Rise Shopping Centre,vic-berwick-eden-rise,Shopping Centre,High,Official name/address contains shopping-centre evidence,,,,,Unknown,https://www.specsavers.com.au/stores/berwick,2026-07-23T00:53:33.174Z
Specsavers,specsavers-3525,Box Hill Central North,Active,VIC,Box Hill,3128,"1 Main Street, Shop SP113 Box Hill Central (South), Box Hill, VIC, 3128",(03) 9890 3322,-37.819355,145.12204,https://www.specsavers.com.au/stores/boxhill,Optometry; Audiology,true,,,Shopping Centre,Medium,Official address uses a shop/level format; venue name requires review,,,,,Unknown,https://www.specsavers.com.au/stores/boxhill,2026-07-23T00:53:33.174Z
Bailey Nelson,bailey-nelson-brighton,Bailey Nelson Brighton,Active,VIC,Brighton,3186,"36 Church Street, Brighton, VIC, 3186",+61370327719,-37.9132674,144.9932944,https://baileynelson.com.au/pages/optometrist-brighton,Optometry Services; Bulk-Billed Eye Tests; Private Eye Tests from $65; Contact Lens Eye Tests; Visual Fields Testing; Ultra-wide retinal imaging; Optical & Sunglass styling; Free frame adjustments,false,,,Main Street / Street-front,Medium,Official address is a numbered or corner street address without centre evidence,,,,,Unknown,https://baileynelson.com.au/pages/optometrist-brighton,2026-07-23T01:01:27+00:00
OPSM,opsm-7075,OPSM Middle Brighton,Active,VIC,Brighton,3186,"45 Church St., Brighton, VIC, 3186",(03) 9592 7522,-37.91347,144.99437,https://www.opsm.com.au/en/opsm-au/find-store,,false,,,Unclassified,Low,Insufficient official venue or street evidence,,,,,Unknown,https://www.opsm.com.au/en/opsm-au/find-store,2026-07-23T00:26:21+00:00
Specsavers,specsavers-3557,Brighton Optometrists and Audiologists,Active,VIC,Brighton,3186,"52 Church St, Brighton, VIC, 3186",(03) 9553 8877,-37.914062,144.99431,https://www.specsavers.com.au/stores/brighton,Optometry; Audiology,true,,,Main Street / Street-front,Medium,Official address is a numbered or corner street address without centre evidence,,,,,Unknown,https://www.specsavers.com.au/stores/brighton,2026-07-23T00:53:33.174Z
Specsavers,specsavers-3295,Broadmeadows S/C,Active,VIC,Broadmeadows,3047,"Shop G052, Broadmeadows Central, 1099-1169 Pascoe Vale Road, Broadmeadows, VIC, 3047",(03) 9309 5607,-37.68043,144.91936,https://www.specsavers.com.au/stores/broadmeadows,Optometry; Audiology,true,Broadmeadows Shopping Centre,vic-broadmeadows,Shopping Centre,High,Official name/address contains shopping-centre evidence,,,,,Unknown,https://www.specsavers.com.au/stores/broadmeadows,2026-07-23T00:53:33.174Z
Bailey Nelson,bailey-nelson-brunswick,Bailey Nelson Brunswick,Active,VIC,Brunswick,3056,"112 Sydney Road, Brunswick, VIC, 3056",+61 3 9967 9893,-37.7752852,144.960892,https://baileynelson.com.au/pages/optometrist-brunswick,Optometry Services; Bulk-Billed Eye Tests; Private Eye Tests from $65; Contact Lens Eye Tests; Visual Fields Testing; Ultra-wide retinal imaging; Optical & Sunglass styling; Free frame adjustments,false,,,Main Street / Street-front,Medium,Official address is a numbered or corner street address without centre evidence,,,,,Unknown,https://baileynelson.com.au/pages/optometrist-brunswick,2026-07-23T01:01:27+00:00
OPSM,opsm-1482,OPSM Brunswick,Active,VIC,Brunswick,3056,"Barkly St, Brunswick, VIC, 3056",(03) 9387 8122,-37.7756,144.9622,https://www.opsm.com.au/en/opsm-au/find-store,Collect & Return,false,,,Main Street / Street-front,Low,Official address contains street evidence but needs review,,,,,Unknown,https://www.opsm.com.au/en/opsm-au/find-store,2026-07-23T00:26:21+00:00
Specsavers,specsavers-3449,Brunswick,Active,VIC,Brunswick,3056,"Shop D1/D2, 90-106 Sydney Road, Brunswick, VIC, 3056",(03) 9077 7396,-37.775642,144.96175,https://www.specsavers.com.au/stores/brunswick,Optometry; Audiology,true,,,Shopping Centre,Medium,Official address uses a shop/level format; venue name requires review,,,,,Unknown,https://www.specsavers.com.au/stores/brunswick,2026-07-23T00:53:33.174Z
Bailey Nelson,bailey-nelson-camberwell,Bailey Nelson Camberwell,Active,VIC,Camberwell,3124,"562 Burke Road, Camberwell, VIC, 3124",+61370327718,-37.8311297,145.0568745,https://baileynelson.com.au/pages/optometrist-camberwell,Optometry Services; Bulk-Billed Eye Tests; Private Eye Tests from $65; Contact Lens Eye Tests; Visual Fields Testing; Ultra-wide retinal imaging; Optical & Sunglass styling; Free frame adjustments,false,,,Main Street / Street-front,Medium,Official address is a numbered or corner street address without centre evidence,,,,,Unknown,https://baileynelson.com.au/pages/optometrist-camberwell,2026-07-23T01:01:27+00:00
Specsavers,specsavers-3358,Camberwell,Active,VIC,Camberwell,3124,"572 Burke Rd, Camberwell, VIC, 3124",(03) 9813 4666,-37.830803,145.05705,https://www.specsavers.com.au/stores/camberwell,Optometry; Audiology,true,,,Main Street / Street-front,Medium,Official address is a numbered or corner street address without centre evidence,,,,,Unknown,https://www.specsavers.com.au/stores/camberwell,2026-07-23T00:53:33.174Z
Specsavers,specsavers-3648,Caroline Springs,Active,VIC,Caroline Springs,3023,"29-35 Lake Street, Shop 48/49 Caroline Springs Square, Caroline Springs, VIC, 3023",(03) 8361 7576,-37.731388,144.74329,https://www.specsavers.com.au/stores/carolinesprings,Optometry; Audiology,true,,,Shopping Centre,High,Official name/address contains shopping-centre evidence,,,,,Unknown,https://www.specsavers.com.au/stores/carolinesprings,2026-07-23T00:53:33.174Z
Bailey Nelson,bailey-nelson-chadstone,Bailey Nelson Chadstone,Active,VIC,Chadstone,3148,"1341 Dandenong Road, Chadstone, VIC, 3148",+61370327710,-37.8869675,145.0821596,https://baileynelson.com.au/pages/optometrist-chadstone,Optometry Services; Bulk-Billed Eye Tests; Private Eye Tests from $65; Contact Lens Eye Tests; Visual Fields Testing; Ultra-wide retinal imaging; Optical & Sunglass styling; Free frame adjustments,false,Chadstone Shopping Centre,vic-chadstone,Shopping Centre,High,Reviewed official store name and address,,,,,Unknown,https://baileynelson.com.au/pages/optometrist-chadstone,2026-07-23T01:01:27+00:00
OPSM,opsm-1410,OPSM Chadstone,Active,VIC,Chadstone,3148,"1341 Dandenong Rd, Chadstone, VIC, 3148",(03) 9563 1872,-37.8861,145.08171,https://www.opsm.com.au/en/opsm-au/find-store,"Dry Eye, Collect & Return",false,Chadstone Shopping Centre,vic-chadstone,Shopping Centre,High,Reviewed official store name and address,,,,,Unknown,https://www.opsm.com.au/en/opsm-au/find-store,2026-07-23T00:26:21+00:00
Specsavers,specsavers-3444,Chadstone S/C,Active,VIC,Chadstone,3148,"Shop G124/1341 Dandenong Road, Chadstone, VIC, 3148",(03) 9563 2976,-37.8869,145.08359,https://www.specsavers.com.au/stores/chadstone,Optometry; Audiology,true,Chadstone Shopping Centre,vic-chadstone,Shopping Centre,High,Reviewed official store name and address,,,,,Unknown,https://www.specsavers.com.au/stores/chadstone,2026-07-23T00:53:33.174Z
Bailey Nelson,bailey-nelson-southland,Bailey Nelson Southland,Active,VIC,Cheltenham,3192,"1239 Nepean Highway, Cheltenham, VIC, 3192",+61399679896,-37.9579655,145.0538192,https://baileynelson.com.au/pages/optometrist-southland,Optometry Services; Bulk-Billed Eye Tests; Private Eye Tests from $65; Contact Lens Eye Tests; Visual Fields Testing; Ultra-wide retinal imaging; Optical & Sunglass styling; Free frame adjustments,false,Southland,vic-southland,Shopping Centre,High,Official name/address contains shopping-centre evidence,,,,,Unknown,https://baileynelson.com.au/pages/optometrist-southland,2026-07-23T01:01:27+00:00
OPSM,opsm-1407,OPSM Southland,Active,VIC,Cheltenham,3192,"1239 Nepean Hwy, Cheltenham, VIC, 3192",(03) 9584 3404,-37.95848,145.05578,https://www.opsm.com.au/en/opsm-au/find-store,"Dry Eye, Collect & Return",false,Southland,vic-southland,Shopping Centre,High,Official name/address contains shopping-centre evidence,,,,,Unknown,https://www.opsm.com.au/en/opsm-au/find-store,2026-07-23T00:26:21+00:00
Specsavers,specsavers-3218,Southland Westfield Lvl 1,Active,VIC,Cheltenham,3192,"1004-1005 Westfield Southland, 1239 Nepean Highway, Cheltenham, VIC, 3192",(03) 9585 6811,-37.95823,145.05072,https://www.specsavers.com.au/stores/cheltenhamwest,Optometry; Audiology,true,Southland Westfield Lvl 1,vic-1-lvl-southland-westfield,Shopping Centre,High,Official name/address contains shopping-centre evidence,,,,,Unknown,https://www.specsavers.com.au/stores/cheltenhamwest,2026-07-23T00:53:33.174Z
Specsavers,specsavers-3272,Southland Westfield Lvl 3,Active,VIC,Cheltenham,3192,"Westfield Southland, 3048A/1239 Nepean Highway, Cheltenham, VIC, 3192",(03) 9585 8970,-37.958633,145.0554,https://www.specsavers.com.au/stores/cheltenhameast,Optometry,false,Southland Westfield Lvl 3,vic-3-lvl-southland-westfield,Shopping Centre,High,Official name/address contains shopping-centre evidence,,,,,Unknown,https://www.specsavers.com.au/stores/cheltenhameast,2026-07-23T00:53:33.174Z
OPSM,opsm-1649,OPSM Chirnside Park,Active,VIC,Chirnside Park,3116,"Cnr Marroondah Hwy & Edward Rd, Chirnside Park, VIC, 3116",(03) 9727 1877,-37.75715,145.31338,https://www.opsm.com.au/en/opsm-au/find-store,Collect & Return,false,,,Main Street / Street-front,Medium,Official address is a numbered or corner street address without centre evidence,,,,,Unknown,https://www.opsm.com.au/en/opsm-au/find-store,2026-07-23T00:26:21+00:00
Specsavers,specsavers-3401,Chirnside Park S/C,Active,VIC,Chirnside Park,3116,"Chirnside Park S/C, L01 619/621 - 239-241 Maroondah Highway, Chirnside Park, VIC, 3116",(03) 9727 1111,-37.757393,145.3128,https://www.specsavers.com.au/stores/chirnsidepark,Optometry; Audiology,true,Chirnside Park Shopping Centre,vic-chirnside-park,Shopping Centre,High,Official name/address contains shopping-centre evidence,,,,,Unknown,https://www.specsavers.com.au/stores/chirnsidepark,2026-07-23T00:53:33.174Z
OPSM,opsm-1043,OPSM Camberwell,Active,VIC,City of Camberwell,3124,"586-590 Burke Rd, City of Camberwell, VIC, 3124",(03) 9882 5171,-37.83047,145.05696,https://www.opsm.com.au/en/opsm-au/find-store,Collect & Return,false,,,Main Street / Street-front,Medium,Official address is a numbered or corner street address without centre evidence,,,,,Unknown,https://www.opsm.com.au/en/opsm-au/find-store,2026-07-23T00:26:21+00:00
OPSM,opsm-2254,OPSM Cobram,Active,VIC,Cobram,3644,"26 William St, Cobram, VIC, 3644",(03) 5872 2366,-35.92005,145.65102,https://www.opsm.com.au/en/opsm-au/find-store,Collect & Return,false,,,Main Street / Street-front,Medium,Official address is a numbered or corner street address without centre evidence,,,,,Unknown,https://www.opsm.com.au/en/opsm-au/find-store,2026-07-23T00:26:21+00:00
OPSM,opsm-1144,OPSM Coburg,Active,VIC,Coburg,3058,"55 Waterfield St, Coburg, VIC, 3058",(03) 9354 8730,-37.74157,144.96503,https://www.opsm.com.au/en/opsm-au/find-store,Collect & Return,false,,,Main Street / Street-front,Medium,Official address is a numbered or corner street address without centre evidence,,,,,Unknown,https://www.opsm.com.au/en/opsm-au/find-store,2026-07-23T00:26:21+00:00
Specsavers,specsavers-3294,Colac,Active,VIC,Colac,3250,"71 Gellibrand St, Colac, VIC, 3250",(03) 5231 2974,-38.3406,143.58685,https://www.specsavers.com.au/stores/colac,Optometry; Audiology,true,,,Main Street / Street-front,Medium,Official address is a numbered or corner street address without centre evidence,,,,,Unknown,https://www.specsavers.com.au/stores/colac,2026-07-23T00:53:33.174Z
OPSM,opsm-1291,OPSM Corio Village,Active,VIC,Corio,3214,"Cnr Bacchus Marsh & Purnell Rd, Corio, VIC, 3214",(03) 5274 2277,-38.07533,144.35598,https://www.opsm.com.au/en/opsm-au/find-store,Collect & Return,false,Corio Village,vic-corio-village,Shopping Centre,High,Official name/address contains shopping-centre evidence,,,,,Unknown,https://www.opsm.com.au/en/opsm-au/find-store,2026-07-23T00:26:21+00:00
Specsavers,specsavers-3262,Corio Central,Active,VIC,Corio,3214,"G064/067 Corio Central, Cnr Bacchus Marsh and Purnell Roads, Corio, VIC, 3214",(03) 5274 9961,-38.074863,144.35701,https://www.specsavers.com.au/stores/corio,Optometry; Audiology,true,,,Main Street / Street-front,Medium,Official address is a numbered or corner street address without centre evidence,,,,,Unknown,https://www.specsavers.com.au/stores/corio,2026-07-23T00:53:33.174Z
OPSM,opsm-2282,OPSM Craigieburn,Active,VIC,Craigieburn,3064,"340 Craigieburn Rd, Craigieburn, VIC, 3064",(03) 9219 0594,-37.59268,144.91476,https://www.opsm.com.au/en/opsm-au/find-store,Collect & Return,false,,,Main Street / Street-front,Medium,Official address is a numbered or corner street address without centre evidence,,,,,Unknown,https://www.opsm.com.au/en/opsm-au/find-store,2026-07-23T00:26:21+00:00
Specsavers,specsavers-3533,Craigieburn,Active,VIC,Craigieburn,3064,"D00.14, Craigieburn Central, 340 Craigieburn Road, Craigieburn, VIC, 3064",(03) 9333 8977,-37.59267,144.9133,https://www.specsavers.com.au/stores/craigieburn,Optometry; Audiology,true,,,Main Street / Street-front,Medium,Official address is a numbered or corner street address without centre evidence,,,,,Unknown,https://www.specsavers.com.au/stores/craigieburn,2026-07-23T00:53:33.174Z
OPSM,opsm-1290,OPSM Cranbourne,Active,VIC,Cranbourne,3977,"High St, Cranbourne, VIC, 3977",(03) 5995 2977,-38.10894,145.28248,https://www.opsm.com.au/en/opsm-au/find-store,Collect & Return,false,,,Main Street / Street-front,Low,Official address contains street evidence but needs review,,,,,Unknown,https://www.opsm.com.au/en/opsm-au/find-store,2026-07-23T00:26:21+00:00
Specsavers,specsavers-3425,Cranbourne Park,Active,VIC,Cranbourne,3977,"Shop 129, Cranbourne Park Shopping Centre, High Street, Cranbourne, VIC, 3977",(03) 5995 5388,-38.107304,145.28261,https://www.specsavers.com.au/stores/cranbourne,Optometry; Audiology,true,Cranbourne Park Shopping Centre,vic-cranbourne-park,Shopping Centre,High,Official name/address contains shopping-centre evidence,,,,,Unknown,https://www.specsavers.com.au/stores/cranbourne,2026-07-23T00:53:33.174Z
OPSM,opsm-2999,OPSM Croydon,Active,VIC,Croydon,3136,"100 Main St, Croydon, VIC, 3136",(03) 9725 7633,-37.79629,145.28133,https://www.opsm.com.au/en/opsm-au/find-store,Collect & Return,false,,,Main Street / Street-front,Medium,Official address is a numbered or corner street address without centre evidence,,,,,Unknown,https://www.opsm.com.au/en/opsm-au/find-store,2026-07-23T00:26:21+00:00
Specsavers,specsavers-3667,Croydon,Active,VIC,Croydon,3136,"Shop 2, 138-148 Main Street, Croydon, VIC, 3136",(03) 8203 2202,-37.79735,145.28116,https://www.specsavers.com.au/stores/croydon,Optometry; Audiology,true,,,Shopping Centre,Medium,Official address uses a shop/level format; venue name requires review,,,,,Unknown,https://www.specsavers.com.au/stores/croydon,2026-07-23T00:53:33.174Z
OPSM,opsm-1486,OPSM Dandenong,Active,VIC,Dandenong,3175,"Dandenong Square, Dandenong, VIC, 3175",(03) 9792 1383,-37.98766,145.21746,https://www.opsm.com.au/en/opsm-au/find-store,"Audiology, Dry Eye, Collect & Return",true,Dandenong Square,vic-dandenong-square,Shopping Centre,High,Official name/address contains shopping-centre evidence,,,,,Unknown,https://www.opsm.com.au/en/opsm-au/find-store,2026-07-23T00:26:21+00:00
Specsavers,specsavers-3352,Dandenong,Active,VIC,Dandenong,3175,"Shop 351-355, Level 3, Dandenong Square, 23-55 McCrae Street, Dandenong, VIC, 3175",(03) 9793 9944,-37.986877,145.21777,https://www.specsavers.com.au/stores/dandenong,Optometry; Audiology,true,Dandenong Square,vic-dandenong-square,Shopping Centre,High,Official name/address contains shopping-centre evidence,,,,,Unknown,https://www.specsavers.com.au/stores/dandenong,2026-07-23T00:53:33.174Z
OPSM,opsm-1312,OPSM Brimbank,Active,VIC,Deer Park,3023,"Cnr Neale Rd & Station Rd, Deer Park, VIC, 3023",(03) 9363 8022,-37.75162,144.77559,https://www.opsm.com.au/en/opsm-au/find-store,"Audiology, Dry Eye, Collect & Return",true,,,Main Street / Street-front,Medium,Official address is a numbered or corner street address without centre evidence,,,,,Unknown,https://www.opsm.com.au/en/opsm-au/find-store,2026-07-23T00:26:21+00:00
Specsavers,specsavers-3256,Deer Park - Brimbank Central S/C,Active,VIC,Deer Park,3023,"Shop ET72, Brimbank Central Shopping, Station Rd, Deer Park, VIC, 3023",(03) 9360 4444,-37.751495,144.77531,https://www.specsavers.com.au/stores/deerpark,Optometry; Audiology,true,,,Shopping Centre,High,Official name/address contains shopping-centre evidence,,,,,Unknown,https://www.specsavers.com.au/stores/deerpark,2026-07-23T00:53:33.174Z
Bailey Nelson,bailey-nelson-doncaster,Bailey Nelson Doncaster,Active,VIC,Doncaster,3108,"Doncaster Rd & Williamsons Rd, Doncaster, VIC, 3108",+61399679899,-37.78573,145.1254825,https://baileynelson.com.au/pages/optometrist-doncaster,Optometry Services; Bulk-Billed Eye Tests; Private Eye Tests from $65; Contact Lens Eye Tests; Visual Fields Testing; Ultra-wide retinal imaging; Optical & Sunglass styling; Free frame adjustments,false,,,Main Street / Street-front,Low,Official address contains street evidence but needs review,,,,,Unknown,https://baileynelson.com.au/pages/optometrist-doncaster,2026-07-23T01:01:27+00:00
OPSM,opsm-1214,OPSM Doncaster,Active,VIC,Doncaster,3108,"619 Doncaster Rd, Doncaster, VIC, 3108",(03) 9848 3299,-37.78511,145.1262,https://www.opsm.com.au/en/opsm-au/find-store,"Dry Eye, Collect & Return",false,,,Main Street / Street-front,Medium,Official address is a numbered or corner street address without centre evidence,,,,,Unknown,https://www.opsm.com.au/en/opsm-au/find-store,2026-07-23T00:26:21+00:00
Specsavers,specsavers-3552,Doncaster,Active,VIC,Doncaster,3108,"Westfield Doncaster, Doncaster Road, Doncaster, VIC, 3108",(03) 9840 1077,-37.785812,145.12614,https://www.specsavers.com.au/stores/doncaster,Optometry; Audiology,true,Westfield Doncaster,vic-doncaster-westfield,Shopping Centre,High,Official name/address contains shopping-centre evidence,,,,,Unknown,https://www.specsavers.com.au/stores/doncaster,2026-07-23T00:53:33.174Z
Specsavers,specsavers-3407,Doncaster East The Pines S/C,Active,VIC,Doncaster East,3109,"Stockland The Pines, 97/181 Reynolds Road, Doncaster East, VIC, 3109",(03) 9841 0036,-37.761993,145.16885,https://www.specsavers.com.au/stores/doncastereast,Optometry; Audiology,true,Doncaster East The Pines Shopping Centre,vic-doncaster-east-pines-the,Shopping Centre,High,Official name/address contains shopping-centre evidence,,,,,Unknown,https://www.specsavers.com.au/stores/doncastereast,2026-07-23T00:53:33.174Z
Specsavers,specsavers-3595,Echuca,Active,VIC,Echuca,3564,"222 Hare Street, Echuca, VIC, 3564",(03) 5409 2313,-36.12672,144.74957,https://www.specsavers.com.au/stores/echuca,Optometry; Audiology,true,,,Main Street / Street-front,Medium,Official address is a numbered or corner street address without centre evidence,,,,,Unknown,https://www.specsavers.com.au/stores/echuca,2026-07-23T00:53:33.174Z
OPSM,opsm-1156,OPSM Elsternwick,Active,VIC,Elsternwick,3185,"409 Glen Huntly Rd, Elsternwick, VIC, 3185",(03) 9528 6329,-37.88471,145.00537,https://www.opsm.com.au/en/opsm-au/find-store,Collect & Return,false,,,Main Street / Street-front,Medium,Official address is a numbered or corner street address without centre evidence,,,,,Unknown,https://www.opsm.com.au/en/opsm-au/find-store,2026-07-23T00:26:21+00:00
Specsavers,specsavers-3621,Elsternwick,Active,VIC,Elsternwick,3185,"420 Glenhuntly Road, Elsternwick, VIC, 3185",(03) 9563 2868,-37.885098,145.00578,https://www.specsavers.com.au/stores/elsternwick,Optometry; Audiology,true,,,Main Street / Street-front,Medium,Official address is a numbered or corner street address without centre evidence,,,,,Unknown,https://www.specsavers.com.au/stores/elsternwick,2026-07-23T00:53:33.174Z
Specsavers,specsavers-3671,Eltham,Active,VIC,Eltham,3095,"968 Main Road, Eltham, VIC, 3095",(03) 8407 8277,-37.713856,145.14877,https://www.specsavers.com.au/stores/eltham,Optometry; Audiology,true,,,Main Street / Street-front,Medium,Official address is a numbered or corner street address without centre evidence,,,,,Unknown,https://www.specsavers.com.au/stores/eltham,2026-07-23T00:53:33.174Z
Specsavers,specsavers-3484,Endeavour Hills S/C,Active,VIC,Endeavour Hills,3802,"Shop 12 Endeavour Hills S/C, Heatherton Rd, Endeavour Hills, VIC, 3802",(03) 9700 3488,-37.97705,145.2594,https://www.specsavers.com.au/stores/endeavourhills,Optometry,false,Endeavour Hills Shopping Centre,vic-endeavour-hills,Shopping Centre,High,Official name/address contains shopping-centre evidence,,,,,Unknown,https://www.specsavers.com.au/stores/endeavourhills,2026-07-23T00:53:33.174Z
OPSM,opsm-1032,OPSM Pacific Epping,Active,VIC,Epping,3076,"High St & Cooper St, Epping, VIC, 3076",(03) 9408 9280,-37.65371,145.0191,https://www.opsm.com.au/en/opsm-au/find-store,Collect & Return,false,,,Main Street / Street-front,Low,Official address contains street evidence but needs review,,,,,Unknown,https://www.opsm.com.au/en/opsm-au/find-store,2026-07-23T00:26:21+00:00
Specsavers,specsavers-3353,Pacific Epping,Active,VIC,Epping,3076,"Cnr High & Cooper Street, Shop 8/9, Pacific Epping, Epping, VIC, 3076",(03) 8405 3655,-37.652977,145.02051,https://www.specsavers.com.au/stores/epping,Optometry; Audiology,true,,,Shopping Centre,Medium,Official address uses a shop/level format; venue name requires review,,,,,Unknown,https://www.specsavers.com.au/stores/epping,2026-07-23T00:53:33.174Z
Bailey Nelson,bailey-nelson-fitzroy,Bailey Nelson Fitzroy,Active,VIC,Fitzroy,3065,"161 Gertrude Street, Fitzroy, VIC, 3065",+61399679890,-37.8058309,144.979956,https://baileynelson.com.au/pages/optometrist-fitzroy,Optometry Services; Bulk-Billed Eye Tests; Private Eye Tests from $65; Contact Lens Eye Tests; Visual Fields Testing; Ultra-wide retinal imaging; Optical & Sunglass styling; Free frame adjustments,false,,,Main Street / Street-front,Medium,Official address is a numbered or corner street address without centre evidence,,,,,Unknown,https://baileynelson.com.au/pages/optometrist-fitzroy,2026-07-23T01:01:27+00:00
OPSM,opsm-1487,OPSM Forest Hill Chase,Active,VIC,Forest Hill,3131,"270 Canterbury Rd, Forest Hill, VIC, 3131",(03) 9894 1600,-37.83544,145.16488,https://www.opsm.com.au/en/opsm-au/find-store,"Dry Eye, Collect & Return",false,Forest Hill Chase,vic-chase-forest-hill,Shopping Centre,High,Official name/address contains shopping-centre evidence,,,,,Unknown,https://www.opsm.com.au/en/opsm-au/find-store,2026-07-23T00:26:21+00:00
Specsavers,specsavers-3338,Forest Hill Chase,Active,VIC,Forest Hill,3131,"169 Forest Hill Shopping Centre, 270 Canterbury Road, Forest Hill, VIC, 3131",(03) 9878 9677,-37.83515,145.16397,https://www.specsavers.com.au/stores/foresthill,Optometry; Audiology,true,Forest Hill Chase,vic-chase-forest-hill,Shopping Centre,High,Official name/address contains shopping-centre evidence,,,,,Unknown,https://www.specsavers.com.au/stores/foresthill,2026-07-23T00:53:33.174Z
Bailey Nelson,bailey-nelson-bayside-frankston,Bailey Nelson Frankston,Active,VIC,Frankston,3199,"28 Beach Street, Frankston, VIC, 3199",+61399679897,-38.1403059,145.1249159,https://baileynelson.com.au/pages/optometrist-bayside-frankston,Optometry Services; Bulk-Billed Eye Tests; Private Eye Tests from $65; Contact Lens Eye Tests; Visual Fields Testing; Ultra-wide retinal imaging; Optical & Sunglass styling; Free frame adjustments,false,,,Main Street / Street-front,Medium,Official address is a numbered or corner street address without centre evidence,,,,,Unknown,https://baileynelson.com.au/pages/optometrist-bayside-frankston,2026-07-23T01:01:27+00:00
OPSM,opsm-1087,OPSM Frankston,Active,VIC,Frankston,3199,"2 Olsen St, Frankston, VIC, 3199",(03) 9770 1101,-38.14193,145.12404,https://www.opsm.com.au/en/opsm-au/find-store,"Dry Eye, Collect & Return",false,,,Main Street / Street-front,Medium,Official address is a numbered or corner street address without centre evidence,,,,,Unknown,https://www.opsm.com.au/en/opsm-au/find-store,2026-07-23T00:26:21+00:00
Specsavers,specsavers-3221,Frankston,Active,VIC,Frankston,3199,"53 Wells St, Frankston, VIC, 3199",(03) 9783 4013,-38.143368,145.12222,https://www.specsavers.com.au/stores/frankston,Optometry; Audiology,true,,,Main Street / Street-front,Medium,Official address is a numbered or corner street address without centre evidence,,,,,Unknown,https://www.specsavers.com.au/stores/frankston,2026-07-23T00:53:33.174Z
Specsavers,specsavers-3565,Frankston Bayside,Active,VIC,Frankston,3199,"Shop 159, Bayside Centre, 28 Beach Street, Frankston, VIC, 3199",(03) 9781 1199,-38.141678,145.1234,https://www.specsavers.com.au/stores/frankstonbayside,Optometry; Audiology,true,Bayside Centre,vic-bayside,Shopping Centre,High,Official name/address contains shopping-centre evidence,,,,,Unknown,https://www.specsavers.com.au/stores/frankstonbayside,2026-07-23T00:53:33.174Z
Specsavers,specsavers-3414,Karingal Hub,Active,VIC,Frankston,3199,"S110 Karingal Hub, 330 Cranbourne Road, Frankston, VIC, 3199",(03) 9789 5688,-38.152752,145.16528,https://www.specsavers.com.au/stores/karingal,Optometry; Audiology,true,,,Main Street / Street-front,Medium,Official address is a numbered or corner street address without centre evidence,,,,,Unknown,https://www.specsavers.com.au/stores/karingal,2026-07-23T00:53:33.174Z
OPSM,opsm-1485,OPSM Geelong,Active,VIC,Geelong,3220,"95 Malop St, Geelong, VIC, 3220",(03) 5222 4399,-38.14725,144.36199,https://www.opsm.com.au/en/opsm-au/find-store,"Dry Eye, Collect & Return",false,,,Main Street / Street-front,Medium,Official address is a numbered or corner street address without centre evidence,,,,,Unknown,https://www.opsm.com.au/en/opsm-au/find-store,2026-07-23T00:26:21+00:00
Specsavers,specsavers-3293,Geelong Ryrie Street,Active,VIC,Geelong,3220,"121 Ryrie St, Geelong, VIC, 3220",(03) 5229 5437,-38.148846,144.3589,https://www.specsavers.com.au/stores/geelongryrie,Optometry; Audiology,true,,,Main Street / Street-front,Medium,Official address is a numbered or corner street address without centre evidence,,,,,Unknown,https://www.specsavers.com.au/stores/geelongryrie,2026-07-23T00:53:33.174Z
Specsavers,specsavers-3314,Geelong Westfield,Active,VIC,Geelong,3220,"Shop 2256/95 Malop Street, Geelong, VIC, 3220",(03) 5221 4215,-38.147697,144.3639,https://www.specsavers.com.au/stores/geelongbaycity,Optometry; Audiology,true,Geelong Westfield,vic-geelong-westfield,Shopping Centre,High,Official name/address contains shopping-centre evidence,,,,,Unknown,https://www.specsavers.com.au/stores/geelongbaycity,2026-07-23T00:53:33.174Z
Bailey Nelson,bailey-nelson-glen-waverley,Bailey Nelson Glen Waverley,Active,VIC,Glen Waverley,3150,"235 Springvale Rd, Glen Waverley, VIC, 3150",+61370327715,-37.8763093,145.1652131,https://baileynelson.com.au/pages/optometrist-glen-waverley,Optometry Services; Bulk-Billed Eye Tests; Private Eye Tests from $65; Contact Lens Eye Tests; Visual Fields Testing; Ultra-wide retinal imaging; Optical & Sunglass styling; Free frame adjustments,false,,,Main Street / Street-front,Medium,Official address is a numbered or corner street address without centre evidence,,,,,Unknown,https://baileynelson.com.au/pages/optometrist-glen-waverley,2026-07-23T01:01:27+00:00
OPSM,opsm-1152,OPSM Glen Waverley,Active,VIC,Glen Waverley,3150,"235 Springvale Rd, Glen Waverley, VIC, 3150",(03) 9887 8699,-37.87631,145.16521,https://www.opsm.com.au/en/opsm-au/find-store,"Dry Eye, Collect & Return",false,,,Main Street / Street-front,Medium,Official address is a numbered or corner street address without centre evidence,,,,,Unknown,https://www.opsm.com.au/en/opsm-au/find-store,2026-07-23T00:26:21+00:00
Specsavers,specsavers-3259,The Glen,Active,VIC,Glen Waverley,3150,"Shop L-025 The Glen, 235 Springvale Road, Glen Waverley, VIC, 3150",(03) 9803 2977,-37.875202,145.16556,https://www.specsavers.com.au/stores/theglen,Optometry; Audiology,true,The Glen,vic-glen-the,Shopping Centre,High,Official name/address contains shopping-centre evidence,,,,,Unknown,https://www.specsavers.com.au/stores/theglen,2026-07-23T00:53:33.174Z
OPSM,opsm-1157,OPSM Greensborough,Active,VIC,Greensborough,3088,"25 Main St, Greensborough, VIC, 3088",(03) 9435 6784,-37.70286,145.10263,https://www.opsm.com.au/en/opsm-au/find-store,"Dry Eye, Collect & Return",false,,,Main Street / Street-front,Medium,Official address is a numbered or corner street address without centre evidence,,,,,Unknown,https://www.opsm.com.au/en/opsm-au/find-store,2026-07-23T00:26:21+00:00
Specsavers,specsavers-3426,Greensborough Plaza,Active,VIC,Greensborough,3088,"Shop L02 236 Greensborough Plaza, 25 Main Street, Greensborough, VIC, 3088",(03) 9434 0053,-37.702785,145.10191,https://www.specsavers.com.au/stores/greensborough,Optometry; Audiology,true,Greensborough Plaza,vic-greensborough-plaza,Shopping Centre,High,Official name/address contains shopping-centre evidence,,,,,Unknown,https://www.specsavers.com.au/stores/greensborough,2026-07-23T00:53:33.174Z
Specsavers,specsavers-3691,Hastings,Active,VIC,Hastings,3915,"67 High Street & 24 Victoria Street, Hastings, VIC, 3915",(03) 5973 4111,-38.30798,145.19035,https://www.specsavers.com.au/stores/hastings,Optometry; Audiology,true,,,Main Street / Street-front,Medium,Official address is a numbered or corner street address without centre evidence,,,,,Unknown,https://www.specsavers.com.au/stores/hastings,2026-07-23T00:53:33.174Z
OPSM,opsm-1507,OPSM Eye Hub,Active,VIC,Hawthorn,3122,"174-176 Burwood Rd, Hawthorn, VIC, 3122",(03) 9819 5424,-37.82193,145.02896,https://www.opsm.com.au/en/opsm-au/find-store,"Dry Eye, Kids Vision Centre, Collect & Return",false,,,Main Street / Street-front,Medium,Official address is a numbered or corner street address without centre evidence,,,,,Unknown,https://www.opsm.com.au/en/opsm-au/find-store,2026-07-23T00:26:21+00:00
Specsavers,specsavers-3477,Heidelberg Warringal S/C,Active,VIC,Heidelberg,3084,"Shop 31, Warringal Shopping Centre, 56 Burgundy Street, Heidelberg, VIC, 3084",(03) 9456 9351,-37.75578,145.06854,https://www.specsavers.com.au/stores/heidelberg,Optometry; Audiology,true,Heidelberg Warringal Shopping Centre,vic-heidelberg-warringal,Shopping Centre,High,Official name/address contains shopping-centre evidence,,,,,Unknown,https://www.specsavers.com.au/stores/heidelberg,2026-07-23T00:53:33.174Z
Specsavers,specsavers-3326,Horsham,Active,VIC,Horsham,3400,"51-53 Firebrace St, Horsham, VIC, 3400",(03) 5382 4433,-36.71411,142.19995,https://www.specsavers.com.au/stores/horsham,Optometry,false,,,Main Street / Street-front,Medium,Official address is a numbered or corner street address without centre evidence,,,,,Unknown,https://www.specsavers.com.au/stores/horsham,2026-07-23T00:53:33.174Z
OPSM,opsm-1089,OPSM Ivanhoe,Active,VIC,Ivanhoe,3079,"4-12 Livingstone St, Ivanhoe, VIC, 3079",(03) 9499 6100,-37.76826,145.04172,https://www.opsm.com.au/en/opsm-au/find-store,Collect & Return,false,,,Main Street / Street-front,Medium,Official address is a numbered or corner street address without centre evidence,,,,,Unknown,https://www.opsm.com.au/en/opsm-au/find-store,2026-07-23T00:26:21+00:00
Specsavers,specsavers-3289,Kangaroo Flat Lansell Plaza,Active,VIC,Kangaroo Flat,3555,"Lansell Square Shopping Centre, 267 High Street, Kangaroo Flat, VIC, 3555",(03) 5447 1170,-36.81031,144.24234,https://www.specsavers.com.au/stores/kangarooflat,Optometry; Audiology,true,Kangaroo Flat Lansell Plaza,vic-flat-kangaroo-lansell-plaza,Shopping Centre,High,Official name/address contains shopping-centre evidence,,,,,Unknown,https://www.specsavers.com.au/stores/kangarooflat,2026-07-23T00:53:33.174Z
Specsavers,specsavers-3257,Keilor Downs S/C,Active,VIC,Keilor Downs,3038,"Shop G018A, Keilor Central, 80 Taylors Rd, Keilor Downs, VIC, 3038",(03) 9366 2260,-37.72711,144.80702,https://www.specsavers.com.au/stores/keilordowns,Optometry; Audiology,true,Keilor Downs Shopping Centre,vic-downs-keilor,Shopping Centre,High,Official name/address contains shopping-centre evidence,,,,,Unknown,https://www.specsavers.com.au/stores/keilordowns,2026-07-23T00:53:33.174Z
OPSM,opsm-1078,OPSM Parkmore,Active,VIC,Keysborough,3173,"317 Cheltenham Rd, Keysborough, VIC, 3173",(03) 9701 8425,-37.99223,145.1723,https://www.opsm.com.au/en/opsm-au/find-store,Collect & Return,false,,,Main Street / Street-front,Medium,Official address is a numbered or corner street address without centre evidence,,,,,Unknown,https://www.opsm.com.au/en/opsm-au/find-store,2026-07-23T00:26:21+00:00
Specsavers,specsavers-3278,Keysborough Parkmore S/C,Active,VIC,Keysborough,3173,"L01 S05/S06 Parkmore Shopping Centre, 317 Cheltenham Road, Keysborough, VIC, 3173",(03) 9706 3288,-37.992054,145.1724,https://www.specsavers.com.au/stores/keysborough,Optometry; Audiology,true,Keysborough Parkmore Shopping Centre,vic-keysborough-parkmore,Shopping Centre,High,Official name/address contains shopping-centre evidence,,,,,Unknown,https://www.specsavers.com.au/stores/keysborough,2026-07-23T00:53:33.174Z
Specsavers,specsavers-3645,Leopold,Active,VIC,Leopold,3224,"659 Bellarine Highway, Shop G07 & G10, Gateway Plaza, Leopold, VIC, 3224",(03) 5244 0444,-38.18564,144.45453,https://www.specsavers.com.au/stores/leopold,Optometry; Audiology,true,Gateway Plaza,vic-gateway-plaza,Shopping Centre,High,Official name/address contains shopping-centre evidence,,,,,Unknown,https://www.specsavers.com.au/stores/leopold,2026-07-23T00:53:33.174Z
Specsavers,specsavers-3534,Lilydale,Active,VIC,Lilydale,3140,"65/45 Hutchinson St, Lilydale, VIC, 3140",(03) 9735 9105,-37.760475,145.34868,https://www.specsavers.com.au/stores/lilydale,Optometry; Audiology,true,,,Main Street / Street-front,Medium,Official address is a numbered or corner street address without centre evidence,,,,,Unknown,https://www.specsavers.com.au/stores/lilydale,2026-07-23T00:53:33.174Z
Bailey Nelson,bailey-nelson-malvern,Bailey Nelson Malvern,Active,VIC,Malvern,3144,"109 Glenferrie Road, Malvern, VIC, 3144",+61370327713,-37.862122,145.028151,https://baileynelson.com.au/pages/optometrist-malvern,Optometry Services; Bulk-Billed Eye Tests; Private Eye Tests from $65; Contact Lens Eye Tests; Visual Fields Testing; Ultra-wide retinal imaging; Optical & Sunglass styling; Free frame adjustments,false,,,Main Street / Street-front,Medium,Official address is a numbered or corner street address without centre evidence,,,,,Unknown,https://baileynelson.com.au/pages/optometrist-malvern,2026-07-23T01:01:27+00:00
OPSM,opsm-7076,OPSM Malvern,Active,VIC,Malvern,3144,"110-122 Wattletree Rd, Malvern, VIC, 3144",(03) 9509 1436,-37.86245,145.02843,https://www.opsm.com.au/en/opsm-au/find-store,,false,,,Main Street / Street-front,Medium,Official address is a numbered or corner street address without centre evidence,,,,,Unknown,https://www.opsm.com.au/en/opsm-au/find-store,2026-07-23T00:26:21+00:00
Specsavers,specsavers-3252,Malvern,Active,VIC,Malvern,3144,"169 Glenferrie Rd, Malvern, VIC, 3144",(03) 9500 9218,-37.860325,145.02849,https://www.specsavers.com.au/stores/malvern,Optometry; Audiology,true,,,Main Street / Street-front,Medium,Official address is a numbered or corner street address without centre evidence,,,,,Unknown,https://www.specsavers.com.au/stores/malvern,2026-07-23T00:53:33.174Z
Bailey Nelson,bailey-nelson-highpoint,Bailey Nelson Highpoint,Active,VIC,Maribyrnong,3032,"120-200 Rosamond Rd, Maribyrnong, VIC, 3032",+61399679898,-37.7731817,144.8887561,https://baileynelson.com.au/pages/optometrist-highpoint,Optometry Services; Bulk-Billed Eye Tests; Private Eye Tests from $65; Contact Lens Eye Tests; Visual Fields Testing; Ultra-wide retinal imaging; Optical & Sunglass styling; Free frame adjustments,false,Highpoint Shopping Centre,vic-highpoint,Shopping Centre,High,Reviewed official store name and address,,,,,Unknown,https://baileynelson.com.au/pages/optometrist-highpoint,2026-07-23T01:01:27+00:00
OPSM,opsm-1478,OPSM Highpoint,Active,VIC,Maribyrnong,3032,"200 Rosamond Rd, Maribyrnong, VIC, 3032",(03) 9318 3444,-37.77333,144.88915,https://www.opsm.com.au/en/opsm-au/find-store,"Audiology, Dry Eye, Collect & Return",true,Highpoint Shopping Centre,vic-highpoint,Shopping Centre,High,Reviewed official store name and address,,,,,Unknown,https://www.opsm.com.au/en/opsm-au/find-store,2026-07-23T00:26:21+00:00
Specsavers,specsavers-3372,Highpoint S/C,Active,VIC,Maribyrnong,3032,"Shop 2105, Level 2 Highpoint Shopping Centre, 200 Rosamond Road, Maribyrnong, VIC, 3032",(03) 9317 8044,-37.773926,144.88622,https://www.specsavers.com.au/stores/highpoint,Optometry; Audiology,true,Highpoint Shopping Centre,vic-highpoint,Shopping Centre,High,Reviewed official store name and address,,,,,Unknown,https://www.specsavers.com.au/stores/highpoint,2026-07-23T00:53:33.174Z
Bailey Nelson,bailey-nelson-flinders-lane-melbourne,Bailey Nelson Flinders Lane,Active,VIC,Melbourne,3000,"239 Flinders Lane, Melbourne, VIC, 3000",+61399679892,-37.816811,144.966426,https://baileynelson.com.au/pages/optometrist-flinders-lane-melbourne,Optometry Services; Bulk-Billed Eye Tests; Private Eye Tests from $65; Contact Lens Eye Tests; Visual Fields Testing; Ultra-wide retinal imaging; Optical & Sunglass styling; Free frame adjustments,false,,,Main Street / Street-front,Medium,Official address is a numbered or corner street address without centre evidence,,,,,Unknown,https://baileynelson.com.au/pages/optometrist-flinders-lane-melbourne,2026-07-23T01:01:27+00:00
Bailey Nelson,bailey-nelson-melbourne-cbd,Bailey Nelson Melbourne Central,Active,VIC,Melbourne,3000,"211 La Trobe St, Melbourne, VIC, 3000",+61370327714,-37.8113788,144.9634657,https://baileynelson.com.au/pages/optometrist-melbourne-cbd,Optometry Services; Bulk-Billed Eye Tests; Private Eye Tests from $65; Contact Lens Eye Tests; Visual Fields Testing; Ultra-wide retinal imaging; Optical & Sunglass styling; Free frame adjustments,false,,,Main Street / Street-front,Medium,Official address is a numbered or corner street address without centre evidence,,,,,Unknown,https://baileynelson.com.au/pages/optometrist-melbourne-cbd,2026-07-23T01:01:27+00:00
OPSM,opsm-1589,OPSM 233 Collins St,Active,VIC,Melbourne,3000,"233 - 239 Collins St, Melbourne, VIC, 3000",(03) 9650 8822,-37.81137,144.96337,https://www.opsm.com.au/en/opsm-au/find-store,Collect & Return,false,,,Main Street / Street-front,Medium,Official address is a numbered or corner street address without centre evidence,,,,,Unknown,https://www.opsm.com.au/en/opsm-au/find-store,2026-07-23T00:26:21+00:00
OPSM,opsm-1472,OPSM Bourke Street,Active,VIC,Melbourne,3000,"335 Bourke St, Melbourne, VIC, 3000",(03) 9670 9885,-37.81137,144.96337,https://www.opsm.com.au/en/opsm-au/find-store,"Dry Eye, Collect & Return",false,,,Main Street / Street-front,Medium,Official address is a numbered or corner street address without centre evidence,,,,,Unknown,https://www.opsm.com.au/en/opsm-au/find-store,2026-07-23T00:26:21+00:00
OPSM,opsm-1030,OPSM Collins Place,Active,VIC,Melbourne,3000,"45 Collins St, Melbourne, VIC, 3000",(03) 9650 3599,-37.81416,144.97268,https://www.opsm.com.au/en/opsm-au/find-store,Collect & Return,false,,,Main Street / Street-front,Medium,Official address is a numbered or corner street address without centre evidence,,,,,Unknown,https://www.opsm.com.au/en/opsm-au/find-store,2026-07-23T00:26:21+00:00
OPSM,opsm-1091,OPSM Melbourne Central,Active,VIC,Melbourne,3000,"211 La Trobe St, Melbourne, VIC, 3000",(03) 9650 2365,-37.81137,144.96337,https://www.opsm.com.au/en/opsm-au/find-store,Collect & Return,false,,,Main Street / Street-front,Medium,Official address is a numbered or corner street address without centre evidence,,,,,Unknown,https://www.opsm.com.au/en/opsm-au/find-store,2026-07-23T00:26:21+00:00
Specsavers,specsavers-3548,Melbourne CBD - Collins St,Active,VIC,Melbourne,3000,"01/470 Collins Street, Melbourne, VIC, 3000",(03) 9620 4944,-37.817635,144.95848,https://www.specsavers.com.au/stores/melbournecbdwest,Optometry,false,,,Main Street / Street-front,Medium,Official address is a numbered or corner street address without centre evidence,,,,,Unknown,https://www.specsavers.com.au/stores/melbournecbdwest,2026-07-23T00:53:33.174Z
Specsavers,specsavers-3241,Melbourne CBD - Lt Collins St,Active,VIC,Melbourne,3000,"309 Little Collins St, Melbourne, VIC, 3000",(03) 9654 7288,-37.815075,144.96434,https://www.specsavers.com.au/stores/littlecollins,Optometry,false,,,Main Street / Street-front,Medium,Official address is a numbered or corner street address without centre evidence,,,,,Unknown,https://www.specsavers.com.au/stores/littlecollins,2026-07-23T00:53:33.174Z
Specsavers,specsavers-3397,Melbourne Central S/C - CBD,Active,VIC,Melbourne,3000,"LG 51/211 La Trobe Street, Melbourne Central Shopping Centre, Melbourne, VIC, 3000",(03) 9639 8277,-37.81137,144.96353,https://www.specsavers.com.au/stores/melbournecentral,Optometry,false,Melbourne Central Shopping Centre,vic-central-melbourne,Shopping Centre,High,Official name/address contains shopping-centre evidence,,,,,Unknown,https://www.specsavers.com.au/stores/melbournecentral,2026-07-23T00:53:33.174Z
OPSM,opsm-2352,OPSM MELTON,Active,VIC,Melton,3337,"Cnr High & Coburn Rd, Melton, VIC, 3337",(03) 9743 4768,-37.68577,144.56483,https://www.opsm.com.au/en/opsm-au/find-store,Collect & Return,false,,,Main Street / Street-front,Medium,Official address is a numbered or corner street address without centre evidence,,,,,Unknown,https://www.opsm.com.au/en/opsm-au/find-store,2026-07-23T00:26:21+00:00
Specsavers,specsavers-3463,Melton - Woodgrove S/C,Active,VIC,Melton,3337,"Woodgrove Shopping Centre, Shop T56/57, Melton, VIC, 3337",(03) 8746 2755,-37.685802,144.56425,https://www.specsavers.com.au/stores/melton,Optometry; Audiology,true,Woodgrove Shopping Centre,vic-woodgrove,Shopping Centre,High,Official name/address contains shopping-centre evidence,,,,,Unknown,https://www.specsavers.com.au/stores/melton,2026-07-23T00:53:33.174Z
Specsavers,specsavers-3508,Mildura Central,Active,VIC,Mildura,3500,"Mildura Central, Cnr 15th Street & Deakin Avenue, Mildura, VIC, 3500",(03) 5021 4913,-34.207344,142.13908,https://www.specsavers.com.au/stores/mildura,Optometry; Audiology,true,,,Main Street / Street-front,Medium,Official address is a numbered or corner street address without centre evidence,,,,,Unknown,https://www.specsavers.com.au/stores/mildura,2026-07-23T00:53:33.174Z
OPSM,opsm-1506,OPSM Plenty Valley,Active,VIC,Mill Park,3082,"415 Mcdonalds Rd, Mill Park, VIC, 3082",(03) 9436 7688,-37.65169,145.07333,https://www.opsm.com.au/en/opsm-au/find-store,Collect & Return,false,,,Main Street / Street-front,Medium,Official address is a numbered or corner street address without centre evidence,,,,,Unknown,https://www.opsm.com.au/en/opsm-au/find-store,2026-07-23T00:26:21+00:00
Specsavers,specsavers-3264,Plenty Valley Westfield,Active,VIC,Mill Park,3082,"Shop 14-15 Westfield Plenty Valley, 415 McDonalds Road, Mill Park, VIC, 3082",(03) 9437 7644,-37.65142,145.07199,https://www.specsavers.com.au/stores/millpark,Optometry; Audiology,true,Plenty Valley Westfield,vic-plenty-valley-westfield,Shopping Centre,High,Official name/address contains shopping-centre evidence,,,,,Unknown,https://www.specsavers.com.au/stores/millpark,2026-07-23T00:53:33.174Z
Bailey Nelson,bailey-nelson-moonee-ponds,Bailey Nelson Moonee Ponds,Active,VIC,Moonee Ponds,3039,"38 Puckle Street, Moonee Ponds, VIC, 3039",,-37.7668114,144.9234451,https://baileynelson.com.au/pages/optometrist-moonee-ponds,Optometry Services; Bulk-Billed Eye Tests; Private Eye Tests from $65; Contact Lens Eye Tests; Visual Fields Testing; Ultra-wide retinal imaging; Optical & Sunglass styling; Free frame adjustments,false,,,Main Street / Street-front,Medium,Official address is a numbered or corner street address without centre evidence,,,,,Unknown,https://baileynelson.com.au/pages/optometrist-moonee-ponds,2026-07-23T01:01:27+00:00
OPSM,opsm-7081,OPSM Moonee Ponds,Active,VIC,Moonee Ponds,3039,"114 Puckle St, Moonee Ponds, VIC, 3039",(03) 9370 4407,-37.76675,144.92092,https://www.opsm.com.au/en/opsm-au/find-store,Dry Eye,false,,,Main Street / Street-front,Medium,Official address is a numbered or corner street address without centre evidence,,,,,Unknown,https://www.opsm.com.au/en/opsm-au/find-store,2026-07-23T00:26:21+00:00
Specsavers,specsavers-3522,Moonee Ponds,Active,VIC,Moonee Ponds,3039,"T60-61 Moonee Ponds Central, 14-16 Hall st, Moonee Ponds, VIC, 3039",(03) 9326 2727,-37.76559,144.92288,https://www.specsavers.com.au/stores/mooneeponds,Optometry; Audiology,true,,,Main Street / Street-front,Medium,Official address is a numbered or corner street address without centre evidence,,,,,Unknown,https://www.specsavers.com.au/stores/mooneeponds,2026-07-23T00:53:33.174Z
OPSM,opsm-1148,OPSM Mornington,Active,VIC,Mornington,3931,"78 Barkly St, Mornington, VIC, 3931",(03) 5975 6576,-38.21891,145.03952,https://www.opsm.com.au/en/opsm-au/find-store,"Dry Eye, Collect & Return",false,,,Main Street / Street-front,Medium,Official address is a numbered or corner street address without centre evidence,,,,,Unknown,https://www.opsm.com.au/en/opsm-au/find-store,2026-07-23T00:26:21+00:00
Specsavers,specsavers-3222,Mornington,Active,VIC,Mornington,3931,"106 Main St, Mornington, VIC, 3931",(03) 5975 5689,-38.219463,145.03888,https://www.specsavers.com.au/stores/mornington,Optometry; Audiology,true,,,Main Street / Street-front,Medium,Official address is a numbered or corner street address without centre evidence,,,,,Unknown,https://www.specsavers.com.au/stores/mornington,2026-07-23T00:53:33.174Z
OPSM,opsm-1145,OPSM Morwell,Active,VIC,Morwell,3840,"Cnr Centre Valley Rd & Princes Dr, Morwell, VIC, 3840",(03) 5134 1284,-38.23713,146.42936,https://www.opsm.com.au/en/opsm-au/find-store,Collect & Return,false,Cnr Centre Valley Rd & Princes Dr,vic-and-cnr-dr-princes-rd-valley,Shopping Centre,High,Official name/address contains shopping-centre evidence,,,,,Unknown,https://www.opsm.com.au/en/opsm-au/find-store,2026-07-23T00:26:21+00:00
Specsavers,specsavers-3639,Morwell,Active,VIC,Morwell,3840,"Tenancy 11, Mid Valley Shopping Centre, Corner Centre Valley Road &, Princes Dr, Morwell, VIC, 3840",(03) 4137 8038,-38.236794,146.43002,https://www.specsavers.com.au/stores/morwell,Optometry; Audiology,true,Mid Valley Shopping Centre,vic-mid-valley,Shopping Centre,High,Official name/address contains shopping-centre evidence,,,,,Unknown,https://www.specsavers.com.au/stores/morwell,2026-07-23T00:53:33.174Z
OPSM,opsm-1242,OPSM Waverley Gardens,Active,VIC,Mulgrave,3170,"Police Rd & Jackson Rd, Mulgrave, VIC, 3170",(03) 9547 7455,-37.93583,145.18944,https://www.opsm.com.au/en/opsm-au/find-store,Collect & Return,false,,,Main Street / Street-front,Low,Official address contains street evidence but needs review,,,,,Unknown,https://www.opsm.com.au/en/opsm-au/find-store,2026-07-23T00:26:21+00:00
Specsavers,specsavers-3279,Mulgrave - Waverley Gardens,Active,VIC,Mulgrave,3170,"Shop 52 Waverley Gardens S/C, Cnr Police & Jackson Road, Mulgrave, VIC, 3170",(03) 9562 3611,-37.935715,145.19008,https://www.specsavers.com.au/stores/mulgrave,Optometry; Audiology,true,,,Shopping Centre,High,Official name/address contains shopping-centre evidence,,,,,Unknown,https://www.specsavers.com.au/stores/mulgrave,2026-07-23T00:53:33.174Z
OPSM,opsm-1360,OPSM Fountain Gate Level 1,Active,VIC,Narre Warren,3805,"Overland Dr Fountain Gate, Narre Warren, VIC, 3805",(03) 9704 9344,-38.01753,145.30145,https://www.opsm.com.au/en/opsm-au/find-store,Collect & Return,false,,,Shopping Centre,Medium,Official address uses a shop/level format; venue name requires review,,,,,Unknown,https://www.opsm.com.au/en/opsm-au/find-store,2026-07-23T00:26:21+00:00
Specsavers,specsavers-3623,Casey Central,Active,VIC,Narre Warren,3805,"Shop 147-148A Casey Central Shopping Centre, 400 Narre Warren Cranbourne Rd, Narre Warren, VIC, 3805",(03) 9701 7010,-38.067703,145.3002,https://www.specsavers.com.au/stores/caseycentral,Optometry; Audiology,true,,,Shopping Centre,High,Official name/address contains shopping-centre evidence,,,,,Unknown,https://www.specsavers.com.au/stores/caseycentral,2026-07-23T00:53:33.174Z
Specsavers,specsavers-3286,Fountain Gate Westfield Lvl 1,Active,VIC,Narre Warren,3805,"Shop 1007/352 Princes Highway, Narre Warren, VIC, 3805",(03) 9704 0286,-38.017136,145.30081,https://www.specsavers.com.au/stores/fountaingate,Optometry; Audiology,true,Fountain Gate Westfield Lvl 1,vic-1-fountain-gate-lvl-westfield,Shopping Centre,High,Official name/address contains shopping-centre evidence,,,,,Unknown,https://www.specsavers.com.au/stores/fountaingate,2026-07-23T00:53:33.174Z
Specsavers,specsavers-3507,Fountain Gate Westfield Lvl 2,Active,VIC,Narre Warren,3805,"Shop 2091, Level 2, Westfield Fountain Gate, 352 Princes Highway, Narre Warren, VIC, 3805",(03) 9703 0958,-38.0212,145.3027,https://www.specsavers.com.au/stores/fountaingateeast,Optometry; Audiology,true,Fountain Gate Westfield Lvl 2,vic-2-fountain-gate-lvl-westfield,Shopping Centre,High,Official name/address contains shopping-centre evidence,,,,,Unknown,https://www.specsavers.com.au/stores/fountaingateeast,2026-07-23T00:53:33.174Z
Bailey Nelson,bailey-nelson-geelong,Bailey Nelson Geelong,Active,VIC,Newtown,3220,"331 Pakington St, Newtown, VIC, 3220",+61 3 5212 9059,-38.1565918,144.3450903,https://baileynelson.com.au/pages/optometrist-geelong,Optometry Services; Bulk-Billed Eye Tests; Private Eye Tests from $65; Contact Lens Eye Tests; Visual Fields Testing; Ultra-wide retinal imaging; Optical & Sunglass styling; Free frame adjustments,false,,,Main Street / Street-front,Medium,Official address is a numbered or corner street address without centre evidence,,,,,Unknown,https://baileynelson.com.au/pages/optometrist-geelong,2026-07-23T01:01:27+00:00
Specsavers,specsavers-3654,Blackburn North,Active,VIC,North Blackburn,3130,"Shop T10, Blackburn Square, 66-104 Springfield Road, North Blackburn, VIC, 3130",(03) 9890 0380,-37.81132,145.15292,https://www.specsavers.com.au/stores/blackburnnorth,Optometry; Audiology,true,Blackburn Square,vic-blackburn-square,Shopping Centre,High,Official name/address contains shopping-centre evidence,,,,,Unknown,https://www.specsavers.com.au/stores/blackburnnorth,2026-07-23T00:53:33.174Z
OPSM,opsm-1286,OPSM Northcote,Active,VIC,Northcote,3070,"3 Separation St, Northcote, VIC, 3070",(03) 9481 4700,-37.76857,145.00181,https://www.opsm.com.au/en/opsm-au/find-store,Collect & Return,false,,,Main Street / Street-front,Medium,Official address is a numbered or corner street address without centre evidence,,,,,Unknown,https://www.opsm.com.au/en/opsm-au/find-store,2026-07-23T00:26:21+00:00
Specsavers,specsavers-3551,Northcote,Active,VIC,Northcote,3070,"Northcote Plaza, Shop 27, Northcote, VIC, 3070",(03) 9486 5233,-37.768192,145.00185,https://www.specsavers.com.au/stores/northcote,Optometry; Audiology,true,Northcote Plaza,vic-northcote-plaza,Shopping Centre,High,Official name/address contains shopping-centre evidence,,,,,Unknown,https://www.specsavers.com.au/stores/northcote,2026-07-23T00:53:33.174Z
Specsavers,specsavers-3601,Oakleigh Central,Active,VIC,Oakleigh,3166,"SP020 Oakleigh Central, 39 Hanover Street, Oakleigh, VIC, 3166",(03) 9115 4620,-37.900936,145.09058,https://www.specsavers.com.au/stores/oakleigh,Optometry; Audiology,true,,,Main Street / Street-front,Medium,Official address is a numbered or corner street address without centre evidence,,,,,Unknown,https://www.specsavers.com.au/stores/oakleigh,2026-07-23T00:53:33.174Z
OPSM,opsm-7012,OPSM PAKENHAM,Active,VIC,Pakenham,3810,"16-36 Lakeside Boulevarde, Pakenham, VIC, 3810",(03) 5940 5858,-38.0641,145.4545,https://www.opsm.com.au/en/opsm-au/find-store,,false,,,Main Street / Street-front,Medium,Official address is a numbered or corner street address without centre evidence,,,,,Unknown,https://www.opsm.com.au/en/opsm-au/find-store,2026-07-23T00:26:21+00:00
Specsavers,specsavers-3491,Pakenham,Active,VIC,Pakenham,3810,"Shop 6, Pakenham Central Marketplace, Cnr Henry St and John Streets, Pakenham, VIC, 3810",(03) 5941 7425,-38.077503,145.48344,https://www.specsavers.com.au/stores/pakenham,Optometry; Audiology,true,Pakenham Central Marketplace,vic-central-marketplace-pakenham,Shopping Centre,High,Official name/address contains shopping-centre evidence,,,,,Unknown,https://www.specsavers.com.au/stores/pakenham,2026-07-23T00:53:33.174Z
Specsavers,specsavers-3571,Point Cook Town Centre,Active,VIC,Point Cook,3030,"422A Murnong Street, Point Cook, VIC, 3030",(03) 8375 2044,-37.883774,144.73463,https://www.specsavers.com.au/stores/point-cook,Optometry; Audiology,true,Point Cook Town Centre,vic-cook-point-town,Shopping Centre,High,Official name/address contains shopping-centre evidence,,,,,Unknown,https://www.specsavers.com.au/stores/point-cook,2026-07-23T00:53:33.174Z
Specsavers,specsavers-3478,Prahran - Pran Central S/C,Active,VIC,Prahran,3181,"Pran Central Shopping Centre, 325 Chapel Street, Prahran, VIC, 3181",(03) 9510 0099,-37.8473,144.99347,https://www.specsavers.com.au/stores/prahran,Optometry; Audiology,true,Pran Central Shopping Centre,vic-central-pran,Shopping Centre,High,Official name/address contains shopping-centre evidence,,,,,Unknown,https://www.specsavers.com.au/stores/prahran,2026-07-23T00:53:33.174Z
Bailey Nelson,bailey-nelson-northland,Bailey Nelson Northland,Active,VIC,Preston,3072,"2-50 Murray Road, Preston, VIC, 3072",+61399679895,-37.7378097,145.0307983,https://baileynelson.com.au/pages/optometrist-northland,Optometry Services; Bulk-Billed Eye Tests; Private Eye Tests from $65; Contact Lens Eye Tests; Visual Fields Testing; Ultra-wide retinal imaging; Optical & Sunglass styling; Free frame adjustments,false,Northland,vic-northland,Shopping Centre,High,Official name/address contains shopping-centre evidence,,,,,Unknown,https://baileynelson.com.au/pages/optometrist-northland,2026-07-23T01:01:27+00:00
OPSM,opsm-1419,OPSM Northland,Active,VIC,Preston,3072,"2 - 50 Murray Rd, Preston, VIC, 3072",(03) 9471 0057,-37.73919,145.0306,https://www.opsm.com.au/en/opsm-au/find-store,"Dry Eye, Collect & Return",false,Northland,vic-northland,Shopping Centre,High,Official name/address contains shopping-centre evidence,,,,,Unknown,https://www.opsm.com.au/en/opsm-au/find-store,2026-07-23T00:26:21+00:00
Specsavers,specsavers-3306,Preston - Northland S/C,Active,VIC,Preston,3072,"Northland Shopping Centre, C015/2 - 50 Murray Road, Preston, VIC, 3072",(03) 9470 6193,-37.738197,145.03,https://www.specsavers.com.au/stores/preston,Optometry; Audiology,true,Northland Shopping Centre,vic-northland,Shopping Centre,High,Official name/address contains shopping-centre evidence,,,,,Unknown,https://www.specsavers.com.au/stores/preston,2026-07-23T00:53:33.174Z
Specsavers,specsavers-3679,Reservoir,Active,VIC,Reservoir,3073,"Shop T19, Summerhill Shopping Centre, 850 Plenty Road, Reservoir, VIC, 3073",(03) 9459 4408,-37.724854,145.02852,https://www.specsavers.com.au/stores/reservoir,Optometry; Audiology,true,Summerhill Shopping Centre,vic-summerhill,Shopping Centre,High,Official name/address contains shopping-centre evidence,,,,,Unknown,https://www.specsavers.com.au/stores/reservoir,2026-07-23T00:53:33.174Z
Bailey Nelson,bailey-nelson-richmond,Bailey Nelson Richmond,Active,VIC,Richmond,3121,"224 Swan Street, Richmond, VIC, 3121",+61370327716,-37.8258213,144.9970926,https://baileynelson.com.au/pages/optometrist-richmond,Optometry Services; Bulk-Billed Eye Tests; Private Eye Tests from $65; Contact Lens Eye Tests; Visual Fields Testing; Ultra-wide retinal imaging; Optical & Sunglass styling; Free frame adjustments,false,,,Main Street / Street-front,Medium,Official address is a numbered or corner street address without centre evidence,,,,,Unknown,https://baileynelson.com.au/pages/optometrist-richmond,2026-07-23T01:01:27+00:00
OPSM,opsm-1341,OPSM Victoria Gardens,Active,VIC,Richmond,3121,"Cnr Victoria St & Burnley St, Richmond, VIC, 3121",(03) 9429 4716,-37.81248,145.01052,https://www.opsm.com.au/en/opsm-au/find-store,Collect & Return,false,,,Main Street / Street-front,Medium,Official address is a numbered or corner street address without centre evidence,,,,,Unknown,https://www.opsm.com.au/en/opsm-au/find-store,2026-07-23T00:26:21+00:00
Specsavers,specsavers-3448,Richmond Victoria Gardens S/C,Active,VIC,Richmond,3121,"Shop SP003, Victoria Gardens Shopping Centre, 620 Victoria Street, Richmond, VIC, 3121",(03) 9421 2430,-37.81337,145.01129,https://www.specsavers.com.au/stores/victoriagardens,Optometry; Audiology,true,Richmond Victoria Gardens Shopping Centre,vic-gardens-richmond-victoria,Shopping Centre,High,Official name/address contains shopping-centre evidence,,,,,Unknown,https://www.specsavers.com.au/stores/victoriagardens,2026-07-23T00:53:33.174Z
Bailey Nelson,bailey-nelson-eastland-shopping-centre,Bailey Nelson Eastland - New Location,Active,VIC,Ringwood,3134,"171 - 175 Maroondah Highway, Ringwood, VIC, 3134",+61370327717,-37.8139631,145.2295468,https://baileynelson.com.au/pages/optometrist-eastland-shopping-centre,Optometry Services; Bulk-Billed Eye Tests; Private Eye Tests from $65; Contact Lens Eye Tests; Visual Fields Testing; Ultra-wide retinal imaging; Optical & Sunglass styling; Free frame adjustments,false,Eastland,vic-eastland,Shopping Centre,High,Official name/address contains shopping-centre evidence,,,,,Unknown,https://baileynelson.com.au/pages/optometrist-eastland-shopping-centre,2026-07-23T01:01:27+00:00
OPSM,opsm-1149,OPSM Ringwood,Active,VIC,Ringwood,3134,"171 - 175 Maroondah Hwy, Ringwood, VIC, 3134",(03) 9870 7976,-37.81308,145.22815,https://www.opsm.com.au/en/opsm-au/find-store,"Dry Eye, Collect & Return",false,,,Main Street / Street-front,Medium,Official address is a numbered or corner street address without centre evidence,,,,,Unknown,https://www.opsm.com.au/en/opsm-au/find-store,2026-07-23T00:26:21+00:00
Specsavers,specsavers-3261,Ringwood - Eastland S/C,Active,VIC,Ringwood,3134,"Shop 1089/1090, Eastland Shopping Centre, 171/175 Maroondah Highway, Ringwood, VIC, 3134",(03) 9870 8666,-37.812992,145.22882,https://www.specsavers.com.au/stores/ringwood,Optometry; Audiology,true,Eastland Shopping Centre,vic-eastland,Shopping Centre,High,Official name/address contains shopping-centre evidence,,,,,Unknown,https://www.specsavers.com.au/stores/ringwood,2026-07-23T00:53:33.174Z
OPSM,opsm-2932,OPSM Rosebud,Active,VIC,Rosebud,3939,"Boneo Rd & Mccombe St, Rosebud, VIC, 3939",(03) 8354 6290,-38.36139,144.89134,https://www.opsm.com.au/en/opsm-au/find-store,Collect & Return,false,,,Main Street / Street-front,Low,Official address contains street evidence but needs review,,,,,Unknown,https://www.opsm.com.au/en/opsm-au/find-store,2026-07-23T00:26:21+00:00
Specsavers,specsavers-3354,Rosebud Plaza S/C,Active,VIC,Rosebud,3939,"22/22A, Rosebud Plaza S/C, Boneo Road, Rosebud, VIC, 3939",(03) 5981 1044,-38.361275,144.89122,https://www.specsavers.com.au/stores/rosebud,Optometry; Audiology,true,Rosebud Plaza Shopping Centre,vic-plaza-rosebud,Shopping Centre,High,Official name/address contains shopping-centre evidence,,,,,Unknown,https://www.specsavers.com.au/stores/rosebud,2026-07-23T00:53:33.174Z
Specsavers,specsavers-3230,Rowville - Stud Park S/C,Active,VIC,Rowville,3178,"Shop 37, Stud Park Shopping Center, 1101 Stud Road, Rowville, VIC, 3178",(03) 9923 7422,-37.92073,145.23705,https://www.specsavers.com.au/stores/rowville,Optometry; Audiology,true,Stud Park Shopping Center,vic-park-stud,Shopping Centre,High,Official name/address contains shopping-centre evidence,,,,,Unknown,https://www.specsavers.com.au/stores/rowville,2026-07-23T00:53:33.174Z
Specsavers,specsavers-3251,Sale,Active,VIC,Sale,3850,"92 Cunninghame St, Sale, VIC, 3850",(03) 5144 3881,-38.107544,147.06624,https://www.specsavers.com.au/stores/sale,Optometry; Audiology,true,,,Main Street / Street-front,Medium,Official address is a numbered or corner street address without centre evidence,,,,,Unknown,https://www.specsavers.com.au/stores/sale,2026-07-23T00:53:33.174Z
OPSM,opsm-1046,OPSM Shepparton,Active,VIC,Shepparton,3630,"178 Maude St, Shepparton, VIC, 3630",(03) 5821 3861,-36.37933,145.40093,https://www.opsm.com.au/en/opsm-au/find-store,Collect & Return,false,,,Main Street / Street-front,Medium,Official address is a numbered or corner street address without centre evidence,,,,,Unknown,https://www.opsm.com.au/en/opsm-au/find-store,2026-07-23T00:26:21+00:00
Specsavers,specsavers-3292,Shepparton Marketplace,Active,VIC,Shepparton,3630,"Shepparton Market Place, 110 Benalla Road, Shepparton, VIC, 3630",(03) 5831 4332,-36.38768,145.42328,https://www.specsavers.com.au/stores/shepparton,Optometry; Audiology,true,Shepparton Marketplace,vic-marketplace-shepparton,Shopping Centre,High,Official name/address contains shopping-centre evidence,,,,,Unknown,https://www.specsavers.com.au/stores/shepparton,2026-07-23T00:53:33.174Z
Specsavers,specsavers-3669,Shepparton Maude Street,Active,VIC,Shepparton,3630,"Cnr 69 High Street & 237 Maude Street, Shepparton, VIC, 3630",(03) 5821 0803,-36.38111,145.40108,https://www.specsavers.com.au/stores/shepparton-maude-street,Optometry; Audiology,true,,,Main Street / Street-front,Medium,Official address is a numbered or corner street address without centre evidence,,,,,Unknown,https://www.specsavers.com.au/stores/shepparton-maude-street,2026-07-23T00:53:33.174Z
Specsavers,specsavers-3631,South Melbourne,Active,VIC,South Melbourne,3205,"300 Clarendon Street, South Melbourne, VIC, 3205",(03) 9639 9555,-37.833576,144.96057,https://www.specsavers.com.au/stores/southmelbourne,Optometry; Audiology,true,,,Main Street / Street-front,Medium,Official address is a numbered or corner street address without centre evidence,,,,,Unknown,https://www.specsavers.com.au/stores/southmelbourne,2026-07-23T00:53:33.174Z
Bailey Nelson,bailey-nelson-chapel-st-melbourne,Bailey Nelson South Yarra,Active,VIC,South Yarra,3141,"401 Chapel Street, South Yarra, VIC, 3141",+61370327712,-37.845319,144.994222,https://baileynelson.com.au/pages/optometrist-chapel-st-melbourne,Optometry Services; Bulk-Billed Eye Tests; Private Eye Tests from $65; Contact Lens Eye Tests; Visual Fields Testing; Ultra-wide retinal imaging; Optical & Sunglass styling; Free frame adjustments,false,,,Main Street / Street-front,Medium,Official address is a numbered or corner street address without centre evidence,,,,,Unknown,https://baileynelson.com.au/pages/optometrist-chapel-st-melbourne,2026-07-23T01:01:27+00:00
OPSM,opsm-7077,OPSM South Yarra,Active,VIC,South Yarra,3141,"137 Toorak Rd, South Yarra, VIC, 3141",(03) 9866 4604,-37.83885,144.99101,https://www.opsm.com.au/en/opsm-au/find-store,,false,,,Main Street / Street-front,Medium,Official address is a numbered or corner street address without centre evidence,,,,,Unknown,https://www.opsm.com.au/en/opsm-au/find-store,2026-07-23T00:26:21+00:00
Bailey Nelson,bailey-nelson-st-kilda,Bailey Nelson St Kilda,Active,VIC,St Kilda,3182,"115 Acland Street, St Kilda, VIC, 3182",+61399625522,-37.8684047,144.9793538,https://baileynelson.com.au/pages/optometrist-st-kilda,Optometry Services; Bulk-Billed Eye Tests; Private Eye Tests from $65; Contact Lens Eye Tests; Visual Fields Testing; Ultra-wide retinal imaging; Optical & Sunglass styling; Free frame adjustments,false,,,Main Street / Street-front,Medium,Official address is a numbered or corner street address without centre evidence,,,,,Unknown,https://baileynelson.com.au/pages/optometrist-st-kilda,2026-07-23T01:01:27+00:00
Specsavers,specsavers-3327,Stawell,Active,VIC,Stawell,3380,"120 Main St, Stawell, VIC, 3380",(03) 5358 4200,-37.056126,142.7812,https://www.specsavers.com.au/stores/stawell,Optometry,false,,,Main Street / Street-front,Medium,Official address is a numbered or corner street address without centre evidence,,,,,Unknown,https://www.specsavers.com.au/stores/stawell,2026-07-23T00:53:33.174Z
OPSM,opsm-4710,OPSM Sunbury,Active,VIC,Sunbury,3429,"2 Evans Street Sunbury Square Shopping Centre, Sunbury, VIC, 3429",03 9744 5000,-37.5777,144.7297,https://www.opsm.com.au/en/opsm-au/find-store,,false,Evans Street Sunbury Square Shopping Centre,vic-evans-square-street-sunbury,Shopping Centre,High,Official name/address contains shopping-centre evidence,,,,,Unknown,https://www.opsm.com.au/en/opsm-au/find-store,2026-07-23T00:26:21+00:00
Specsavers,specsavers-3242,Sunbury,Active,VIC,Sunbury,3429,"4-6/60-80 Evans Street, Sunbury, VIC, 3429",(03) 9740 6584,-37.580593,144.72847,https://www.specsavers.com.au/stores/sunbury,Optometry; Audiology,true,,,Main Street / Street-front,Medium,Official address is a numbered or corner street address without centre evidence,,,,,Unknown,https://www.specsavers.com.au/stores/sunbury,2026-07-23T00:53:33.174Z
Specsavers,specsavers-3536,Sunshine,Active,VIC,Sunshine,3020,"Shop SP016 Sunshine Marketplace, 80 Harvester Road, Sunshine, VIC, 3020",(03) 9311 8998,-37.78072,144.83138,https://www.specsavers.com.au/stores/sunshine,Optometry; Audiology,true,,,Shopping Centre,High,Official name/address contains shopping-centre evidence,,,,,Unknown,https://www.specsavers.com.au/stores/sunshine,2026-07-23T00:53:33.174Z
Specsavers,specsavers-3683,Swan Hill,Active,VIC,Swan Hill,3585,"147-149 Campbell Street, Swan Hill, VIC, 3585",(03) 4040 3022,-35.338898,143.55974,https://www.specsavers.com.au/stores/swan-hill,Optometry,false,,,Main Street / Street-front,Medium,Official address is a numbered or corner street address without centre evidence,,,,,Unknown,https://www.specsavers.com.au/stores/swan-hill,2026-07-23T00:53:33.174Z
OPSM,opsm-1131,OPSM Sydenham,Active,VIC,Sydenham,3037,"Cnr Kings Rd & Melton Hwy, Sydenham, VIC, 3037",(03) 9390 3400,-37.70003,144.77584,https://www.opsm.com.au/en/opsm-au/find-store,"Dry Eye, Collect & Return",false,,,Main Street / Street-front,Medium,Official address is a numbered or corner street address without centre evidence,,,,,Unknown,https://www.opsm.com.au/en/opsm-au/find-store,2026-07-23T00:26:21+00:00
Specsavers,specsavers-3268,Wyndham Village S/C,Active,VIC,Tarneit,3029,"Shop 42 & 44, Wyndham Village Shopping Centre, 380 Sayers Road, Tarneit, VIC, 3029",(03) 8742 7811,-37.84933,144.7045,https://www.specsavers.com.au/stores/wyndhamvillage,Optometry; Audiology,true,Wyndham Village Shopping Centre,vic-village-wyndham,Shopping Centre,High,Official name/address contains shopping-centre evidence,,,,,Unknown,https://www.specsavers.com.au/stores/wyndhamvillage,2026-07-23T00:53:33.174Z
Specsavers,specsavers-3311,Watergardens Town Centre,Active,VIC,Taylors Lakes,3038,"Shop 83 Watergardens Town Centre, 399 Melton Highway, Taylors Lakes, VIC, 3038",(03) 9390 4638,-37.699112,144.77708,https://www.specsavers.com.au/stores/taylorslakes,Optometry; Audiology,true,Watergardens Town Centre,vic-town-watergardens,Shopping Centre,High,Official name/address contains shopping-centre evidence,,,,,Unknown,https://www.specsavers.com.au/stores/taylorslakes,2026-07-23T00:53:33.174Z
Specsavers,specsavers-3661,Torquay,Active,VIC,Torquay,3228,"17 Gilbert Street, Torquay, VIC, 3228",(03) 4224 9020,-38.332237,144.32417,https://www.specsavers.com.au/stores/torquay,Optometry; Audiology,true,,,Main Street / Street-front,Medium,Official address is a numbered or corner street address without centre evidence,,,,,Unknown,https://www.specsavers.com.au/stores/torquay,2026-07-23T00:53:33.174Z
OPSM,opsm-1302,OPSM Traralgon,Active,VIC,Traralgon,3844,"146-188 Franklin St, Traralgon, VIC, 3844",(03) 5174 0377,-38.19466,146.53867,https://www.opsm.com.au/en/opsm-au/find-store,Collect & Return,false,,,Main Street / Street-front,Medium,Official address is a numbered or corner street address without centre evidence,,,,,Unknown,https://www.opsm.com.au/en/opsm-au/find-store,2026-07-23T00:26:21+00:00
Specsavers,specsavers-3503,Traralgon,Active,VIC,Traralgon,3844,"70 Seymour Street, Traralgon, VIC, 3844",(03) 5174 5700,-38.195805,146.53696,https://www.specsavers.com.au/stores/traralgon,Optometry; Audiology,true,,,Main Street / Street-front,Medium,Official address is a numbered or corner street address without centre evidence,,,,,Unknown,https://www.specsavers.com.au/stores/traralgon,2026-07-23T00:53:33.174Z
OPSM,opsm-1040,OPSM Wangaratta,Active,VIC,Wangaratta,3677,"34A Murphy St, Wangaratta, VIC, 3677",(03) 5721 8650,-36.35599,146.32591,https://www.opsm.com.au/en/opsm-au/find-store,"Dry Eye, Collect & Return",false,,,Main Street / Street-front,Medium,Official address is a numbered or corner street address without centre evidence,,,,,Unknown,https://www.opsm.com.au/en/opsm-au/find-store,2026-07-23T00:26:21+00:00
Specsavers,specsavers-3596,Wangaratta,Active,VIC,Wangaratta,3677,"55 Reid Street, Wangaratta, VIC, 3677",(03) 4700 2190,-36.354565,146.32552,https://www.specsavers.com.au/stores/wangaratta,Optometry; Audiology,true,,,Main Street / Street-front,Medium,Official address is a numbered or corner street address without centre evidence,,,,,Unknown,https://www.specsavers.com.au/stores/wangaratta,2026-07-23T00:53:33.174Z
OPSM,opsm-1467,OPSM Knox City,Active,VIC,Wantirna,3152,"425 Burwood Hwy, Wantirna, VIC, 3152",(03) 9887 2944,-37.86895,145.23919,https://www.opsm.com.au/en/opsm-au/find-store,"Dry Eye, Collect & Return",false,,,Main Street / Street-front,Medium,Official address is a numbered or corner street address without centre evidence,,,,,Unknown,https://www.opsm.com.au/en/opsm-au/find-store,2026-07-23T00:26:21+00:00
Specsavers,specsavers-3263,Knox City S/C,Active,VIC,Wantirna South,3152,"Shop 1077, Westfield Knox S/C, Cnr Burwood Highway & Stud Road, Wantirna South, VIC, 3152",(03) 9887 5230,-37.868576,145.23854,https://www.specsavers.com.au/stores/knox,Optometry; Audiology,true,Knox City Shopping Centre,vic-city-knox,Shopping Centre,High,Official name/address contains shopping-centre evidence,,,,,Unknown,https://www.specsavers.com.au/stores/knox,2026-07-23T00:53:33.174Z
Specsavers,specsavers-3467,Warragul,Active,VIC,Warragul,3820,"2/66 Smith St, Warragul, VIC, 3820",(03) 5623 3462,-38.161392,145.932,https://www.specsavers.com.au/stores/warragul,Optometry; Audiology,true,,,Main Street / Street-front,Medium,Official address is a numbered or corner street address without centre evidence,,,,,Unknown,https://www.specsavers.com.au/stores/warragul,2026-07-23T00:53:33.174Z
OPSM,opsm-1136,OPSM Warrnambool,Active,VIC,Warrnambool,3280,"155 Liebig St, Warrnambool, VIC, 3280",(03) 5562 3506,-38.38224,142.48449,https://www.opsm.com.au/en/opsm-au/find-store,Collect & Return,false,,,Main Street / Street-front,Medium,Official address is a numbered or corner street address without centre evidence,,,,,Unknown,https://www.opsm.com.au/en/opsm-au/find-store,2026-07-23T00:26:21+00:00
Specsavers,specsavers-3297,Warrnambool,Active,VIC,Warrnambool,3280,"1/147 Liebig St, Warrnambool, VIC, Warrnambool, VIC, 3280",(03) 5561 3796,-38.382305,142.4842,https://www.specsavers.com.au/stores/warrnambool,Optometry; Audiology,true,,,Main Street / Street-front,Medium,Official address is a numbered or corner street address without centre evidence,,,,,Unknown,https://www.specsavers.com.au/stores/warrnambool,2026-07-23T00:53:33.174Z
OPSM,opsm-7064,OPSM Waurn Ponds,Active,VIC,Waurn Ponds,3216,"173- 199 Pioneer Rd, Waurn Ponds, VIC, 3216",(03) 5243 9288,-38.1989,144.3194,https://www.opsm.com.au/en/opsm-au/find-store,,false,,,Main Street / Street-front,Medium,Official address is a numbered or corner street address without centre evidence,,,,,Unknown,https://www.opsm.com.au/en/opsm-au/find-store,2026-07-23T00:26:21+00:00
Specsavers,specsavers-3288,Waurn Ponds S/C,Active,VIC,Waurn Ponds,3216,"173 - 199 Pioneer Road, Shop 958 Waurn Ponds Shopping Centre, Waurn Ponds, VIC, 3216",(03) 5244 0408,-38.199383,144.31721,https://www.specsavers.com.au/stores/waurnponds,Optometry; Audiology,true,Waurn Ponds Shopping Centre,vic-ponds-waurn,Shopping Centre,High,Official name/address contains shopping-centre evidence,,,,,Unknown,https://www.specsavers.com.au/stores/waurnponds,2026-07-23T00:53:33.174Z
OPSM,opsm-7014,OPSM Wendouree,Active,VIC,Wendouree,3355,"Gillies St, Wendouree, VIC, 3355",(03) 5338 1831,-37.53425,143.82396,https://www.opsm.com.au/en/opsm-au/find-store,Dry Eye,false,,,Main Street / Street-front,Low,Official address contains street evidence but needs review,,,,,Unknown,https://www.opsm.com.au/en/opsm-au/find-store,2026-07-23T00:26:21+00:00
Specsavers,specsavers-3582,Wendouree Stockland,Active,VIC,Wendouree,3355,"Shop 75A, Stockland Wendouree Shopping Centre, Norman Street &, Gillies St N, Wendouree, VIC, 3355",(03) 5339 4955,-37.53536,143.82486,https://www.specsavers.com.au/stores/wendouree,Optometry; Audiology,true,Stockland Wendouree Shopping Centre,vic-stockland-wendouree,Shopping Centre,High,Official name/address contains shopping-centre evidence,,,,,Unknown,https://www.specsavers.com.au/stores/wendouree,2026-07-23T00:53:33.174Z
OPSM,opsm-1655,OPSM Werribee Plaza,Active,VIC,Werribee,3030,"10 PACIFIC WERRIBEE CNR HEATHS RD &, Werribee, VIC, 3030",(03) 9749 5000,-37.87533,144.68019,https://www.opsm.com.au/en/opsm-au/find-store,"Audiology, Dry Eye, Collect & Return",true,Werribee Plaza,vic-plaza-werribee,Shopping Centre,High,Official name/address contains shopping-centre evidence,,,,,Unknown,https://www.opsm.com.au/en/opsm-au/find-store,2026-07-23T00:26:21+00:00
Specsavers,specsavers-3267,Werribee Pacific,Active,VIC,Werribee,3030,"Shop 140, Pacific Werribee, Cnr Derrimut & Heaths Rd, Werribee, VIC, 3030",(03) 8742 1623,-37.874714,144.67795,https://www.specsavers.com.au/stores/werribee,Optometry; Audiology,true,,,Shopping Centre,Medium,Official address uses a shop/level format; venue name requires review,,,,,Unknown,https://www.specsavers.com.au/stores/werribee,2026-07-23T00:53:33.174Z
Specsavers,specsavers-3281,Wheelers Hill - Brandon Park,Active,VIC,Wheelers Hill,3150,"SP031 Brandon Park Drive, Wheelers Hill, VIC, 3150",(03) 9562 5311,-37.90538,145.16226,https://www.specsavers.com.au/stores/wheelershill,Optometry; Audiology,true,,,Main Street / Street-front,Low,Official address contains street evidence but needs review,,,,,Unknown,https://www.specsavers.com.au/stores/wheelershill,2026-07-23T00:53:33.174Z
OPSM,opsm-1170,OPSM Whittlesea,Active,VIC,Whittlesea,3757,"66 Church St, Whittlesea, VIC, 3757",(03) 9716 3268,-37.51166,145.11831,https://www.opsm.com.au/en/opsm-au/find-store,Collect & Return,false,,,Main Street / Street-front,Medium,Official address is a numbered or corner street address without centre evidence,,,,,Unknown,https://www.opsm.com.au/en/opsm-au/find-store,2026-07-23T00:26:21+00:00
Bailey Nelson,bailey-nelson-williamstown,Bailey Nelson Williamstown,Active,VIC,Williamstown,3016,"7/8-18 Ferguson Street, Williamstown, VIC, 3016",+61399679891,-37.8591061,144.9012027,https://baileynelson.com.au/pages/optometrist-williamstown,Optometry Services; Bulk-Billed Eye Tests; Private Eye Tests from $65; Contact Lens Eye Tests; Visual Fields Testing; Ultra-wide retinal imaging; Optical & Sunglass styling; Free frame adjustments,false,,,Main Street / Street-front,Medium,Official address is a numbered or corner street address without centre evidence,,,,,Unknown,https://baileynelson.com.au/pages/optometrist-williamstown,2026-07-23T01:01:27+00:00
OPSM,opsm-2267,OPSM WODONGA,Active,VIC,Wodonga,3690,"135 High St, Wodonga, VIC, 3690",(02) 6024 1043,-36.12228,146.88789,https://www.opsm.com.au/en/opsm-au/find-store,Collect & Return,false,,,Main Street / Street-front,Medium,Official address is a numbered or corner street address without centre evidence,,,,,Unknown,https://www.opsm.com.au/en/opsm-au/find-store,2026-07-23T00:26:21+00:00
Specsavers,specsavers-3422,Wodonga Plaza,Active,VIC,Wodonga,3690,"039/51-57 Elgin Street, Wodonga Plaza, Wodonga, VIC, 3690",(02) 6024 1267,-36.12107,146.88194,https://www.specsavers.com.au/stores/wodonga,Optometry; Audiology,true,Wodonga Plaza,vic-plaza-wodonga,Shopping Centre,High,Official name/address contains shopping-centre evidence,,,,,Unknown,https://www.specsavers.com.au/stores/wodonga,2026-07-23T00:53:33.174Z
Specsavers,specsavers-3609,Wonthaggi,Active,VIC,Wonthaggi,3995,"128 Graham St, Wonthaggi, VIC, 3995",(03) 9115 4629,-38.60597,145.59015,https://www.specsavers.com.au/stores/wonthaggi,Optometry; Audiology,true,,,Main Street / Street-front,Medium,Official address is a numbered or corner street address without centre evidence,,,,,Unknown,https://www.specsavers.com.au/stores/wonthaggi,2026-07-23T00:53:33.174Z
OPSM,opsm-1195,OPSM Albany,Active,WA,Albany,6330,"238 York St, Albany, WA, 6330",(08) 9842 3356,-35.02289,117.88369,https://www.opsm.com.au/en/opsm-au/find-store,Collect & Return,false,,,Main Street / Street-front,Medium,Official address is a numbered or corner street address without centre evidence,,,,,Unknown,https://www.opsm.com.au/en/opsm-au/find-store,2026-07-23T00:26:21+00:00
Specsavers,specsavers-3577,Albany,Active,WA,Albany,6330,"284 York Street, Albany, WA, 6330",(08) 9841 2377,-35.021408,117.883705,https://www.specsavers.com.au/stores/albany,Optometry; Audiology,true,,,Main Street / Street-front,Medium,Official address is a numbered or corner street address without centre evidence,,,,,Unknown,https://www.specsavers.com.au/stores/albany,2026-07-23T00:53:33.174Z
OPSM,opsm-1306,OPSM Armadale,Active,WA,Armadale,6112,"Jull St, Armadale, WA, 6112",(08) 9497 2233,-32.15302,116.01583,https://www.opsm.com.au/en/opsm-au/find-store,Collect & Return,false,,,Main Street / Street-front,Low,Official address contains street evidence but needs review,,,,,Unknown,https://www.opsm.com.au/en/opsm-au/find-store,2026-07-23T00:26:21+00:00
Specsavers,specsavers-3236,Armadale,Active,WA,Armadale,6112,"shop 15/10 Orchard Avenue, Armadale, WA, 6112",(08) 9399 4222,-32.152008,116.015,https://www.specsavers.com.au/stores/armadale,Optometry; Audiology,true,,,Shopping Centre,Medium,Official address uses a shop/level format; venue name requires review,,,,,Unknown,https://www.specsavers.com.au/stores/armadale,2026-07-23T00:53:33.174Z
OPSM,opsm-1515,OPSM Baldivis,Active,WA,Baldivis,6171,"Cnr Safety Bay Rd & Settlers Ave, Baldivis, WA, 6171",(08) 9523 2333,-32.33287,115.81486,https://www.opsm.com.au/en/opsm-au/find-store,"Kids Vision Centre, Collect & Return",false,,,Main Street / Street-front,Medium,Official address is a numbered or corner street address without centre evidence,,,,,Unknown,https://www.opsm.com.au/en/opsm-au/find-store,2026-07-23T00:26:21+00:00
Specsavers,specsavers-3555,Baldivis,Active,WA,Baldivis,6171,"Shop 54 Stockland Baldivis, Lot 26 Safety Bay Road, Baldivis, WA, 6171",(08) 9523 2252,-32.33328,115.81641,https://www.specsavers.com.au/stores/baldivis,Optometry; Audiology,true,,,Shopping Centre,Medium,Official address uses a shop/level format; venue name requires review,,,,,Unknown,https://www.specsavers.com.au/stores/baldivis,2026-07-23T00:53:33.174Z
Bailey Nelson,bailey-nelson-booragoon,Bailey Nelson Booragoon,Active,WA,Booragoon,6154,"125 Riseley Street, Booragoon, WA, 6154",+61861499475,-32.0338008,115.8356508,https://baileynelson.com.au/pages/optometrist-booragoon,Optometry Services; Bulk-Billed Eye Tests; Private Eye Tests from $65; Contact Lens Eye Tests; Visual Fields Testing; Ultra-wide retinal imaging; Optical & Sunglass styling; Free frame adjustments,false,Westfield Booragoon,wa-westfield-booragoon,Shopping Centre,High,Reviewed official store name and address,,,,,Unknown,https://baileynelson.com.au/pages/optometrist-booragoon,2026-07-23T01:01:27+00:00
OPSM,opsm-1442,OPSM Garden City Booragoon,Active,WA,Booragoon,6154,"125 Riseley St, Booragoon, WA, 6154",(08) 9364 9577,-32.034,115.83543,https://www.opsm.com.au/en/opsm-au/find-store,"Kids Vision Centre, Collect & Return",false,Westfield Booragoon,wa-westfield-booragoon,Shopping Centre,High,Reviewed official store name and address,,,,,Unknown,https://www.opsm.com.au/en/opsm-au/find-store,2026-07-23T00:26:21+00:00
Specsavers,specsavers-3429,Booragoon Westfield,Active,WA,Booragoon,6154,"Shop 5B, Westfield Garden City S/C, 125 Riseley Street, Booragoon, WA, 6154",(08) 9316 3058,-32.03357,115.83427,https://www.specsavers.com.au/stores/booragoon,Optometry,false,Westfield Booragoon,wa-westfield-booragoon,Shopping Centre,High,Reviewed official store name and address,,,,,Unknown,https://www.specsavers.com.au/stores/booragoon,2026-07-23T00:53:33.174Z
OPSM,opsm-1027,OPSM Broome,Active,WA,Broome,6725,"106 Frederick St, Broome, WA, 6725",(08) 9192 3444,-17.95251,122.22873,https://www.opsm.com.au/en/opsm-au/find-store,Collect & Return,false,,,Main Street / Street-front,Medium,Official address is a numbered or corner street address without centre evidence,,,,,Unknown,https://www.opsm.com.au/en/opsm-au/find-store,2026-07-23T00:26:21+00:00
OPSM,opsm-1516,OPSM Bull Creek,Active,WA,Bull Creek,6149,"44 Benningfield Rd, Bull Creek, WA, 6149",(08) 9310 5775,-32.06404,115.85692,https://www.opsm.com.au/en/opsm-au/find-store,Collect & Return,false,,,Main Street / Street-front,Medium,Official address is a numbered or corner street address without centre evidence,,,,,Unknown,https://www.opsm.com.au/en/opsm-au/find-store,2026-07-23T00:26:21+00:00
OPSM,opsm-1382,OPSM Bunbury Centrepoint,Active,WA,Bunbury,6230,"Cnr Blair St, Bunbury, WA, 6230",(08) 9792 5055,-33.32597,115.64027,https://www.opsm.com.au/en/opsm-au/find-store,Collect & Return,false,Bunbury Centrepoint,wa-bunbury-centrepoint,Shopping Centre,High,Official name/address contains shopping-centre evidence,,,,,Unknown,https://www.opsm.com.au/en/opsm-au/find-store,2026-07-23T00:26:21+00:00
OPSM,opsm-1283,OPSM Bunbury Forum,Active,WA,Bunbury,6230,"Sandridge Rd & Pennant Rd, Bunbury, WA, 6230",(08) 9721 6809,-33.33696,115.66005,https://www.opsm.com.au/en/opsm-au/find-store,Collect & Return,false,,,Main Street / Street-front,Low,Official address contains street evidence but needs review,,,,,Unknown,https://www.opsm.com.au/en/opsm-au/find-store,2026-07-23T00:26:21+00:00
Specsavers,specsavers-3441,Bunbury Centrepoint S/C,Active,WA,Bunbury,6230,"Shop 18,19/20, Bunbury Centrepoint S/C, Blair Street, Bunbury, WA, 6230",(08) 9721 2135,-33.32612,115.64025,https://www.specsavers.com.au/stores/bunbury,Optometry; Audiology,true,Bunbury Centrepoint Shopping Centre,wa-bunbury-centrepoint,Shopping Centre,High,Official name/address contains shopping-centre evidence,,,,,Unknown,https://www.specsavers.com.au/stores/bunbury,2026-07-23T00:53:33.174Z
OPSM,opsm-1197,OPSM Busselton,Active,WA,Busselton,6280,"64 Prince St, Busselton, WA, 6280",(08) 9754 4413,-33.6508,115.34636,https://www.opsm.com.au/en/opsm-au/find-store,Collect & Return,false,,,Main Street / Street-front,Medium,Official address is a numbered or corner street address without centre evidence,,,,,Unknown,https://www.opsm.com.au/en/opsm-au/find-store,2026-07-23T00:26:21+00:00
OPSM,opsm-4610,OPSM Busselton Central,Active,WA,Busselton,6280,"Prince St, Busselton, WA, 6280",(08) 6149 5427,-33.65118,115.3429,https://www.opsm.com.au/en/opsm-au/find-store,Audiology,true,,,Main Street / Street-front,Low,Official address contains street evidence but needs review,,,,,Unknown,https://www.opsm.com.au/en/opsm-au/find-store,2026-07-23T00:26:21+00:00
Specsavers,specsavers-3226,Busselton,Active,WA,Busselton,6280,"1/18 Prince St, Busselton, WA, 6280",(08) 9752 1644,-33.651566,115.34346,https://www.specsavers.com.au/stores/busselton,Optometry; Audiology,true,,,Main Street / Street-front,Medium,Official address is a numbered or corner street address without centre evidence,,,,,Unknown,https://www.specsavers.com.au/stores/busselton,2026-07-23T00:53:33.174Z
Specsavers,specsavers-3665,Butler,Active,WA,Butler,6036,"T18-19A Butler Central, 150 Butler Boulevard, Butler, WA, 6036",(08) 9548 9004,-31.636776,115.69938,https://www.specsavers.com.au/stores/butler,Optometry; Audiology,true,,,Main Street / Street-front,Medium,Official address is a numbered or corner street address without centre evidence,,,,,Unknown,https://www.specsavers.com.au/stores/butler,2026-07-23T00:53:33.174Z
OPSM,opsm-1395,OPSM Livingston,Active,WA,Canning Vale,6155,"Cnr Ranford Rd & Nicholson Rd, Canning Vale, WA, 6155",(08) 9456 1100,-32.08547,115.91733,https://www.opsm.com.au/en/opsm-au/find-store,"Kids Vision Centre, Collect & Return",false,,,Main Street / Street-front,Medium,Official address is a numbered or corner street address without centre evidence,,,,,Unknown,https://www.opsm.com.au/en/opsm-au/find-store,2026-07-23T00:26:21+00:00
Specsavers,specsavers-3366,Livingston Marketplace,Active,WA,Canning Vale,6155,"Shop 41, Livingston Marketplace S/C, Cnr Ranford & Nicholson Roads, Canning Vale, WA, 6155",(08) 9456 5560,-32.08554,115.91723,https://www.specsavers.com.au/stores/livingston,Optometry; Audiology,true,Livingston Marketplace,wa-livingston-marketplace,Shopping Centre,High,Official name/address contains shopping-centre evidence,,,,,Unknown,https://www.specsavers.com.au/stores/livingston,2026-07-23T00:53:33.174Z
Bailey Nelson,bailey-nelson-carousel,Bailey Nelson Carousel,Active,WA,Cannington,6107,"1382 Albany Hwy, Cannington, WA, 6107",+61861499476,-32.0195395,115.9371842,https://baileynelson.com.au/pages/optometrist-carousel,Optometry Services; Bulk-Billed Eye Tests; Private Eye Tests from $65; Contact Lens Eye Tests; Visual Fields Testing; Ultra-wide retinal imaging; Optical & Sunglass styling; Free frame adjustments,false,Carousel,wa-carousel,Shopping Centre,High,Official name/address contains shopping-centre evidence,,,,,Unknown,https://baileynelson.com.au/pages/optometrist-carousel,2026-07-23T01:01:27+00:00
OPSM,opsm-1366,OPSM Carousel,Active,WA,Cannington,6107,"1382 Albany Hwy, Cannington, WA, 6107",(08) 9356 2707,-32.02018,115.93871,https://www.opsm.com.au/en/opsm-au/find-store,"Kids Vision Centre, Collect & Return",false,Carousel,wa-carousel,Shopping Centre,High,Official name/address contains shopping-centre evidence,,,,,Unknown,https://www.opsm.com.au/en/opsm-au/find-store,2026-07-23T00:26:21+00:00
Specsavers,specsavers-3349,Carousel Westfield,Active,WA,Cannington,6107,"Westfield Carousel, Shop 1177, Cannington, WA, 6107",(08) 9451 6880,-32.018505,115.93651,https://www.specsavers.com.au/stores/carousel,Optometry; Audiology,true,Carousel Westfield,wa-carousel-westfield,Shopping Centre,High,Official name/address contains shopping-centre evidence,,,,,Unknown,https://www.specsavers.com.au/stores/carousel,2026-07-23T00:53:33.174Z
Bailey Nelson,bailey-nelson-claremont,Bailey Nelson Claremont,Active,WA,Claremont,6010,"9 Bayview Terrace, Claremont, WA, 6010",+61861499477,-31.9822368,115.7795913,https://baileynelson.com.au/pages/optometrist-claremont,Optometry Services; Bulk-Billed Eye Tests; Private Eye Tests from $65; Contact Lens Eye Tests; Visual Fields Testing; Ultra-wide retinal imaging; Optical & Sunglass styling; Free frame adjustments,false,,,Main Street / Street-front,Medium,Official address is a numbered or corner street address without centre evidence,,,,,Unknown,https://baileynelson.com.au/pages/optometrist-claremont,2026-07-23T01:01:27+00:00
OPSM,opsm-1418,OPSM CLAREMONT,Active,WA,Claremont,6010,"9 Bayview Terrace, Claremont, WA, 6010",(08) 9383 3943,-31.98223,115.77959,https://www.opsm.com.au/en/opsm-au/find-store,"Kids Vision Centre, Collect & Return",false,,,Main Street / Street-front,Medium,Official address is a numbered or corner street address without centre evidence,,,,,Unknown,https://www.opsm.com.au/en/opsm-au/find-store,2026-07-23T00:26:21+00:00
OPSM,opsm-1059,OPSM Ocean Keys,Active,WA,Clarkson,6030,"36 Ocean Keys Blvd, Clarkson, WA, 6030",(08) 9407 9166,-31.69123,115.71794,https://www.opsm.com.au/en/opsm-au/find-store,Collect & Return,false,,,Unclassified,Low,Insufficient official venue or street evidence,,,,,Unknown,https://www.opsm.com.au/en/opsm-au/find-store,2026-07-23T00:26:21+00:00
Specsavers,specsavers-3287,Clarkson Ocean Keys S/C,Active,WA,Clarkson,6030,"Shop 133, Ocean Keys Shopping Centre, 36 Ocean Keys Boulevard, Clarkson, WA, 6030",(08) 9407 7023,-31.690157,115.71802,https://www.specsavers.com.au/stores/clarkson,Optometry; Audiology,true,Clarkson Ocean Keys Shopping Centre,wa-clarkson-keys-ocean,Shopping Centre,High,Official name/address contains shopping-centre evidence,,,,,Unknown,https://www.specsavers.com.au/stores/clarkson,2026-07-23T00:53:33.174Z
OPSM,opsm-7047,OPSM Belmont Forum,Active,WA,Cloverdale,6105,"227 Belmont Ave, Cloverdale, WA, 6105",(08) 9277 6023,-31.96409,115.93592,https://www.opsm.com.au/en/opsm-au/find-store,,false,,,Main Street / Street-front,Medium,Official address is a numbered or corner street address without centre evidence,,,,,Unknown,https://www.opsm.com.au/en/opsm-au/find-store,2026-07-23T00:26:21+00:00
Specsavers,specsavers-3249,Belmont Forum,Active,WA,Cloverdale,6105,"Shop 24 Belmont Forum Shopping Centre, 227 Belmont Avenue, Cloverdale, WA, 6105",(08) 9277 7361,-31.96519,115.93483,https://www.specsavers.com.au/stores/belmontforum,Optometry; Audiology,true,,,Shopping Centre,High,Official name/address contains shopping-centre evidence,,,,,Unknown,https://www.specsavers.com.au/stores/belmontforum,2026-07-23T00:53:33.174Z
OPSM,opsm-1561,OPSM Collie,Active,WA,Collie,6225,"56-58 Forrest St, Collie, WA, 6225",(08) 9734 3800,-33.35865,116.15416,https://www.opsm.com.au/en/opsm-au/find-store,Collect & Return,false,,,Main Street / Street-front,Medium,Official address is a numbered or corner street address without centre evidence,,,,,Unknown,https://www.opsm.com.au/en/opsm-au/find-store,2026-07-23T00:26:21+00:00
OPSM,opsm-2985,OPSM Cottesloe,Active,WA,Cottesloe,6011,"Napoleon St, Cottesloe, WA, 6011",(08) 6488 0691,-31.99783,115.76128,https://www.opsm.com.au/en/opsm-au/find-store,Collect & Return,false,,,Main Street / Street-front,Low,Official address contains street evidence but needs review,,,,,Unknown,https://www.opsm.com.au/en/opsm-au/find-store,2026-07-23T00:26:21+00:00
Specsavers,specsavers-3688,Currambine,Active,WA,Currambine,6028,"SP013 Currrambine Central, 1244 Marmion Avenue, Currambine, WA, 6028",(08) 6300 3333,-31.741562,115.739525,https://www.specsavers.com.au/stores/currambine,Optometry; Audiology,true,,,Main Street / Street-front,Medium,Official address is a numbered or corner street address without centre evidence,,,,,Unknown,https://www.specsavers.com.au/stores/currambine,2026-07-23T00:53:33.174Z
OPSM,opsm-1571,OPSM Dianella,Active,WA,Dianella,6059,"Cnr Alexander Dr & Grand Promenade, Dianella, WA, 6059",(08) 9276 4871,-31.89566,115.87183,https://www.opsm.com.au/en/opsm-au/find-store,Collect & Return,false,,,Unclassified,Low,Insufficient official venue or street evidence,,,,,Unknown,https://www.opsm.com.au/en/opsm-au/find-store,2026-07-23T00:26:21+00:00
Specsavers,specsavers-3452,Eaton Fair S/C,Active,WA,Eaton,6232,"Shop 21, Eaton Fair Shopping Centre, Cnr Eaton & Recreation Drive, Eaton, WA, 6232",(08) 9725 3542,-33.320248,115.71923,https://www.specsavers.com.au/stores/eaton,Optometry; Audiology,true,Eaton Fair Shopping Centre,wa-eaton-fair,Shopping Centre,High,Official name/address contains shopping-centre evidence,,,,,Unknown,https://www.specsavers.com.au/stores/eaton,2026-07-23T00:53:33.174Z
OPSM,opsm-1557,OPSM Ellenbrook,Active,WA,Ellenbrook,6069,"Cnr Main St & The Promenade, Ellenbrook, WA, 6069",(08) 9296 9400,-31.78222,115.97026,https://www.opsm.com.au/en/opsm-au/find-store,Collect & Return,false,,,Unclassified,Low,Insufficient official venue or street evidence,,,,,Unknown,https://www.opsm.com.au/en/opsm-au/find-store,2026-07-23T00:26:21+00:00
Specsavers,specsavers-3486,Ellenbrook Central,Active,WA,Ellenbrook,6069,"G-087 Ellenbrook Central, Cnr The Promenade & Pinaster Pde, Ellenbrook, WA, 6069",(08) 6296 5588,-31.782362,115.971245,https://www.specsavers.com.au/stores/ellenbrook,Optometry; Audiology,true,,,Unclassified,Low,Insufficient official venue or street evidence,,,,,Unknown,https://www.specsavers.com.au/stores/ellenbrook,2026-07-23T00:53:33.174Z
OPSM,opsm-1567,OPSM Esperance,Active,WA,Esperance,6450,"1 Forrest Rd, Esperance, WA, 6450",(08) 9071 4586,-33.85814,121.89086,https://www.opsm.com.au/en/opsm-au/find-store,Collect & Return,false,,,Main Street / Street-front,Medium,Official address is a numbered or corner street address without centre evidence,,,,,Unknown,https://www.opsm.com.au/en/opsm-au/find-store,2026-07-23T00:26:21+00:00
OPSM,opsm-1112,OPSM Floreat,Active,WA,Floreat,6014,"1 Howtree Pl, Floreat, WA, 6014",(08) 9287 1839,-31.93754,115.79281,https://www.opsm.com.au/en/opsm-au/find-store,"Kids Vision Centre, Collect & Return",false,,,Unclassified,Low,Insufficient official venue or street evidence,,,,,Unknown,https://www.opsm.com.au/en/opsm-au/find-store,2026-07-23T00:26:21+00:00
Bailey Nelson,bailey-nelson-fremantle,Bailey Nelson Fremantle,Active,WA,Fremantle,6160,"71 Market Street, Fremantle, WA, 6160",+61861499474,-32.0549593,115.7464942,https://baileynelson.com.au/pages/optometrist-fremantle,Optometry Services; Bulk-Billed Eye Tests; Private Eye Tests from $65; Contact Lens Eye Tests; Visual Fields Testing; Ultra-wide retinal imaging; Optical & Sunglass styling; Free frame adjustments,false,,,Main Street / Street-front,Medium,Official address is a numbered or corner street address without centre evidence,,,,,Unknown,https://baileynelson.com.au/pages/optometrist-fremantle,2026-07-23T01:01:27+00:00
OPSM,opsm-1083,OPSM Fremantle,Active,WA,Fremantle,6160,"89 Market St, Fremantle, WA, 6160",(08) 9335 3066,-32.05547,115.74673,https://www.opsm.com.au/en/opsm-au/find-store,Collect & Return,false,,,Main Street / Street-front,Medium,Official address is a numbered or corner street address without centre evidence,,,,,Unknown,https://www.opsm.com.au/en/opsm-au/find-store,2026-07-23T00:26:21+00:00
Specsavers,specsavers-3424,Fremantle,Active,WA,Fremantle,6160,"Manning Arcade, GT25, 131-135 High Street, Fremantle, WA, 6160",(08) 9335 1388,-32.054436,115.74713,https://www.specsavers.com.au/stores/fremantle,Optometry; Audiology,true,Manning Arcade,wa-arcade-manning,Shopping Centre,High,Official name/address contains shopping-centre evidence,,,,,Unknown,https://www.specsavers.com.au/stores/fremantle,2026-07-23T00:53:33.174Z
OPSM,opsm-1354,OPSM Geraldton,Active,WA,Geraldton,6530,"110 Chapman Rd, Geraldton, WA, 6530",(08) 9964 4711,-28.76711,114.61651,https://www.opsm.com.au/en/opsm-au/find-store,Collect & Return,false,,,Main Street / Street-front,Medium,Official address is a numbered or corner street address without centre evidence,,,,,Unknown,https://www.opsm.com.au/en/opsm-au/find-store,2026-07-23T00:26:21+00:00
Specsavers,specsavers-3535,Geraldton,Active,WA,Geraldton,6530,"Shop SP024 Stirlings Central, 54 Sanford Street, Geraldton, WA, 6530",(08) 9964 7555,-28.774824,114.61191,https://www.specsavers.com.au/stores/geraldton,Optometry,false,,,Shopping Centre,Medium,Official address uses a shop/level format; venue name requires review,,,,,Unknown,https://www.specsavers.com.au/stores/geraldton,2026-07-23T00:53:33.174Z
Specsavers,specsavers-3579,Halls Head,Active,WA,Halls Head,6210,"Shop SP041 & Portion of SP042 Halls Head Central, 14 Guava Way, Halls Head, WA, 6210",(08) 9534 7755,-32.550304,115.70199,https://www.specsavers.com.au/stores/hallshead,Optometry; Audiology,true,,,Shopping Centre,Medium,Official address uses a shop/level format; venue name requires review,,,,,Unknown,https://www.specsavers.com.au/stores/hallshead,2026-07-23T00:53:33.174Z
Specsavers,specsavers-3649,Harrisdale,Active,WA,Harrisdale,6112,"Corner Nicholson Rd & Yellowwood Ave, Harrisdale Stockland S/C, Harrisdale, WA, 6112",(08) 9451 7981,-32.127598,115.9266,https://www.specsavers.com.au/stores/harrisdale,Optometry; Audiology,true,Harrisdale Stockland Shopping Centre,wa-harrisdale-stockland,Shopping Centre,High,Official name/address contains shopping-centre evidence,,,,,Unknown,https://www.specsavers.com.au/stores/harrisdale,2026-07-23T00:53:33.174Z
OPSM,opsm-1447,OPSM Whitford City,Active,WA,Hillarys,6025,"Whitfords Ave & Marmion Ave, Hillarys, WA, 6025",(08) 9307 7960,-31.79707,115.74863,https://www.opsm.com.au/en/opsm-au/find-store,Collect & Return,false,,,Main Street / Street-front,Low,Official address contains street evidence but needs review,,,,,Unknown,https://www.opsm.com.au/en/opsm-au/find-store,2026-07-23T00:26:21+00:00
Specsavers,specsavers-3364,Whitford Westfield City,Active,WA,Hillarys,6025,"Westfield Whitford City, Shop 216, Cnr Marmion & Whitfords Avenue, Hillarys, WA, 6025",(08) 9401 5022,-31.796915,115.74951,https://www.specsavers.com.au/stores/whitford,Optometry; Audiology,true,Whitford Westfield City,wa-city-westfield-whitford,Shopping Centre,High,Official name/address contains shopping-centre evidence,,,,,Unknown,https://www.specsavers.com.au/stores/whitford,2026-07-23T00:53:33.174Z
OPSM,opsm-1361,OPSM Innaloo,Active,WA,Innaloo,6018,"Ellen Sterling Boulevard, Innaloo, WA, 6018",(08) 9244 4300,-31.9013,115.79995,https://www.opsm.com.au/en/opsm-au/find-store,Collect & Return,false,,,Main Street / Street-front,Low,Official address contains street evidence but needs review,,,,,Unknown,https://www.opsm.com.au/en/opsm-au/find-store,2026-07-23T00:26:21+00:00
Specsavers,specsavers-3473,Innaloo Westfield,Active,WA,Innaloo,6018,"Innaloo Westfield, Ellen Stirling Boulevard, Innaloo, WA, 6018",(08) 9204 1336,-31.901112,115.799706,https://www.specsavers.com.au/stores/innaloo,Optometry; Audiology,true,Innaloo Westfield,wa-innaloo-westfield,Shopping Centre,High,Official name/address contains shopping-centre evidence,,,,,Unknown,https://www.specsavers.com.au/stores/innaloo,2026-07-23T00:53:33.174Z
Bailey Nelson,bailey-nelson-joondalup,Bailey Nelson Joondalup,Active,WA,Joondalup,6027,"420 Joondalup Drive, Joondalup, WA, 6027",+61861499470,-31.7442957,115.767223,https://baileynelson.com.au/pages/optometrist-joondalup,Optometry Services; Bulk-Billed Eye Tests; Private Eye Tests from $65; Contact Lens Eye Tests; Visual Fields Testing; Ultra-wide retinal imaging; Optical & Sunglass styling; Free frame adjustments,false,,,Main Street / Street-front,Medium,Official address is a numbered or corner street address without centre evidence,,,,,Unknown,https://baileynelson.com.au/pages/optometrist-joondalup,2026-07-23T01:01:27+00:00
OPSM,opsm-1404,OPSM Joondalup,Active,WA,Joondalup,6027,"420 Joondalup Dr, Joondalup, WA, 6027",(08) 9300 0377,-31.7441,115.76621,https://www.opsm.com.au/en/opsm-au/find-store,Collect & Return,false,,,Unclassified,Low,Insufficient official venue or street evidence,,,,,Unknown,https://www.opsm.com.au/en/opsm-au/find-store,2026-07-23T00:26:21+00:00
Specsavers,specsavers-3247,Joondalup Lakeside S/City,Active,WA,Joondalup,6027,"420 Joondalup Drive, Shop T015, Lakeside Joondalup Shopping City, Joondalup, WA, 6027",(08) 9300 9033,-31.74256,115.76625,https://www.specsavers.com.au/stores/joondalup,Optometry; Audiology,true,Joondalup Lakeside S/City,wa-city-joondalup-lakeside-s,Shopping Centre,High,Official name/address contains shopping-centre evidence,,,,,Unknown,https://www.specsavers.com.au/stores/joondalup,2026-07-23T00:53:33.174Z
OPSM,opsm-7011,OPSM KALAMUNDA,Active,WA,Kalamunda,6076,"39 Railway Rd, Kalamunda, WA, 6076",(08) 9257 2911,-31.969,116.063,https://www.opsm.com.au/en/opsm-au/find-store,,false,,,Main Street / Street-front,Medium,Official address is a numbered or corner street address without centre evidence,,,,,Unknown,https://www.opsm.com.au/en/opsm-au/find-store,2026-07-23T00:26:21+00:00
Specsavers,specsavers-3237,Kalamunda Central,Active,WA,Kalamunda,6076,"SP010 Centro Kalamunda, 39 Railway Road, Kalamunda, WA, 6076",(08) 9293 1820,-31.97244,116.0597,https://www.specsavers.com.au/stores/kalamunda,Optometry; Audiology,true,,,Main Street / Street-front,Medium,Official address is a numbered or corner street address without centre evidence,,,,,Unknown,https://www.specsavers.com.au/stores/kalamunda,2026-07-23T00:53:33.174Z
OPSM,opsm-1007,OPSM Kalgoorlie,Active,WA,Kalgoorlie,6430,"296 Hannan St, Kalgoorlie, WA, 6430",(08) 9091 4442,-30.74833,121.47098,https://www.opsm.com.au/en/opsm-au/find-store,Collect & Return,false,,,Main Street / Street-front,Medium,Official address is a numbered or corner street address without centre evidence,,,,,Unknown,https://www.opsm.com.au/en/opsm-au/find-store,2026-07-23T00:26:21+00:00
Specsavers,specsavers-3493,Kalgoorlie Woolworths Centre,Active,WA,Kalgoorlie,6430,"Kalgoorlie Plaza S/C, 8/340 Hannan St, Kalgoorlie, WA, 6430",(08) 9021 2037,-30.749153,121.47,https://www.specsavers.com.au/stores/kalgoorlie,Optometry,false,Kalgoorlie Woolworths Centre,wa-kalgoorlie-woolworths,Shopping Centre,High,Official name/address contains shopping-centre evidence,,,,,Unknown,https://www.specsavers.com.au/stores/kalgoorlie,2026-07-23T00:53:33.174Z
Specsavers,specsavers-3231,Waterford Village Green,Active,WA,Karawara,6152,"Shop 10, Village Green, 230 Manning Rd, Karawara, WA, 6152",(08) 9313 1433,-32.010624,115.886055,https://www.specsavers.com.au/stores/waterford,Optometry,false,Waterford Village Green,wa-green-village-waterford,Shopping Centre,High,Official name/address contains shopping-centre evidence,,,,,Unknown,https://www.specsavers.com.au/stores/waterford,2026-07-23T00:53:33.174Z
OPSM,opsm-1233,OPSM Karratha,Active,WA,Karratha,6714,"12-42 Welcome Rd, Karratha, WA, 6714",(08) 9143 1208,-20.73557,116.84575,https://www.opsm.com.au/en/opsm-au/find-store,Collect & Return,false,,,Main Street / Street-front,Medium,Official address is a numbered or corner street address without centre evidence,,,,,Unknown,https://www.opsm.com.au/en/opsm-au/find-store,2026-07-23T00:26:21+00:00
Specsavers,specsavers-3686,Karratha,Active,WA,Karratha,6714,"SP007 Karratha City Plaza, 16 Sharpe Avenue, Karratha, WA, 6714",(08) 9112 1011,-20.73569,116.84618,https://www.specsavers.com.au/stores/karratha,Optometry,false,SP007 Karratha City Plaza,wa-city-karratha-plaza-sp007,Shopping Centre,High,Official name/address contains shopping-centre evidence,,,,,Unknown,https://www.specsavers.com.au/stores/karratha,2026-07-23T00:53:33.174Z
OPSM,opsm-1370,OPSM Karrinyup,Active,WA,Karrinyup,6018,"200 Karrinyup Rd, Karrinyup, WA, 6018",(08) 9446 5994,-31.87684,115.77838,https://www.opsm.com.au/en/opsm-au/find-store,Collect & Return,false,,,Main Street / Street-front,Medium,Official address is a numbered or corner street address without centre evidence,,,,,Unknown,https://www.opsm.com.au/en/opsm-au/find-store,2026-07-23T00:26:21+00:00
Specsavers,specsavers-3436,Karrinyup S/C,Active,WA,Karrinyup,6018,"200 Karrinyup Road, SPO230/1 Karrinyup Shopping Centre, Karrinyup, WA, 6018",(08) 9446 6211,-31.877384,115.77818,https://www.specsavers.com.au/stores/karrinyup,Optometry; Audiology,true,Karrinyup Shopping Centre,wa-karrinyup,Shopping Centre,High,Official name/address contains shopping-centre evidence,,,,,Unknown,https://www.specsavers.com.au/stores/karrinyup,2026-07-23T00:53:33.174Z
OPSM,opsm-4636,OPSM Kwinana,Active,WA,Kwinana,6167,"4 Chisham Ave, Kwinana, WA, 6167",(08) 9419 1056,-32.24485,115.81466,https://www.opsm.com.au/en/opsm-au/find-store,"Dry Eye, Kids Vision Centre",false,,,Main Street / Street-front,Medium,Official address is a numbered or corner street address without centre evidence,,,,,Unknown,https://www.opsm.com.au/en/opsm-au/find-store,2026-07-23T00:26:21+00:00
Specsavers,specsavers-3615,Kwinana,Active,WA,Kwinana Town Centre,6167,"Shop 81 Kwinana Marketplace, 4 Chisham Avenue, Kwinana Town Centre, WA, 6167",(08) 6197 7208,-32.245247,115.81453,https://www.specsavers.com.au/stores/kwinana,Optometry; Audiology,true,,,Shopping Centre,High,Official name/address contains shopping-centre evidence,,,,,Unknown,https://www.specsavers.com.au/stores/kwinana,2026-07-23T00:53:33.174Z
Specsavers,specsavers-3676,Lakelands,Active,WA,Lakelands,6180,"Shop 22-23 Lakelands Shopping Centre, Mandurah Road, Lakelands, WA, 6180",(08) 9523 1191,-32.47093,115.760254,https://www.specsavers.com.au/stores/lakelands,Optometry; Audiology,true,,,Shopping Centre,High,Official name/address contains shopping-centre evidence,,,,,Unknown,https://www.specsavers.com.au/stores/lakelands,2026-07-23T00:53:33.174Z
OPSM,opsm-1427,OPSM Maddington,Active,WA,Maddington,6109,"143 Attfield St, Maddington, WA, 6109",(08) 9459 9599,-32.0531,115.9774,https://www.opsm.com.au/en/opsm-au/find-store,Collect & Return,false,,,Main Street / Street-front,Medium,Official address is a numbered or corner street address without centre evidence,,,,,Unknown,https://www.opsm.com.au/en/opsm-au/find-store,2026-07-23T00:26:21+00:00
Specsavers,specsavers-3433,Maddington Centro S/C,Active,WA,Maddington,6109,"SP054, Centro Maddington S/C, 43 Attfield Street, Maddington, WA, 6109",(08) 9459 6182,-32.05306,115.97833,https://www.specsavers.com.au/stores/maddington,Optometry; Audiology,true,Maddington Centro Shopping Centre,wa-centro-maddington,Shopping Centre,High,Official name/address contains shopping-centre evidence,,,,,Unknown,https://www.specsavers.com.au/stores/maddington,2026-07-23T00:53:33.174Z
Specsavers,specsavers-3451,Madeley Kingsway City S/C,Active,WA,Madeley,6065,"46/168 Wanneroo Road, Shop 17/18a, Madeley, WA, 6065",(08) 9309 1344,-31.818182,115.823425,https://www.specsavers.com.au/stores/madeley,Optometry; Audiology,true,Madeley Kingsway City Shopping Centre,wa-city-kingsway-madeley,Shopping Centre,High,Official name/address contains shopping-centre evidence,,,,,Unknown,https://www.specsavers.com.au/stores/madeley,2026-07-23T00:53:33.174Z
OPSM,opsm-1517,OPSM Halls Head,Active,WA,Mandurah,6210,"14 Guava Way, Mandurah, WA, 6210",(08) 9581 2777,-32.54888,115.70342,https://www.opsm.com.au/en/opsm-au/find-store,Collect & Return,false,,,Unclassified,Low,Insufficient official venue or street evidence,,,,,Unknown,https://www.opsm.com.au/en/opsm-au/find-store,2026-07-23T00:26:21+00:00
OPSM,opsm-1405,OPSM Mandurah Forum,Active,WA,Mandurah,6210,"330 Pinjarra Rd, Mandurah, WA, 6210",(08) 6488 0660,-32.53551,115.74374,https://www.opsm.com.au/en/opsm-au/find-store,Collect & Return,false,,,Main Street / Street-front,Medium,Official address is a numbered or corner street address without centre evidence,,,,,Unknown,https://www.opsm.com.au/en/opsm-au/find-store,2026-07-23T00:26:21+00:00
Specsavers,specsavers-3553,Mandurah Forum,Active,WA,Mandurah,6210,"Shop 142, Mandurah Forum, 330 Pinjarra Road, Mandurah, WA, 6210",(08) 9535 2988,-32.53552,115.74203,https://www.specsavers.com.au/stores/mandurahforum,Optometry; Audiology,true,,,Shopping Centre,Medium,Official address uses a shop/level format; venue name requires review,,,,,Unknown,https://www.specsavers.com.au/stores/mandurahforum,2026-07-23T00:53:33.174Z
Specsavers,specsavers-3227,Manjimup,Active,WA,Manjimup,6258,"56 Giblett St, Manjimup, WA, 6258",(08) 9777 1699,-34.242504,116.14611,https://www.specsavers.com.au/stores/manjimup,Optometry,false,,,Main Street / Street-front,Medium,Official address is a numbered or corner street address without centre evidence,,,,,Unknown,https://www.specsavers.com.au/stores/manjimup,2026-07-23T00:53:33.174Z
OPSM,opsm-1115,OPSM Margaret River,Active,WA,Margaret River,6285,"145 Bussell Hwy, Margaret River, WA, 6285",(08) 9757 3370,-33.95295,115.07377,https://www.opsm.com.au/en/opsm-au/find-store,"Kids Vision Centre, Collect & Return",false,,,Main Street / Street-front,Medium,Official address is a numbered or corner street address without centre evidence,,,,,Unknown,https://www.opsm.com.au/en/opsm-au/find-store,2026-07-23T00:26:21+00:00
OPSM,opsm-1281,OPSM Midland Gate,Active,WA,Midland,6056,"274 Great Eastern Hwy, Midland, WA, 6056",(08) 9274 3565,-31.88979,116.01051,https://www.opsm.com.au/en/opsm-au/find-store,"Dry Eye, Collect & Return",false,,,Main Street / Street-front,Medium,Official address is a numbered or corner street address without centre evidence,,,,,Unknown,https://www.opsm.com.au/en/opsm-au/find-store,2026-07-23T00:26:21+00:00
Specsavers,specsavers-3238,Midland - The Crescent,Active,WA,Midland,6056,"1 The Crescent, Midland, WA, 6056",(08) 9274 3193,-31.889307,116.00343,https://www.specsavers.com.au/stores/midland,Optometry; Audiology,true,,,Unclassified,Low,Insufficient official venue or street evidence,,,,,Unknown,https://www.specsavers.com.au/stores/midland,2026-07-23T00:53:33.174Z
Specsavers,specsavers-3504,Midland Gate S/C,Active,WA,Midland,6056,"Shop T008 & T009 274 Great Eastern Highway, Midland Gate Shopping Centre, Midland, WA, 6056",(08) 9250 6311,-31.890009,116.01107,https://www.specsavers.com.au/stores/midlandgate,Optometry; Audiology,true,Midland Gate Shopping Centre,wa-gate-midland,Shopping Centre,High,Official name/address contains shopping-centre evidence,,,,,Unknown,https://www.specsavers.com.au/stores/midlandgate,2026-07-23T00:53:33.174Z
OPSM,opsm-2280,OPSM Mirrabooka,Active,WA,Mirrabooka,6061,"43 Yirrigan Dr, Mirrabooka, WA, 6061",(08) 9344 4344,-31.87051,115.86233,https://www.opsm.com.au/en/opsm-au/find-store,Collect & Return,false,,,Unclassified,Low,Insufficient official venue or street evidence,,,,,Unknown,https://www.opsm.com.au/en/opsm-au/find-store,2026-07-23T00:26:21+00:00
Specsavers,specsavers-3365,Mirrabooka Square S/C,Active,WA,Mirrabooka,6061,"Shop G083, Mirrabooka Square S/C, 43 Yirrigan Drive, Mirrabooka, WA, 6061",(08) 9440 0503,-31.871145,115.862495,https://www.specsavers.com.au/stores/mirrabooka,Optometry; Audiology,true,Mirrabooka Square Shopping Centre,wa-mirrabooka-square,Shopping Centre,High,Official name/address contains shopping-centre evidence,,,,,Unknown,https://www.specsavers.com.au/stores/mirrabooka,2026-07-23T00:53:33.174Z
OPSM,opsm-1198,OPSM Morley Galleria,Active,WA,Morley,6062,"Cnr Collier Rd & Walter Rd W, Morley, WA, 6062",(08) 9276 5856,-31.89777,115.89937,https://www.opsm.com.au/en/opsm-au/find-store,Collect & Return,false,Morley Galleria,wa-galleria-morley,Shopping Centre,High,Official name/address contains shopping-centre evidence,,,,,Unknown,https://www.opsm.com.au/en/opsm-au/find-store,2026-07-23T00:26:21+00:00
Specsavers,specsavers-3554,Morley Galleria Ground Floor,Active,WA,Morley,6062,"Shop SP046, Galleria Shopping Centre, Cnr Collier & Walter Roads, Morley, WA, 6062",(08) 9275 4111,-31.898739,115.90048,https://www.specsavers.com.au/stores/morleysouth,Optometry; Audiology,true,Morley Galleria Ground Floor,wa-floor-galleria-ground-morley,Shopping Centre,High,Official name/address contains shopping-centre evidence,,,,,Unknown,https://www.specsavers.com.au/stores/morleysouth,2026-07-23T00:53:33.174Z
OPSM,opsm-1425,OPSM Mt Hawthorn,Active,WA,Mount Hawthorn,6016,"180 Scarborough Beach Rd, Mount Hawthorn, WA, 6016",(08) 9443 5266,-31.92046,115.83725,https://www.opsm.com.au/en/opsm-au/find-store,Collect & Return,false,,,Main Street / Street-front,Medium,Official address is a numbered or corner street address without centre evidence,,,,,Unknown,https://www.opsm.com.au/en/opsm-au/find-store,2026-07-23T00:26:21+00:00
OPSM,opsm-1365,OPSM Northam,Active,WA,Northam,6401,"171 Fitzgerald St, Northam, WA, 6401",(08) 9622 3363,-31.65412,116.6724,https://www.opsm.com.au/en/opsm-au/find-store,Collect & Return,false,,,Main Street / Street-front,Medium,Official address is a numbered or corner street address without centre evidence,,,,,Unknown,https://www.opsm.com.au/en/opsm-au/find-store,2026-07-23T00:26:21+00:00
Specsavers,specsavers-3617,Northam,Active,WA,Northam,6401,"Shop T22, Northam Boulevard Shopping Center, Northam, WA, 6401",(08) 9670 3666,-31.654139,116.672295,https://www.specsavers.com.au/stores/northam,Optometry,false,Northam Boulevard Shopping Center,wa-boulevard-northam,Shopping Centre,High,Official name/address contains shopping-centre evidence,,,,,Unknown,https://www.specsavers.com.au/stores/northam,2026-07-23T00:53:33.174Z
Bailey Nelson,bailey-nelson-state-buildings-perth,Bailey Nelson State Buildings Perth CBD,Active,WA,Perth,6000,"Corner Barrack Street and St George's Terrace, Perth, WA, 6000",+61861499471,-31.9555478,115.8600234,https://baileynelson.com.au/pages/optometrist-state-buildings-perth,Optometry Services; Bulk-Billed Eye Tests; Private Eye Tests from $65; Contact Lens Eye Tests; Visual Fields Testing; Ultra-wide retinal imaging; Optical & Sunglass styling; Free frame adjustments,false,,,Main Street / Street-front,Medium,Official address is a numbered or corner street address without centre evidence,,,,,Unknown,https://baileynelson.com.au/pages/optometrist-state-buildings-perth,2026-07-23T01:01:27+00:00
OPSM,opsm-1082,OPSM Perth Hay St,Active,WA,Perth,6000,"726 Hay St, Perth, WA, 6000",(08) 9321 5333,-31.95336,115.85743,https://www.opsm.com.au/en/opsm-au/find-store,Collect & Return,false,,,Main Street / Street-front,Medium,Official address is a numbered or corner street address without centre evidence,,,,,Unknown,https://www.opsm.com.au/en/opsm-au/find-store,2026-07-23T00:26:21+00:00
Specsavers,specsavers-3239,Perth CBD - Cloisters,Active,WA,Perth,6000,"200 Saint Georges Terrace, Suite 4, Cloisters Square, Perth, WA, 6000",(08) 9321 9576,-31.952927,115.85338,https://www.specsavers.com.au/stores/perthterrace,Optometry,false,Cloisters Square,wa-cloisters-square,Shopping Centre,High,Official name/address contains shopping-centre evidence,,,,,Unknown,https://www.specsavers.com.au/stores/perthterrace,2026-07-23T00:53:33.174Z
Specsavers,specsavers-3481,Perth CBD - Murray St Mall,Active,WA,Perth,6000,"Ground Floor, 159 Murray Street Mall, 97-99 Barrack Street, Perth, WA, 6000",(08) 9202 1280,-31.95301,115.85913,https://www.specsavers.com.au/stores/perthmurraystmall,Optometry,false,Murray St Mall,wa-murray-st,Shopping Centre,High,Official name/address contains shopping-centre evidence,,,,,Unknown,https://www.specsavers.com.au/stores/perthmurraystmall,2026-07-23T00:53:33.174Z
OPSM,opsm-1369,OPSM Riverton,Active,WA,Riverton,6148,"High Rd & Willeri Rd, Riverton, WA, 6148",(08) 9354 1733,-32.03971,115.90569,https://www.opsm.com.au/en/opsm-au/find-store,Collect & Return,false,,,Main Street / Street-front,Low,Official address contains street evidence but needs review,,,,,Unknown,https://www.opsm.com.au/en/opsm-au/find-store,2026-07-23T00:26:21+00:00
Specsavers,specsavers-3443,Riverton Stockland,Active,WA,Riverton,6148,"Shop 11 & 11B Riverton Forum Shopping Centre, Cnr High Road & Willeri Drive, Riverton, WA, 6148",(08) 9259 4053,-32.039955,115.90556,https://www.specsavers.com.au/stores/riverton,Optometry; Audiology,true,& 11B Riverton Forum Shopping Centre,wa-11b-and-forum-riverton,Shopping Centre,High,Official name/address contains shopping-centre evidence,,,,,Unknown,https://www.specsavers.com.au/stores/riverton,2026-07-23T00:53:33.174Z
OPSM,opsm-1285,OPSM Rockingham,Active,WA,Rockingham,6168,"1 Council Ave, Rockingham, WA, 6168",(08) 9527 1444,-32.28955,115.74829,https://www.opsm.com.au/en/opsm-au/find-store,Collect & Return,false,,,Main Street / Street-front,Medium,Official address is a numbered or corner street address without centre evidence,,,,,Unknown,https://www.opsm.com.au/en/opsm-au/find-store,2026-07-23T00:26:21+00:00
Specsavers,specsavers-3228,Rockingham S/C,Active,WA,Rockingham,6168,"Shop T138, 1 Council Ave, Rockingham, WA, 6168",(08) 9527 5122,-32.290062,115.74285,https://www.specsavers.com.au/stores/rockingham,Optometry; Audiology,true,Rockingham Shopping Centre,wa-rockingham,Shopping Centre,High,Official name/address contains shopping-centre evidence,,,,,Unknown,https://www.specsavers.com.au/stores/rockingham,2026-07-23T00:53:33.174Z
OPSM,opsm-2933,OPSM Secret Harbour,Active,WA,Secret Harbour,6173,"Secret Harbour Blvd, Secret Harbour, WA, 6173",(08) 6149 5423,-32.40769,115.75829,https://www.opsm.com.au/en/opsm-au/find-store,"Kids Vision Centre, Collect & Return",false,,,Unclassified,Low,Insufficient official venue or street evidence,,,,,Unknown,https://www.opsm.com.au/en/opsm-au/find-store,2026-07-23T00:26:21+00:00
OPSM,opsm-1042,OPSM South Hedland,Active,WA,South Hedland,6722,"9/31 Throssel Rd, South Hedland, WA, 6722",(08) 9140 2323,-20.41027,118.59987,https://www.opsm.com.au/en/opsm-au/find-store,Collect & Return,false,,,Main Street / Street-front,Medium,Official address is a numbered or corner street address without centre evidence,,,,,Unknown,https://www.opsm.com.au/en/opsm-au/find-store,2026-07-23T00:26:21+00:00
OPSM,opsm-2354,OPSM South Perth,Active,WA,South Perth,6151,"90 Angelo St, South Perth, WA, 6151",(08) 9367 2789,-31.98085,115.86383,https://www.opsm.com.au/en/opsm-au/find-store,Collect & Return,false,,,Main Street / Street-front,Medium,Official address is a numbered or corner street address without centre evidence,,,,,Unknown,https://www.opsm.com.au/en/opsm-au/find-store,2026-07-23T00:26:21+00:00
OPSM,opsm-1426,OPSM Phoenix,Active,WA,Spearwood,6163,"254 Rockingham Rd, Spearwood, WA, 6163",(08) 9418 5000,-32.09791,115.78462,https://www.opsm.com.au/en/opsm-au/find-store,Collect & Return,false,,,Main Street / Street-front,Medium,Official address is a numbered or corner street address without centre evidence,,,,,Unknown,https://www.opsm.com.au/en/opsm-au/find-store,2026-07-23T00:26:21+00:00
Specsavers,specsavers-3464,Spearwood - Phoenix S/C,Active,WA,Spearwood,6163,"28/254 Rockingham Rd, Spearwood, WA, 6163",(08) 9418 1242,-32.098,115.78342,https://www.specsavers.com.au/stores/spearwood,Optometry; Audiology,true,,,Shopping Centre,High,Official name/address contains shopping-centre evidence,,,,,Unknown,https://www.specsavers.com.au/stores/spearwood,2026-07-23T00:53:33.174Z
OPSM,opsm-1288,OPSM Subiaco,Active,WA,Subiaco,6008,"30 Rokeby Rd, Subiaco, WA, 6008",(08) 9388 1706,-31.94653,115.82417,https://www.opsm.com.au/en/opsm-au/find-store,Collect & Return,false,,,Main Street / Street-front,Medium,Official address is a numbered or corner street address without centre evidence,,,,,Unknown,https://www.opsm.com.au/en/opsm-au/find-store,2026-07-23T00:26:21+00:00
Specsavers,specsavers-3644,Subiaco,Active,WA,Subiaco,6008,"Shop 13, Rogerson Building, 1 Rokeby Road, Subiaco, WA, 6008",(08) 9335 1165,-31.945864,115.82391,https://www.specsavers.com.au/stores/subiaco,Optometry; Audiology,true,,,Shopping Centre,Medium,Official address uses a shop/level format; venue name requires review,,,,,Unknown,https://www.specsavers.com.au/stores/subiaco,2026-07-23T00:53:33.174Z
OPSM,opsm-1424,OPSM Gateways,Active,WA,Success,6164,"816 Beeliar Dr, Success, WA, 6164",(08) 9498 5855,-32.13112,115.85798,https://www.opsm.com.au/en/opsm-au/find-store,"Kids Vision Centre, Collect & Return",false,,,Unclassified,Low,Insufficient official venue or street evidence,,,,,Unknown,https://www.opsm.com.au/en/opsm-au/find-store,2026-07-23T00:26:21+00:00
Specsavers,specsavers-3434,Success - Cockburn Gateway S/C,Active,WA,Success,6164,"Shop G105 Cockburn Gateway S/C, 816 Beelier Drive, Success, WA, 6164",(08) 9499 4699,-32.132576,115.85778,https://www.specsavers.com.au/stores/success,Optometry; Audiology,true,,,Shopping Centre,High,Official name/address contains shopping-centre evidence,,,,,Unknown,https://www.specsavers.com.au/stores/success,2026-07-23T00:53:33.174Z
Specsavers,specsavers-3234,Victoria Park Central,Active,WA,Victoria Park,6100,"Shop SP020 & SP021, Victoria Park Central, 366 Albany Highway, Victoria Park, WA, 6100",(08) 9472 4848,-31.973694,115.89793,https://www.specsavers.com.au/stores/victoriapark,Optometry; Audiology,true,,,Shopping Centre,Medium,Official address uses a shop/level format; venue name requires review,,,,,Unknown,https://www.specsavers.com.au/stores/victoriapark,2026-07-23T00:53:33.174Z
OPSM,opsm-2935,OPSM Wanneroo,Active,WA,Wanneroo,6065,"950 Wanneroo Rd, Wanneroo, WA, 6065",08 6206 0597,-31.75272,115.80512,https://www.opsm.com.au/en/opsm-au/find-store,Collect & Return,false,,,Main Street / Street-front,Medium,Official address is a numbered or corner street address without centre evidence,,,,,Unknown,https://www.opsm.com.au/en/opsm-au/find-store,2026-07-23T00:26:21+00:00
Specsavers,specsavers-3472,Wanneroo Central,Active,WA,Wanneroo,6065,"Shop 24 & 25, Wanneroo Central, Wanneroo Road, Wanneroo, WA, 6065",(08) 9404 8271,-31.75297,115.805084,https://www.specsavers.com.au/stores/wanneroo,Optometry; Audiology,true,,,Shopping Centre,Medium,Official address uses a shop/level format; venue name requires review,,,,,Unknown,https://www.specsavers.com.au/stores/wanneroo,2026-07-23T00:53:33.174Z
OPSM,opsm-1249,OPSM Warnbro,Active,WA,Warnbro,6169,"206 Warnbro Sound Ave, Warnbro, WA, 6169",(08) 9593 0000,-32.34614,115.76261,https://www.opsm.com.au/en/opsm-au/find-store,Collect & Return,false,,,Main Street / Street-front,Medium,Official address is a numbered or corner street address without centre evidence,,,,,Unknown,https://www.opsm.com.au/en/opsm-au/find-store,2026-07-23T00:26:21+00:00
Specsavers,specsavers-3492,Warnbro Centre,Active,WA,Warnbro,6169,"Shop SP021 Warnbro Centre, 206 Warnbro Sound Avenue, Warnbro, WA, 6169",(08) 9593 1488,-32.346214,115.762856,https://www.specsavers.com.au/stores/warnbro,Optometry; Audiology,true,Warnbro Centre,wa-warnbro,Shopping Centre,High,Official name/address contains shopping-centre evidence,,,,,Unknown,https://www.specsavers.com.au/stores/warnbro,2026-07-23T00:53:33.174Z
OPSM,opsm-1077,OPSM Warwick,Active,WA,Warwick,6024,"Cnr Beach Rd & Ernidale Rd, Warwick, WA, 6024",(08) 9246 5588,-31.844,115.81088,https://www.opsm.com.au/en/opsm-au/find-store,Collect & Return,false,,,Main Street / Street-front,Medium,Official address is a numbered or corner street address without centre evidence,,,,,Unknown,https://www.opsm.com.au/en/opsm-au/find-store,2026-07-23T00:26:21+00:00
Specsavers,specsavers-3462,Warwick Grove,Active,WA,Warwick,6024,"Shop SP010 Warwick Grove, Beach Road, Warwick, WA, 6024",(08) 9203 8300,-31.844387,115.81181,https://www.specsavers.com.au/stores/warwick,Optometry; Audiology,true,,,Shopping Centre,Medium,Official address uses a shop/level format; venue name requires review,,,,,Unknown,https://www.specsavers.com.au/stores/warwick,2026-07-23T00:53:33.174Z
Specsavers,specsavers-3395,Willetton-Southlands Blvd,Active,WA,Willetton,6155,"Shop T48, HomeCo. Southlands Boulevarde, 45 Burrendah Boulevard, Willetton, WA, 6155",(08) 9332 5111,-32.05742,115.87984,https://www.specsavers.com.au/stores/willetton,Optometry; Audiology,true,HomeCo. Southlands Boulevarde,wa-boulevarde-homeco-southlands,Shopping Centre,High,Official name/address contains shopping-centre evidence,,,,,Unknown,https://www.specsavers.com.au/stores/willetton,2026-07-23T00:53:33.174Z
Specsavers,specsavers-3229,Winthrop Village S/C,Active,WA,Winthrop,6150,"7/46-50 Somerville Boulevard, Winthrop Village Shopping Centre, Winthrop, WA, 6150",(08) 9310 5488,-32.0588,115.83141,https://www.specsavers.com.au/stores/winthrop-village,Optometry; Audiology,true,Winthrop Village Shopping Centre,wa-village-winthrop,Shopping Centre,High,Official name/address contains shopping-centre evidence,,,,,Unknown,https://www.specsavers.com.au/stores/winthrop-village,2026-07-23T00:53:33.174Z
Specsavers,specsavers-3435,Yokine - Dog Swamp S/C,Active,WA,Yokine,6060,"Shop 13 - 15, Dog Swamp Shopping Centre, 6 Wanneroo Road, Yokine, WA, 6060",(08) 9444 5299,-31.910635,115.8471,https://www.specsavers.com.au/stores/yokine,Optometry; Audiology,true,Dog Swamp Shopping Centre,wa-dog-swamp,Shopping Centre,High,Official name/address contains shopping-centre evidence,,,,,Unknown,https://www.specsavers.com.au/stores/yokine,2026-07-23T00:53:33.174Z
