portfolio_asset_id,group_id,canonical_name,country,state,aliases,preferred_place_id,roles,ownership_percentage,gla_sqm,tenancy_count,annual_visits_m,source_url,source_type,source_date,last_verified_at,confidence,status,public_note
scentre-belconnen,group-scentre,Westfield Belconnen,Australia,ACT,Belconnen,place-au-act-westfield-belconnen,OWNER|OPERATOR,100,95500,265,10.8,https://assets.ctfassets.net/0vreywxqlgab/6Akr2FWL1op8qg4qujnUZo/a43fa6f6f175e593a262a315aba309f0/2025_Property_Compendium.pdf,Official property compendium,2026-02-24,2026-09-02,High,ACTIVE,Scentre Group owns and operates this portfolio asset
scentre-woden,group-scentre,Westfield Woden,Australia,ACT,Woden,place-au-act-westfield-woden,CO_OWNER|OPERATOR,50,72800,239,8.9,https://assets.ctfassets.net/0vreywxqlgab/6Akr2FWL1op8qg4qujnUZo/a43fa6f6f175e593a262a315aba309f0/2025_Property_Compendium.pdf,Official property compendium,2026-02-24,2026-09-02,High,ACTIVE,Scentre Group co-owns and operates this portfolio asset
scentre-bondi-junction,group-scentre,Westfield Bondi Junction,Australia,NSW,Bondi Junction Westfield,place-au-nsw-bondi-junction-westfield,OWNER|OPERATOR,100,131200,445,18.6,https://assets.ctfassets.net/0vreywxqlgab/6Akr2FWL1op8qg4qujnUZo/a43fa6f6f175e593a262a315aba309f0/2025_Property_Compendium.pdf,Official property compendium,2026-02-24,2026-09-02,High,ACTIVE,Scentre Group owns and operates this portfolio asset
scentre-burwood,group-scentre,Westfield Burwood,Australia,NSW,,place-au-nsw-westfield-burwood,CO_OWNER|OPERATOR,50,63200,227,14.1,https://assets.ctfassets.net/0vreywxqlgab/6Akr2FWL1op8qg4qujnUZo/a43fa6f6f175e593a262a315aba309f0/2025_Property_Compendium.pdf,Official property compendium,2026-02-24,2026-09-02,High,ACTIVE,Scentre Group co-owns and operates this portfolio asset
scentre-chatswood,group-scentre,Westfield Chatswood,Australia,NSW,Chatswood Westfield,place-au-nsw-chatswood-westfield,OWNER|OPERATOR,100,81600,243,17.1,https://assets.ctfassets.net/0vreywxqlgab/6Akr2FWL1op8qg4qujnUZo/a43fa6f6f175e593a262a315aba309f0/2025_Property_Compendium.pdf,Official property compendium,2026-02-24,2026-09-02,High,ACTIVE,Scentre Group owns and operates this portfolio asset
scentre-eastgardens,group-scentre,Westfield Eastgardens,Australia,NSW,,place-au-nsw-westfield-eastgardens,CO_OWNER|OPERATOR,50,83000,254,11.5,https://assets.ctfassets.net/0vreywxqlgab/6Akr2FWL1op8qg4qujnUZo/a43fa6f6f175e593a262a315aba309f0/2025_Property_Compendium.pdf,Official property compendium,2026-02-24,2026-09-02,High,ACTIVE,Scentre Group co-owns and operates this portfolio asset
scentre-hornsby,group-scentre,Westfield Hornsby,Australia,NSW,,place-au-nsw-westfield-hornsby,OWNER|OPERATOR,100,98100,300,15.4,https://assets.ctfassets.net/0vreywxqlgab/6Akr2FWL1op8qg4qujnUZo/a43fa6f6f175e593a262a315aba309f0/2025_Property_Compendium.pdf,Official property compendium,2026-02-24,2026-09-02,High,ACTIVE,Scentre Group owns and operates this portfolio asset
scentre-hurstville,group-scentre,Westfield Hurstville,Australia,NSW,,place-au-nsw-westfield-hurstville,CO_OWNER|OPERATOR,50,61000,234,19.8,https://assets.ctfassets.net/0vreywxqlgab/6Akr2FWL1op8qg4qujnUZo/a43fa6f6f175e593a262a315aba309f0/2025_Property_Compendium.pdf,Official property compendium,2026-02-24,2026-09-02,High,ACTIVE,Scentre Group co-owns and operates this portfolio asset
scentre-kotara,group-scentre,Westfield Kotara,Australia,NSW,Kotara Westfield,place-au-nsw-kotara-westfield,OWNER|OPERATOR,100,80800,264,8.2,https://assets.ctfassets.net/0vreywxqlgab/6Akr2FWL1op8qg4qujnUZo/a43fa6f6f175e593a262a315aba309f0/2025_Property_Compendium.pdf,Official property compendium,2026-02-24,2026-09-02,High,ACTIVE,Scentre Group owns and operates this portfolio asset
scentre-liverpool,group-scentre,Westfield Liverpool,Australia,NSW,,place-au-nsw-westfield-liverpool,CO_OWNER|OPERATOR,50,83000,307,14.0,https://assets.ctfassets.net/0vreywxqlgab/6Akr2FWL1op8qg4qujnUZo/a43fa6f6f175e593a262a315aba309f0/2025_Property_Compendium.pdf,Official property compendium,2026-02-24,2026-09-02,High,ACTIVE,Scentre Group co-owns and operates this portfolio asset
scentre-miranda,group-scentre,Westfield Miranda,Australia,NSW,,place-au-nsw-westfield-miranda,CO_OWNER|OPERATOR,50,128800,414,14.8,https://assets.ctfassets.net/0vreywxqlgab/6Akr2FWL1op8qg4qujnUZo/a43fa6f6f175e593a262a315aba309f0/2025_Property_Compendium.pdf,Official property compendium,2026-02-24,2026-09-02,High,ACTIVE,Scentre Group co-owns and operates this portfolio asset
scentre-mt-druitt,group-scentre,Westfield Mt Druitt,Australia,NSW,Mt Druitt Westfield,place-au-nsw-mt-druitt-westfield,CO_OWNER|OPERATOR,50,65400,241,12.8,https://assets.ctfassets.net/0vreywxqlgab/6Akr2FWL1op8qg4qujnUZo/a43fa6f6f175e593a262a315aba309f0/2025_Property_Compendium.pdf,Official property compendium,2026-02-24,2026-09-02,High,ACTIVE,Scentre Group co-owns and operates this portfolio asset
scentre-parramatta,group-scentre,Westfield Parramatta,Australia,NSW,Parramatta Westfield,place-au-nsw-parramatta-westfield,CO_OWNER|OPERATOR,50,140100,425,33.3,https://assets.ctfassets.net/0vreywxqlgab/6Akr2FWL1op8qg4qujnUZo/a43fa6f6f175e593a262a315aba309f0/2025_Property_Compendium.pdf,Official property compendium,2026-02-24,2026-09-02,High,ACTIVE,Scentre Group co-owns and operates this portfolio asset
scentre-penrith,group-scentre,Westfield Penrith,Australia,NSW,,place-au-nsw-westfield-penrith,CO_OWNER|OPERATOR,50,91700,310,18.1,https://assets.ctfassets.net/0vreywxqlgab/6Akr2FWL1op8qg4qujnUZo/a43fa6f6f175e593a262a315aba309f0/2025_Property_Compendium.pdf,Official property compendium,2026-02-24,2026-09-02,High,ACTIVE,Scentre Group co-owns and operates this portfolio asset
scentre-sydney,group-scentre,Westfield Sydney,Australia,NSW,,place-au-nsw-westfield-sydney,CO_OWNER|OPERATOR,80.1,97500,269,34.9,https://assets.ctfassets.net/0vreywxqlgab/6Akr2FWL1op8qg4qujnUZo/a43fa6f6f175e593a262a315aba309f0/2025_Property_Compendium.pdf,Official property compendium,2026-02-24,2026-09-02,High,ACTIVE,Scentre retained 80.1 percent after the 19.9 percent divestment noted as settling 3 February 2026
scentre-tuggerah,group-scentre,Westfield Tuggerah,Australia,NSW,,place-au-nsw-westfield-tuggerah,OWNER|OPERATOR,100,85100,234,7.7,https://assets.ctfassets.net/0vreywxqlgab/6Akr2FWL1op8qg4qujnUZo/a43fa6f6f175e593a262a315aba309f0/2025_Property_Compendium.pdf,Official property compendium,2026-02-24,2026-09-02,High,ACTIVE,Scentre Group owns and operates this portfolio asset
scentre-warringah-mall,group-scentre,Westfield Warringah Mall,Australia,NSW,Warringah Mall,place-au-nsw-westfield-warringah-mall,CO_OWNER|OPERATOR,50,131900,362,11.0,https://assets.ctfassets.net/0vreywxqlgab/6Akr2FWL1op8qg4qujnUZo/a43fa6f6f175e593a262a315aba309f0/2025_Property_Compendium.pdf,Official property compendium,2026-02-24,2026-09-02,High,ACTIVE,Scentre Group co-owns and operates this portfolio asset
scentre-carindale,group-scentre,Westfield Carindale,Australia,QLD,Carindale,place-au-qld-westfield-carindale,CO_OWNER|OPERATOR,50,136000,375,13.6,https://assets.ctfassets.net/0vreywxqlgab/6Akr2FWL1op8qg4qujnUZo/a43fa6f6f175e593a262a315aba309f0/2025_Property_Compendium.pdf,Official property compendium,2026-02-24,2026-09-02,High,ACTIVE,Scentre Group co-owns and operates this portfolio asset
scentre-chermside,group-scentre,Westfield Chermside,Australia,QLD,Chermside,place-au-qld-westfield-chermside,CO_OWNER|OPERATOR,50,176400,487,18.0,https://assets.ctfassets.net/0vreywxqlgab/6Akr2FWL1op8qg4qujnUZo/a43fa6f6f175e593a262a315aba309f0/2025_Property_Compendium.pdf,Official property compendium,2026-02-24,2026-09-02,High,ACTIVE,Scentre Group co-owns and operates this portfolio asset
scentre-coomera,group-scentre,Westfield Coomera,Australia,QLD,,place-au-qld-westfield-coomera,CO_OWNER|OPERATOR,50,57900,163,6.6,https://assets.ctfassets.net/0vreywxqlgab/6Akr2FWL1op8qg4qujnUZo/a43fa6f6f175e593a262a315aba309f0/2025_Property_Compendium.pdf,Official property compendium,2026-02-24,2026-09-02,High,ACTIVE,Scentre Group co-owns and operates this portfolio asset
scentre-helensvale,group-scentre,Westfield Helensvale,Australia,QLD,Helensvale Westfield,place-au-qld-helensvale-westfield,CO_OWNER|OPERATOR,50,44900,174,6.7,https://assets.ctfassets.net/0vreywxqlgab/6Akr2FWL1op8qg4qujnUZo/a43fa6f6f175e593a262a315aba309f0/2025_Property_Compendium.pdf,Official property compendium,2026-02-24,2026-09-02,High,ACTIVE,Scentre Group co-owns and operates this portfolio asset
scentre-mt-gravatt,group-scentre,Westfield Mt Gravatt,Australia,QLD,Upper Mt Gravatt Westfield,place-au-qld-mt-gravatt-westfield,OWNER|OPERATOR,100,141700,376,17.4,https://assets.ctfassets.net/0vreywxqlgab/6Akr2FWL1op8qg4qujnUZo/a43fa6f6f175e593a262a315aba309f0/2025_Property_Compendium.pdf,Official property compendium,2026-02-24,2026-09-02,High,ACTIVE,Scentre Group owns and operates this portfolio asset
scentre-north-lakes,group-scentre,Westfield North Lakes,Australia,QLD,,place-au-qld-westfield-north-lakes,CO_OWNER|OPERATOR,50,115000,263,12.2,https://assets.ctfassets.net/0vreywxqlgab/6Akr2FWL1op8qg4qujnUZo/a43fa6f6f175e593a262a315aba309f0/2025_Property_Compendium.pdf,Official property compendium,2026-02-24,2026-09-02,High,ACTIVE,Scentre Group co-owns and operates this portfolio asset
scentre-marion,group-scentre,Westfield Marion,Australia,SA,Marion East Westfield Lvl 2,place-au-sa-westfield-marion,CO_OWNER|OPERATOR,50,138300,303,12.5,https://assets.ctfassets.net/0vreywxqlgab/6Akr2FWL1op8qg4qujnUZo/a43fa6f6f175e593a262a315aba309f0/2025_Property_Compendium.pdf,Official property compendium,2026-02-24,2026-09-02,High,ACTIVE,Scentre Group co-owns and operates this portfolio asset
scentre-tea-tree-plaza,group-scentre,Westfield Tea Tree Plaza,Australia,SA,Tea Tree Plaza,place-au-sa-westfield-tea-tree-plaza,CO_OWNER|OPERATOR,50,99200,240,12.2,https://assets.ctfassets.net/0vreywxqlgab/6Akr2FWL1op8qg4qujnUZo/a43fa6f6f175e593a262a315aba309f0/2025_Property_Compendium.pdf,Official property compendium,2026-02-24,2026-09-02,High,ACTIVE,Scentre Group co-owns and operates this portfolio asset
scentre-west-lakes,group-scentre,Westfield West Lakes,Australia,SA,,place-au-sa-westfield-west-lakes,CO_OWNER|OPERATOR,50,71400,216,7.1,https://assets.ctfassets.net/0vreywxqlgab/6Akr2FWL1op8qg4qujnUZo/a43fa6f6f175e593a262a315aba309f0/2025_Property_Compendium.pdf,Official property compendium,2026-02-24,2026-09-02,High,ACTIVE,Scentre Group co-owns and operates this portfolio asset
scentre-airport-west,group-scentre,Westfield Airport West,Australia,VIC,,place-au-vic-westfield-airport-west,CO_OWNER|OPERATOR,50,52900,160,6.9,https://assets.ctfassets.net/0vreywxqlgab/6Akr2FWL1op8qg4qujnUZo/a43fa6f6f175e593a262a315aba309f0/2025_Property_Compendium.pdf,Official property compendium,2026-02-24,2026-09-02,High,ACTIVE,Scentre Group co-owns and operates this portfolio asset
scentre-doncaster,group-scentre,Westfield Doncaster,Australia,VIC,,place-au-vic-westfield-doncaster,CO_OWNER|OPERATOR,50,123100,406,15.4,https://assets.ctfassets.net/0vreywxqlgab/6Akr2FWL1op8qg4qujnUZo/a43fa6f6f175e593a262a315aba309f0/2025_Property_Compendium.pdf,Official property compendium,2026-02-24,2026-09-02,High,ACTIVE,Scentre Group co-owns and operates this portfolio asset
scentre-fountain-gate,group-scentre,Westfield Fountain Gate,Australia,VIC,,place-au-vic-westfield-fountain-gate,OWNER|OPERATOR,100,173200,412,15.3,https://assets.ctfassets.net/0vreywxqlgab/6Akr2FWL1op8qg4qujnUZo/a43fa6f6f175e593a262a315aba309f0/2025_Property_Compendium.pdf,Official property compendium,2026-02-24,2026-09-02,High,ACTIVE,Scentre Group owns and operates this portfolio asset
scentre-geelong,group-scentre,Westfield Geelong,Australia,VIC,,place-au-vic-westfield-geelong,CO_OWNER|OPERATOR,50,52000,153,7.3,https://assets.ctfassets.net/0vreywxqlgab/6Akr2FWL1op8qg4qujnUZo/a43fa6f6f175e593a262a315aba309f0/2025_Property_Compendium.pdf,Official property compendium,2026-02-24,2026-09-02,High,ACTIVE,Scentre Group co-owns and operates this portfolio asset
scentre-knox,group-scentre,Westfield Knox,Australia,VIC,,place-au-vic-westfield-knox,CO_OWNER|OPERATOR,50,141400,376,14.2,https://assets.ctfassets.net/0vreywxqlgab/6Akr2FWL1op8qg4qujnUZo/a43fa6f6f175e593a262a315aba309f0/2025_Property_Compendium.pdf,Official property compendium,2026-02-24,2026-09-02,High,ACTIVE,Scentre Group co-owns and operates this portfolio asset
scentre-plenty-valley,group-scentre,Westfield Plenty Valley,Australia,VIC,Plenty Valley Westfield,place-au-vic-plenty-valley-westfield,CO_OWNER|OPERATOR,50,63400,185,8.7,https://assets.ctfassets.net/0vreywxqlgab/6Akr2FWL1op8qg4qujnUZo/a43fa6f6f175e593a262a315aba309f0/2025_Property_Compendium.pdf,Official property compendium,2026-02-24,2026-09-02,High,ACTIVE,Scentre Group co-owns and operates this portfolio asset
scentre-southland,group-scentre,Westfield Southland,Australia,VIC,Southland,place-au-vic-westfield-southland,CO_OWNER|OPERATOR,50,129300,366,13.5,https://assets.ctfassets.net/0vreywxqlgab/6Akr2FWL1op8qg4qujnUZo/a43fa6f6f175e593a262a315aba309f0/2025_Property_Compendium.pdf,Official property compendium,2026-02-24,2026-09-02,High,ACTIVE,Scentre Group co-owns and operates this portfolio asset
scentre-booragoon,group-scentre,Westfield Booragoon,Australia,WA,,place-au-wa-westfield-booragoon,CO_OWNER|OPERATOR,50,72400,229,8.2,https://assets.ctfassets.net/0vreywxqlgab/6Akr2FWL1op8qg4qujnUZo/a43fa6f6f175e593a262a315aba309f0/2025_Property_Compendium.pdf,Official property compendium,2026-02-24,2026-09-02,High,ACTIVE,Scentre Group co-owns and operates this portfolio asset
scentre-carousel,group-scentre,Westfield Carousel,Australia,WA,Carousel,place-au-wa-westfield-carousel,OWNER|OPERATOR,100,109700,339,13.3,https://assets.ctfassets.net/0vreywxqlgab/6Akr2FWL1op8qg4qujnUZo/a43fa6f6f175e593a262a315aba309f0/2025_Property_Compendium.pdf,Official property compendium,2026-02-24,2026-09-02,High,ACTIVE,Scentre Group owns and operates this portfolio asset
scentre-innaloo,group-scentre,Westfield Innaloo,Australia,WA,,place-au-wa-westfield-innaloo,OWNER|OPERATOR,100,47200,151,8.7,https://assets.ctfassets.net/0vreywxqlgab/6Akr2FWL1op8qg4qujnUZo/a43fa6f6f175e593a262a315aba309f0/2025_Property_Compendium.pdf,Official property compendium,2026-02-24,2026-09-02,High,ACTIVE,Scentre Group owns and operates this portfolio asset
scentre-whitford-city,group-scentre,Westfield Whitford City,Australia,WA,,place-au-wa-westfield-whitford-city,CO_OWNER|OPERATOR,50,85100,277,7.0,https://assets.ctfassets.net/0vreywxqlgab/6Akr2FWL1op8qg4qujnUZo/a43fa6f6f175e593a262a315aba309f0/2025_Property_Compendium.pdf,Official property compendium,2026-02-24,2026-09-02,High,ACTIVE,Scentre Group co-owns and operates this portfolio asset
scentre-albany,group-scentre,Westfield Albany,New Zealand,Auckland,,place-nz-auckland-westfield-albany,CO_OWNER|OPERATOR,51,53300,145,8.4,https://assets.ctfassets.net/0vreywxqlgab/6Akr2FWL1op8qg4qujnUZo/a43fa6f6f175e593a262a315aba309f0/2025_Property_Compendium.pdf,Official property compendium,2026-02-24,2026-09-02,High,ACTIVE,Scentre Group co-owns and operates this portfolio asset
scentre-manukau,group-scentre,Westfield Manukau,New Zealand,Auckland,Manukau Westfield,place-nz-auckland-manukau-westfield,CO_OWNER|OPERATOR,51,44800,170,6.8,https://assets.ctfassets.net/0vreywxqlgab/6Akr2FWL1op8qg4qujnUZo/a43fa6f6f175e593a262a315aba309f0/2025_Property_Compendium.pdf,Official property compendium,2026-02-24,2026-09-02,High,ACTIVE,Scentre Group co-owns and operates this portfolio asset
scentre-newmarket,group-scentre,Westfield Newmarket,New Zealand,Auckland,Newmarket Westfield,place-nz-auckland-newmarket-westfield,CO_OWNER|OPERATOR,51,86800,249,12.7,https://assets.ctfassets.net/0vreywxqlgab/6Akr2FWL1op8qg4qujnUZo/a43fa6f6f175e593a262a315aba309f0/2025_Property_Compendium.pdf,Official property compendium,2026-02-24,2026-09-02,High,ACTIVE,Scentre Group co-owns and operates this portfolio asset
scentre-riccarton,group-scentre,Westfield Riccarton,New Zealand,Canterbury,Riccarton Westfield,place-nz-canterbury-riccarton-westfield,CO_OWNER|OPERATOR,51,55000,178,10.6,https://assets.ctfassets.net/0vreywxqlgab/6Akr2FWL1op8qg4qujnUZo/a43fa6f6f175e593a262a315aba309f0/2025_Property_Compendium.pdf,Official property compendium,2026-02-24,2026-09-02,High,ACTIVE,Scentre Group co-owns and operates this portfolio asset
scentre-st-lukes,group-scentre,Westfield St Lukes,New Zealand,Auckland,,place-nz-auckland-westfield-st-lukes,CO_OWNER|OPERATOR,51,39800,161,5.6,https://assets.ctfassets.net/0vreywxqlgab/6Akr2FWL1op8qg4qujnUZo/a43fa6f6f175e593a262a315aba309f0/2025_Property_Compendium.pdf,Official property compendium,2026-02-24,2026-09-02,High,ACTIVE,Scentre Group co-owns and operates this portfolio asset
qic-castle-towers,group-qic,Castle Towers,Australia,NSW,,place-au-nsw-castle-towers,MANAGER|OPERATOR,,110329,223,18.6,https://www.qicre.com/properties/castle-towers,Official property profile,2025-12-31,2026-09-02,High,ACTIVE,QIC Real Estate publishes the current property profile and scale metrics
qic-canberra-centre,group-qic,Canberra Centre,Australia,ACT,,place-au-act-canberra-centre,MANAGER|OPERATOR,,94967,212,19.7,https://www.qicre.com/properties/canberra-centre,Official property profile,2025-12-31,2026-09-02,High,ACTIVE,QIC Real Estate publishes the current property profile and scale metrics
qic-eastland,group-qic,Eastland,Australia,VIC,,place-au-vic-eastland,MANAGER|OPERATOR,,124058,313,14.0,https://www.qicre.com/properties/eastland,Official property profile,2025-12-31,2026-09-02,High,ACTIVE,QIC Real Estate publishes the current property profile and scale metrics
qic-watergardens,group-qic,Watergardens,Australia,VIC,Watergardens Town Centre,place-au-vic-watergardens-town-centre,MANAGER|OPERATOR,,,,,https://esg.qicre.com/esg/2025-sustainability-report/our-performance/,Official current managed-portfolio report,2025-06-30,2026-09-02,High,ACTIVE,QIC Real Estate lists this asset in its current managed portfolio
qic-hyperdome,group-qic,Hyperdome,Australia,QLD,Logan Hyperdome,place-au-qld-logan-hyperdome,MANAGER|OPERATOR,,,,,https://esg.qicre.com/esg/2025-sustainability-report/our-performance/,Official current managed-portfolio report,2025-06-30,2026-09-02,High,ACTIVE,QIC Real Estate lists this asset in its current managed portfolio
qic-robina-town-centre,group-qic,Robina Town Centre,Australia,QLD,Robina Town Centre Dr,place-au-qld-robina-town-centre-dr,MANAGER|OPERATOR,,156662,295,13.6,https://www.qicre.com/properties/robina-town-centre,Official property profile,2025-12-31,2026-09-02,High,ACTIVE,QIC Real Estate publishes the current property profile and scale metrics
qic-grand-central,group-qic,Grand Central,Australia,QLD,Toowoomba Grand Central Shopping Centre,place-au-qld-toowoomba-grand-central-shopping-centre,MANAGER|OPERATOR,,89792,220,10.7,https://www.qicre.com/properties/grand-central,Official property profile,2025-12-31,2026-09-02,High,ACTIVE,QIC Real Estate publishes the current property profile and scale metrics
qic-werribee,group-qic,Werribee,Australia,VIC,Werribee Plaza,place-au-vic-werribee-plaza,MANAGER|OPERATOR,,,,,https://esg.qicre.com/esg/2025-sustainability-report/our-performance/,Official current managed-portfolio report,2025-06-30,2026-09-02,High,ACTIVE,QIC Real Estate lists this asset in its current managed portfolio
qic-epping,group-qic,Epping,Australia,VIC,Pacific Epping,place-au-vic-pacific-epping,MANAGER|OPERATOR,,,,,https://esg.qicre.com/esg/2025-sustainability-report/our-performance/,Official current managed-portfolio report,2025-06-30,2026-09-02,High,ACTIVE,QIC Real Estate lists this asset in its current managed portfolio
qic-coomera-town-centre,group-qic,Coomera Town Centre,Australia,QLD,,,MANAGER|OPERATOR,,,,,https://esg.qicre.com/esg/2025-sustainability-report/our-performance/,Official current managed-portfolio report,2025-06-30,2026-09-02,High,ACTIVE,QIC Real Estate lists this asset in its current managed portfolio
qic-big-top,group-qic,Big Top,Australia,QLD,,,MANAGER|OPERATOR,,,,,https://esg.qicre.com/esg/2025-sustainability-report/our-performance/,Official current managed-portfolio report,2025-06-30,2026-09-02,High,ACTIVE,QIC Real Estate lists this asset in its current managed portfolio
qic-forest-lake,group-qic,Forest Lake,Australia,QLD,,,MANAGER|OPERATOR,,,,,https://esg.qicre.com/esg/2025-sustainability-report/our-performance/,Official current managed-portfolio report,2025-06-30,2026-09-02,High,ACTIVE,QIC Real Estate lists this asset in its current managed portfolio
qic-kippa-ring,group-qic,Kippa-ring,Australia,QLD,Kippa-Ring Shopping Centre,place-au-unknown-kippa-ring-shopping-centre,MANAGER|OPERATOR,,,,,https://esg.qicre.com/esg/2025-sustainability-report/our-performance/,Official current managed-portfolio report,2025-06-30,2026-09-02,High,ACTIVE,QIC Real Estate lists this asset in its current managed portfolio
qic-nerang-mall,group-qic,Nerang Mall,Australia,QLD,Nerang Mall Shopping Centre,place-au-unknown-nerang-mall-shopping-centre,MANAGER|OPERATOR,,,,,https://esg.qicre.com/esg/2025-sustainability-report/our-performance/,Official current managed-portfolio report,2025-06-30,2026-09-02,High,ACTIVE,QIC Real Estate lists this asset in its current managed portfolio
qic-village-upper-mt-gravatt,group-qic,The Village Upper Mount Gravatt,Australia,QLD,,,MANAGER|OPERATOR,,,,,https://esg.qicre.com/esg/2025-sustainability-report/our-performance/,Official current managed-portfolio report,2025-06-30,2026-09-02,High,ACTIVE,QIC Real Estate lists this asset in its current managed portfolio
qic-pittwater-place,group-qic,Pittwater Place,Australia,NSW,,,MANAGER|OPERATOR,,,,,https://esg.qicre.com/esg/2025-sustainability-report/our-performance/,Official current managed-portfolio report,2025-06-30,2026-09-02,High,ACTIVE,QIC Real Estate lists this asset in its current managed portfolio
qic-craigieburn-junction,group-qic,Craigieburn Junction,Australia,VIC,,place-au-unknown-craigieburn-junction,MANAGER|OPERATOR,,,,,https://esg.qicre.com/esg/2025-sustainability-report/our-performance/,Official current managed-portfolio report,2025-06-30,2026-09-02,High,ACTIVE,QIC Real Estate lists this asset in its current managed portfolio
qic-domain-central,group-qic,Domain Central,Australia,QLD,,place-au-qld-domain-central,MANAGER|OPERATOR,,,,,https://esg.qicre.com/esg/2025-sustainability-report/our-performance/,Official current managed-portfolio report,2025-06-30,2026-09-02,High,ACTIVE,QIC Real Estate lists this asset in its current managed portfolio
qic-bathurst-city-centre,group-qic,Bathurst City Centre,Australia,NSW,,place-au-nsw-bathurst-city-centre,MANAGER|OPERATOR,,,,,https://esg.qicre.com/esg/2025-sustainability-report/our-performance/,Official current managed-portfolio report,2025-06-30,2026-09-02,High,ACTIVE,QIC Real Estate lists this asset in its current managed portfolio
gpt-highpoint,group-gpt,Highpoint Shopping Centre,Australia,VIC,Highpoint,place-au-vic-highpoint-shopping-centre,CO_OWNER|MANAGER|OPERATOR,25,149600,420,,https://www.gpt.com.au/property/retail/highpoint-shopping-centre,Official property profile,2026-09-02,2026-09-02,High,ACTIVE,GPT identifies its 25 percent interest and the centre's current scale
gpt-wholesale-highpoint,group-gpt-wholesale-shopping-centre-fund,Highpoint Shopping Centre,Australia,VIC,Highpoint,place-au-vic-highpoint-shopping-centre,CO_OWNER,75,,,,https://www.gpt.com.au/property/retail/highpoint-shopping-centre,Official property profile,2026-09-02,2026-09-02,High,ACTIVE,GPT identifies the fund's 75 percent interest
gpt-pacific-fair,group-gpt,Pacific Fair Shopping Centre,Australia,QLD,Pacific Fair,place-au-qld-pacific-fair,MANAGER|OPERATOR,,,,,https://www.gpt.com.au/property/retail/pacific-fair-shopping-centre,Official property profile,2026-09-02,2026-09-02,High,ACTIVE,GPT publishes and manages the official property profile; ownership is not asserted by this row
vicinity-bayside,group-vicinity,Bayside,Australia,VIC,Frankston Bayside Centre,place-au-vic-frankston-bayside-centre,OWNER|MANAGER|OPERATOR,100,90435,,,https://www.vicinity.com.au/pages/portfolio/our-properties/bayside,Official property profile,2025-12-31,2026-09-02,High,ACTIVE,Vicinity reports a 100 percent ownership interest and current centre facts
vicinity-northland,group-vicinity,Northland,Australia,VIC,,place-au-vic-northland,CO_OWNER|MANAGER|OPERATOR,50,98158,,,https://www.vicinity.com.au/pages/portfolio/our-properties/northland,Official property profile,2025-12-31,2026-09-02,High,ACTIVE,Vicinity reports a 50 percent ownership interest and current centre facts
vicinity-the-glen,group-vicinity,The Glen,Australia,VIC,,place-au-vic-the-glen,CO_OWNER|MANAGER|OPERATOR,50,76488,,,https://www.vicinity.com.au/pages/portfolio/our-properties/the-glen,Official property profile,2025-12-31,2026-09-02,High,ACTIVE,Vicinity reports a 50 percent ownership interest and current centre facts
kiwi-sylvia-park,group-kiwi-property,Sylvia Park shopping centre,New Zealand,Auckland,Sylvia Park Mall,place-nz-auckland-sylvia-park-mall,OWNER|OPERATOR,,,220,,https://www.kiwiproperty.com/properties/sylvia-park,Official property profile,2026-09-02,2026-09-02,High,ACTIVE,Kiwi Property identifies Sylvia Park in its owned and operated portfolio and reports well over 200 retailers
stride-queensgate,group-stride,Queensgate Shopping Centre,New Zealand,Wellington,,place-nz-wellington-queensgate-shopping-centre,MANAGER,,,130,,https://strideproperty.co.nz/portfolios/,Official managed-portfolio page,2026-09-02,2026-09-02,High,ACTIVE,Stride identifies Queensgate as a managed shopping-centre asset with over 130 tenants
diversified-queensgate,group-diversified-nz,Queensgate Shopping Centre,New Zealand,Wellington,,place-nz-wellington-queensgate-shopping-centre,OWNER,,,,,https://strideproperty.co.nz/portfolios/,Official managed-portfolio page,2026-09-02,2026-09-02,High,ACTIVE,Stride states that Diversified owns the managed shopping-centre portfolio
stride-chartwell,group-stride,Chartwell Shopping Centre,New Zealand,Waikato,,place-nz-waikato-chartwell-shopping-centre,MANAGER,,,100,,https://strideproperty.co.nz/portfolios/,Official managed-portfolio page,2026-09-02,2026-09-02,High,ACTIVE,Stride identifies Chartwell as a managed shopping-centre asset with over 100 tenants
diversified-chartwell,group-diversified-nz,Chartwell Shopping Centre,New Zealand,Waikato,,place-nz-waikato-chartwell-shopping-centre,OWNER,,,,,https://strideproperty.co.nz/portfolios/,Official managed-portfolio page,2026-09-02,2026-09-02,High,ACTIVE,Stride states that Diversified owns the managed shopping-centre portfolio
fawkner-erina-fair,group-fawkner,Erina Fair,Australia,NSW,,place-au-nsw-erina-fair,OWNER|MANAGER|OPERATOR,100,114598,292,11.0,https://www.fawknerproperty.com.au/portfolio/erina-fair,Official owner portfolio,2026-01-20,2026-09-02,High,ACTIVE,Fawkner reports its completed 100 percent acquisition and publishes current centre facts
cbus-macquarie-centre,group-cbus-property,Macquarie Centre,Australia,NSW,,place-au-nsw-macquarie-centre,CO_OWNER,,,,,https://cbusproperty.com.au/property/macquarie-centre/,Official property portfolio,2026-09-02,2026-09-02,High,ACTIVE,Cbus Property identifies Macquarie Centre as a current retail interest; percentage and other current co-owners remain under review
dexus-indooroopilly,group-dexus,Indooroopilly Shopping Centre,Australia,QLD,Indooroopilly,place-au-qld-indooroopilly,MANAGER|OPERATOR,,117318,280,,https://www.dexus.com/leasing/retail/properties/indooroopilly-shopping-centre.html,Official property and leasing profile,2026-09-02,2026-09-02,High,ACTIVE,Dexus publishes and leases the current property profile
dwsf-indooroopilly,group-dexus-wholesale-shopping-centre-fund,Indooroopilly Shopping Centre,Australia,QLD,Indooroopilly,place-au-qld-indooroopilly,CO_OWNER,25,117500,,,https://www.dexus.com/content/dam/dexus/documents/funds/dexus-core-property-fund-dcpf/performance/DCPF%20March%202025%20Quarterly%20Report.pdf,Official fund report,2025-03-31,2026-09-02,High,ACTIVE,Dexus fund reporting identifies a 25 percent ownership interest
adelaide-arcade-operator,group-adelaide-arcade,Adelaide Arcade,Australia,SA,,place-au-sa-adelaide-arcade,OPERATOR,,,,,https://adelaidearcade.com.au/contact/,Official centre website,2026-09-02,2026-09-02,High,ACTIVE,The official centre website identifies Adelaide Arcade management under the active Adelaide Arcade entity
adelaide-arcade-leasing,group-evans-ayers,Adelaide Arcade,Australia,SA,,place-au-sa-adelaide-arcade,EXTERNAL_LEASING_AGENT,,,,,https://adelaidearcade.com.au/wp-content/uploads/2025/06/Shop-146-Lease-.pdf,Official leasing brochure,2025-06-01,2026-09-02,High,ACTIVE,The official centre leasing brochure identifies Evans and Ayers as the leasing agent
vicinity-eastlands,group-vicinity,Eastlands,Australia,TAS,Hobart Eastlands,place-au-tas-hobart-eastlands,OWNER|MANAGER|OPERATOR,100,33463,,6.3,https://www.vicinity.com.au/portfolio/our-properties/eastlands,Official property profile,2025-12-31,2026-09-02,High,ACTIVE,Vicinity reports a 100 percent ownership interest and current centre facts
silverleaf-cat-fiddle,group-silverleaf-investments,Cat and Fiddle Arcade,Australia,TAS,The Cat & Fiddle Arcade,place-au-tas-the-cat-fiddle-arcade,MANAGER|LEASING_CONTROLLER,,,,,https://www.catandfiddlearcade.com/how-to-get-here/,Official centre website,2026-09-02,2026-09-02,High,ACTIVE,The official arcade website identifies Silverleaf for centre management and leasing enquiries
gpt-melbourne-central,group-gpt,Melbourne Central,Australia,VIC,Melbourne Central Shopping Centre,place-au-vic-melbourne-central-shopping-centre,OWNER|MANAGER|OPERATOR,100,55700,300,,https://www.gpt.com.au/property/retail/melbourne-central,Official property profile,2026-09-02,2026-09-02,High,ACTIVE,GPT reports 100 percent ownership and publishes the current centre profile
dexus-botany-town-centre,group-dexus,Botany Town Centre,New Zealand,Auckland,,place-nz-auckland-botany-town-centre,MANAGER|OPERATOR,,,175,,https://www.dexus.com/leasing/retail/properties/botany-town-centre.html,Official property and leasing profile,2026-09-02,2026-09-02,High,ACTIVE,Dexus publishes and leases the current property profile with more than 175 stores
precinct-commercial-bay,group-precinct-nz,Commercial Bay,New Zealand,Auckland,,place-nz-auckland-commercial-bay,OWNER|OPERATOR,100,,,,https://assets.precinct.co.nz/files/pct-fy26-interim-result-presentation..pdf,Official interim portfolio report,2025-12-31,2026-09-02,High,ACTIVE,Precinct identifies Commercial Bay retail in its directly held investment portfolio
dexus-bayfair,group-dexus,Bayfair Shopping Centre,New Zealand,Bay of Plenty,,place-nz-bay-of-plenty-bayfair-shopping-centre,MANAGER|OPERATOR,,42400,130,,https://www.dexus.com/investing/properties/bayfair-shopping-centre-mount-maunganui-tauranga.html,Official property and leasing profile,2026-09-02,2026-09-02,High,ACTIVE,Dexus publishes manages and leases the current property profile
dwsf-bayfair,group-dexus-wholesale-shopping-centre-fund,Bayfair Shopping Centre,New Zealand,Bay of Plenty,,place-nz-bay-of-plenty-bayfair-shopping-centre,CO_OWNER,50,42400,130,,https://www.dexus.com/investing/properties/bayfair-shopping-centre-mount-maunganui-tauranga.html,Official owner and fund profile,2026-09-02,2026-09-02,High,ACTIVE,Dexus reports the fund's 50 percent ownership interest
fisher-bayfair,group-fisher-fund,Bayfair Shopping Centre,New Zealand,Bay of Plenty,,place-nz-bay-of-plenty-bayfair-shopping-centre,CO_OWNER,,,,,https://www.dexus.com/investing/properties/bayfair-shopping-centre-mount-maunganui-tauranga.html,Official owner and fund profile,2026-09-02,2026-09-02,Medium,ACTIVE,Dexus identifies Fisher Fund as the co-owner; no percentage is asserted
stockland-green-hills,group-stockland,Stockland Green Hills,Australia,NSW,Green Hills Shopping Centre,place-au-nsw-stockland-green-hills-shopping-centre,MANAGER|OPERATOR,,74223,213,10.47,https://www.stockland.com.au/globalassets/retail-towncentres/nsw/green-hills/146025_fy25_leasingfactsheets_nsw_greenhills_rgb_1920x1080_mrweb.pdf,Official leasing fact sheet,2025-06-30,2026-09-02,High,ACTIVE,Stockland publishes and operates the current centre profile and scale metrics; ownership is not asserted by this row
qic-pacific-epping,group-qic,Pacific Epping,Australia,VIC,,place-au-vic-pacific-epping,MANAGER|OPERATOR,,89102,212,11.8,https://www.qicre.com/properties/pacific-epping,Official property profile,2025-12-31,2026-09-02,High,ACTIVE,QIC Real Estate publishes the current property profile and scale metrics
qic-pacific-werribee,group-qic,Pacific Werribee,Australia,VIC,Werribee Plaza,place-au-vic-werribee-plaza,MANAGER|OPERATOR,,109192,272,12.0,https://www.qicre.com/properties/pacific-werribee,Official property profile,2025-12-31,2026-09-02,High,ACTIVE,QIC Real Estate publishes the current property profile and scale metrics
stockland-burleigh-heads,group-stockland,Stockland Burleigh Heads,Australia,QLD,Burleigh Heads Stockland,place-au-qld-burleigh-heads-stockland,MANAGER|OPERATOR,,36417,99,4.41,https://www.stockland.com.au/globalassets/retail-towncentres/qld/burleigh-heads/home-page/leasing-fact-sheets_burleigh-heads.pdf,Official leasing fact sheet,2023-06-30,2026-09-02,High,ACTIVE,Stockland publishes the centre profile and scale metrics; ownership is not asserted by this row
stockland-forster,group-stockland,Stockland Forster,Australia,NSW,Forster Stockland,place-au-nsw-forster-stockland,MANAGER|OPERATOR,,38428,65,4.04,https://www.stockland.com.au/globalassets/retail-towncentres/nsw/forster/home-page/146025_fy25_leasingfactsheets_nsw_forster_rgb_1920x1080_mrweb.pdf,Official leasing fact sheet,2024-06-30,2026-09-02,High,ACTIVE,Stockland publishes the centre profile and scale metrics; ownership is not asserted by this row
stockland-shellharbour,group-stockland,Stockland Shellharbour,Australia,NSW,Shellharbour Stockland,place-au-nsw-shellharbour-stockland,MANAGER|OPERATOR,,86195,224,7.48,https://www.stockland.com.au/globalassets/retail-towncentres/nsw/shellharbour/home-page/leasing-fact-sheet_shellharbour.pdf,Official leasing fact sheet,2023-06-30,2026-09-02,High,ACTIVE,Stockland publishes the centre profile and identifies it as a major regional town centre
stockland-merrylands,group-stockland,Stockland Merrylands,Australia,NSW,,place-au-nsw-stockland-merrylands,MANAGER|OPERATOR,,59500,180,10.89,https://www.stockland.com.au/globalassets/retail-towncentres/nsw/merrylands/home-page/leasing-fact-sheets_merrylands.pdf,Official leasing fact sheet,2023-06-30,2026-09-02,High,ACTIVE,Stockland publishes the centre profile and scale metrics; ownership is not asserted by this row
stockland-rockhampton,group-stockland,Stockland Rockhampton,Australia,QLD,Stockland Rockhampton Shopping Centre,place-au-qld-stockland-rockhampton-shopping-centre,MANAGER|OPERATOR,,58966,159,6.60,https://www.stockland.com.au/globalassets/retail-towncentres/qld/rockhampton/home-page/146025_fy25_leasingfactsheets_qld_rockhampton_rgb_1920x1080_mrweb.pdf,Official leasing fact sheet,2024-06-30,2026-09-02,High,ACTIVE,Stockland publishes the centre profile and scale metrics; ownership is not asserted by this row
stockland-wetherill-park,group-stockland,Stockland Wetherill Park,Australia,NSW,,place-au-nsw-stockland-wetherill-park,MANAGER|OPERATOR,,63870,184,8.33,https://www.stockland.com.au/globalassets/retail-towncentres/nsw/wetherill-park/home-page/Leasing-fact-sheets_Wetherill-Park.pdf,Official leasing fact sheet,2023-06-30,2026-09-02,High,ACTIVE,Stockland publishes the centre profile and scale metrics; ownership is not asserted by this row
stockland-hervey-bay,group-stockland,Stockland Hervey Bay,Australia,QLD,Stocklands Hervey Bay,place-au-qld-stocklands-hervey-bay,MANAGER|OPERATOR,,36851,99,4.87,https://www.stockland.com.au/globalassets/retail-towncentres/qld/hervey-bay/home-page/146025_fy25_leasingfactsheets_qld_herveybay_rgb_1920x1080_mrweb.pdf,Official leasing fact sheet,2024-06-30,2026-09-02,High,ACTIVE,Stockland publishes the centre profile and identifies it as sub-regional
haben-townsville,group-haben,Townsville Shopping Centre,Australia,QLD,Stockland Townsville,place-au-qld-stockland-townsville,OWNER|MANAGER|OPERATOR|LEASING_CONTROLLER,,44982,150,,https://haben.com.au/properties/townsville-shopping-centre,Official current owner and leasing portfolio,2026-09-02,2026-09-02,High,ACTIVE,Haben lists the purchased asset in its current portfolio and provides leasing opportunities through the property profile
riverton-fund-owner,group-riverton-forum-fund,Riverton Forum,Australia,WA,Stockland Riverton,place-au-wa-riverton-stockland,OWNER,,19108,40,,https://www.elanorinvestors.com/investments/asset/riverton-forum,Official investment portfolio,2026-09-02,2026-09-02,High,ACTIVE,Elanor identifies Riverton Forum as the sole asset of the Riverton Forum Fund
riverton-jll-manager,group-jll,Riverton Forum,Australia,WA,Stockland Riverton,place-au-wa-riverton-stockland,MANAGER,,,,,https://rivertonforum.com.au/contact/,Official centre website,2026-09-02,2026-09-02,High,ACTIVE,The current official centre contact page identifies JLL for centre management
riverton-total-retail-leasing,group-total-retail-group,Riverton Forum,Australia,WA,Stockland Riverton,place-au-wa-riverton-stockland,EXTERNAL_LEASING_AGENT,,,,,https://rivertonforum.com.au/contact/,Official centre website,2026-09-02,2026-09-02,High,ACTIVE,The current official centre contact page identifies Total Retail Group as leasing agency
haben-westpoint,group-haben,Westpoint Shopping Centre,Australia,NSW,Westpoint|Blacktown Westpoint,place-au-nsw-westpoint-shopping-centre,CO_OWNER|MANAGER|OPERATOR|LEASING_CONTROLLER,,109234,270,,https://haben.com.au/properties/westpoint-shopping-centre,Official current portfolio property profile,2026-09-02,2026-09-02,High,ACTIVE,Haben publishes the current centre profile plus property management and leasing enquiry paths
haben-forest-hill-chase,group-haben,Forest Hill Chase,Australia,VIC,,place-au-vic-forest-hill-chase,MANAGER|OPERATOR|LEASING_CONTROLLER,,59825,111,,https://haben.com.au/properties/forest-hill-chase,Official current portfolio property profile,2026-09-02,2026-09-02,High,ACTIVE,Haben publishes the current centre profile plus property management and leasing enquiry paths
haben-wollongong-central,group-haben,Wollongong Central,Australia,NSW,,place-au-nsw-wollongong-central,MANAGER|OPERATOR|LEASING_CONTROLLER,,54428,168,,https://haben.com.au/properties/wollongong-central,Official current portfolio property profile,2026-09-02,2026-09-02,High,ACTIVE,Haben publishes the current centre profile plus property management and leasing enquiry paths
haben-croydon-central,group-haben,Croydon Central,Australia,VIC,,place-au-unknown-croydon-central,MANAGER|OPERATOR|LEASING_CONTROLLER,,11302,34,,https://haben.com.au/properties/croydon-central,Official current portfolio property profile,2026-09-02,2026-09-02,High,ACTIVE,Haben publishes the current centre profile plus property management and leasing enquiry paths
haben-seven-hills-plaza,group-haben,Seven Hills Plaza,Australia,NSW,,place-au-nsw-seven-hills-plaza,MANAGER|OPERATOR|LEASING_CONTROLLER,,20986,77,,https://haben.com.au/properties/seven-hills-plaza,Official current portfolio property profile,2026-09-02,2026-09-02,High,ACTIVE,Haben publishes the current centre profile plus property management and leasing enquiry paths
haben-wallsend-village,group-haben,Wallsend Village,Australia,NSW,Stockland Wallsend,place-au-nsw-wallsend-village,MANAGER|OPERATOR|LEASING_CONTROLLER,,11607,41,,https://haben.com.au/properties/wallsend-village,Official current portfolio property profile,2026-09-02,2026-09-02,High,ACTIVE,Haben publishes the current centre profile plus property management and leasing enquiry paths
haben-casey-central,group-haben,Casey Central,Australia,VIC,Casey Central Shopping Centre,place-au-vic-casey-central-shopping-centre,MANAGER|OPERATOR|LEASING_CONTROLLER,,31354,90,,https://haben.com.au/properties/casey-central,Official current portfolio property profile,2026-09-02,2026-09-02,High,ACTIVE,Haben publishes the current centre profile plus property management and leasing enquiry paths
haben-jesmond-central,group-haben,Jesmond Central,Australia,NSW,,place-au-unknown-jesmond-central,MANAGER|OPERATOR|LEASING_CONTROLLER,,20262,63,,https://haben.com.au/properties/jesmond-central,Official current portfolio property profile,2026-09-02,2026-09-02,High,ACTIVE,Haben publishes the current centre profile plus property management and leasing enquiry paths
haben-the-pines,group-haben,The Pines Shopping Centre,Australia,VIC,The Pines Doncaster East,place-au-vic-doncaster-east-the-pines-shopping-centre,MANAGER|OPERATOR|LEASING_CONTROLLER,,23053,89,,https://haben.com.au/properties/the-pines-shopping-centre,Official current portfolio property profile,2026-09-02,2026-09-02,High,ACTIVE,Haben publishes the current centre profile plus property management and leasing enquiry paths
haben-caloundra,group-haben,Caloundra Shopping Centre,Australia,QLD,,place-au-qld-caloundra-shopping-centre,MANAGER|OPERATOR|LEASING_CONTROLLER,,17646,49,,https://haben.com.au/properties/caloundra-shopping-centre,Official current portfolio property profile,2026-09-02,2026-09-02,High,ACTIVE,Haben publishes the current centre profile plus property management and leasing enquiry paths
haben-cleveland-central,group-haben,Cleveland Central,Australia,QLD,Cleveland Shopping Centre,place-au-qld-cleveland-shopping-centre,MANAGER|OPERATOR|LEASING_CONTROLLER,,15699,57,,https://haben.com.au/properties/cleveland-central,Official current portfolio property profile,2026-09-02,2026-09-02,High,ACTIVE,Haben publishes the current centre profile plus property management and leasing enquiry paths
haben-station-oxley,group-haben,The Station Oxley,Australia,QLD,The Oxley Station,place-au-qld-the-station-oxley,MANAGER|OPERATOR|LEASING_CONTROLLER,,7071,16,,https://haben.com.au/properties/the-station-oxley,Official current portfolio property profile,2026-09-02,2026-09-02,High,ACTIVE,Haben publishes the current centre profile plus property management and leasing enquiry paths
vicinity-chatswood-chase,group-vicinity,Chatswood Chase,Australia,NSW,,place-au-nsw-chatswood-chase,OWNER|MANAGER|OPERATOR|LEASING_CONTROLLER,100,,,,https://www.vicinity.com.au/portfolio/our-properties/chatswood-chase,Official current property profile,2025-12-31,2026-09-02,High,ACTIVE,Vicinity reports full ownership plus current management and leasing paths
vicinity-bankstown-central,group-vicinity,Bankstown Central,Australia,NSW,,place-au-nsw-bankstown-central,CO_OWNER|MANAGER|OPERATOR|LEASING_CONTROLLER,50,78575,,14.5,https://www.vicinity.com.au/portfolio/our-properties/bankstown-central,Official current property profile,2025-12-31,2026-09-02,High,ACTIVE,Vicinity reports a 50 percent interest plus current management and leasing paths
vicinity-mandurah-forum,group-vicinity,Mandurah Forum,Australia,WA,,place-au-wa-mandurah-forum,CO_OWNER|MANAGER|OPERATOR|LEASING_CONTROLLER,50,65415,,6.6,https://www.vicinity.com.au/portfolio/our-properties/mandurah-forum,Official current property profile,2025-12-31,2026-09-02,High,ACTIVE,Vicinity reports a 50 percent interest plus current management and leasing paths
vicinity-nepean-village,group-vicinity,Nepean Village,Australia,NSW,,place-au-nsw-nepean-village,OWNER|MANAGER|OPERATOR|LEASING_CONTROLLER,100,23149,,5.7,https://www.vicinity.com.au/portfolio/our-properties/nepean-village,Official current property profile,2025-12-31,2026-09-02,High,ACTIVE,Vicinity reports full ownership plus current management and leasing paths
vicinity-cranbourne-park,group-vicinity,Cranbourne Park,Australia,VIC,Cranbourne Park Shopping Centre,place-au-vic-cranbourne-park-shopping-centre-sp107,CO_OWNER|MANAGER|OPERATOR|LEASING_CONTROLLER,50,46200,,6.3,https://www.vicinity.com.au/portfolio/our-properties/cranbourne-park,Official current property profile,2025-12-31,2026-09-02,High,ACTIVE,Vicinity reports a 50 percent interest plus current management and leasing paths
vicinity-lakeside-joondalup,group-vicinity,Lakeside Joondalup,Australia,WA,Joondalup Lakeside Shopping City,place-au-wa-joondalup-lakeside-s-city,CO_OWNER|MANAGER|OPERATOR|LEASING_CONTROLLER,50,100234,,10.6,https://www.vicinity.com.au/portfolio/our-properties/lakeside-joondalup,Official current property profile,2025-12-31,2026-09-02,High,ACTIVE,Vicinity reports a 50 percent interest plus current management and leasing paths
vicinity-rockingham-centre,group-vicinity,Rockingham Centre,Australia,WA,,place-au-wa-rockingham-centre,CO_OWNER|MANAGER|OPERATOR|LEASING_CONTROLLER,50,61965,,7.4,https://www.vicinity.com.au/portfolio/our-properties/rockingham-centre,Official current property profile,2025-12-31,2026-09-02,High,ACTIVE,Vicinity reports a 50 percent interest plus current management and leasing paths
vicinity-broadmeadows-central,group-vicinity,Broadmeadows Central,Australia,VIC,Broadmeadows Shopping Centre,place-au-vic-broadmeadows-shopping-centre,CO_OWNER|MANAGER|OPERATOR|LEASING_CONTROLLER,50,55601,,8.1,https://www.vicinity.com.au/portfolio/our-properties/broadmeadows-central,Official current property profile,2025-12-31,2026-09-02,High,ACTIVE,Vicinity reports a 50 percent interest plus current management and leasing paths; the other owner remains a distinct unnamed private investor
vicinity-altona-gate,group-vicinity,Altona Gate,Australia,VIC,Altona Gate Shopping Centre,place-au-vic-altona-gate-shopping-centre,OWNER|MANAGER|OPERATOR|LEASING_CONTROLLER,100,25223,,3.6,https://www.vicinity.com.au/portfolio/our-properties/altona-gate,Official current property profile,2025-12-31,2026-09-02,High,ACTIVE,Vicinity reports full ownership plus current management and leasing paths
vicinity-elizabeth-city-centre,group-vicinity,Elizabeth City Centre,Australia,SA,Elizabeth Shopping Centre,place-au-sa-elizabeth-shopping-centre,CO_OWNER|MANAGER|OPERATOR|LEASING_CONTROLLER,50,79981,,7.0,https://www.vicinity.com.au/portfolio/our-properties/elizabeth-city-centre,Official current property profile,2025-12-31,2026-09-02,High,ACTIVE,Vicinity reports a 50 percent interest plus current management and leasing paths; the other owner remains a distinct unnamed private investor
vicinity-grand-plaza,group-vicinity,Grand Plaza,Australia,QLD,Browns Plains Grand Plaza,place-au-qld-browns-plains-grand-plaza-shopping-centre,CO_OWNER|MANAGER|OPERATOR|LEASING_CONTROLLER,50,53190,,7.9,https://www.vicinity.com.au/portfolio/our-properties/grand-plaza,Official current property profile,2025-12-31,2026-09-02,High,ACTIVE,Vicinity reports a 50 percent interest plus current management and leasing paths
vicinity-castle-plaza,group-vicinity,Castle Plaza,Australia,SA,Edwardstown Castle Plaza,place-au-sa-edwardstown-castle-plaza-shopping-centre,OWNER|MANAGER|OPERATOR|LEASING_CONTROLLER,100,22759,,3.3,https://www.vicinity.com.au/portfolio/our-properties/castle-plaza,Official current property profile,2025-12-31,2026-09-02,High,ACTIVE,Vicinity reports full ownership plus current management and leasing paths
vicinity-victoria-gardens,group-vicinity,Victoria Gardens Shopping Centre,Australia,VIC,,place-au-vic-victoria-gardens-shopping-centre,CO_OWNER|MANAGER|OPERATOR|LEASING_CONTROLLER,50,37982,,6.5,https://www.vicinity.com.au/portfolio/our-properties/victoria-gardens-shopping-centre,Official current property profile,2025-12-31,2026-09-02,High,ACTIVE,Vicinity reports a 50 percent interest plus current management and leasing paths
vicinity-sunshine-marketplace,group-vicinity,Sunshine Marketplace,Australia,VIC,,place-au-vic-sunshine-marketplace,CO_OWNER|MANAGER|OPERATOR|LEASING_CONTROLLER,50,34014,,5.2,https://www.vicinity.com.au/portfolio/our-properties/sunshine-marketplace,Official current property profile,2025-12-31,2026-09-02,High,ACTIVE,Vicinity reports a 50 percent interest plus current management and leasing paths
dexus-ocean-keys,group-dexus,Ocean Keys Shopping Centre,Australia,WA,Clarkson Ocean Keys Shopping Centre,place-au-wa-clarkson-ocean-keys-shopping-centre,MANAGER|OPERATOR|LEASING_CONTROLLER,,35892,120,,https://www.dexus.com/leasing/retail/properties/ocean-keys-shopping-centre.html,Official current property and leasing profile,2026-06-30,2026-09-02,High,ACTIVE,Dexus publishes and directly handles leasing for the current centre profile
dwsf-ocean-keys,group-dexus-wholesale-shopping-centre-fund,Ocean Keys Shopping Centre,Australia,WA,Clarkson Ocean Keys Shopping Centre,place-au-wa-clarkson-ocean-keys-shopping-centre,OWNER,100,38500,,,https://www.dexus.com/content/dam/dexus/documents/funds/dexus-core-property-fund-dcpf/performance/DCPF%20March%202025%20Quarterly%20Report.pdf,Official fund report corroborated by current Dexus fund page,2025-03-31,2026-09-02,High,ACTIVE,Dexus fund reporting identifies DWSF as the sole owner and the current fund page retains Ocean Keys
dexus-royal-randwick,group-dexus,Royal Randwick Shopping Centre,Australia,NSW,,place-au-nsw-royal-randwick-shopping-centre,MANAGER|OPERATOR|LEASING_CONTROLLER,,14900,50,,https://www.dexus.com/leasing/retail/properties/royal-randwick-shopping-centre.html,Official current property and leasing profile,2026-06-30,2026-09-02,High,ACTIVE,Dexus publishes and directly handles leasing for the current centre profile
dwsf-royal-randwick,group-dexus-wholesale-shopping-centre-fund,Royal Randwick Shopping Centre,Australia,NSW,,place-au-nsw-royal-randwick-shopping-centre,OWNER,100,15000,,,https://www.dexus.com/content/dam/dexus/documents/funds/dexus-core-property-fund-dcpf/performance/DCPF%20March%202025%20Quarterly%20Report.pdf,Official fund report corroborated by current Dexus fund page,2025-03-31,2026-09-02,High,ACTIVE,Dexus fund reporting identifies DWSF as the sole owner and the current fund page retains Royal Randwick
dwsf-westfield-liverpool,group-dexus-wholesale-shopping-centre-fund,Westfield Liverpool,Australia,NSW,,place-au-nsw-westfield-liverpool,CO_OWNER,50,83000,,,https://www.dexus.com/content/dam/dexus/documents/funds/dexus-core-property-fund-dcpf/performance/DCPF%20March%202025%20Quarterly%20Report.pdf,Official fund report,2025-03-31,2026-09-02,High,ACTIVE,Dexus fund reporting identifies DWSF as the 50 percent co-owner alongside Scentre Group
dwpf-indooroopilly,group-dexus-wholesale-property-fund,Indooroopilly Shopping Centre,Australia,QLD,Indooroopilly,place-au-qld-indooroopilly,CO_OWNER,25,117500,,,https://www.dexus.com/content/dam/dexus/common/project/dexus/dexuscom/files/articles/crs-reports/2024/2024-dexus-annual-report.pdf,Official annual report corroborated by current Dexus property page,2024-06-30,2026-09-02,High,ACTIVE,Dexus reports DWPF holds a 25 percent interest alongside DWSF
stockland-fy26-piccadilly,group-stockland,Stockland Piccadilly,Australia,NSW,Piccadilly Sydney CBD,,OWNER|MANAGER|OPERATOR|LEASING_CONTROLLER,100,2983,,,https://links.sgx.com/1.0.0/corporate-announcements/OCV00Y9N84LUK0AD/901651_FY26%20Property%20Portfolio.pdf,Official current property portfolio,2026-06-30,2026-09-02,High,ACTIVE,Current FY26 portfolio asset; canonical place match remains under review
stockland-fy26-shellharbour-retail-park,group-stockland,Shellharbour Retail Park,Australia,NSW,,,OWNER|MANAGER|OPERATOR|LEASING_CONTROLLER,100,22233,,,https://links.sgx.com/1.0.0/corporate-announcements/OCV00Y9N84LUK0AD/901651_FY26%20Property%20Portfolio.pdf,Official current property portfolio,2026-06-30,2026-09-02,High,ACTIVE,Current FY26 portfolio asset; canonical place match remains under review
stockland-fy26-baringa,group-stockland,Stockland Baringa,Australia,QLD,,,OWNER|MANAGER|OPERATOR|LEASING_CONTROLLER,100,6972,,,https://links.sgx.com/1.0.0/corporate-announcements/OCV00Y9N84LUK0AD/901651_FY26%20Property%20Portfolio.pdf,Official current property portfolio,2026-06-30,2026-09-02,High,ACTIVE,Current FY26 portfolio asset; canonical place match remains under review
stockland-fy26-birtinya,group-stockland,Stockland Birtinya,Australia,QLD,,place-au-unknown-stockland-birtinya,OWNER|MANAGER|OPERATOR|LEASING_CONTROLLER,100,18281,,,https://links.sgx.com/1.0.0/corporate-announcements/OCV00Y9N84LUK0AD/901651_FY26%20Property%20Portfolio.pdf,Official current property portfolio,2026-06-30,2026-09-02,High,ACTIVE,Stockland reports full ownership in its current FY26 portfolio and handles retail leasing through its public enquiry channel
stockland-fy26-point-cook,group-stockland,Stockland Point Cook,Australia,VIC,Point Cook Town Centre,place-au-vic-point-cook-town-centre,OWNER|MANAGER|OPERATOR|LEASING_CONTROLLER,100,43455,109,,https://links.sgx.com/1.0.0/corporate-announcements/OCV00Y9N84LUK0AD/901651_FY26%20Property%20Portfolio.pdf,Official current property portfolio corroborated by official leasing fact sheet,2026-06-30,2026-09-02,High,ACTIVE,Stockland reports full ownership in FY26; the official leasing fact sheet supplies the current centre scale context
stockland-fy26-wendouree,group-stockland,Stockland Wendouree,Australia,VIC,,place-au-vic-wendouree-stockland,OWNER|MANAGER|OPERATOR|LEASING_CONTROLLER,100,28257,103,,https://links.sgx.com/1.0.0/corporate-announcements/OCV00Y9N84LUK0AD/901651_FY26%20Property%20Portfolio.pdf,Official current property portfolio corroborated by official leasing fact sheet,2026-06-30,2026-09-02,High,ACTIVE,Stockland reports full ownership in FY26; the official leasing fact sheet explicitly classifies this as sub-regional
stockland-fy26-baldivis,group-stockland,Stockland Baldivis,Australia,WA,,place-au-wa-stockland-baldivis,OWNER|MANAGER|OPERATOR|LEASING_CONTROLLER,100,33068,79,,https://links.sgx.com/1.0.0/corporate-announcements/OCV00Y9N84LUK0AD/901651_FY26%20Property%20Portfolio.pdf,Official current property portfolio corroborated by official centre material,2026-06-30,2026-09-02,High,ACTIVE,Stockland reports full ownership in FY26; official centre material identifies more than 75 specialty stores plus four major anchors
stockland-fy26-harrisdale,group-stockland,Stockland Harrisdale,Australia,WA,Harrisdale Stockland Shopping Centre,place-au-wa-harrisdale-stockland-shopping-centre,OWNER|MANAGER|OPERATOR|LEASING_CONTROLLER,100,14439,33,,https://links.sgx.com/1.0.0/corporate-announcements/OCV00Y9N84LUK0AD/901651_FY26%20Property%20Portfolio.pdf,Official current property portfolio corroborated by official leasing fact sheet,2026-06-30,2026-09-02,High,ACTIVE,Stockland reports full ownership in FY26; the official leasing fact sheet supplies the neighbourhood-scale tenant mix
stockland-fy26-gables,group-stockland,Stockland Gables,Australia,NSW,Stockland The Gables,,CO_OWNER,30,9342,,,https://links.sgx.com/1.0.0/corporate-announcements/OCV00Y9N84LUK0AD/901651_FY26%20Property%20Portfolio.pdf,Official current property portfolio,2026-06-30,2026-09-02,High,ACTIVE,Current FY26 partnership asset; canonical place match remains under review
stockland-fy26-providence,group-stockland,Stockland Providence,Australia,QLD,,,CO_OWNER,30,8141,,,https://links.sgx.com/1.0.0/corporate-announcements/OCV00Y9N84LUK0AD/901651_FY26%20Property%20Portfolio.pdf,Official current property portfolio,2026-06-30,2026-09-02,High,ACTIVE,Current FY26 partnership asset; canonical place match remains under review
stockland-fy26-sienna-wood,group-stockland,Stockland Sienna Wood,Australia,WA,,,CO_OWNER,50,6093,,,https://links.sgx.com/1.0.0/corporate-announcements/OCV00Y9N84LUK0AD/901651_FY26%20Property%20Portfolio.pdf,Official current property portfolio,2026-06-30,2026-09-02,High,ACTIVE,Current FY26 partnership asset; canonical place match remains under review
stockland-fy26-aura-stage-1,group-stockland,Aura Stage 1,Australia,QLD,Stockland Aura,,OWNER,100,16300,,,https://links.sgx.com/1.0.0/corporate-announcements/OCV00Y9N84LUK0AD/901651_FY26%20Property%20Portfolio.pdf,Official current property portfolio,2026-06-30,2026-09-02,High,ACTIVE,Current FY26 retail development; no active canonical shopping-centre relationship is asserted
gpt-current-charlestown,group-gpt,Charlestown Square,Australia,NSW,,place-au-nsw-charlestown-square,OWNER|MANAGER|OPERATOR|LEASING_CONTROLLER,100,91200,280,,https://www.gpt.com.au/property/retail/charlestown-square,Official current property profile,2026-09-02,2026-09-02,High,ACTIVE,GPT reports full ownership and publishes the current centre profile and leasing pathway
gpt-current-dapto,group-gpt,Dapto Mall,Australia,NSW,,place-au-nsw-dapto-mall,MANAGER|OPERATOR|LEASING_CONTROLLER,,22500,70,,https://www.gpt.com.au/property/retail/dapto-mall,Official current property profile,2026-09-02,2026-09-02,High,ACTIVE,GPT identifies itself as manager and publishes the current centre profile and leasing pathway
unisuper-dapto,group-unisuper,Dapto Mall,Australia,NSW,,place-au-nsw-dapto-mall,OWNER,100,22500,70,,https://www.gpt.com.au/property/retail/dapto-mall,Official current manager property profile,2026-09-02,2026-09-02,High,ACTIVE,GPT's current profile explicitly identifies UniSuper as owner
gpt-current-macarthur,group-gpt,Macarthur Square,Australia,NSW,,place-au-nsw-macarthur-square,MANAGER|OPERATOR|LEASING_CONTROLLER,,108100,300,,https://www.gpt.com.au/property/retail/macarthur-square,Official current property profile,2026-09-02,2026-09-02,High,ACTIVE,GPT explicitly identifies itself as manager and publishes the current leasing pathway
gwscf-macarthur,group-gpt-wholesale-shopping-centre-fund,Macarthur Square,Australia,NSW,,place-au-nsw-macarthur-square,CO_OWNER,50,108100,300,,https://www.gpt.com.au/property/retail/macarthur-square,Official current property profile,2026-09-02,2026-09-02,High,ACTIVE,GPT reports a 50 percent GWSCF interest
appf-macarthur,group-appf-retail,Macarthur Square,Australia,NSW,,place-au-nsw-macarthur-square,CO_OWNER,50,108100,300,,https://www.gpt.com.au/property/retail/macarthur-square,Official current property profile,2026-09-02,2026-09-02,High,ACTIVE,GPT identifies Australian Prime Property Fund Retail as joint owner; represented as the remaining 50 percent interest
gpt-current-rouse-hill,group-gpt,Rouse Hill Town Centre,Australia,NSW,,place-au-nsw-rouse-hill-town-centre,CO_OWNER|MANAGER|OPERATOR|LEASING_CONTROLLER,50,70100,230,,https://www.gpt.com.au/property/retail/rouse-hill-town-centre,Official current property profile,2026-09-02,2026-09-02,High,ACTIVE,GPT reports a 50 percent direct interest and manages the active redevelopment and leasing platform
gwscf-rouse-hill,group-gpt-wholesale-shopping-centre-fund,Rouse Hill Town Centre,Australia,NSW,,place-au-nsw-rouse-hill-town-centre,CO_OWNER,50,70100,230,,https://www.gpt.com.au/property/retail/rouse-hill-town-centre,Official current property profile,2026-09-02,2026-09-02,High,ACTIVE,GPT reports the other 50 percent interest is held by GWSCF
gpt-current-marrickville,group-gpt,Marrickville Metro,Australia,NSW,,place-au-nsw-marrickville-metro,MANAGER|OPERATOR|LEASING_CONTROLLER,,34300,100,,https://www.gpt.com.au/property/retail/marrickville-metro,Official current property profile,2026-09-02,2026-09-02,High,ACTIVE,GPT identifies itself as manager and publishes the current centre profile and leasing pathway
unisuper-marrickville,group-unisuper,Marrickville Metro,Australia,NSW,,place-au-nsw-marrickville-metro,OWNER,100,34300,100,,https://www.gpt.com.au/property/retail/marrickville-metro,Official current manager property profile,2026-09-02,2026-09-02,High,ACTIVE,GPT's current profile explicitly identifies UniSuper as owner
gpt-current-chirnside,group-gpt,Chirnside Park Shopping Centre,Australia,VIC,Chirnside Park,place-au-vic-chirnside-park-shopping-centre,MANAGER|OPERATOR|LEASING_CONTROLLER,,38800,110,,https://www.gpt.com.au/property/retail/chirnside-park,Official current property profile,2026-09-02,2026-09-02,High,ACTIVE,GPT publishes and manages the current centre profile and leasing pathway
gwscf-chirnside,group-gpt-wholesale-shopping-centre-fund,Chirnside Park Shopping Centre,Australia,VIC,Chirnside Park,place-au-vic-chirnside-park-shopping-centre,OWNER,100,38800,110,,https://www.gpt.com.au/property/retail/chirnside-park,Official current property profile,2026-09-02,2026-09-02,High,ACTIVE,GPT reports full GWSCF ownership
gpt-current-parkmore,group-gpt,Parkmore Shopping Centre,Australia,VIC,Keysborough Parkmore Shopping Centre,place-au-vic-keysborough-parkmore-shopping-centre,MANAGER|OPERATOR|LEASING_CONTROLLER,,36900,120,,https://www.gpt.com.au/property/retail/parkmore-shopping-centre,Official current property profile,2026-09-02,2026-09-02,High,ACTIVE,GPT publishes and manages the current centre profile and leasing pathway
gwscf-parkmore,group-gpt-wholesale-shopping-centre-fund,Parkmore Shopping Centre,Australia,VIC,Keysborough Parkmore Shopping Centre,place-au-vic-keysborough-parkmore-shopping-centre,OWNER,100,36900,120,,https://www.gpt.com.au/property/retail/parkmore-shopping-centre,Official current property profile,2026-09-02,2026-09-02,High,ACTIVE,GPT reports full GWSCF ownership
gpt-current-belmont-forum,group-gpt,Belmont Forum,Australia,WA,,place-au-wa-belmont-forum,CO_OWNER|MANAGER|OPERATOR|LEASING_CONTROLLER,50,48000,130,,https://www.gpt.com.au/sites/default/files/inline-uploads/The%20GPT%20Group%202024%20Annual%20Report.pdf,Official annual report corroborated by current property profile,2025-02-01,2026-09-02,High,ACTIVE,GPT reports a 50 percent interest and assumption of property leasing and development services
perron-belmont-forum,group-perron,Belmont Forum,Australia,WA,,place-au-wa-belmont-forum,CO_OWNER,50,48000,130,,https://www.gpt.com.au/sites/default/files/inline-uploads/The%20GPT%20Group%202024%20Annual%20Report.pdf,Official annual report corroborated by current property profile,2025-02-01,2026-09-02,High,ACTIVE,GPT reports Perron Group as the joint owner
gpt-current-cockburn-gateway,group-gpt,Cockburn Gateway,Australia,WA,Cockburn Gateway Shopping Centre,place-au-wa-cockburn-gateway-shopping-centre,CO_OWNER|MANAGER|OPERATOR|LEASING_CONTROLLER,50,69000,170,,https://www.gpt.com.au/sites/default/files/inline-uploads/The%20GPT%20Group%202024%20Annual%20Report.pdf,Official annual report corroborated by current property profile,2025-02-01,2026-09-02,High,ACTIVE,GPT reports a 50 percent interest and assumption of property leasing and development services
perron-cockburn-gateway,group-perron,Cockburn Gateway,Australia,WA,Cockburn Gateway Shopping Centre,place-au-wa-cockburn-gateway-shopping-centre,CO_OWNER,50,69000,170,,https://www.gpt.com.au/sites/default/files/inline-uploads/The%20GPT%20Group%202024%20Annual%20Report.pdf,Official annual report corroborated by current property profile,2025-02-01,2026-09-02,High,ACTIVE,GPT reports Perron Group as the joint owner
gpt-current-karrinyup,group-gpt,Karrinyup Shopping Centre,Australia,WA,,place-au-wa-karrinyup-shopping-centre,MANAGER|OPERATOR|LEASING_CONTROLLER,,109000,300,13.4,https://www.gpt.com.au/news-insights/media-releases/karrinyup-achieves-1-billion-annual-sales-spurred-demand-retail,Official current manager announcement,2025-07-09,2026-09-02,High,ACTIVE,GPT explicitly identifies itself as current manager and reports current scale and visitation
unisuper-karrinyup,group-unisuper,Karrinyup Shopping Centre,Australia,WA,,place-au-wa-karrinyup-shopping-centre,OWNER,100,109000,300,13.4,https://www.gpt.com.au/news-insights/media-releases/karrinyup-achieves-1-billion-annual-sales-spurred-demand-retail,Official current manager announcement,2025-07-09,2026-09-02,High,ACTIVE,GPT explicitly identifies UniSuper as owner
gpt-current-macquarie-centre,group-gpt,Macquarie Centre,Australia,NSW,,place-au-nsw-macquarie-centre,MANAGER|OPERATOR|LEASING_CONTROLLER,,135500,320,,https://www.gpt.com.au/sites/default/files/inline-uploads/The%20GPT%20Group%202025%20Annual_Report_1.pdf,Official annual report corroborated by current property profile,2025-12-31,2026-09-02,High,ACTIVE,GPT reports management transitioned on 1 August 2025 and publishes the current leasing profile
gpt-westfield-penrith,group-gpt,Westfield Penrith,Australia,NSW,,place-au-nsw-westfield-penrith,CO_OWNER,50,91500,311,,https://www.gpt.com.au/property/retail/westfield-penrith,Official current property profile,2026-09-02,2026-09-02,High,ACTIVE,GPT reports a 50 percent ownership interest alongside Scentre Group
region-cooleman-court,group-region,Cooleman Court,Australia,ACT,,place-au-act-cooleman-court,OWNER|MANAGER,100,10155,,,https://regiongroup.au/wp-content/uploads/2026/08/Property-Booklet-as-at-30-Jun-2026-FINAL-17.08.pdf,Official current property portfolio,2026-06-30,2026-09-02,High,ACTIVE,Region Group lists this centre in its 30 June 2026 owned and managed portfolio
region-lavington-square,group-region,Lavington Square,Australia,NSW,,place-au-nsw-lavington-square,OWNER|MANAGER,100,20055,,,https://regiongroup.au/wp-content/uploads/2026/08/Property-Booklet-as-at-30-Jun-2026-FINAL-17.08.pdf,Official current property portfolio,2026-06-30,2026-09-02,High,ACTIVE,Region Group lists this centre in its 30 June 2026 owned and managed portfolio
region-sturt-mall,group-region,Sturt Mall,Australia,NSW,,place-au-unknown-sturt-mall,OWNER|MANAGER,100,15333,,,https://regiongroup.au/wp-content/uploads/2026/08/Property-Booklet-as-at-30-Jun-2026-FINAL-17.08.pdf,Official current property portfolio,2026-06-30,2026-09-02,High,ACTIVE,Region Group lists this centre in its 30 June 2026 owned and managed portfolio
region-ulladulla,group-region,Ulladulla Shopping Centre,Australia,NSW,,place-au-nsw-ulladulla-shopping-centre,OWNER|MANAGER,100,5268,,,https://regiongroup.au/wp-content/uploads/2026/08/Property-Booklet-as-at-30-Jun-2026-FINAL-17.08.pdf,Official current property portfolio,2026-06-30,2026-09-02,High,ACTIVE,Region Group lists this centre in its 30 June 2026 owned and managed portfolio
region-central-highlands,group-region,Central Highlands Marketplace,Australia,QLD,,place-au-unknown-central-highlands-marketplace,OWNER|MANAGER,100,18136,,,https://regiongroup.au/wp-content/uploads/2026/08/Property-Booklet-as-at-30-Jun-2026-FINAL-17.08.pdf,Official current property portfolio,2026-06-30,2026-09-02,High,ACTIVE,Region Group lists this centre in its 30 June 2026 owned and managed portfolio
region-north-shore-village,group-region,North Shore Village Shopping Centre,Australia,QLD,North Shore Village,place-au-unknown-north-shore-village,OWNER|MANAGER,100,4052,,,https://regiongroup.au/wp-content/uploads/2026/08/Property-Booklet-as-at-30-Jun-2026-FINAL-17.08.pdf,Official current property portfolio,2026-06-30,2026-09-02,High,ACTIVE,Region Group lists this centre in its 30 June 2026 owned and managed portfolio
region-sugarworld,group-region,Sugarworld Shopping Centre,Australia,QLD,,place-au-unknown-sugarworld-shopping-centre,OWNER|MANAGER,100,4851,,,https://regiongroup.au/wp-content/uploads/2026/08/Property-Booklet-as-at-30-Jun-2026-FINAL-17.08.pdf,Official current property portfolio,2026-06-30,2026-09-02,High,ACTIVE,Region Group lists this centre in its 30 June 2026 owned and managed portfolio
region-murray-bridge,group-region,Murray Bridge Marketplace,Australia,SA,,place-au-sa-murray-bridge-marketplace,OWNER|MANAGER,100,18581,,,https://regiongroup.au/wp-content/uploads/2026/08/Property-Booklet-as-at-30-Jun-2026-FINAL-17.08.pdf,Official current property portfolio,2026-06-30,2026-09-02,High,ACTIVE,Region Group lists this centre in its 30 June 2026 owned and managed portfolio
region-kingston-plaza,group-region,Kingston Plaza,Australia,TAS,,place-au-tas-kingston-plaza,OWNER|MANAGER,100,4958,,,https://regiongroup.au/wp-content/uploads/2026/08/Property-Booklet-as-at-30-Jun-2026-FINAL-17.08.pdf,Official current property portfolio,2026-06-30,2026-09-02,High,ACTIVE,Region Group lists this centre in its 30 June 2026 owned and managed portfolio
region-meadow-mews,group-region,Meadow Mews Plaza,Australia,TAS,,place-au-tas-meadow-mews-plaza,OWNER|MANAGER,100,7669,,,https://regiongroup.au/wp-content/uploads/2026/08/Property-Booklet-as-at-30-Jun-2026-FINAL-17.08.pdf,Official current property portfolio,2026-06-30,2026-09-02,High,ACTIVE,Region Group lists this centre in its 30 June 2026 owned and managed portfolio
region-new-town-plaza,group-region,New Town Plaza,Australia,TAS,,place-au-tas-new-town-plaza,OWNER|MANAGER,100,11443,,,https://regiongroup.au/wp-content/uploads/2026/08/Property-Booklet-as-at-30-Jun-2026-FINAL-17.08.pdf,Official current property portfolio,2026-06-30,2026-09-02,High,ACTIVE,Region Group lists this centre in its 30 June 2026 owned and managed portfolio
region-bentons-square,group-region,Bentons Square,Australia,VIC,,place-au-unknown-bentons-square,OWNER|MANAGER,100,11091,,,https://regiongroup.au/wp-content/uploads/2026/08/Property-Booklet-as-at-30-Jun-2026-FINAL-17.08.pdf,Official current property portfolio,2026-06-30,2026-09-02,High,ACTIVE,Region Group lists this centre in its 30 June 2026 owned and managed portfolio
region-delacombe,group-region,Delacombe Town Centre,Australia,VIC,,place-au-unknown-delacombe-town-centre,OWNER|MANAGER,100,29001,,,https://regiongroup.au/wp-content/uploads/2026/08/Property-Booklet-as-at-30-Jun-2026-FINAL-17.08.pdf,Official current property portfolio,2026-06-30,2026-09-02,High,ACTIVE,Region Group lists this centre in its 30 June 2026 owned and managed portfolio
region-kallo-town-centre,group-region,Kallo Town Centre,Australia,VIC,,place-au-unknown-kallo-town-centre,OWNER|MANAGER,100,11521,,,https://regiongroup.au/wp-content/uploads/2026/08/Property-Booklet-as-at-30-Jun-2026-FINAL-17.08.pdf,Official current property portfolio,2026-06-30,2026-09-02,High,ACTIVE,Region Group lists this centre in its 30 June 2026 owned and managed portfolio
region-lilydale-marketplace,group-region,Lilydale Marketplace,Australia,VIC,,place-au-vic-lilydale-marketplace,OWNER|MANAGER,100,22052,,,https://regiongroup.au/wp-content/uploads/2026/08/Property-Booklet-as-at-30-Jun-2026-FINAL-17.08.pdf,Official current property portfolio,2026-06-30,2026-09-02,High,ACTIVE,Region Group lists this centre in its 30 June 2026 owned and managed portfolio
region-pakenham-marketplace,group-region,Pakenham Marketplace,Australia,VIC,Pakenham Central Marketplace,place-au-vic-pakenham-central-marketplace,OWNER|MANAGER,100,17005,,,https://regiongroup.au/wp-content/uploads/2026/08/Property-Booklet-as-at-30-Jun-2026-FINAL-17.08.pdf,Official current property portfolio,2026-06-30,2026-09-02,High,ACTIVE,Region Group lists this centre in its 30 June 2026 owned and managed portfolio
region-gateway-langwarrin,group-region,The Gateway Shopping Centre,Australia,VIC,,place-au-unknown-the-gateway-shopping-centre,OWNER|MANAGER,100,10726,,,https://regiongroup.au/wp-content/uploads/2026/08/Property-Booklet-as-at-30-Jun-2026-FINAL-17.08.pdf,Official current property portfolio,2026-06-30,2026-09-02,High,ACTIVE,Region Group lists this centre in its 30 June 2026 owned and managed portfolio
region-wonthaggi-plaza,group-region,Wonthaggi Plaza,Australia,VIC,,place-au-unknown-wonthaggi-plaza,OWNER|MANAGER,100,11871,,,https://regiongroup.au/wp-content/uploads/2026/08/Property-Booklet-as-at-30-Jun-2026-FINAL-17.08.pdf,Official current property portfolio,2026-06-30,2026-09-02,High,ACTIVE,Region Group lists this centre in its 30 June 2026 owned and managed portfolio
region-kwinana-marketplace,group-region,Kwinana Marketplace,Australia,WA,,place-au-wa-kwinana-marketplace,OWNER|MANAGER,100,32587,,,https://regiongroup.au/wp-content/uploads/2026/08/Property-Booklet-as-at-30-Jun-2026-FINAL-17.08.pdf,Official current property portfolio,2026-06-30,2026-09-02,High,ACTIVE,Region Group lists this centre in its 30 June 2026 owned and managed portfolio
region-stirlings-central,group-region,Stirlings Central,Australia,WA,,place-au-wa-stirlings-central,OWNER|MANAGER,100,8457,,,https://regiongroup.au/wp-content/uploads/2026/08/Property-Booklet-as-at-30-Jun-2026-FINAL-17.08.pdf,Official current property portfolio,2026-06-30,2026-09-02,High,ACTIVE,Region Group lists this centre in its 30 June 2026 owned and managed portfolio
region-warnbro-centre,group-region,Warnbro Centre,Australia,WA,,place-au-wa-warnbro-centre,OWNER|MANAGER,100,21866,,,https://regiongroup.au/wp-content/uploads/2026/08/Property-Booklet-as-at-30-Jun-2026-FINAL-17.08.pdf,Official current property portfolio,2026-06-30,2026-09-02,High,ACTIVE,Region Group lists this centre in its 30 June 2026 owned and managed portfolio
region-raymond-terrace,group-region,MarketPlace Raymond Terrace,Australia,NSW,Raymond Terrace Marketplace,place-au-nsw-raymond-terrace-marketplace,OWNER|MANAGER,100,15046,,,https://regiongroup.au/wp-content/uploads/2026/08/Property-Booklet-as-at-30-Jun-2026-FINAL-17.08.pdf,Official current property portfolio,2026-06-30,2026-09-02,High,ACTIVE,Region Group lists this centre in its 30 June 2026 owned and managed portfolio
region-marketown-east,group-region,Marketown Shopping Centre - East,Australia,NSW,Marketown Shopping Centre,place-au-nsw-marketown-shopping-centre,OWNER|MANAGER,100,16856,,,https://regiongroup.au/wp-content/uploads/2026/08/Property-Booklet-as-at-30-Jun-2026-FINAL-17.08.pdf,Official current property portfolio,2026-06-30,2026-09-02,High,ACTIVE,The mapped Specsavers tenancy is explicitly in Marketown East and Region lists East as an owned and managed asset
region-jimboomba-junction,group-region,Jimboomba Junction Shopping Centre,Australia,QLD,Jimboomba Shopping Centre,place-au-unknown-jimboomba-shopping-centre,OWNER|MANAGER,100,5915,,,https://regiongroup.au/property/jimboomba/?full=true,Official current property profile,2026-06-30,2026-09-02,High,ACTIVE,The official Region profile confirms the current centre identity address and portfolio management
retail-first-aspley,group-retail-first,Aspley Hypermarket,Australia,QLD,,place-au-qld-aspley-hypermarket,MANAGER|OPERATOR|LEASING_CONTROLLER,,36256,65,4.1,https://www.retailfirst.com.au/leasing,Official current manager and leasing portfolio,2026-09-02,2026-09-02,High,ACTIVE,Retail First publishes the current centre profile metrics and direct portfolio leasing pathway
retail-first-australia-fair,group-retail-first,Australia Fair,Australia,QLD,Australia Fair Shopping Centre,place-au-qld-australia-fair-shopping-centre,MANAGER|OPERATOR|LEASING_CONTROLLER,,49347,194,8.6,https://www.retailfirst.com.au/leasing,Official current manager and leasing portfolio,2026-09-02,2026-09-02,High,ACTIVE,Retail First publishes the current centre profile metrics and direct portfolio leasing pathway
retail-first-booval-fair,group-retail-first,Booval Fair,Australia,QLD,Booval Fair Shopping Centre,place-au-unknown-booval-fair-shopping-centre,MANAGER|OPERATOR|LEASING_CONTROLLER,,23072,49,2.5,https://www.retailfirst.com.au/leasing,Official current manager and leasing portfolio,2026-09-02,2026-09-02,High,ACTIVE,Retail First publishes the current centre profile metrics and direct portfolio leasing pathway
retail-first-brookside,group-retail-first,Brookside Shopping Centre,Australia,QLD,,place-au-qld-brookside-shopping-centre,MANAGER|OPERATOR|LEASING_CONTROLLER,,50679,110,4.8,https://www.retailfirst.com.au/leasing,Official current manager and leasing portfolio,2026-09-02,2026-09-02,High,ACTIVE,Retail First publishes the current centre profile metrics and direct portfolio leasing pathway
retail-first-cannon-hill,group-retail-first,Cannon Hill Kmart Plaza,Australia,QLD,,place-au-qld-cannon-hill-kmart-plaza,MANAGER|OPERATOR|LEASING_CONTROLLER,,17226,55,2.88,https://www.retailfirst.com.au/leasing,Official current manager and leasing portfolio,2026-09-02,2026-09-02,High,ACTIVE,Retail First publishes the current centre profile metrics and direct portfolio leasing pathway
retail-first-capalaba-park,group-retail-first,Capalaba Park Shopping Centre,Australia,QLD,,place-au-qld-capalaba-park-shopping-centre,MANAGER|OPERATOR|LEASING_CONTROLLER,,35060,110,4.3,https://www.retailfirst.com.au/leasing,Official current manager and leasing portfolio,2026-09-02,2026-09-02,High,ACTIVE,Retail First publishes the current centre profile metrics and direct portfolio leasing pathway
retail-first-fairfield-gardens,group-retail-first,Fairfield Gardens Shopping Centre,Australia,QLD,Fairfield Gardens,place-au-qld-25-fairfield-gardens-shopping-centre,MANAGER|OPERATOR|LEASING_CONTROLLER,,11912,37,2.0,https://www.retailfirst.com.au/leasing,Official current manager and leasing portfolio,2026-09-02,2026-09-02,High,ACTIVE,Retail First publishes the current centre profile metrics and direct portfolio leasing pathway
retail-first-mt-gravatt,group-retail-first,Mt Gravatt Plaza,Australia,QLD,,place-au-qld-mt-gravatt-plaza,MANAGER|OPERATOR|LEASING_CONTROLLER,,12682,43,3.0,https://www.retailfirst.com.au/leasing,Official current manager and leasing portfolio,2026-09-02,2026-09-02,High,ACTIVE,Retail First publishes the current centre profile metrics and direct portfolio leasing pathway
retail-first-mt-ommaney,group-retail-first,Mt Ommaney Centre,Australia,QLD,,place-au-qld-mt-ommaney-centre,MANAGER|OPERATOR|LEASING_CONTROLLER,,60134,169,5.1,https://www.retailfirst.com.au/leasing,Official current manager and leasing portfolio,2026-09-02,2026-09-02,High,ACTIVE,Retail First publishes the current centre profile metrics and direct portfolio leasing pathway
retail-first-peninsula-fair,group-retail-first,Peninsula Fair Shopping Centre,Australia,QLD,,place-au-qld-peninsula-fair-shopping-centre,MANAGER|OPERATOR|LEASING_CONTROLLER,,31097,67,3.7,https://www.retailfirst.com.au/leasing,Official current manager and leasing portfolio,2026-09-02,2026-09-02,High,ACTIVE,Retail First publishes the current centre profile metrics and direct portfolio leasing pathway
retail-first-redbank-plaza,group-retail-first,Redbank Plaza,Australia,QLD,,place-au-qld-redbank-plaza,MANAGER|OPERATOR|LEASING_CONTROLLER,,40950,84,3.73,https://www.retailfirst.com.au/leasing,Official current manager and leasing portfolio,2026-09-02,2026-09-02,High,ACTIVE,Retail First publishes the current centre profile metrics and direct portfolio leasing pathway
retail-first-strathpine,group-retail-first,Strathpine Centre,Australia,QLD,,place-au-qld-strathpine-centre,MANAGER|OPERATOR|LEASING_CONTROLLER,,43895,139,5.2,https://www.retailfirst.com.au/leasing,Official current manager and leasing portfolio,2026-09-02,2026-09-02,High,ACTIVE,Retail First publishes the current centre profile metrics and direct portfolio leasing pathway
retail-first-sunnybank-hills,group-retail-first,Sunnybank Hills Shoppingtown,Australia,QLD,Sunnybank Hills Shopping Centre,place-au-unknown-sunnybank-hills-shoppingtown,MANAGER|OPERATOR|LEASING_CONTROLLER,,34917.05,97,5.6,https://www.retailfirst.com.au/leasing,Official current manager and leasing portfolio,2026-09-02,2026-09-02,High,ACTIVE,Retail First publishes the current centre profile metrics and direct portfolio leasing pathway
retail-first-sunnybank-plaza,group-retail-first,Sunnybank Plaza,Australia,QLD,,place-au-qld-sunnybank-plaza,MANAGER|OPERATOR|LEASING_CONTROLLER,,33980,138,7.4,https://www.retailfirst.com.au/leasing,Official current manager and leasing portfolio,2026-09-02,2026-09-02,High,ACTIVE,Retail First publishes the current centre profile metrics and direct portfolio leasing pathway
retail-first-sunny-park,group-retail-first,Sunny Park Shopping Centre,Australia,QLD,,place-au-unknown-sunny-park-shopping-centre,MANAGER|OPERATOR|LEASING_CONTROLLER,,10837,39,2.0,https://www.retailfirst.com.au/leasing,Official current manager and leasing portfolio,2026-09-02,2026-09-02,High,ACTIVE,Retail First publishes the current centre profile metrics and direct portfolio leasing pathway
retail-first-toowong,group-retail-first,Toowong Village,Australia,QLD,,place-au-qld-toowong-village,MANAGER|OPERATOR|LEASING_CONTROLLER,,31976,86,6.9,https://www.retailfirst.com.au/leasing,Official current manager and leasing portfolio,2026-09-02,2026-09-02,High,ACTIVE,Retail First publishes the current centre profile metrics and direct portfolio leasing pathway
yfg-australia-fair,group-yfg-shopping-centres,Australia Fair,Australia,QLD,Australia Fair Shopping Centre,place-au-qld-australia-fair-shopping-centre,OWNER,,,,,https://www.retailfirst.com.au/news/strathpine-centre,Official owner and manager announcement,2021-12-22,2026-09-02,High,ACTIVE,Retail First identifies Australia Fair as part of YFG Shopping Centres' privately owned portfolio
yfg-brookside,group-yfg-shopping-centres,Brookside Shopping Centre,Australia,QLD,,place-au-qld-brookside-shopping-centre,OWNER,,,,,https://www.retailfirst.com.au/news/strathpine-centre,Official owner and manager announcement,2021-12-22,2026-09-02,High,ACTIVE,Retail First identifies Brookside as part of YFG Shopping Centres' privately owned portfolio
yfg-fairfield-gardens,group-yfg-shopping-centres,Fairfield Gardens Shopping Centre,Australia,QLD,Fairfield Gardens,place-au-qld-25-fairfield-gardens-shopping-centre,OWNER,,,,,https://www.retailfirst.com.au/news/strathpine-centre,Official owner and manager announcement,2021-12-22,2026-09-02,High,ACTIVE,Retail First identifies Fairfield Gardens as part of YFG Shopping Centres' privately owned portfolio
yfg-mt-ommaney,group-yfg-shopping-centres,Mt Ommaney Centre,Australia,QLD,,place-au-qld-mt-ommaney-centre,OWNER,,,,,https://www.retailfirst.com.au/news/strathpine-centre,Official owner and manager announcement,2021-12-22,2026-09-02,High,ACTIVE,Retail First identifies Mt Ommaney as part of YFG Shopping Centres' privately owned portfolio
yfg-strathpine,group-yfg-shopping-centres,Strathpine Centre,Australia,QLD,,place-au-qld-strathpine-centre,OWNER,,,,,https://www.retailfirst.com.au/news/strathpine-centre,Official owner and manager announcement,2021-12-22,2026-09-02,High,ACTIVE,Retail First identifies YFG as the acquirer and owner of Strathpine Centre
yfg-toowong,group-yfg-shopping-centres,Toowong Village,Australia,QLD,,place-au-qld-toowong-village,OWNER,,,,,https://www.retailfirst.com.au/news/strathpine-centre,Official owner and manager announcement,2021-12-22,2026-09-02,High,ACTIVE,Retail First identifies Toowong Village as part of YFG Shopping Centres' privately owned portfolio
mirvac-rhodes-waterside,group-mirvac,Rhodes Waterside,Australia,NSW,Rhodes Waterside Shopping Centre,place-au-nsw-rhodes-waterside-shopping-centre,CO_OWNER|MANAGER|OPERATOR|LEASING_CONTROLLER,50,35239,120,,https://www.mirvac.com/investor-centre/property-portfolio/retail/rhodes-waterside,Official current property profile,2026-06-30,2026-09-02,High,ACTIVE,Mirvac reports 50 percent ownership and confirms its in-house asset management team manages and leases its portfolio
perron-rhodes-waterside,group-perron,Rhodes Waterside,Australia,NSW,Rhodes Waterside Shopping Centre,place-au-nsw-rhodes-waterside-shopping-centre,CO_OWNER,50,35239,120,,https://www.mirvac.com/investor-centre/property-portfolio/retail/rhodes-waterside,Official current co-owner property profile,2026-06-30,2026-09-02,High,ACTIVE,Mirvac reports Perron as the 50 percent co-owner
vitocco-narellan-town-centre,group-vitocco-enterprises,Narellan Town Centre,Australia,NSW,,place-au-nsw-narellan-town-centre,CO_OWNER|OPERATOR,,71800,220,11,https://www.vitoccoenterprises.com.au/property,Official current co-owner property profile,2026-09-02,2026-09-02,High,ACTIVE,Vitocco states that it co-owns and operates Narellan Town Centre with Greenfields
greenfields-narellan-town-centre,group-greenfields,Narellan Town Centre,Australia,NSW,,place-au-nsw-narellan-town-centre,CO_OWNER|OPERATOR,,71800,220,11,https://www.vitoccoenterprises.com.au/property,Official current co-owner property profile,2026-09-02,2026-09-02,High,ACTIVE,Vitocco states that Greenfields co-owns and operates Narellan Town Centre
dart-west-narellan-town-centre,group-dart-west-retail,Narellan Town Centre,Australia,NSW,,place-au-nsw-narellan-town-centre,MANAGER,,71800,220,11,https://www.narellantowncentre.com.au/images/Mothers-Day-2026-GWP-Terms__Conditions.pdf,Official current venue publication,2026-05-01,2026-09-02,High,ACTIVE,Narellan Town Centre identifies Dart West Retail as its manager
lendlease-tweed-city,group-lendlease,Tweed City,Australia,NSW,Tweed City Shopping Centre,place-au-nsw-tweed-city-shopping-centre,MANAGER|OPERATOR,,,,,https://www.tweedcity.com.au/legal/privacy-policy/,Official current venue privacy statement,2026-09-02,2026-09-02,High,ACTIVE,Tweed City states that Lend Lease Property Management operates the centre as agent for its owners
one-retail-tweed-city,group-one-retail,Tweed City,Australia,NSW,Tweed City Shopping Centre,place-au-nsw-tweed-city-shopping-centre,EXTERNAL_LEASING_AGENT,,,,,https://www.tweedcity.com.au/centre-information/leasing/,Official current venue leasing page,2026-09-02,2026-09-02,High,ACTIVE,Tweed City's leasing page appoints One Retail for leasing services
charter-hall-orange-central-square,group-charter-hall,Orange Central Square,Australia,NSW,,place-au-nsw-orange-central-square,MANAGER|OPERATOR|LEASING_CONTROLLER,,7687,29,,https://www.charterhall.com.au/property/property-detail/Orange-Central-Square,Official current fund manager property profile,2026-09-02,2026-09-02,High,ACTIVE,Charter Hall publishes the current property profile and direct permanent leasing pathway
cqr-orange-central-square,group-charter-hall-retail-reit,Orange Central Square,Australia,NSW,,place-au-nsw-orange-central-square,OWNER,100,7687,29,,https://www.charterhall.com.au/property/property-detail/Orange-Central-Square,Official current fund ownership profile,2026-09-02,2026-09-02,High,ACTIVE,Charter Hall reports 100 percent CQR fund ownership
fawkner-willows,group-fawkner,Willows Shopping Centre,Australia,QLD,Townsville Willows Shopping Centre,place-au-qld-townsville-willows-shopping-centre,MANAGER|OPERATOR|LEASING_CONTROLLER,,44507,149,,https://www.fawknerproperty.com.au/portfolio/willows-shopping-centre,Official current manager portfolio profile,2026-09-02,2026-09-02,High,ACTIVE,Fawkner publishes the current centre profile and direct leasing pathway
fawkner-square-mirrabooka,group-fawkner,The Square Mirrabooka,Australia,WA,Mirrabooka Square Shopping Centre,place-au-wa-mirrabooka-square-shopping-centre,MANAGER|OPERATOR|LEASING_CONTROLLER,,42555,139,,https://www.fawknerproperty.com.au/portfolio/the-square-mirrabooka,Official current manager portfolio profile,2026-09-02,2026-09-02,High,ACTIVE,Fawkner publishes the current centre profile and direct leasing pathway
fawkner-midland-gate,group-fawkner,Midland Gate,Australia,WA,Midland Gate Shopping Centre,place-au-wa-midland-gate-shopping-centre,MANAGER|OPERATOR|LEASING_CONTROLLER,,68964,203,,https://www.fawknerproperty.com.au/portfolio/midland-gate,Official current manager portfolio profile,2026-09-02,2026-09-02,High,ACTIVE,Fawkner publishes the current centre profile and direct leasing pathway
fawkner-earlville,group-fawkner,Earlville Shopping Town,Australia,QLD,,place-au-qld-earlville-shopping-town,MANAGER|OPERATOR|LEASING_CONTROLLER,,48243,142,,https://www.fawknerproperty.com.au/portfolio/earlville-shopping-town,Official current manager portfolio profile,2026-09-02,2026-09-02,High,ACTIVE,Fawkner publishes the current centre profile and direct leasing pathway
fawkner-gladstone-centre-plaza,group-fawkner,Gladstone Centre Plaza,Australia,QLD,,place-au-qld-gladstone-centre-plaza,MANAGER|OPERATOR|LEASING_CONTROLLER,,28939,57,,https://www.fawknerproperty.com.au/portfolio/gladstone-centre-plaza,Official current manager portfolio profile,2026-09-02,2026-09-02,High,ACTIVE,Fawkner publishes the current centre profile and direct leasing pathway
fawkner-karratha-city,group-fawkner,Karratha City Plaza,Australia,WA,,place-au-wa-karratha-city-plaza,MANAGER|OPERATOR|LEASING_CONTROLLER,,22985,59,,https://www.fawknerproperty.com.au/portfolio/karratha-city,Official current manager portfolio profile,2026-09-02,2026-09-02,High,ACTIVE,Fawkner publishes the current centre profile and direct leasing pathway
fawkner-mount-pleasant,group-fawkner,Mount Pleasant Centre,Australia,QLD,Mackay Mt Pleasant Shopping Centre,place-au-qld-mackay-mt-pleasant-shopping-centre,MANAGER|OPERATOR|LEASING_CONTROLLER,,22589,102,,https://www.fawknerproperty.com.au/portfolio/mount-pleasant-centre,Official current manager portfolio profile,2026-09-02,2026-09-02,High,ACTIVE,Fawkner publishes the current centre profile and direct leasing pathway
fawkner-cairns-central,group-fawkner,Cairns Central,Australia,QLD,Cairns Shopping Centre,place-au-qld-cairns-shopping-centre,MANAGER|OPERATOR|LEASING_CONTROLLER,,51972,172,10.3,https://www.fawknerproperty.com.au/portfolio/cairns-central,Official current manager portfolio profile,2026-09-02,2026-09-02,High,ACTIVE,Fawkner publishes the current centre profile and direct leasing pathway
fawkner-nowra-centre-plaza,group-fawkner,Nowra Centre Plaza,Australia,NSW,Nowra Plaza,place-au-nsw-nowra-plaza,MANAGER|OPERATOR|LEASING_CONTROLLER,,16038,51,,https://www.fawknerproperty.com.au/portfolio/nowra-centre-plaza,Official current manager portfolio profile,2026-09-02,2026-09-02,High,ACTIVE,Fawkner publishes the current centre profile and direct leasing pathway
fawkner-figtree-grove,group-fawkner,Figtree Grove,Australia,NSW,Figtree Grove Shopping Centre,place-au-nsw-figtree-grove-shopping-centre,MANAGER|OPERATOR|LEASING_CONTROLLER,,21984,90,,https://www.fawknerproperty.com.au/portfolio/figtree-grove,Official current manager portfolio profile,2026-09-02,2026-09-02,High,ACTIVE,Fawkner publishes the current centre profile and direct leasing pathway
fawkner-settlement-city,group-fawkner,Settlement City,Australia,NSW,Settlement City Shopping Centre,place-au-nsw-settlement-city-shopping-centre,MANAGER|OPERATOR|LEASING_CONTROLLER,,19554,70,,https://www.fawknerproperty.com.au/portfolio/settlement-city,Official current manager portfolio profile,2026-09-02,2026-09-02,High,ACTIVE,Fawkner publishes the current centre profile and direct leasing pathway
mirvac-broadway-sydney,group-mirvac,Broadway Sydney,Australia,NSW,Broadway Shopping Centre,place-au-nsw-broadway-shopping-centre,CO_OWNER|MANAGER|OPERATOR|LEASING_CONTROLLER,50,53011,149,12.4,https://www.mirvac.com/investor-centre/property-portfolio/retail/broadway-sydney,Official current property profile,2026-06-30,2026-09-02,High,ACTIVE,Mirvac reports 50 percent ownership and provides in-house management and leasing
perron-broadway-sydney,group-perron,Broadway Sydney,Australia,NSW,Broadway Shopping Centre,place-au-nsw-broadway-shopping-centre,CO_OWNER,50,53011,149,12.4,https://www.mirvac.com/investor-centre/property-portfolio/retail/broadway-sydney,Official current co-owner property profile,2026-06-30,2026-09-02,High,ACTIVE,Mirvac reports Perron as the 50 percent co-owner
mirvac-kawana-shoppingworld,group-mirvac,Kawana Shoppingworld,Australia,QLD,Kawana Shopping World,place-au-qld-kawana-shoppingworld,CO_OWNER|MANAGER|OPERATOR|LEASING_CONTROLLER,50,45656,141,6.8,https://www.mirvac.com/investor-centre/property-portfolio/retail/kawana-shoppingworld,Official current property profile,2026-06-30,2026-09-02,High,ACTIVE,Mirvac reports 50 percent ownership and provides in-house management and leasing
ifm-kawana-shoppingworld,group-ifm-investors,Kawana Shoppingworld,Australia,QLD,Kawana Shopping World,place-au-qld-kawana-shoppingworld,CO_OWNER,50,45656,141,6.8,https://www.mirvac.com/investor-centre/property-portfolio/retail/kawana-shoppingworld,Official current co-owner property profile,2026-06-30,2026-09-02,High,ACTIVE,Mirvac reports IFM Investors as the 50 percent co-owner
mirvac-orion-springfield-central,group-mirvac,Orion Springfield Central,Australia,QLD,,place-au-qld-orion-springfield-central,OWNER|MANAGER|OPERATOR|LEASING_CONTROLLER,100,73597,186,10.8,https://www.mirvac.com/investor-centre/property-portfolio/retail/orion-springfield-central,Official current property profile,2026-06-30,2026-09-02,High,ACTIVE,Mirvac reports full ownership and provides in-house management and leasing
mirvac-greenwood-plaza,group-mirvac,Greenwood Plaza,Australia,NSW,,place-au-nsw-greenwood-plaza,CO_OWNER|MANAGER|OPERATOR|LEASING_CONTROLLER,50,9019,90,,https://www.mirvac.com/investor-centre/property-portfolio/retail/greenwood-plaza,Official current property profile,2026-06-30,2026-09-02,High,ACTIVE,Mirvac reports 50 percent ownership and provides in-house management and leasing
cict-greenwood-plaza,group-capitaland-integrated-commercial-trust,Greenwood Plaza,Australia,NSW,,place-au-nsw-greenwood-plaza,CO_OWNER,50,9019,90,,https://www.mirvac.com/investor-centre/property-portfolio/retail/greenwood-plaza,Official current co-owner property profile,2026-06-30,2026-09-02,High,ACTIVE,Mirvac reports CapitaLand Integrated Commercial Trust as the 50 percent co-owner
mirvac-moonee-ponds-central,group-mirvac,Moonee Ponds Central,Australia,VIC,,place-au-vic-moonee-ponds-central,OWNER|MANAGER|OPERATOR|LEASING_CONTROLLER,100,19251,62,6.4,https://www.mirvac.com/retail/our-assets/moonee-ponds-central,Official current owner and manager portfolio profile,2026-06-30,2026-09-02,High,ACTIVE,Mirvac's FY26 portfolio and current retail profile confirm ownership management leasing and centre metrics
keppel-top-ryde-city,group-keppel-reit,Top Ryde City,Australia,NSW,Top Ryde City Shopping Centre,place-au-nsw-top-ryde-city-shopping-centre,CO_OWNER,75,,,12,https://mafinancial.com/insights/ma-financial-acquires-interest-in-top-ryde-city-shopping-centre,Official current acquisition announcement,2025-10-08,2026-09-02,High,ACTIVE,MA Financial confirms Keppel REIT acquired a 75 percent interest in Top Ryde City
ma-fund-top-ryde-city,group-ma-top-ryde-fund,Top Ryde City,Australia,NSW,Top Ryde City Shopping Centre,place-au-nsw-top-ryde-city-shopping-centre,CO_OWNER,25,,,12,https://mafinancial.com/insights/ma-financial-acquires-interest-in-top-ryde-city-shopping-centre,Official current acquisition announcement,2025-10-08,2026-09-02,High,ACTIVE,MA Financial confirms an MA-managed fund acquired the remaining 25 percent interest
ma-financial-top-ryde-city,group-ma-financial,Top Ryde City,Australia,NSW,Top Ryde City Shopping Centre,place-au-nsw-top-ryde-city-shopping-centre,MANAGER|OPERATOR|LEASING_CONTROLLER,,,,12,https://mafinancial.com/insights/ma-financial-acquires-interest-in-top-ryde-city-shopping-centre,Official current acquisition and management announcement,2025-10-08,2026-09-02,High,ACTIVE,MA Financial is responsible for asset management property management leasing and development management
stockwell-noosa-civic,group-stockwell,Noosa Civic,Australia,QLD,Noosa Civic Shopping Centre,place-au-qld-noosa-civic-shopping-centre,OWNER|MANAGER|OPERATOR|LEASING_CONTROLLER,,,63,3,https://www.noosacivicshopping.com.au/noosa-civic-retail-centre-shopping-services-in-noosaville/,Official current venue and leasing profile,2026-09-02,2026-09-02,High,ACTIVE,Noosa Civic states that Stockwell owns and manages the centre and publishes the direct Stockwell leasing pathway
st-ives-shopping-village-private,group-st-ives-shopping-village-ownership,St Ives Shopping Village,Australia,NSW,St Ives Shopping Centre,place-au-nsw-st-ives-shopping-centre,OWNER|OPERATOR|LEASING_CONTROLLER,,,,6.6,https://stivesvillage.com.au/leasing-enquiries/,Official current venue leasing profile,2026-09-02,2026-09-02,High,ACTIVE,The venue identifies itself as independently owned and operated and publishes direct permanent and casual leasing pathways; the public source does not name the legal owner
ifm-wagga-wagga-marketplace,group-ifm-investors,Wagga Wagga Marketplace,Australia,NSW,,place-au-nsw-wagga-wagga-marketplace,MANAGER|OPERATOR|LEASING_CONTROLLER,,24828,59,,https://www.ifminvestors.com/en-au/capabilities/real-estate/our-real-estate-portfolio/wagga-wagga-marketplace,Official current manager portfolio profile,2026-06-30,2026-09-02,High,ACTIVE,IFM publishes the current asset profile and direct permanent leasing pathway; the 100 percent fund stake is recorded by IFM but the legal fund is not named publicly on the profile
ifm-bendigo-marketplace,group-ifm-investors,Bendigo Marketplace,Australia,VIC,,place-au-vic-bendigo-marketplace,MANAGER|OPERATOR|LEASING_CONTROLLER,,18552,100,,https://www.ifminvestors.com/en-au/capabilities/real-estate/our-real-estate-portfolio/bendigo-marketplace/,Official current manager portfolio profile,2026-06-30,2026-09-02,High,ACTIVE,IFM publishes the current asset profile and direct permanent leasing pathway; the 100 percent fund stake is recorded by IFM but the legal fund is not named publicly on the profile
151-greensborough-plaza,group-151-property,Greensborough Plaza,Australia,VIC,,place-au-vic-greensborough-plaza,MANAGER,,70000,170,,https://151property.com.au/our-properties/,Official current asset-manager portfolio,2026-09-02,2026-09-02,High,ACTIVE,151 Property lists Greensborough Plaza in its actively managed portfolio; no legal owner is asserted from this evidence
jll-greensborough-plaza,group-jll,Greensborough Plaza,Australia,VIC,,place-au-vic-greensborough-plaza,MANAGER|OPERATOR,,,,,https://www.greensboroughplaza.com.au/privacy-policy/,Official current centre privacy and management page,2026-09-02,2026-09-02,High,ACTIVE,The current centre privacy page directs management and privacy matters to the JLL centre-management channel
prime-retail-greensborough-plaza,group-prime-retail-property,Greensborough Plaza,Australia,VIC,,place-au-vic-greensborough-plaza,EXTERNAL_LEASING_AGENT,,,,,https://www.primeretail.com.au/home,Official current external leasing portfolio,2026-09-02,2026-09-02,High,ACTIVE,Prime Retail lists Greensborough Plaza as a current project and the official centre leasing material directs permanent leasing to its team
vinta-marketplace-gungahlin,group-vinta,Marketplace Gungahlin,Australia,ACT,,place-au-act-marketplace-gungahlin,MANAGER|OPERATOR|LEASING_CONTROLLER,,,74,,https://www.vinta.com.au/properties,Official current integrated property-group portfolio,2026-09-02,2026-09-02,High,ACTIVE,Vinta lists Marketplace Gungahlin in its property portfolio and the current venue provides a direct leasing pathway; the legal owner is not asserted from this evidence
leda-south-point,group-leda-holdings,South.Point Tuggeranong,Australia,ACT,South Point Shopping Centre|South.Point Shopping Centre,place-au-act-south-point-shopping-centre,OWNER|MANAGER|OPERATOR|LEASING_CONTROLLER,100,76987,150,8.3,https://www.ledaholdings.com.au/projects/south-point-shopping-centre,Official current owner and manager project profile,2026-09-02,2026-09-02,High,ACTIVE,Leda identifies South.Point as owned and managed by the group and the venue publishes a direct Leda permanent leasing pathway
mintus-trust-ashfield-mall,group-mintus-ashfield-trust,Ashfield Mall,Australia,NSW,,place-au-nsw-ashfield-mall,OWNER,100,24977,84,6.4,https://www.ashfieldmall.com.au/privacy-policy/,Official current venue privacy and ownership statement,2026-09-02,2026-09-02,High,ACTIVE,The current venue privacy policy names Mintus Investments 4 Pty Ltd as trustee for The Retail Investment Trust 8 as the legal owner
mintus-ashfield-mall,group-mintus,Ashfield Mall,Australia,NSW,,place-au-nsw-ashfield-mall,MANAGER|OPERATOR|LEASING_CONTROLLER,,24977,84,6.4,https://www.ashfieldmall.com.au/privacy-policy/,Official current venue privacy management and leasing pages,2026-09-02,2026-09-02,High,ACTIVE,The current venue privacy policy names Mintus Pty Ltd as operator and the official leasing page routes permanent and casual leasing through Mintus
revelop-balgowlah-village,group-revelop,Balgowlah Village,Australia,NSW,Stockland Balgowlah|Balgowlah Shopping Centre,place-au-nsw-balgowlah-shopping-centre,OWNER|MANAGER|OPERATOR|LEASING_CONTROLLER,100,12800,70,3.5,https://www.balgowlahvillage.com/,Official current venue ownership and management statement,2026-09-02,2026-09-02,High,ACTIVE,The current venue states that Balgowlah Village is proudly owned and managed by Revelop and directs permanent leasing to Revelop
revelop-lake-macquarie-square,group-revelop,Lake Macquarie Square,Australia,NSW,,place-au-nsw-lake-macquarie-square,OWNER|MANAGER|OPERATOR|LEASING_CONTROLLER,100,24500,70,4,https://www.revelop.com.au/property/lake-macquarie-square,Official current owner and manager property profile,2026-09-02,2026-09-02,High,ACTIVE,Revelop lists Lake Macquarie Square in its active portfolio with direct centre management and leasing contacts and the venue identifies Revelop as owner and manager
jll-marketplace-leichhardt,group-jll,MarketPlace Leichhardt,Australia,NSW,Marketplace Leichhardt,place-au-nsw-leichhardt-marketplace,MANAGER|OPERATOR|LEASING_CONTROLLER|EXTERNAL_LEASING_AGENT,,,,,https://www.marketplaceleichhardt.com.au/centre-info/,Official current venue management and leasing profile,2026-09-02,2026-09-02,High,ACTIVE,The venue identifies JLL as centre manager and directs permanent and casual leasing to JLL; the current owners are not named publicly
cqr-dubbo-square,group-charter-hall-retail-reit,Dubbo Square,Australia,NSW,,place-au-nsw-dubbo-square,OWNER,100,12806,37,,https://www.charterhall.com.au/property/property-detail/Dubbo-Square,Official current owner and manager property profile,2026-09-02,2026-09-02,High,ACTIVE,Charter Hall reports 100 percent ownership by CQR
charter-hall-dubbo-square,group-charter-hall,Dubbo Square,Australia,NSW,,place-au-nsw-dubbo-square,MANAGER|OPERATOR|LEASING_CONTROLLER,,12806,37,,https://www.charterhall.com.au/property/property-detail/Dubbo-Square,Official current owner and manager property profile,2026-09-02,2026-09-02,High,ACTIVE,Charter Hall publishes the current asset profile and direct permanent leasing pathway
rp2-bateau-bay-square,group-charter-hall-rp2,Bateau Bay Square,Australia,NSW,,place-au-nsw-bateau-bay-square,OWNER,100,29839,71,,https://www.charterhall.com.au/property/property-detail/bateau-bay-square,Official current owner and manager property profile,2026-09-02,2026-09-02,High,ACTIVE,Charter Hall reports 100 percent direct ownership by Retail Partnership No.2
charter-hall-bateau-bay-square,group-charter-hall,Bateau Bay Square,Australia,NSW,,place-au-nsw-bateau-bay-square,MANAGER|OPERATOR|LEASING_CONTROLLER,,29839,71,,https://www.charterhall.com.au/property/property-detail/bateau-bay-square,Official current owner and manager property profile,2026-09-02,2026-09-02,High,ACTIVE,Charter Hall publishes the current asset profile and direct permanent leasing pathway
bng-park-beach-plaza,group-bachrach-naumburger,Park Beach Plaza,Australia,NSW,,place-au-nsw-park-beach-plaza,MANAGER|OPERATOR|LEASING_CONTROLLER,,42662.88,120,5,https://www.parkbeachplaza.com.au/leasing/,Official current venue management and leasing profile,2026-09-02,2026-09-02,High,ACTIVE,The venue and privacy pages identify Park Beach Plaza as a BNG shopping centre and provide a direct permanent leasing pathway; the legal owner is not asserted from this evidence
vicinity-warriewood-square,group-vicinity,Warriewood Square,Australia,NSW,,place-au-nsw-warriewood-square,OWNER|MANAGER|OPERATOR|LEASING_CONTROLLER,,30000,100,,https://www.warriewoodsquare.com.au/centre-info/leasing,Official current owner manager and leasing profile,2026-09-02,2026-09-02,High,ACTIVE,The current venue states that Warriewood Square is proudly owned and managed by Vicinity and publishes a direct Vicinity leasing pathway
cqr-singleton-square,group-charter-hall-retail-reit,Singleton Square,Australia,NSW,,place-au-nsw-singleton-square,OWNER,100,20646,48,,https://www.charterhall.com.au/property/property-detail/Singleton-Square,Official current owner and manager property profile,2026-09-02,2026-09-02,High,ACTIVE,Charter Hall reports 100 percent ownership by CQR
charter-hall-singleton-square,group-charter-hall,Singleton Square,Australia,NSW,,place-au-nsw-singleton-square,MANAGER|OPERATOR|LEASING_CONTROLLER,,20646,48,,https://www.charterhall.com.au/property/property-detail/Singleton-Square,Official current owner and manager property profile,2026-09-02,2026-09-02,High,ACTIVE,Charter Hall publishes the current asset profile and direct permanent leasing pathway
woodgrove-property-trust-owner,group-woodgrove-property-trust,Woodgrove Shopping Centre,Australia,VIC,Woodgrove,place-au-vic-woodgrove-shopping-centre,CO_OWNER,,,,,https://woodgroveshoppingcentre.com.au/wp-content/uploads/2026/03/Competition-Terms-Conditions_Scavenger-Hunt.pdf,Official current venue legal terms,2026-03-01,2026-09-02,High,ACTIVE,Current venue legal terms identify Woodgrove Property Pty Ltd as trustee for Woodgrove Property Trust among the centre owners; the ownership percentage is not published
adpf1-woodgrove-owner,group-adpf1-woodgrove-property-trust,Woodgrove Shopping Centre,Australia,VIC,Woodgrove,place-au-vic-woodgrove-shopping-centre,CO_OWNER,,,,,https://woodgroveshoppingcentre.com.au/wp-content/uploads/2026/03/Competition-Terms-Conditions_Scavenger-Hunt.pdf,Official current venue legal terms,2026-03-01,2026-09-02,High,ACTIVE,Current venue legal terms identify Woodgrove Mid Pty Ltd as trustee for ADPF1 Woodgrove Property Trust among the centre owners; the ownership percentage is not published
adpf2-woodgrove-owner,group-adpf2-woodgrove-property-trust,Woodgrove Shopping Centre,Australia,VIC,Woodgrove,place-au-vic-woodgrove-shopping-centre,CO_OWNER,,,,,https://woodgroveshoppingcentre.com.au/wp-content/uploads/2026/03/Competition-Terms-Conditions_Scavenger-Hunt.pdf,Official current venue legal terms,2026-03-01,2026-09-02,High,ACTIVE,Current venue legal terms identify ADPF2 Woodgrove Property Pty Ltd as trustee for ADPF2 Woodgrove Property Trust among the centre owners; the ownership percentage is not published
asia-core-woodgrove-owner,group-asia-core-woodgrove-trust,Woodgrove Shopping Centre,Australia,VIC,Woodgrove,place-au-vic-woodgrove-shopping-centre,CO_OWNER,,,,,https://woodgroveshoppingcentre.com.au/wp-content/uploads/2026/03/Competition-Terms-Conditions_Scavenger-Hunt.pdf,Official current venue legal terms,2026-03-01,2026-09-02,High,ACTIVE,Current venue legal terms identify The Trust Company Australia Limited as trustee for Asia Core Woodgrove Trust among the centre owners; the ownership percentage is not published
assembly-woodgrove,group-assembly-funds-management,Woodgrove Shopping Centre,Australia,VIC,Woodgrove,place-au-vic-woodgrove-shopping-centre,MANAGER|OPERATOR|LEASING_CONTROLLER,,55000,128,,https://woodgroveshoppingcentre.com.au/leasing/,Official current venue and asset manager leasing profile,2026-09-02,2026-09-02,High,ACTIVE,Assembly manages the retail asset and handles permanent leasing; AFM's current fund profile reports the centre scale
jll-woodgrove-pop-up,group-jll,Woodgrove Shopping Centre,Australia,VIC,Woodgrove,place-au-vic-woodgrove-shopping-centre,EXTERNAL_LEASING_AGENT,,,,,https://woodgroveshoppingcentre.com.au/leasing/,Official current venue leasing profile,2026-09-02,2026-09-02,High,ACTIVE,JLL handles pop-up leasing while permanent leasing remains with Assembly Funds Management
kiwi-lynnmall,group-kiwi-property,LynnMall Shopping Centre,New Zealand,Auckland,LynnMall,place-nz-auckland-lynnmall-shopping-centre,OWNER|MANAGER|OPERATOR|LEASING_CONTROLLER,100,36776,127,,https://www.kiwiproperty.com/properties/lynnmall,Official current owner manager and leasing profile,2026-09-02,2026-09-02,High,ACTIVE,Kiwi Property reports full ownership and provides the current centre management and leasing pathway
mackersy-northlands-owner,group-mackersy-northlands-lp,Northlands Mall,New Zealand,Canterbury,Northlands Shopping Centre|Northlands,place-nz-canterbury-northlands-mall,OWNER,,,,,https://www.mackersyproperty.co.nz/uploads/files/Caruso-How-To-Guide_How-do-I-take-up-a-new-offer_UPDATED-APR24.pdf,Official property fund document,2024-04-01,2026-09-02,High,ACTIVE,Mackersy's official investor documentation identifies the single-asset Northlands Limited Partnership; the ownership percentage is not asserted
kiwi-northlands-manager,group-kiwi-property,Northlands Mall,New Zealand,Canterbury,Northlands Shopping Centre|Northlands,place-nz-canterbury-northlands-mall,MANAGER|OPERATOR|LEASING_CONTROLLER,,,120,,https://www.kiwiproperty.com/properties/managed/northlands,Official current manager and leasing profile,2026-09-02,2026-09-02,High,ACTIVE,Kiwi Property states that it manages Northlands on behalf of Mackersy Property and provides the leasing pathway
leda-morayfield,group-leda-holdings,Morayfield Shopping Centre,Australia,QLD,Morayfield Centre,place-au-qld-morayfield-shopping-centre,OWNER|MANAGER|OPERATOR|LEASING_CONTROLLER,,57000,155,5.787496,https://www.morayfieldshoppingcentre.com.au/leasing/,Official current venue leasing and group profile,2026-09-02,2026-09-02,High,ACTIVE,The venue identifies Morayfield among Leda's retained centres and routes permanent leasing and management through Leda; the exact legal ownership vehicle and percentage are not published
accord-shepparton-marketplace,group-accord-retail-leasing,Shepparton Marketplace,Australia,VIC,,place-au-vic-shepparton-marketplace,EXTERNAL_LEASING_AGENT,,,43,,https://accordretail.com.au/shepparton-marketplace/,Official leasing agency appointment corroborated by current venue contact,2026-09-02,2026-09-02,Medium,ACTIVE,Accord states that it was appointed for centre leasing and the current venue continues to list the same leasing representative; current ownership and management remain unknown
jy-no6-roselands,group-jy-no6-trust,Roselands Shopping Centre,Australia,NSW,HomeCo Roselands|Roselands,place-au-nsw-roselands-shopping-centre,CO_OWNER,50,,,,https://www.thejygroup.com/projects/sydney-roselands-shopping-centre/,Official current co-owner property profile,2026-09-02,2026-09-02,High,ACTIVE,JY Group identifies JY No.6 Trust as its 50 percent ownership vehicle for Roselands
hmc-lml-no4-roselands,group-hmc-lml-no4-property-trust,Roselands Shopping Centre,Australia,NSW,HomeCo Roselands|Roselands,place-au-nsw-roselands-shopping-centre,CO_OWNER,50,,,,https://www.aer.gov.au/industry/registers/network-exemptions/trustee-hmc-lml-no-4-property-trust-roselands-shopping-centre-network-exemption,Current Australian Energy Regulator property register,2025-03-26,2026-09-02,High,ACTIVE,The current AER register identifies HMC LML No. 4 Property Trust and JY No.6 Trust for the Roselands site following Vicinity's divestment
hmc-roselands-manager,group-hmc-capital,Roselands Shopping Centre,Australia,NSW,HomeCo Roselands|Roselands,place-au-nsw-roselands-shopping-centre,MANAGER|OPERATOR,,,,,https://www.thejygroup.com/why-invest-with-us/the-jy-formula/,Official current co-owner operating-model profile,2026-09-02,2026-09-02,Medium,ACTIVE,JY Group identifies HomeCo as the institutional co-investor responsible for day-to-day management; this does not assert leasing control
jll-roselands,group-jll,Roselands Shopping Centre,Australia,NSW,HomeCo Roselands|Roselands,place-au-nsw-roselands-shopping-centre,EXTERNAL_LEASING_AGENT,,,,,https://locationxjll.com.au/contacts/,Official current JLL leasing portfolio,2026-09-02,2026-09-02,High,ACTIVE,JLL's current leasing portfolio includes HomeCo Roselands; the public evidence does not establish JLL as the centre manager
pines-elanora-owner-operator,group-pines-shopping-centre-qld,The Pines Elanora,Australia,QLD,The Pines Shopping Centre|The Pines,place-au-qld-the-pines-shopping-centre,OWNER|MANAGER|OPERATOR|LEASING_CONTROLLER,100,,,,https://www.thepineselanora.com.au/retail-space-for-lease/,Official current venue ownership management and leasing profile,2026-09-02,2026-09-02,High,ACTIVE,The current venue and ABN register identify the independent owner entity and confirm that the on-site team handles management and permanent leasing
ccrf-waverley-gardens,group-charter-hall-ccrf,Waverley Gardens Shopping Centre,Australia,VIC,Waverley Gardens,place-au-vic-waverley-gardens-shopping-centre,OWNER,100,,,,https://www.charterhall.com.au/property/property-detail/waverley-gardens,Official current owner and manager property profile,2026-09-02,2026-09-02,High,ACTIVE,Charter Hall reports 100 percent fund ownership by CCRF
charter-hall-waverley-gardens,group-charter-hall,Waverley Gardens Shopping Centre,Australia,VIC,Waverley Gardens,place-au-vic-waverley-gardens-shopping-centre,MANAGER|OPERATOR|LEASING_CONTROLLER,,,,,https://www.waverleygardens.com.au/lease-here,Official current venue management and leasing profile,2026-09-02,2026-09-02,High,ACTIVE,The venue identifies Charter Hall management and a direct Charter Hall permanent leasing pathway
jll-waverley-gardens,group-jll,Waverley Gardens Shopping Centre,Australia,VIC,Waverley Gardens,place-au-vic-waverley-gardens-shopping-centre,EXTERNAL_LEASING_AGENT,,,,,https://www.waverleygardens.com.au/lease-here,Official current venue leasing profile,2026-09-02,2026-09-02,High,ACTIVE,JLL handles casual mall leasing while permanent leasing remains with Charter Hall
rp1-corio-village,group-charter-hall-rp1,Corio Village,Australia,VIC,,place-au-vic-corio-village,OWNER,100,33600,77,,https://www.charterhall.com.au/News/news-article/2025/05/05/charter-hall-continues-to-strengthen-its-convenience-retail-portfolio-with--200-million-in-acquisitions,Official current acquisition and portfolio release,2025-05-05,2026-09-02,High,ACTIVE,Charter Hall reports that RP1 acquired Corio Village with Telstra Super; the asset has three major tenants six mini-majors and 68 specialty stores
charter-hall-corio-village,group-charter-hall,Corio Village,Australia,VIC,,place-au-vic-corio-village,MANAGER|OPERATOR,,33600,77,,https://www.coriovillage.com.au/lease-here,Official current venue management and leasing profile,2026-09-02,2026-09-02,High,ACTIVE,The current venue is operated through Charter Hall channels while permanent and casual leasing are handled by external agencies
prime-corio-village,group-prime-retail-property,Corio Village,Australia,VIC,,place-au-vic-corio-village,EXTERNAL_LEASING_AGENT,,,,,https://www.coriovillage.com.au/lease-here,Official current venue leasing profile,2026-09-02,2026-09-02,High,ACTIVE,Prime Retail handles permanent leasing for Corio Village
jll-corio-village,group-jll,Corio Village,Australia,VIC,,place-au-vic-corio-village,EXTERNAL_LEASING_AGENT,,,,,https://www.coriovillage.com.au/lease-here,Official current venue leasing profile,2026-09-02,2026-09-02,High,ACTIVE,JLL handles casual mall leasing for Corio Village
sentinel-caneland-trust-owner,group-sentinel-caneland-trust,Caneland Central,Australia,QLD,Caneland Centre|Caneland,place-au-qld-caneland-centre,OWNER,100,65864,168,5.76,https://www.canelandcentral.com.au/app/uploads/2026/03/Easter_2026_Terms-and-Conditions_Easter-Hamper.pdf,Official current venue legal terms and leasing profile,2026-03-01,2026-09-02,High,ACTIVE,Current venue legal terms identify the Sentinel Caneland Mackay Investment Trust as the centre entity; official leasing data reports five majors and 163 specialty stores
sentinel-caneland-manager,group-sentinel-property,Caneland Central,Australia,QLD,Caneland Centre|Caneland,place-au-qld-caneland-centre,MANAGER|OPERATOR|LEASING_CONTROLLER,,65864,168,5.76,https://www.canelandcentral.com.au/leasing/,Official current venue management and leasing profile,2026-09-02,2026-09-02,High,ACTIVE,Sentinel operates the centre and handles long-term pop-up and casual leasing through its current retail portfolio
smithfield-centre-trust-owner,group-smithfield-centre-trust,Smithfield Shopping Centre,Australia,QLD,Smithfield Centre|Cairns Smithfield Centre,place-au-qld-cairns-smithfield-centre,OWNER,100,,,,https://abr.business.gov.au/ABN/View?id=80291911052,Current Australian Business Register,2026-07-18,2026-09-02,High,ACTIVE,The current ABN record identifies Smithfield Centre Trust as the entity trading as Smithfield Shopping Centre
cpram-smithfield-leasing,group-cpram,Smithfield Shopping Centre,Australia,QLD,Smithfield Centre|Cairns Smithfield Centre,place-au-qld-cairns-smithfield-centre,LEASING_CONTROLLER|EXTERNAL_LEASING_AGENT,,,,,https://www.smithfieldcentre.com.au/centre-information/leasing/,Official current venue leasing profile,2026-09-02,2026-09-02,High,ACTIVE,The current venue directs permanent leasing to CPRAM; the public source does not establish CPRAM as centre manager
jll-smithfield-casual-leasing,group-jll,Smithfield Shopping Centre,Australia,QLD,Smithfield Centre|Cairns Smithfield Centre,place-au-qld-cairns-smithfield-centre,EXTERNAL_LEASING_AGENT,,,,,https://www.smithfieldcentre.com.au/centre-information/leasing/,Official current venue leasing profile,2026-09-02,2026-09-02,High,ACTIVE,The current venue directs pop-up and casual mall leasing to JLL; this does not establish centre management
challenger-golden-grove-owner,group-challenger-golden-grove-trust,The Grove Shopping Centre,Australia,SA,Golden Grove Village|The Grove,place-au-sa-the-grove-shopping-centre,OWNER,100,,113,,https://abr.business.gov.au/ABN/View/43420472767,Current Australian Business Register and venue directory,2026-08-31,2026-09-02,High,ACTIVE,The current ABN record links the trust to The Grove business names and the venue reports three majors plus more than 110 specialty stores
jll-the-grove,group-jll,The Grove Shopping Centre,Australia,SA,Golden Grove Village|The Grove,place-au-sa-the-grove-shopping-centre,MANAGER|OPERATOR|LEASING_CONTROLLER|EXTERNAL_LEASING_AGENT,,,113,,https://www.thegrovesa.com.au/visit/leasing/,Official current venue management and leasing profile,2026-09-02,2026-09-02,High,ACTIVE,The current venue routes centre management permanent leasing and casual leasing through the same JLL centre channel
coastlands-owner-operator,group-coastlands-shoppingtown,Coastlands Shoppingtown,New Zealand,Wellington,Coastlands Shopping Centre|Coastlands,place-nz-wellington-coastlands-shoppingtown,OWNER|MANAGER|OPERATOR|LEASING_CONTROLLER,100,,,,https://coastlands.co.nz/centre-info/leasing/,Official current venue ownership management and leasing profile,2026-09-02,2026-09-02,High,ACTIVE,The current venue identifies Coastlands Shoppingtown Ltd and provides a direct management and leasing pathway; company records show it remains a locally owned operating company
leda-victoria-point,group-leda-holdings,Victoria Point Shopping Centre,Australia,QLD,Victoria Point,place-au-qld-victoria-point-shopping-centre,OWNER|MANAGER|OPERATOR|LEASING_CONTROLLER,100,,,,https://www.victoriapointshoppingcentre.com.au/,Official current venue ownership management and leasing profile,2026-09-02,2026-09-02,High,ACTIVE,The current venue states that Victoria Point Shopping Centre is owned and managed by Leda Group and provides a direct Leda leasing pathway; the venue reports more than 100 specialty stores and its leasing guide reports approximately 27159 square metres without establishing exact current metrics
ifm-southgate-core-fund,group-ifm-real-estate-core-fund,Southgate Shopping Centre,Australia,NSW,Southgate Sylvania,place-au-nsw-southgate-shopping-centre,OWNER,100,23676,,,https://www.ifminvestors.com/en-au/capabilities/real-estate/our-real-estate-portfolio/southgate-shopping-centre/,Official current fund property profile,2026-06-30,2026-09-02,High,ACTIVE,IFM reports a 100 percent fund ownership stake and classifies Southgate as a sub-regional centre
ifm-southgate-manager,group-ifm-investors,Southgate Shopping Centre,Australia,NSW,Southgate Sylvania,place-au-nsw-southgate-shopping-centre,MANAGER|OPERATOR|LEASING_CONTROLLER,,23676,,,https://www.ifminvestors.com/en-au/capabilities/real-estate/our-real-estate-portfolio/southgate-shopping-centre/,Official current manager portfolio and leasing profile,2026-06-30,2026-09-02,High,ACTIVE,IFM publishes the current asset profile and direct permanent leasing pathway for Southgate Shopping Centre
greenpool-runaway-bay-owner,group-greenpool-capital,Runaway Bay Centre,Australia,QLD,Runaway Bay Shopping Centre|Runaway Bay Shopping Village,place-au-qld-runaway-bay-shopping-village,OWNER,,,,,https://www.greenpoolcapital.com/runaway-bay-centre,Official current asset portfolio and acquisition history,2026-09-02,2026-09-02,High,ACTIVE,Greenpool retains Runaway Bay Centre in its current asset portfolio after acquiring control with investment partner Qualitas; the exact current legal vehicle and ownership split remain unpublished
greenpool-runaway-bay-manager,group-greenpool-management,Runaway Bay Centre,Australia,QLD,Runaway Bay Shopping Centre|Runaway Bay Shopping Village,place-au-qld-runaway-bay-shopping-village,MANAGER|OPERATOR|LEASING_CONTROLLER,,,,,https://runawaybaycentre.com.au/centre-info/leasing-opportunities/,Official current venue leasing profile and manager terms,2026-09-02,2026-09-02,High,ACTIVE,The current venue provides direct in-house leasing while published venue terms identify Greenpool Management Co Pty Ltd as the centre manager
ma-sugarland-owner,group-ma-financial,Sugarland Plaza,Australia,QLD,Sugarland Shoppingtown|Stockland Bundaberg,place-au-qld-sugarland-shoppingtown,OWNER,,,,,https://sugarlandplaza.com.au/wp-content/uploads/2024/05/Mothers-Day-Gift-Hamper-Comp_TCs.pdf,Official venue ownership terms corroborated by the current MA-managed venue,2024-05-09,2026-09-02,Medium,ACTIVE,Official venue terms identify MA Financial at owner-group level; the exact legal investment vehicle and ownership percentage remain unpublished
retpro-sugarland-manager,group-retpro,Sugarland Plaza,Australia,QLD,Sugarland Shoppingtown|Stockland Bundaberg,place-au-qld-sugarland-shoppingtown,MANAGER|OPERATOR|LEASING_CONTROLLER,,,62,,https://sugarlandplaza.com.au/leasing-opportunities/,Official current venue management leasing and directory profiles,2026-07-01,2026-09-02,High,ACTIVE,The current venue states that it is proudly managed by MA Financial Group and routes long-term and casual leasing through the same team; RetPro is the stable canonical ID for MA Financial retail services
sentinel-casuarina-fund-owner,group-sentinel-casuarina-fund,Casuarina Square,Australia,NT,Casuarina Square Shopping Centre,place-au-nt-casuarina-square,OWNER,,54328,,7.4,https://www.sentinelpg.com.au/property-trusts/sentinel-casuarina-investment-fund-trust/,Official current investment fund property profile,2026-08-01,2026-09-02,High,ACTIVE,Sentinel's current fund profile identifies Casuarina Investment Fund as the owning vehicle and publishes current GLA and annual visits; ownership percentage is not separately published
sentinel-casuarina-manager,group-sentinel-property,Casuarina Square,Australia,NT,Casuarina Square Shopping Centre,place-au-nt-casuarina-square,MANAGER|OPERATOR|LEASING_CONTROLLER,,54328,,7.4,https://www.casuarinasquare.com.au/centre-info/leasing/,Official current venue and manager portfolio profiles,2026-09-02,2026-09-02,High,ACTIVE,Sentinel owns and manages Casuarina Square and the current venue routes long-term leasing through Sentinel's national retail team
arkadia-rosebud,group-arkadia,Rosebud Plaza,Australia,VIC,Rosebud Plaza Shopping Centre,place-au-vic-rosebud-plaza-shopping-centre,OWNER|MANAGER|OPERATOR|LEASING_CONTROLLER,,,61,,https://rosebudplaza.com.au/carbon/assets/0007e9/000008/Winter-Bonus-Promotion-August-2025_Terms-and-Conditions-FINAL-1.pdf,Official current venue ownership operation and leasing evidence,2025-08-01,2026-09-02,High,ACTIVE,Current venue terms identify Arkadia as owner and operator while the venue routes permanent and pop-up leasing through Arkadia; the ownership percentage is not published
winston-hills-owner,group-winston-hills-owner-partnership,Winston Hills Mall,Australia,NSW,Winston Hills Shopping Village,place-au-nsw-winston-hills-mall,OWNER,,,,,https://abr.business.gov.au/ABN/View/81378112590,Current Australian Business Register,2026-08-06,2026-09-02,Medium,ACTIVE,The current ABN record identifies this trust partnership as the entity trading as Winston Hills Mall; land-title ownership shares are not published
tgc-winston-hills-manager,group-tgc-retail,Winston Hills Mall,Australia,NSW,Winston Hills Shopping Village,place-au-nsw-winston-hills-mall,MANAGER|OPERATOR,,,,,https://www.tgretail.com.au/,Official current manager portfolio and venue profile,2026-09-02,2026-09-02,High,ACTIVE,TGC Retail lists Winston Hills Mall in its current centre portfolio and the venue reports more than 24000 square metres with over 60 specialty shops without publishing exact current totals
ups-winston-hills-leasing,group-united-property-services,Winston Hills Mall,Australia,NSW,Winston Hills Shopping Village,place-au-nsw-winston-hills-mall,LEASING_CONTROLLER|EXTERNAL_LEASING_AGENT,,,,,https://unitedpropertyservices.com.au/wp-content/uploads/2025/07/Winston-Hills-Mall-Brochure.pdf,Current public leasing brochure,2025-07-01,2026-09-02,High,ACTIVE,The current public leasing brochure directs all Winston Hills Mall leasing enquiries through United Property Services and identifies TGC Retail as centre manager
bunbury-centrepoint-owner,group-bunbury-centrepoint-trust,Centuria Bunbury Centrepoint,Australia,WA,Bunbury Centrepoint|Bunbury Centrepoint Shopping Centre,place-au-wa-bunbury-centrepoint,OWNER,,16813,32,,https://centuria.com.au/unlisted-property-funds/property-portfolio/?pg=3,Official current fund portfolio,2026-08-01,2026-09-02,High,ACTIVE,Centuria's current fund portfolio identifies Bunbury Centrepoint Shopping Centre Investment Trust as the owning vehicle and reports current GLA; the venue directory currently lists 32 tenants including the two major anchors
centuria-bunbury-manager,group-centuria-capital,Centuria Bunbury Centrepoint,Australia,WA,Bunbury Centrepoint|Bunbury Centrepoint Shopping Centre,place-au-wa-bunbury-centrepoint,MANAGER|OPERATOR,,16813,32,,https://retail.centuria.com.au/retail-centre/centuria-bunbury-centrepoint/,Official current manager and venue profile,2026-09-02,2026-09-02,High,ACTIVE,Centuria publishes Bunbury Centrepoint in its current retail portfolio under the Centuria brand
cygnetwest-bunbury-operations,group-cygnet-west,Centuria Bunbury Centrepoint,Australia,WA,Bunbury Centrepoint|Bunbury Centrepoint Shopping Centre,place-au-wa-bunbury-centrepoint,MANAGER|OPERATOR|EXTERNAL_LEASING_AGENT,,,,,https://retail.centuria.com.au/retail-centre/centuria-bunbury-centrepoint/,Official current venue management and casual leasing profile,2026-09-02,2026-09-02,High,ACTIVE,The current venue identifies Cygnet West as the centre-management and casual-mall-leasing service provider
realmark-bunbury-leasing,group-realmark-commercial,Centuria Bunbury Centrepoint,Australia,WA,Bunbury Centrepoint|Bunbury Centrepoint Shopping Centre,place-au-wa-bunbury-centrepoint,LEASING_CONTROLLER|EXTERNAL_LEASING_AGENT,,,,,https://retail.centuria.com.au/retail-centre/centuria-bunbury-centrepoint/,Official current venue leasing profile,2026-09-02,2026-09-02,High,ACTIVE,The current venue directs permanent leasing through Realmark Commercial
vicinity-livingston-marketplace,group-vicinity,Livingston Marketplace,Australia,WA,Livingston Shopping Centre,place-au-wa-livingston-marketplace,OWNER|MANAGER|OPERATOR|LEASING_CONTROLLER,100,15592,47,2.9,https://www.vicinity.com.au/portfolio/our-properties/livingston-marketplace,Official current owner manager and property profile,2025-12-31,2026-09-02,High,ACTIVE,Vicinity confirms full ownership current management direct leasing a sub-regional classification and current public centre metrics
realside-maddington-owner-leasing,group-realside-property,Maddington Central,Australia,WA,Centro Maddington|Maddington Centro Shopping Centre,place-au-wa-maddington-centro-shopping-centre,OWNER|LEASING_CONTROLLER,,27661,,,https://realside.com.au/properties/,Official current owner portfolio corroborated by current venue terms and leasing profile,2026-09-02,2026-09-02,High,ACTIVE,Realside lists Maddington Central in its current property portfolio and owns and operates the venue website that provides the centre's direct permanent and casual leasing channels; the exact legal ownership vehicle is not published
sirona-maddington-manager,group-sirona-urban,Maddington Central,Australia,WA,Centro Maddington|Maddington Centro Shopping Centre,place-au-wa-maddington-centro-shopping-centre,MANAGER,,,,,https://www.cbre.com.au/press-releases/maddington-central-changes-hands-for-107-million,Authoritative current acquisition and management appointment,2024-07-09,2026-09-02,High,ACTIVE,Realside appointed Sirona Urban as asset and development manager when it acquired Maddington Central; the current Realside portfolio confirms the asset remains held
hmc-harp-plumpton-owner,group-hmc-australian-retail-partnership,HomeCo Plumpton Marketplace,Australia,NSW,Plumpton Marketplace,place-au-nsw-plumpton-marketplace,OWNER,,18132,,,https://www.hmccapital.com.au/investment-strategies/real-estate/homeco-daily-needs-reit/financial-reports-presentations/hy26-results-presentation/,Official current fund portfolio,2026-02-11,2026-09-02,High,ACTIVE,HMC's current results identify HomeCo Plumpton Marketplace as a HARP asset and define HARP as its sub-regional retail strategy; the ownership percentage is not separately published
hmc-plumpton-manager,group-hmc-capital,HomeCo Plumpton Marketplace,Australia,NSW,Plumpton Marketplace,place-au-nsw-plumpton-marketplace,MANAGER|OPERATOR,,,,,https://www.aer.gov.au/industry/registers/network-exemptions/lendlease-property-management-australia-pty-ltd-plumpton-marketplace-network-exemption,Current regulator record corroborated by official HMC fund portfolio,2025-03-23,2026-09-02,High,ACTIVE,The AER records HMC Capital as the current site registrant after Lendlease while HMC's current fund results identify the venue in its managed HARP portfolio; current leasing control is not publicly established
dandenong-jv-owner,group-dandenong-plaza-jv-trust,Dandenong Square,Australia,VIC,Dandenong Plaza|Dandenong Plaza Shopping Centre,place-au-vic-dandenong-square,OWNER,,,,,https://www.aer.gov.au/industry/registers/network-exemptions/trustee-dandenong-plaza-jv-unit-trust-dandenong-plaza-shopping-centre-network-exemption,Current regulator and business-register evidence,2026-08-21,2026-09-02,High,ACTIVE,The current AER exemption and ABN register connect the Dandenong Plaza JV Unit Trust directly to the active Dandenong Square business and site; beneficial ownership shares behind the trust are not published
jll-dandenong-manager,group-jll,Dandenong Square,Australia,VIC,Dandenong Plaza|Dandenong Plaza Shopping Centre,place-au-vic-dandenong-square,MANAGER|OPERATOR|EXTERNAL_LEASING_AGENT,,,,,https://dandenongsquare.com/centre-info/,Official current venue management and pop-up leasing profile,2026-09-02,2026-09-02,High,ACTIVE,The current venue identifies JLL centre management and directs pop-up and casual leasing through JLL
network-retail-dandenong-leasing,group-network-retail-group,Dandenong Square,Australia,VIC,Dandenong Plaza|Dandenong Plaza Shopping Centre,place-au-vic-dandenong-square,LEASING_CONTROLLER|EXTERNAL_LEASING_AGENT,,,,,https://dandenongsquare.com/centre-info/,Official current venue permanent leasing profile,2026-09-02,2026-09-02,High,ACTIVE,The current venue appoints Network Retail Group for permanent retailer leasing alongside Bluestone Retail
bluestone-dandenong-leasing,group-bluestone-retail,Dandenong Square,Australia,VIC,Dandenong Plaza|Dandenong Plaza Shopping Centre,place-au-vic-dandenong-square,LEASING_CONTROLLER|EXTERNAL_LEASING_AGENT,,,,,https://dandenongsquare.com/centre-info/,Official current venue permanent leasing profile,2026-09-02,2026-09-02,High,ACTIVE,The current venue appoints Bluestone Retail for permanent retailer leasing alongside Network Retail Group
perdaman-northam-boulevard,group-perdaman-commercial-properties,Northam Boulevard,Australia,WA,Northam Boulevard Shopping Centre,place-au-wa-northam-boulevard-shopping-centre,OWNER|MANAGER|OPERATOR|LEASING_CONTROLLER,,,24,,https://www.northamboulevard.com.au/,Official current owner manager and venue profile,2026-09-02,2026-09-02,High,ACTIVE,The current venue identifies Perdaman investment and the centre as part of Perdaman Commercial Properties while providing direct casual short-term and long-term leasing; its directory identifies two anchors and 22 specialty stores
jll-northam-boulevard,group-jll,Northam Boulevard,Australia,WA,Northam Boulevard Shopping Centre,place-au-wa-northam-boulevard-shopping-centre,EXTERNAL_LEASING_AGENT,,,24,,https://locationxjll.com.au/contacts/,Official current external leasing portfolio,2026-09-02,2026-09-02,High,ACTIVE,JLL's current Location X leasing portfolio explicitly includes Northam Boulevard; private contact details are intentionally excluded
mitcham-shopping-centre-owner,group-mitcham-shopping-centre-proprietary,Mitcham Square,Australia,SA,Mitcham Shopping Centre|Mitcham Square Shopping Centre,place-au-sa-mitcham-shopping-centre,OWNER,,,,,https://abr.business.gov.au/ABN/View/98007665214,Current Australian Business Register corroborated by official venue profile,2026-08-05,2026-09-02,High,ACTIVE,The current ABN identifies Mitcham Shopping Centre Proprietary Limited and the official venue states that Mitcham Square is owned by the Taplin group; the AER also lists Torrens Park Shopping Centre Pty Ltd at the site so beneficial ownership shares remain unpublished
taplin-mitcham-manager,group-taplin-real-estate,Mitcham Square,Australia,SA,Mitcham Shopping Centre|Mitcham Square Shopping Centre,place-au-sa-mitcham-shopping-centre,MANAGER|OPERATOR|LEASING_CONTROLLER,,,62,,https://mitchamsquare.com.au/centre-information/,Official current owner manager and leasing profile,2026-09-02,2026-09-02,High,ACTIVE,The current venue states that Taplin owns and manages Mitcham Square and directs permanent and casual leasing through Taplin; the directory identifies two major supermarkets a cinema and 59 specialty shops
mcconaghy-lismore-square,group-mcconaghy,Lismore Square,Australia,NSW,Lismore Shopping Centre|Lismore Shopping Square,place-au-nsw-lismore-shopping-centre,OWNER|MANAGER|OPERATOR|LEASING_CONTROLLER,,29901,69,,https://mcconaghyproperties.com.au/our-centres/lismore-square/,Official current owner manager and asset profile,2026-09-02,2026-09-02,High,ACTIVE,McConaghy identifies Lismore Square as an owned and managed asset and the current venue directs leasing through McConaghy; the profile lists four majors and 65 specialty stores
mcconaghy-kingaroy-mall,group-mcconaghy,Kingaroy Mall,Australia,QLD,Kingaroy Shoppingworld|Kingaroy Plaza,place-au-qld-kingaroy-plaza,OWNER|MANAGER|OPERATOR|LEASING_CONTROLLER,,13005,45,,https://mcconaghyproperties.com.au/our-centres/kingaroy-shoppingworld/,Official current owner manager and asset profile,2026-09-02,2026-09-02,High,ACTIVE,McConaghy identifies Kingaroy as a family-owned managed asset and the current venue directs leasing through McConaghy; the profile lists two majors and 43 specialty stores
brickworks-fund-owner,group-brickworks-marketplace-fund,Brickworks Marketplace,Australia,SA,Brickworks Marketplace Shopping Centre,place-au-sa-brickworks-marketplace,OWNER,,,,,https://abr.business.gov.au/ABN/View?id=664009527,Current business register corroborated by current venue and acquisition evidence,2026-09-02,2026-09-02,High,ACTIVE,The active Brickworks Marketplace Fund entity and current FRP-controlled venue identify the owning investment vehicle; the beneficial ownership interests are not published
frp-brickworks-manager,group-frp-capital,Brickworks Marketplace,Australia,SA,Brickworks Marketplace Shopping Centre,place-au-sa-brickworks-marketplace,MANAGER|OPERATOR|LEASING_CONTROLLER,,,,,https://www.brickworksmarketplace.com.au/leasing,Official current venue leasing profile,2026-09-02,2026-09-02,High,ACTIVE,The current venue directs permanent and casual leasing through FRP Capital and FRP operates the venue and fund; public centre metrics are approximate and excluded from exact numeric fields
westlands-trust-owner,group-westlands-unit-trust,Westland Whyalla,Australia,SA,Westland Shopping Centre|Whyalla Westland Shopping Centre,place-au-sa-whyalla-westland-shopping-centre,OWNER,,,,,https://www.aer.gov.au/industry/registers/retail-exemptions/trustee-westlands-unit-trust-westlands-shopping-centre-retail-exemption,Current regulator register,2026-09-02,2026-09-02,High,ACTIVE,The current AER retail exemption identifies the trustee for Westlands Unit Trust as the registrant for the Westlands Shopping Centre site; beneficial ownership interests are not published
ppi-westland-management,group-ppi-funds-management,Westland Whyalla,Australia,SA,Westland Shopping Centre|Whyalla Westland Shopping Centre,place-au-sa-whyalla-westland-shopping-centre,MANAGER|OPERATOR|LEASING_CONTROLLER,,,,3,https://www.ppifundsmanagement.com.au/portfolio/,Official current fund manager portfolio and property profile,2026-09-02,2026-09-02,High,ACTIVE,PPI lists Westland Whyalla in its current managed portfolio and describes hands-on ongoing property management; a current leasing listing identifies PPI alongside Savills
savills-westland-leasing,group-savills,Westland Whyalla,Australia,SA,Westland Shopping Centre|Whyalla Westland Shopping Centre,place-au-sa-whyalla-westland-shopping-centre,EXTERNAL_LEASING_AGENT,,,,,https://www.realcommercial.com.au/for-lease/property-westland-shopping-centre-1-nicolson-avenue-whyalla-sa-5600-5426308,Current public leasing appointment,2026-09-02,2026-09-02,Medium,ACTIVE,The current public leasing campaign identifies Savills alongside PPI Funds Management; private agent contact details are intentionally excluded
cqr-armidale-central-owner,group-charter-hall-retail-reit,Armidale Central,Australia,NSW,,place-au-nsw-armidale-central,OWNER,100,,,,https://www.charterhall.com.au/News/news-article/2026/08/06/charter-hall-retail-reit-2026-full-year-results,Official current listed-fund results,2026-06-30,2026-09-02,High,ACTIVE,CQR confirms settlement of its 100 percent acquisition of Armidale Central during FY26
charter-hall-armidale-management,group-charter-hall,Armidale Central,Australia,NSW,,place-au-nsw-armidale-central,MANAGER|OPERATOR|LEASING_CONTROLLER,,,,,https://www.armidalecentral.com.au/,Official current venue and leasing profile,2026-09-02,2026-09-02,High,ACTIVE,The current venue is operated on Charter Hall infrastructure and directs centre leasing through Charter Hall
rp1-carnes-hill-owner,group-charter-hall-rp1,Carnes Hill Marketplace,Australia,NSW,,place-au-nsw-carnes-hill-marketplace,OWNER,100,17899,44,,https://www.charterhall.com.au/property/property-detail/Carnes-Hill-Marketplace,Official current fund ownership and property profile,2026-09-02,2026-09-02,High,ACTIVE,Charter Hall identifies 100 percent RP1 fund ownership and lists three majors plus 41 specialty stores
charter-hall-carnes-hill-management,group-charter-hall,Carnes Hill Marketplace,Australia,NSW,,place-au-nsw-carnes-hill-marketplace,MANAGER|OPERATOR|LEASING_CONTROLLER,,17899,44,,https://www.carneshillmarketplace.com.au/,Official current venue and leasing profile,2026-09-02,2026-09-02,High,ACTIVE,The current venue is operated on Charter Hall infrastructure and directs permanent and casual leasing through Charter Hall
ccrf-chullora-marketplace-owner,group-charter-hall-ccrf,Chullora Marketplace,Australia,NSW,,place-au-nsw-chullora-marketplace,OWNER,100,,,,https://www.charterhall.com.au/News/news-article/2025/08/08/cqr-transfers-jv-investments-and-four-100--owned-assets-into-ccrf-as-a-foundation-investor-with-expansion-and-contraction-rights,Official current acquisition and fund portfolio,2025-08-08,2026-09-02,High,ACTIVE,Charter Hall confirms Chullora Marketplace was acquired 100 percent for CCRF and the current DCRF portfolio continues to identify it as an underlying asset
charter-hall-chullora-management,group-charter-hall,Chullora Marketplace,Australia,NSW,,place-au-nsw-chullora-marketplace,MANAGER|OPERATOR|LEASING_CONTROLLER,,,,,https://www.charterhall.com.au/investor-centre/unlisted-direct-property-funds/charter-hall-direct-convenience-retail-fund/property-portfolio,Official current managed fund portfolio,2026-09-02,2026-09-02,High,ACTIVE,Charter Hall's current integrated platform and fund portfolio identify Chullora Marketplace as an actively managed retail asset
rp1-highlands-marketplace-owner,group-charter-hall-rp1,Highlands Marketplace,Australia,NSW,,place-au-nsw-highlands-marketplace,OWNER,100,16480,37,,https://www.charterhall.com.au/property/property-detail/Highlands-Marketplace,Official current fund ownership and property profile,2026-09-02,2026-09-02,High,ACTIVE,Charter Hall identifies 100 percent RP1 fund ownership and lists two majors plus 35 specialty stores
charter-hall-highlands-management,group-charter-hall,Highlands Marketplace,Australia,NSW,,place-au-nsw-highlands-marketplace,MANAGER|OPERATOR|LEASING_CONTROLLER,,16480,37,,https://www.highlandsmarketplace.com.au/lease-here,Official current venue and leasing profile,2026-09-02,2026-09-02,High,ACTIVE,The current venue is operated on Charter Hall infrastructure and directs vacant-shop and casual leasing through Charter Hall
ccrf-bonnyrigg-plaza-owner,group-charter-hall-ccrf,Bonnyrigg Plaza,Australia,NSW,,place-au-nsw-bonnyrigg-plaza,OWNER,100,,,,https://www.charterhall.com.au/News/news-article/2026/02/18/charter-hall-grows-ccrf-by--360m-to--3-billion,Official current acquisition announcement,2026-02-18,2026-09-02,High,ACTIVE,Charter Hall confirms CCRF acquired Bonnyrigg Plaza as part of a three-centre sub-regional portfolio
charter-hall-bonnyrigg-management,group-charter-hall,Bonnyrigg Plaza,Australia,NSW,,place-au-nsw-bonnyrigg-plaza,MANAGER|OPERATOR|LEASING_CONTROLLER,,,,,https://www.bonnyriggplaza.com.au/lease-here,Official current venue and leasing profile,2026-09-02,2026-09-02,High,ACTIVE,The current venue is operated on Charter Hall infrastructure and directs permanent leasing through Charter Hall
jll-bonnyrigg-casual-leasing,group-jll,Bonnyrigg Plaza,Australia,NSW,,place-au-nsw-bonnyrigg-plaza,EXTERNAL_LEASING_AGENT,,,,,https://www.bonnyriggplaza.com.au/lease-here,Official current venue leasing appointment,2026-09-02,2026-09-02,High,ACTIVE,The current venue appoints JLL for casual mall leasing only while Charter Hall retains permanent leasing control
rp6-eastgate-owner,group-charter-hall-rp6,Eastgate Bondi Junction,Australia,NSW,Bondi Junction Eastgate|Eastgate Shopping Centre,place-au-nsw-bondi-junction-eastgate,OWNER,100,15046,,,https://www.charterhall.com.au/property/property-detail/eastgate-bondi-junction,Official current fund ownership and property profile,2026-09-02,2026-09-02,High,ACTIVE,Charter Hall identifies 100 percent RP6 fund ownership and explicitly classifies Eastgate as a sub-regional shopping centre
charter-hall-eastgate-management,group-charter-hall,Eastgate Bondi Junction,Australia,NSW,Bondi Junction Eastgate|Eastgate Shopping Centre,place-au-nsw-bondi-junction-eastgate,MANAGER|OPERATOR|LEASING_CONTROLLER,,15046,,,https://www.eastgatebondijunction.com.au/lease-here,Official current venue and leasing profile,2026-09-02,2026-09-02,High,ACTIVE,The current venue is operated on Charter Hall infrastructure and directs permanent leasing through Charter Hall
jll-eastgate-casual-leasing,group-jll,Eastgate Bondi Junction,Australia,NSW,Bondi Junction Eastgate|Eastgate Shopping Centre,place-au-nsw-bondi-junction-eastgate,EXTERNAL_LEASING_AGENT,,,,,https://www.eastgatebondijunction.com.au/lease-here,Official current venue leasing appointment,2026-09-02,2026-09-02,High,ACTIVE,The current venue appoints JLL for casual mall leasing only while Charter Hall retains permanent leasing control
rp6-bass-hill-owner,group-charter-hall-rp6,Bass Hill Plaza,Australia,NSW,,place-au-nsw-bass-hill-plaza,OWNER,100,20379,,,https://www.charterhall.com.au/property/property-detail/Bass-Hill-Plaza,Official current fund ownership and property profile,2026-09-02,2026-09-02,High,ACTIVE,Charter Hall identifies 100 percent RP6 fund ownership for the current Convenience Plus centre
charter-hall-bass-hill-management,group-charter-hall,Bass Hill Plaza,Australia,NSW,,place-au-nsw-bass-hill-plaza,MANAGER|OPERATOR|LEASING_CONTROLLER,,20379,,,https://www.basshillplaza.com.au/lease-here,Official current venue and leasing profile,2026-09-02,2026-09-02,High,ACTIVE,The current venue is operated on Charter Hall infrastructure and directs permanent leasing through Charter Hall
jll-bass-hill-casual-leasing,group-jll,Bass Hill Plaza,Australia,NSW,,place-au-nsw-bass-hill-plaza,EXTERNAL_LEASING_AGENT,,,,,https://www.basshillplaza.com.au/lease-here,Official current venue leasing appointment,2026-09-02,2026-09-02,High,ACTIVE,The current venue appoints JLL for casual mall leasing only while Charter Hall retains permanent leasing control
cqr-morisset-square-owner,group-charter-hall-retail-reit,Morisset Square,Australia,NSW,,place-au-nsw-morisset-square,OWNER,100,7941,,,https://www.charterhall.com.au/property/property-detail/Morisset-Square-Shopping-Centre,Official current fund ownership and property profile,2026-09-02,2026-09-02,High,ACTIVE,Charter Hall identifies 100 percent CQR fund ownership and describes Morisset Square as a convenience shopping centre
charter-hall-morisset-management,group-charter-hall,Morisset Square,Australia,NSW,,place-au-nsw-morisset-square,MANAGER|OPERATOR|LEASING_CONTROLLER,,7941,,,https://www.morissetsquare.com.au/lease-here,Official current venue and leasing profile,2026-09-02,2026-09-02,High,ACTIVE,The current venue is operated on Charter Hall infrastructure and directs permanent casual and vacant-shop leasing through Charter Hall
rp6-pacific-square-owner,group-charter-hall-rp6,Pacific Square,Australia,NSW,Pacific Square Shopping Centre,place-au-nsw-pacific-square-shopping-centre,OWNER,100,13710,,,https://www.charterhall.com.au/property/property-detail/Pacific-Square-Shopping-Centre,Official current fund ownership and property profile,2026-09-02,2026-09-02,High,ACTIVE,Charter Hall identifies 100 percent RP6 fund ownership for the current Convenience Plus centre
charter-hall-pacific-square-management,group-charter-hall,Pacific Square,Australia,NSW,Pacific Square Shopping Centre,place-au-nsw-pacific-square-shopping-centre,MANAGER|OPERATOR|LEASING_CONTROLLER,,13710,,,https://www.pacificsquare.com.au/lease-here,Official current venue and leasing profile,2026-09-02,2026-09-02,High,ACTIVE,The current venue is operated on Charter Hall infrastructure and directs permanent leasing through Charter Hall
jll-pacific-square-casual-leasing,group-jll,Pacific Square,Australia,NSW,Pacific Square Shopping Centre,place-au-nsw-pacific-square-shopping-centre,EXTERNAL_LEASING_AGENT,,,,,https://www.pacificsquare.com.au/lease-here,Official current venue leasing appointment,2026-09-02,2026-09-02,High,ACTIVE,The current venue appoints JLL for casual mall leasing only while Charter Hall retains permanent leasing control
dwapf-casula-mall-owner,group-dexus-wholesale-australian-property-fund,Casula Mall,Australia,NSW,,place-au-nsw-casula-mall,OWNER,100,,,,https://www.dexus.com/investing/properties/casula-mall-1-ingham-drive-casula.html,Official current fund and property profile,2026-09-02,2026-09-02,High,ACTIVE,Dexus identifies Casula Mall as a DWAPF asset and its current fund profile reports full ownership
dexus-casula-mall-management,group-dexus,Casula Mall,Australia,NSW,,place-au-nsw-casula-mall,MANAGER|OPERATOR|LEASING_CONTROLLER,,20025,,,https://www.dexus.com/leasing/retail/properties/Casula-Mall.html,Official current property and leasing profile,2026-09-02,2026-09-02,High,ACTIVE,Dexus publishes operates and directly handles leasing for the current centre profile
ifm-richmond-marketplace-management,group-ifm-investors,Richmond Marketplace,Australia,NSW,,place-au-nsw-richmond-marketplace,MANAGER|OPERATOR|LEASING_CONTROLLER,,18685,58,,https://www.ifminvestors.com/en-au/capabilities/real-estate/our-real-estate-portfolio/richmond-marketplace/,Official current manager portfolio and leasing profile,2026-06-30,2026-09-02,High,ACTIVE,IFM publishes the current asset profile direct leasing pathway and a 100 percent unnamed fund stake; the legal owning vehicle is not named on the profile
mintus-grove-square-owner,group-mintus-grove-square-trust,Grove Square - The Hills,Australia,NSW,Grove Square|Stockland Baulkham Hills Shopping Centre,place-au-nsw-grove-square,OWNER,,,83,,https://grovesquare.com.au/privacy-policy/,Official current venue ownership statement,2026-09-02,2026-09-02,High,ACTIVE,The current venue privacy policy identifies Mintus Investments Pty Ltd as trustee for The Retail Investment Trust 4 and legal owner of Grove Square
mintus-grove-square-management,group-mintus,Grove Square - The Hills,Australia,NSW,Grove Square|Stockland Baulkham Hills Shopping Centre,place-au-nsw-grove-square,MANAGER|OPERATOR|LEASING_CONTROLLER,,,83,,https://grovesquare.com.au/contact-us/,Official current venue management and leasing profile,2026-09-02,2026-09-02,High,ACTIVE,The current venue identifies Mintus as operator manager and controller of permanent and casual leasing and the Mintus asset profile lists three supermarkets plus 80 specialty stores
hdn-glenmore-park-owner,group-homeco-daily-needs-reit,HomeCo Glenmore Park Town Centre,Australia,NSW,Glenmore Park Town Centre,place-au-nsw-glenmore-park-town-centre,OWNER,100,19793,,,https://www.hmccapital.com.au/investment-strategies/real-estate/homeco-daily-needs-reit/financial-reports-presentations/hy26-results-presentation/,Official current listed-fund results,2025-12-31,2026-09-02,High,ACTIVE,Current HDN reporting retains Glenmore Park in the directly owned operating portfolio and reports current public centre metrics
hmc-glenmore-park-management,group-hmc-capital,HomeCo Glenmore Park Town Centre,Australia,NSW,Glenmore Park Town Centre,place-au-nsw-glenmore-park-town-centre,MANAGER|OPERATOR,,19793,,,https://www.hmccapital.com.au/investment-strategies/real-estate/homeco-daily-needs-reit/financial-reports-presentations/hy26-results-presentation/,Official current listed-fund and asset-manager results,2025-12-31,2026-09-02,High,ACTIVE,HMC manages and operates the current HomeCo Daily Needs REIT portfolio including Glenmore Park
jll-glenmore-park-leasing,group-jll,HomeCo Glenmore Park Town Centre,Australia,NSW,Glenmore Park Town Centre,place-au-nsw-glenmore-park-town-centre,EXTERNAL_LEASING_AGENT,,,,,https://locationxjll.com.au/contacts/,Official current leasing portfolio,2026-09-02,2026-09-02,High,ACTIVE,JLL's current leasing portfolio explicitly lists HomeCo Glenmore Park Town Centre
lml1-menai-marketplace-owner,group-hmc-last-mile-logistics-property-trust-1,HomeCo Menai Marketplace,Australia,NSW,Menai Marketplace Shopping Centre|Menai Marketplace,place-au-nsw-menai-marketplace-shopping-centre,OWNER,100,17041,,,https://announcements.asx.com.au/asxpdf/20230927/pdf/05vb9jv2stp3qc.pdf,Official listed-fund annual report corroborated by current HMC results,2025-12-31,2026-09-02,High,ACTIVE,HMC reporting identifies LML Property Trust 1 as the owning vehicle for Menai Marketplace; HDN owns 50.1 percent of that fund
hmc-menai-marketplace-management,group-hmc-capital,HomeCo Menai Marketplace,Australia,NSW,Menai Marketplace Shopping Centre|Menai Marketplace,place-au-nsw-menai-marketplace-shopping-centre,MANAGER|OPERATOR,,17041,,,https://www.hmccapital.com.au/investment-strategies/real-estate/homeco-daily-needs-reit/financial-reports-presentations/hy26-results-presentation/,Official current asset-manager results,2025-12-31,2026-09-02,High,ACTIVE,HMC's current managed portfolio continues to include HomeCo Menai Marketplace and reports current public centre metrics
jll-menai-marketplace-leasing,group-jll,HomeCo Menai Marketplace,Australia,NSW,Menai Marketplace Shopping Centre|Menai Marketplace,place-au-nsw-menai-marketplace-shopping-centre,EXTERNAL_LEASING_AGENT,,,,,https://locationxjll.com.au/contacts/,Official current leasing portfolio,2026-09-02,2026-09-02,High,ACTIVE,JLL's current leasing portfolio explicitly lists HomeCo Menai Marketplace
jll-north-rocks-leasing,group-jll,North Rocks Shopping Centre,Australia,NSW,,place-au-nsw-north-rocks-shopping-centre,EXTERNAL_LEASING_AGENT,,,,,https://locationxjll.com.au/contacts/,Official current leasing portfolio,2026-09-02,2026-09-02,High,ACTIVE,JLL's current leasing portfolio explicitly lists North Rocks Shopping Centre; current owner and manager remain unresolved
lidcombe-trust-owner,group-lidcombe-property-holdings-unit-trust,Lidcombe Shopping Centre,Australia,NSW,,place-au-nsw-lidcombe-shopping-centre,OWNER,,,,,https://www.aer.gov.au/industry/registers/retail-exemptions/lidcombe-property-holdings-pty-limited-atf-lidcombe-property-holdings-unit-trust-lidcombe-shopping-centre-retail-exemption,Current regulator register corroborated by active business register,2026-09-02,2026-09-02,High,ACTIVE,The current AER exemption and active business name identify Lidcombe Property Holdings Unit Trust as the centre's controlling property vehicle; beneficial ownership interests are not published
jll-lidcombe-leasing,group-jll,Lidcombe Shopping Centre,Australia,NSW,,place-au-nsw-lidcombe-shopping-centre,EXTERNAL_LEASING_AGENT,,,,,https://locationxjll.com.au/contacts/,Official current leasing portfolio,2026-09-02,2026-09-02,High,ACTIVE,JLL's current leasing portfolio explicitly lists Lidcombe Shopping Centre; the current property manager is not asserted from leasing evidence alone
tweed-mall-fund-owner,group-tweed-mall-mixed-use-real-estate-fund,Tweed Mall,Australia,NSW,,place-au-nsw-tweed-mall,OWNER,100,23324,,,https://www.elanorinvestors.com/investors/managed-fund/tweed-mall-fund,Official current managed-fund and asset profile,2026-09-02,2026-09-02,High,ACTIVE,Elanor's current fund page identifies Tweed Mall as the fund's single asset and its current asset profile reports the public centre metrics
elanor-tweed-mall-management,group-elanor-investors,Tweed Mall,Australia,NSW,,place-au-nsw-tweed-mall,OPERATOR|LEASING_CONTROLLER,,23324,,,https://www.tweedmall.com.au/contact/,Official current venue leasing appointment,2026-09-02,2026-09-02,High,ACTIVE,The current venue directs permanent leasing through Elanor while the fund remains the centre owner
jll-tweed-mall-management,group-jll,Tweed Mall,Australia,NSW,,place-au-nsw-tweed-mall,MANAGER|EXTERNAL_LEASING_AGENT,,,,,https://www.tweedmall.com.au/casual-mall-leasing/,Official current venue management and casual-leasing appointment,2026-09-02,2026-09-02,High,ACTIVE,The current venue identifies its centre management and casual mall leasing functions as JLL appointments
warrawong-plaza-fund-owner,group-warrawong-plaza-fund,Warrawong Plaza Shopping Centre,Australia,NSW,Warrawong Plaza,place-au-nsw-warrawong-plaza-shopping-centre,OWNER,100,42968,,,https://www.elanorinvestors.com/investors/managed-fund/warrawong-plaza-fund,Official current managed-fund and asset profile,2026-09-02,2026-09-02,High,ACTIVE,Elanor's current fund page and 2025 portfolio notice identify Warrawong Plaza Fund as owner of the fund's single retained shopping-centre asset
kyron-warrawong-leasing,group-kyron-capital,Warrawong Plaza Shopping Centre,Australia,NSW,Warrawong Plaza,place-au-nsw-warrawong-plaza-shopping-centre,EXTERNAL_LEASING_AGENT,,42968,,,https://warrawongplaza.com.au/leasing,Official current venue leasing appointment,2026-09-02,2026-09-02,High,ACTIVE,Warrawong Plaza's current leasing page appoints Kyron Capital for retail leasing; current centre management is not inferred from that appointment
bng-orana-mall-management,group-bachrach-naumburger,Orana Mall,Australia,NSW,Orana Mall Marketplace,place-au-nsw-orana-mall-marketplace,MANAGER|OPERATOR|LEASING_CONTROLLER,,23683.41,,,https://www.oranamall.com.au/leasing/,Official current venue management and leasing profile,2026-09-02,2026-09-02,High,ACTIVE,The current BNG venue provides its permanent leasing pathway and the group privacy statement identifies Orana Mall's operating entity and BNG-managed shopping-centre functions; beneficial ownership is not asserted
