store_id,retailer,country,state,store_name,place_id,place_name,location_setting,mapping_confidence,evidence_basis,evidence_url,verified_at,previous_venue_id,review_status,usable_for_network
independent-other-optical-osm-au-node-2161974913,Independent / Other optical,Australia,ACT,Arcidiacono,,,Uncertain,Uncertain,Location setting needs consultant review,https://www.openstreetmap.org/node/2161974913,2026-09-01,,Needs review,false
independent-other-optical-osm-au-node-8515803402,Independent / Other optical,Australia,ACT,Eye Candy,,,Uncertain,Uncertain,Location setting needs consultant review,https://www.openstreetmap.org/node/8515803402,2026-09-01,,Needs review,false
independent-other-optical-osm-au-node-2161972681,Independent / Other optical,Australia,ACT,MacKinley Optical,,,Uncertain,Uncertain,Location setting needs consultant review,https://www.openstreetmap.org/node/2161972681,2026-09-01,,Needs review,false
independent-other-optical-osm-au-node-1896332017,Independent / Other optical,Australia,ACT,Optorica,,,Uncertain,Uncertain,Location setting needs consultant review,https://www.openstreetmap.org/node/1896332017,2026-09-01,,Needs review,false
independent-other-optical-provision-16725,Independent / Other optical,Australia,ACT,Capital Eye,corridor-au-act-barton-sydney-avenue,Sydney Avenue,High Street,Medium,Numbered street address without a corroborated centre match,https://www.provision.com.au/practice/capital-eye/,2026-09-02,,Accepted,true
bailey-nelson-belconnen,Bailey Nelson,Australia,ACT,Bailey Nelson Belconnen,place-au-act-westfield-belconnen,Westfield Belconnen,Shopping Centre,High,Official centre directory lists Bailey Nelson at Westfield Belconnen,https://www.westfield.com.au/belconnen/store/5TPpI9MjtZqWIXgQoBZf0z/bailey-nelson,2026-09-01,,Accepted,true
opsm-1221,OPSM,Australia,ACT,OPSM Belconnen,place-au-act-westfield-belconnen,Westfield Belconnen,Shopping Centre,High,The current official Westfield Belconnen directory lists OPSM on Level 3,https://www.westfield.com.au/belconnen/store/2bk8FhgtUkgEwe6cu0egsY/opsm,2026-09-03,,Accepted,true
oscar-wylee-124,Oscar Wylee,Australia,ACT,Westfield Belconnen,place-au-act-westfield-belconnen,Westfield Belconnen,Shopping Centre,High,Canonicalised from the store's named retail-place evidence,https://www.oscarwylee.com.au/locations/locations/optometrist-belconnen.html,2026-09-01,act-belconnen-westfield,Accepted,true
specsavers-3307,Specsavers,Australia,ACT,Belconnen Westfield,place-au-act-westfield-belconnen,Westfield Belconnen,Shopping Centre,High,Canonicalised from the store's named retail-place evidence,https://www.specsavers.com.au/stores/belconnen,2026-09-01,act-belconnen-westfield,Accepted,true
bupa-optical-3870857,Bupa Optical,Australia,ACT,Bupa Optical Belconnen,place-au-act-westfield-belconnen,Westfield Belconnen,Shopping Centre,High,Bupa's current official store address identifies the Benjamin Way tenancy and Scentre's current destination page identifies that property as Westfield Belconnen,https://bupaoptical.bupa.com.au/pages/store/bupa-optical-belconnen,2026-09-03,act-westfield,Accepted,true
independent-other-optical-provision-16733,Independent / Other optical,Australia,ACT,Simpson Optometry,corridor-au-act-braddon-ainslie-avenue,Ainslie Avenue,High Street,Medium,Numbered street address without a corroborated centre match,https://www.provision.com.au/practice/simpson-optometry-canberra/,2026-09-02,,Accepted,true
bailey-nelson-canberra,Bailey Nelson,Australia,ACT,Bailey Nelson Canberra City,corridor-au-act-canberra-bunda-street,Bunda Street,High Street,Medium,Numbered street address without a corroborated centre match,https://baileynelson.com.au/pages/optometrist-canberra,2026-09-01,,Accepted,true
george-matilda-17200,George & Matilda,Australia,ACT,Andrew Watkins Optometrist,corridor-au-act-canberra-city-walk,City Walk,High Street,Medium,Numbered street address without a corroborated centre match,https://georgeandmatilda.com.au/stores/optometrist-canberra-act-andrew-watkins-optometrist/,2026-09-02,,Accepted,true
george-matilda-17217,George & Matilda,Australia,ACT,Evans & McMahon – Civic,corridor-au-act-canberra-northbourne-avenue,Northbourne Avenue,High Street,Medium,Numbered street address without a corroborated centre match,https://georgeandmatilda.com.au/stores/optometrist-canberra-act-evans-mcmahon-optometrist/,2026-09-02,,Accepted,true
opsm-1029,OPSM,Australia,ACT,OPSM Canberra,corridor-au-act-canberra-bunda-street,Bunda Street,High Street,Medium,Numbered street address without a corroborated centre match,https://www.opsm.com.au/en/opsm-au/find-store,2026-09-01,,Accepted,true
optical-superstore-60368,Optical Superstore,Australia,ACT,Canberra City,corridor-au-act-canberra-ainslie-place,Ainslie Place,High Street,Medium,Numbered street address without a corroborated centre match,https://opticalsuperstore.com.au/find-your-nearest-store/,2026-09-02,,Accepted,true
oscar-wylee-12,Oscar Wylee,Australia,ACT,Canberra Centre,place-au-act-canberra-centre,Canberra Centre,Shopping Centre,High,Canonicalised from the store's named retail-place evidence,https://www.oscarwylee.com.au/locations/locations/optometrist-canberra-centre.html,2026-09-01,act-canberra,Accepted,true
specsavers-3309,Specsavers,Australia,ACT,Canberra Centre,place-au-act-canberra-centre,Canberra Centre,Shopping Centre,High,Canonicalised from the store's named retail-place evidence,https://www.specsavers.com.au/stores/canberra,2026-09-01,act-canberra,Accepted,true
eyecare-plus-8550,Eyecare Plus,Australia,ACT,Eyecare Plus Optometrists Coombs,corridor-au-act-coombs-woodberry-avenue,Woodberry Avenue,High Street,Medium,Numbered street address without a corroborated centre match,https://www.eyecareplus.com.au/coombs/,2026-09-02,,Accepted,true
oscar-wylee-73,Oscar Wylee,Australia,ACT,South Point Tuggeranong,place-au-act-south-point-shopping-centre,South Point Shopping Centre,Shopping Centre,High,The current Oscar Wylee page explicitly identifies its South.Point Tuggeranong tenancy,https://www.oscarwylee.com.au/locations/locations/optometrist-tuggeranong.html,2026-09-03,,Accepted,true
specsavers-3308,Specsavers,Australia,ACT,Tuggeranong,place-au-act-south-point-shopping-centre,South Point Shopping Centre,Shopping Centre,High,Canonicalised from the store's named retail-place evidence,https://www.specsavers.com.au/stores/tuggeranong,2026-09-01,act-point-south,Accepted,true
opsm-1121,OPSM,Australia,ACT,OPSM Gungahlin,place-au-act-marketplace-gungahlin,Marketplace Gungahlin,Shopping Centre,High,Official centre directory lists OPSM and the store address matches the Marketplace Gungahlin development,https://www.marketplacegungahlin.com.au/shopping/health-fitness/optical/opsm/,2026-09-02,,Accepted,true
specsavers-3583,Specsavers,Australia,ACT,Gungahlin,place-au-act-marketplace-gungahlin,Marketplace Gungahlin,Shopping Centre,High,Official Marketplace directory lists Specsavers in Shop 17 of the Big W Building,https://www.marketplacegungahlin.com.au/shopping/health-fitness/optical/specsavers/,2026-09-02,,Accepted,true
eyecare-plus-636,Eyecare Plus,Australia,ACT,Eyecare Plus Optometrists Manuka,corridor-au-act-manuka-flinders-way,Flinders Way,High Street,Medium,Numbered street address without a corroborated centre match,https://www.eyecareplus.com.au/manuka/,2026-09-02,,Accepted,true
independent-other-optical-provision-49995,Independent / Other optical,Australia,ACT,Eyecentric,place-au-act-m-centre,M Centre,Shopping Centre,High,Canonicalised from the store's named retail-place evidence,https://www.provision.com.au/practice/eyecentric/,2026-09-02,act-m,Accepted,true
oscar-wylee-135,Oscar Wylee,Australia,ACT,Westfield Woden,place-au-act-westfield-woden,Westfield Woden,Shopping Centre,High,Canonicalised from the store's named retail-place evidence,https://www.oscarwylee.com.au/locations/locations/optometrist-woden.html,2026-09-01,act-westfield-woden,Accepted,true
specsavers-3346,Specsavers,Australia,ACT,Woden Westfield,place-au-act-westfield-woden,Westfield Woden,Shopping Centre,High,Canonicalised from the store's named retail-place evidence,https://www.specsavers.com.au/stores/woden,2026-09-01,act-westfield-woden,Accepted,true
george-matilda-17216,George & Matilda,Australia,ACT,Evans & McMahon – Tuggeranong,place-au-act-tuggeranong-square,Tuggeranong Square,Shopping Centre,High,Canonicalised from the store's named retail-place evidence,https://georgeandmatilda.com.au/stores/optometrist-tuggeranong-act/,2026-09-02,act-square-tuggeranong,Accepted,true
opsm-1009,OPSM,Australia,ACT,OPSM Tuggeranong,corridor-au-act-tuggeranong-anketell-street,Anketell Street,High Street,Medium,Numbered street address without a corroborated centre match,https://www.opsm.com.au/en/opsm-au/find-store,2026-09-01,,Accepted,true
opsm-2265,OPSM,Australia,ACT,OPSM Weston,place-au-act-cooleman-court,Cooleman Court,Shopping Centre,High,Official store address matches the authoritative canonical place address,https://regiongroup.au/portfolio/,2026-09-02,,Accepted,true
specsavers-3657,Specsavers,Australia,ACT,Weston Creek,place-au-act-cooleman-court,Cooleman Court,Shopping Centre,High,Official Specsavers store address explicitly names Shop 007 Cooleman Court,https://www.specsavers.com.au/stores/westoncreek,2026-09-02,,Accepted,true
bupa-optical-13626286,Bupa Optical,Australia,ACT,Bupa Optical & Hearing Woden,place-au-act-westfield-woden,Westfield Woden,Shopping Centre,High,Canonicalised from the store's named retail-place evidence,https://bupaoptical.bupa.com.au/pages/store/bupa-optical-woden,2026-09-03,act-westfield-woden,Accepted,true
eyeq-optometrists-woden,EyeQ Optometrists,Australia,ACT,EyeQ Optometrists Woden,place-au-act-westfield-woden,Westfield Woden,Shopping Centre,High,EyeQ's current official locator explicitly labels the Woden practice at Westfield Woden on Keltie Street,https://www.eyeq.com.au/find-an-optometrist/,2026-09-03,act-westfield,Accepted,true
opsm-1226,OPSM,Australia,ACT,OPSM Woden,place-au-act-westfield-woden,Westfield Woden,Shopping Centre,High,The current official Westfield Woden directory lists OPSM on Level 2,https://www.westfield.com.au/woden/store/69uZbOEbO8gYuQSgeIccAi/opsm,2026-09-03,,Accepted,true
independent-other-optical-osm-ne-node-7009136867,Independent / Other optical,New Zealand,Auckland,Campbell And Campbell,,,Uncertain,Uncertain,Location setting needs consultant review,https://campbelloptom.co.nz,2026-09-01,,Needs review,false
independent-other-optical-osm-ne-node-6923678892,Independent / Other optical,New Zealand,Auckland,Cassidy Eyecare,,,Uncertain,Uncertain,Location setting needs consultant review,https://www.openstreetmap.org/node/6923678892,2026-09-01,,Needs review,false
independent-other-optical-osm-ne-node-6169401087,Independent / Other optical,New Zealand,Auckland,Crenshaw Opticians and Optometrists,,,Uncertain,Uncertain,Location setting needs consultant review,https://www.openstreetmap.org/node/6169401087,2026-09-01,,Needs review,false
independent-other-optical-osm-ne-way-879150414,Independent / Other optical,New Zealand,Auckland,Eye Style,,,Uncertain,Uncertain,Location setting needs consultant review,https://www.openstreetmap.org/way/879150414,2026-09-01,,Needs review,false
independent-other-optical-osm-ne-node-10892579810,Independent / Other optical,New Zealand,Auckland,Island Eyes,,,Uncertain,Uncertain,Location setting needs consultant review,https://www.openstreetmap.org/node/10892579810,2026-09-01,,Needs review,false
independent-other-optical-osm-ne-node-6162557005,Independent / Other optical,New Zealand,Auckland,Milford Optometrists,,,Uncertain,Uncertain,Location setting needs consultant review,https://www.openstreetmap.org/node/6162557005,2026-09-01,,Needs review,false
independent-other-optical-osm-ne-node-13805150403,Independent / Other optical,New Zealand,Auckland,Mortimer Hirst,corridor-nz-auckland-auckland-hurstmere-road,Hurstmere Road,High Street,Medium,Numbered street address without a corroborated centre match,http://MortimerHirst.co.nz,2026-09-01,,Accepted,false
independent-other-optical-osm-ne-node-14086659006,Independent / Other optical,New Zealand,Auckland,Mortimer Hirst - eyecare & eyewear,corridor-nz-auckland-auckland-tamaki-drive,Tāmaki Drive,High Street,Medium,Numbered street address without a corroborated centre match,https://www.openstreetmap.org/node/14086659006,2026-09-01,,Accepted,false
independent-other-optical-osm-ne-node-5466762097,Independent / Other optical,New Zealand,Auckland,Nath Optometrists,corridor-nz-auckland-auckland-ponsonby-road,Ponsonby Road,High Street,Medium,Numbered street address without a corroborated centre match,http://nathsoptometrists.co.nz,2026-09-01,,Accepted,false
independent-other-optical-osm-ne-node-11204116311,Independent / Other optical,New Zealand,Auckland,Optics1,,,Uncertain,Uncertain,Location setting needs consultant review,https://www.openstreetmap.org/node/11204116311,2026-09-01,,Needs review,false
independent-other-optical-osm-ne-way-911692375,Independent / Other optical,New Zealand,Auckland,Sunnies,,,Uncertain,Uncertain,Location setting needs consultant review,https://www.openstreetmap.org/way/911692375,2026-09-01,,Needs review,false
independent-other-optical-osm-ne-node-4396978791,Independent / Other optical,New Zealand,Auckland,The Eye Place,corridor-nz-auckland-auckland-auckland-retail-core,Auckland Retail Core,High Street,Medium,Numbered street address without a corroborated centre match,https://www.openstreetmap.org/node/4396978791,2026-09-01,,Accepted,false
independent-other-optical-osm-ne-node-12594285407,Independent / Other optical,New Zealand,Auckland,The Eyecare Practice,corridor-nz-auckland-auckland-queens-road,Queens Road,High Street,Medium,Numbered street address without a corroborated centre match,https://www.openstreetmap.org/node/12594285407,2026-09-01,,Accepted,false
independent-other-optical-osm-ne-node-10086117777,Independent / Other optical,New Zealand,Auckland,Vision Centre,,,Uncertain,Uncertain,Location setting needs consultant review,https://www.openstreetmap.org/node/10086117777,2026-09-01,,Needs review,false
independent-other-optical-osm-ne-node-2660761055,Independent / Other optical,New Zealand,Auckland,Visionx,,,Uncertain,Uncertain,Location setting needs consultant review,https://www.openstreetmap.org/node/2660761055,2026-09-01,,Needs review,false
independent-other-optical-osm-ne-way-262147882,Independent / Other optical,New Zealand,Auckland,Visique,place-nz-auckland-onehunga-mall,Onehunga Mall,Shopping Centre,High,Canonicalised from the store's named retail-place evidence,https://www.openstreetmap.org/way/262147882,2026-09-01,auckland-onehunga,Accepted,false
opsm-nz-1309,OPSM,New Zealand,Auckland,OPSM Albany,place-nz-auckland-westfield-albany,Westfield Albany,Shopping Centre,High,The current official Westfield OPSM directory lists Albany,https://www.westfield.co.nz/store/cXe7CDZ5BKc2YMaQyQKC2/opsm,2026-09-03,,Accepted,true
oscar-wylee-nz-optometrist-albany,Oscar Wylee,New Zealand,Auckland,Oscar Wylee Westfield Albany,place-nz-auckland-westfield-albany,Westfield Albany,Shopping Centre,High,Canonicalised from the store's named retail-place evidence,https://www.oscarwylee.co.nz/locations/optometrist-albany.html,2026-09-01,auckland-albany-westfield,Accepted,true
bailey-nelson-nz-optometrist-albany-auckland,Bailey Nelson,New Zealand,Auckland,Bailey Nelson Albany,place-nz-auckland-westfield-albany,Westfield Albany,Shopping Centre,High,Canonicalised from the store's named retail-place evidence,https://baileynelson.co.nz/pages/optometrist-albany-auckland,2026-09-01,auckland-albany-westfield,Accepted,true
bailey-nelson-nz-optometrist-ponsonby,Bailey Nelson,New Zealand,Auckland,Bailey Nelson Ponsonby,corridor-nz-auckland-auckland-ponsonby-road,Ponsonby Road,High Street,High,Official store address is a street-front retail tenancy at 160 Ponsonby Road,https://baileynelson.co.nz/pages/optometrist-ponsonby,2026-09-01,,Accepted,true
bailey-nelson-nz-optometrist-st-lukes,Bailey Nelson,New Zealand,Auckland,Bailey Nelson St Lukes - Now Open,place-nz-auckland-westfield-st-lukes,Westfield St Lukes,Shopping Centre,High,Canonicalised from the store's named retail-place evidence,https://baileynelson.co.nz/pages/optometrist-st-lukes,2026-09-01,auckland-lukes-st-westfield,Accepted,true
bailey-nelson-nz-optometrist-sylvia-park,Bailey Nelson,New Zealand,Auckland,Bailey Nelson Sylvia Park,place-nz-auckland-sylvia-park-mall,Sylvia Park Mall,Shopping Centre,High,Official Sylvia Park directory lists Bailey Nelson as a centre tenant,https://www.sylviapark.com/stores/bailey-nelson-coming-soon/,2026-09-01,,Accepted,true
bailey-nelson-nz-optometrist-takapuna,Bailey Nelson,New Zealand,Auckland,Bailey Nelson Takapuna,corridor-nz-auckland-auckland-hurstmere-road,Hurstmere Road,High Street,Medium,Numbered street address without a corroborated centre match,https://baileynelson.co.nz/pages/optometrist-takapuna,2026-09-01,,Accepted,true
independent-other-optical-osm-ne-node-5913292096,Independent / Other optical,New Zealand,Auckland,Highbury Optometrists,corridor-nz-auckland-auckland-mokoia-road,Mokoia Road,High Street,Medium,Numbered street address without a corroborated centre match,https://www.highburyeye.co.nz/,2026-09-01,,Accepted,true
matthews-eyecare-nz-55695732,Matthews Eyecare,New Zealand,Auckland,Matthews Eyecare (formerly Harrison and Matthews),corridor-nz-auckland-auckland-jervois-road,Jervois Road,High Street,Medium,Numbered street address without a corroborated centre match,https://matthews.co.nz/practices/auckland-city/,2026-09-03,,Accepted,true
matthews-eyecare-nz-WLXfKmCsTgWwYhS77Bx1Sw,Matthews Eyecare,New Zealand,Auckland,Parker & Co,corridor-nz-auckland-auckland-teed-street,Teed Street,High Street,Medium,Numbered street address without a corroborated centre match,https://www.parkerandco.nz/,2026-09-03,,Accepted,true
opsm-nz-1689,OPSM,New Zealand,Auckland,OPSM Auckland Manukau,place-nz-auckland-manukau-westfield,Manukau Westfield,Shopping Centre,High,The current official Westfield Manukau directory lists OPSM on Level G,https://www.westfield.co.nz/manukau/store/2hl8caSXxmuWum4ISYeiok/opsm,2026-09-03,,Accepted,true
opsm-nz-4712,OPSM,New Zealand,Auckland,OPSM Mt Eden,corridor-nz-auckland-auckland-mt-eden-road,Mt Eden Road,High Street,Medium,Numbered street address without a corroborated centre match,https://www.opsm.co.nz/find-store,2026-09-01,,Accepted,true
opsm-nz-1612,OPSM,New Zealand,Auckland,OPSM Queen Street Auckland,corridor-nz-auckland-auckland-queen-street,Queen Street,High Street,Medium,Numbered street address without a corroborated centre match,https://www.opsm.co.nz/find-store,2026-09-01,,Accepted,true
opsm-nz-1682,OPSM,New Zealand,Auckland,OPSM Remuera,corridor-nz-auckland-auckland-remuera-road,Remuera Road,High Street,Medium,Numbered street address without a corroborated centre match,https://www.opsm.co.nz/find-store,2026-09-01,,Accepted,true
specsavers-nz-3801,Specsavers,New Zealand,Auckland,Albany Westfield,place-nz-auckland-westfield-albany,Westfield Albany,Shopping Centre,High,Canonicalised from the store's named retail-place evidence,https://www.specsavers.co.nz/stores/albany,2026-09-01,auckland-albany-westfield,Accepted,true
specsavers-nz-3842,Specsavers,New Zealand,Auckland,Auckland CBD,corridor-nz-auckland-auckland-queen-street,Queen Street,High Street,Medium,Numbered street address without a corroborated centre match,https://www.specsavers.co.nz/stores/aucklandcbd,2026-09-01,,Accepted,true
specsavers-nz-3827,Specsavers,New Zealand,Auckland,Botany,place-nz-auckland-botany-town-centre,Botany Town Centre,Shopping Centre,High,Canonicalised from the store's named retail-place evidence,https://www.specsavers.co.nz/stores/botany,2026-09-01,auckland-botany-town,Accepted,true
specsavers-nz-3811,Specsavers,New Zealand,Auckland,Glenfield Mall,place-nz-auckland-glenfield-mall,Glenfield Mall,Shopping Centre,High,Canonicalised from the store's named retail-place evidence,https://www.specsavers.co.nz/stores/glenfield,2026-09-01,auckland-glenfield,Accepted,true
specsavers-nz-3806,Specsavers,New Zealand,Auckland,Henderson - WestCity S/C,place-nz-auckland-westcity-waitakere-shopping-centre,WestCity Waitakere,Shopping Centre,High,Canonicalised from the store's named retail-place evidence,https://www.specsavers.co.nz/stores/henderson,2026-09-01,auckland-waitakere-westcity,Accepted,true
specsavers-nz-3809,Specsavers,New Zealand,Auckland,Manukau Westfield,place-nz-auckland-manukau-westfield,Manukau Westfield,Shopping Centre,High,The official store address explicitly identifies its Westfield Manukau tenancy,https://www.specsavers.co.nz/stores/manukau,2026-09-03,auckland-manukau-westfield,Accepted,true
specsavers-nz-3807,Specsavers,New Zealand,Auckland,Massey - NorthWest S/C,place-nz-auckland-northwest-shopping-centre,NorthWest Shopping Centre,Shopping Centre,High,Canonicalised from the store's named retail-place evidence,https://www.specsavers.co.nz/stores/massey,2026-09-01,auckland-northwest,Accepted,true
specsavers-nz-3865,Specsavers,New Zealand,Auckland,Mt Roskill,corridor-nz-auckland-auckland-stoddard-road,Stoddard Road,High Street,Medium,Numbered street address without a corroborated centre match,https://www.specsavers.co.nz/stores/mtroskill,2026-09-01,,Accepted,true
specsavers-nz-3866,Specsavers,New Zealand,Auckland,Mt Wellington,corridor-nz-auckland-auckland-lunn-avenue,Lunn Avenue,High Street,Medium,Numbered street address without a corroborated centre match,https://www.specsavers.co.nz/stores/mtwellington,2026-09-01,,Accepted,true
specsavers-nz-3849,Specsavers,New Zealand,Auckland,Newmarket Westfield,place-nz-auckland-newmarket-westfield,Westfield Newmarket,Shopping Centre,High,Canonicalised from the store's named retail-place evidence,https://www.specsavers.co.nz/stores/newmarket,2026-09-01,auckland-newmarket-westfield,Accepted,true
specsavers-nz-3875,Specsavers,New Zealand,Auckland,Onehunga,place-nz-auckland-onehunga-mall,Onehunga Mall,Shopping Centre,High,Canonicalised from the store's named retail-place evidence,https://www.specsavers.co.nz/stores/onehunga,2026-09-01,auckland-onehunga,Accepted,true
specsavers-nz-3828,Specsavers,New Zealand,Auckland,Papakura,corridor-nz-auckland-auckland-great-south-road,Great South Road,High Street,Medium,Numbered street address without a corroborated centre match,https://www.specsavers.co.nz/stores/papakura,2026-09-01,,Accepted,true
specsavers-nz-3814,Specsavers,New Zealand,Auckland,Pukekohe,corridor-nz-auckland-auckland-king-street,King Street,High Street,Medium,Numbered street address without a corroborated centre match,https://www.specsavers.co.nz/stores/pukekohe,2026-09-01,,Accepted,true
specsavers-nz-3841,Specsavers,New Zealand,Auckland,Silverdale,place-nz-auckland-silverdale-mall,Silverdale Mall,Shopping Centre,High,Official Silverdale Mall directory lists Specsavers as a current tenant,https://silverdalemall.co.nz/store/specsavers/,2026-09-02,,Accepted,true
specsavers-nz-3829,Specsavers,New Zealand,Auckland,Sylvia Park Mall,place-nz-auckland-sylvia-park-mall,Sylvia Park Mall,Shopping Centre,High,Canonicalised from the store's named retail-place evidence,https://www.specsavers.co.nz/stores/sylviapark,2026-09-01,auckland-park-sylvia,Accepted,true
specsavers-nz-3802,Specsavers,New Zealand,Auckland,Takapuna Shore City,corridor-nz-auckland-auckland-anzac-street,Anzac Street,High Street,Medium,Numbered street address without a corroborated centre match,https://www.specsavers.co.nz/stores/takapuna,2026-09-01,,Accepted,true
oscar-wylee-nz-optometrist-auckland-cbd,Oscar Wylee,New Zealand,Auckland,Oscar Wylee Auckland CBD,corridor-nz-auckland-auckland-cbd-queen-street,Queen Street,High Street,High,Official store page places the tenancy in the Colonial Building on Queen Street rather than in a shopping centre,https://www.oscarwylee.co.nz/locations/optometrist-auckland-cbd.html,2026-09-02,,Accepted,true
bailey-nelson-nz-optometrist-auckland-cbd,Bailey Nelson,New Zealand,Auckland,Bailey Nelson Auckland CBD,place-nz-auckland-commercial-bay,Commercial Bay,Shopping Centre,High,Public city-centre directory identifies the tenancy as Level 2 Commercial Bay,https://heartofthecity.co.nz/auckland-shopping/bailey-nelson,2026-09-01,,Accepted,true
opsm-nz-1692,OPSM,New Zealand,Auckland,OPSM Browns Bay,corridor-nz-auckland-browns-bay-clyde-road,Clyde Road,High Street,Medium,Numbered street address without a corroborated centre match,https://www.opsm.co.nz/find-store,2026-09-01,,Accepted,true
bailey-nelson-nz-optometrist-botany,Bailey Nelson,New Zealand,Auckland,Bailey Nelson Botany,place-nz-auckland-botany-town-centre,Botany Town Centre,Shopping Centre,High,Canonicalised from the store's named retail-place evidence,https://baileynelson.co.nz/pages/optometrist-botany,2026-09-01,auckland-botany-town,Accepted,true
opsm-nz-1630,OPSM,New Zealand,Auckland,OPSM Botany Downs,place-nz-auckland-botany-town-centre,Botany Town Centre,Shopping Centre,High,Canonicalised from the store's named retail-place evidence,https://www.opsm.co.nz/find-store,2026-09-01,auckland-botany-town,Accepted,true
specsavers-nz-3871,Specsavers,New Zealand,Auckland,Ormiston,place-nz-auckland-ormiston-town-centre,Ormiston Town Centre,Shopping Centre,High,Canonicalised from the store's named retail-place evidence,https://www.specsavers.co.nz/stores/ormiston,2026-09-01,auckland-ormiston-town,Accepted,true
opsm-nz-2833,OPSM,New Zealand,Auckland,OPSM Lincoln North,corridor-nz-auckland-henderson-universal-drive,Universal Drive,High Street,Medium,Best-judgement street-address classification; no centre evidence found,https://www.opsm.co.nz/find-store,2026-09-01,,Accepted,true
opsm-nz-1642,OPSM,New Zealand,Auckland,OPSM West City,place-nz-auckland-westcity-waitakere-shopping-centre,WestCity Waitakere,Shopping Centre,High,Official store address matches the authoritative canonical place address,https://www.west-city.co.nz/,2026-09-02,,Accepted,true
oscar-wylee-nz-optometrist-manukau,Oscar Wylee,New Zealand,Auckland,Oscar Wylee Manukau,place-nz-auckland-manukau-westfield,Manukau Westfield,Shopping Centre,High,The current official Westfield Manukau directory lists Oscar Wylee on Level G,https://www.westfield.co.nz/manukau/store/2Pvr6ycJVT8w7iIX99jSjQ/oscar-wylee-manukau,2026-09-03,auckland-city-manukau-westfield,Accepted,true
specsavers-nz-3874,Specsavers,New Zealand,Auckland,Manukau Supa Centa,place-nz-auckland-manukau-city-centre,Manukau Supa Centa,Shopping Centre,High,The official retailer address explicitly identifies the distinct Manukau Supa Centa tenancy at Lambie and Cavendish Drives,https://www.specsavers.co.nz/stores/manukau-supa-centa,2026-09-03,,Accepted,true
opsm-nz-2929,OPSM,New Zealand,Auckland,OPSM Northwest,corridor-nz-auckland-massey-maki-street,Maki Street,High Street,Medium,Numbered street address without a corroborated centre match,https://www.opsm.co.nz/find-store,2026-09-01,,Accepted,true
opsm-nz-1684,OPSM,New Zealand,Auckland,OPSM Milford,place-nz-auckland-milford-centre,Milford Centre,Shopping Centre,High,Official Milford Centre directory lists OPSM as a tenant,https://milfordcentre.co.nz/listing/opsm/,2026-09-02,,Accepted,true
opsm-nz-1687,OPSM,New Zealand,Auckland,OPSM St Lukes,place-nz-auckland-westfield-st-lukes,Westfield St Lukes,Shopping Centre,High,The current official OPSM record names St Lukes and gives the Westfield St Lukes address,https://www.opsm.co.nz/find-store,2026-09-03,,Accepted,true
specsavers-nz-3825,Specsavers,New Zealand,Auckland,St Lukes Westfield,place-nz-auckland-westfield-st-lukes,Westfield St Lukes,Shopping Centre,High,Canonicalised from the store's named retail-place evidence,https://www.specsavers.co.nz/stores/stlukes,2026-09-01,auckland-lukes-st-westfield,Accepted,true
opsm-nz-2911,OPSM,New Zealand,Auckland,OPSM Sylvia Park,place-nz-auckland-sylvia-park-mall,Sylvia Park Mall,Shopping Centre,High,The current official OPSM record names Sylvia Park and gives its Mount Wellington Highway address,https://www.opsm.co.nz/find-store,2026-09-03,,Accepted,true
opsm-nz-1686,OPSM,New Zealand,Auckland,OPSM Lynnmall,place-nz-auckland-lynnmall-shopping-centre,LynnMall,Shopping Centre,High,The current official OPSM record names LynnMall and exactly matches its 3058 Great North Road address,https://www.opsm.co.nz/find-store,2026-09-03,,Accepted,true
oscar-wylee-nz-optometrist-new-lynn,Oscar Wylee,New Zealand,Auckland,Oscar Wylee Lynn Mall,place-nz-auckland-lynnmall-shopping-centre,LynnMall,Shopping Centre,High,Canonicalised from the store's named retail-place evidence,https://www.oscarwylee.co.nz/locations/optometrist-new-lynn.html,2026-09-01,auckland-lynn,Accepted,true
specsavers-nz-3808,Specsavers,New Zealand,Auckland,New Lynn LynnMall,place-nz-auckland-lynnmall-shopping-centre,LynnMall,Shopping Centre,High,Canonicalised from the store's named retail-place evidence,https://www.specsavers.co.nz/stores/newlynn,2026-09-01,auckland-lynnmall,Accepted,true
opsm-nz-1646,OPSM,New Zealand,Auckland,OPSM Auckland Newmarket,place-nz-auckland-newmarket-westfield,Westfield Newmarket,Shopping Centre,High,The current official Westfield directory lists OPSM at Newmarket on Level 2,https://www.westfield.co.nz/store/cXe7CDZ5BKc2YMaQyQKC2/opsm,2026-09-03,,Accepted,true
matthews-eyecare-nz-X9Qi9sOYQg-I582_-n5IHg,Matthews Eyecare,New Zealand,Auckland,Orewa Optics,corridor-nz-auckland-orewa-bakehouse-lane,Bakehouse Lane,High Street,Medium,Numbered street address without a corroborated centre match,https://orewaoptics.co.nz/,2026-09-03,,Accepted,true
opsm-nz-1602,OPSM,New Zealand,Auckland,OPSM Papakura,corridor-nz-auckland-papakura-great-south-road,Great South Road,High Street,Medium,Numbered street address without a corroborated centre match,https://www.opsm.co.nz/find-store,2026-09-01,,Accepted,true
opsm-nz-2926,OPSM,New Zealand,Auckland,OPSM OPTIK EYECARE BY OPSM,corridor-nz-auckland-pukekohe-hill-hall-street,Hall Street,High Street,Medium,Numbered street address without a corroborated centre match,https://www.opsm.co.nz/find-store,2026-09-01,,Accepted,true
opsm-nz-1688,OPSM,New Zealand,Auckland,OPSM Royal Oak,corridor-nz-auckland-royal-oak-manukau-road,Manukau Road,High Street,Medium,Numbered street address without a corroborated centre match,https://www.opsm.co.nz/find-store,2026-09-01,,Accepted,true
opsm-nz-2353,OPSM,New Zealand,Auckland,OPSM Silverdale,place-nz-auckland-silverdale-centre,Silverdale Centre,Shopping Centre,High,Official Silverdale Centre directory lists OPSM at Shop 11B 61 Silverdale Street,https://silverdalecentre.co.nz/opsm/,2026-09-02,,Accepted,true
opsm-nz-1683,OPSM,New Zealand,Auckland,OPSM St Heliers,corridor-nz-auckland-st-heliers-st-heliers-bay-road,St Heliers Bay Road,High Street,Medium,Numbered street address without a corroborated centre match,https://www.opsm.co.nz/find-store,2026-09-01,,Accepted,true
opsm-nz-2832,OPSM,New Zealand,Auckland,OPSM Hurstmere Takapuna Beach,corridor-nz-auckland-takapuna-hurstmere-road,Hurstmere Road,High Street,Medium,Numbered street address without a corroborated centre match,https://www.opsm.co.nz/find-store,2026-09-01,,Accepted,true
independent-other-optical-osm-ne-node-5551688223,Independent / Other optical,New Zealand,Bay of Plenty,Fischer fischer,,,Uncertain,Uncertain,Location setting needs consultant review,https://www.openstreetmap.org/node/5551688223,2026-09-01,,Needs review,false
opsm-nz-1390,OPSM,New Zealand,Bay of Plenty,OPSM Bayfair,place-nz-bay-of-plenty-bayfair-shopping-centre,Bayfair Shopping Centre,Shopping Centre,High,The current official OPSM record names Bayfair and gives its Mount Maunganui and Girven Roads address,https://www.opsm.co.nz/find-store,2026-09-03,,Accepted,true
opsm-nz-1625,OPSM,New Zealand,Bay of Plenty,OPSM Rotorua,corridor-nz-bay-of-plenty-rotorua-pukuatua-street,Pukuatua Street,High Street,Medium,Numbered street address without a corroborated centre match,https://www.opsm.co.nz/find-store,2026-09-01,,Accepted,true
specsavers-nz-3822,Specsavers,New Zealand,Bay of Plenty,Rotorua,corridor-nz-bay-of-plenty-rotorua-eruera-street,Eruera Street,High Street,Medium,Numbered street address without a corroborated centre match,https://www.specsavers.co.nz/stores/rotorua,2026-09-01,,Accepted,true
bailey-nelson-nz-optometrist-tauranga,Bailey Nelson,New Zealand,Bay of Plenty,Bailey Nelson Tauranga,place-nz-bay-of-plenty-bayfair-shopping-centre,Bayfair Shopping Centre,Shopping Centre,High,Canonicalised from the store's named retail-place evidence,https://baileynelson.co.nz/pages/optometrist-tauranga,2026-09-01,bay-of-plenty-bayfair,Accepted,true
matthews-eyecare-nz-Vcg1qaVdRci6CYiGUv1ykA,Matthews Eyecare,New Zealand,Bay of Plenty,"Matthews Vision Care, Tauranga",corridor-nz-bay-of-plenty-tauranga-chadwick-road,Chadwick Road,High Street,Medium,Numbered street address without a corroborated centre match,https://matthews.co.nz/practices/matthews-vision-care-tauranga/,2026-09-03,,Accepted,true
opsm-nz-1412,OPSM,New Zealand,Bay of Plenty,OPSM Tauranga,corridor-nz-bay-of-plenty-tauranga-taurikura-drive,Taurikura Drive,High Street,Medium,Numbered street address without a corroborated centre match,https://www.opsm.co.nz/find-store,2026-09-01,,Accepted,true
specsavers-nz-3812,Specsavers,New Zealand,Bay of Plenty,Mt. Maunganui - Bayfair S/C,place-nz-bay-of-plenty-bayfair-shopping-centre,Bayfair Shopping Centre,Shopping Centre,High,Canonicalised from the store's named retail-place evidence,https://www.specsavers.co.nz/stores/mtmaunganui,2026-09-01,bay-of-plenty-bayfair,Accepted,true
specsavers-nz-3839,Specsavers,New Zealand,Bay of Plenty,Tauranga CBD,corridor-nz-bay-of-plenty-tauranga-devonport-road,Devonport Road,High Street,Medium,Numbered street address without a corroborated centre match,https://www.specsavers.co.nz/stores/tauranga,2026-09-01,,Accepted,true
specsavers-nz-3863,Specsavers,New Zealand,Bay of Plenty,Tauranga Crossing,place-nz-bay-of-plenty-tauranga-crossing,Tauranga Crossing,Shopping Centre,High,Official store name and address explicitly identify Tauranga Crossing,https://www.specsavers.co.nz/stores/tauranga-crossing,2026-09-02,,Accepted,true
matthews-eyecare-nz-164485380,Matthews Eyecare,New Zealand,Bay of Plenty,Matthews Eyecare,corridor-nz-bay-of-plenty-te-puke-jellicoe-street,Jellicoe Street,High Street,Medium,Numbered street address without a corroborated centre match,https://matthews.co.nz/practices/te-puke/,2026-09-03,,Accepted,true
opsm-nz-2830,OPSM,New Zealand,Bay of Plenty,Whakatane Optometrist by OPSM,corridor-nz-bay-of-plenty-whakatane-the-strand,The Strand,High Street,Medium,Current official OPSM locator and current EssilorLuxottica recruitment confirm the operating Whakatane store at 185 The Strand; the adjacent verified optical tenancy is also street-front,https://careers.essilorluxottica.com/job/Bay-Of-Plenty-Store-Manager-OPSM-FT-NZ-Whakatane/1411559833/,2026-09-02,,Accepted,true
specsavers-nz-3853,Specsavers,New Zealand,Bay of Plenty,Whakatane,corridor-nz-bay-of-plenty-whakatane-the-strand,The Strand,High Street,High,Official current store address is 184 The Strand and no shopping-centre tenancy is identified,https://www.specsavers.co.nz/stores/whakatane,2026-09-02,,Accepted,true
independent-other-optical-osm-ne-node-4757538924,Independent / Other optical,New Zealand,Canterbury,FOATE Optometry,,,Uncertain,Uncertain,Location setting needs consultant review,https://www.openstreetmap.org/node/4757538924,2026-09-01,,Needs review,false
specsavers-nz-3864,Specsavers,New Zealand,Canterbury,Ashburton,corridor-nz-canterbury-ashburton-cass-street,Cass Street,High Street,Medium,Numbered street address without a corroborated centre match,https://www.specsavers.co.nz/stores/ashburton,2026-09-01,,Accepted,true
bailey-nelson-nz-optometrist-cashel-street,Bailey Nelson,New Zealand,Canterbury,Bailey Nelson Cashel Street,corridor-nz-canterbury-christchurch-cashel-street,Cashel Street,High Street,Medium,Numbered street address without a corroborated centre match,https://baileynelson.co.nz/pages/optometrist-cashel-street,2026-09-01,,Accepted,true
bailey-nelson-nz-optometrist-riccarton,Bailey Nelson,New Zealand,Canterbury,Bailey Nelson Riccarton,place-nz-canterbury-riccarton-westfield,Riccarton Westfield,Shopping Centre,High,Official centre address matches the Bailey Nelson tenancy at 129 Riccarton Road,https://www.westfield.co.nz/riccarton/opening-hours,2026-09-01,,Accepted,true
matthews-eyecare-nz-56792215,Matthews Eyecare,New Zealand,Canterbury,Matthews Eyecare,corridor-nz-canterbury-christchurch-garlands-road,Garlands Road,High Street,Medium,Numbered street address without a corroborated centre match,https://matthews.co.nz/practices/christchurch/,2026-09-03,,Accepted,true
opsm-nz-1010,OPSM,New Zealand,Canterbury,OPSM Hornby,corridor-nz-canterbury-christchurch-main-south-road,Main South Road,High Street,Medium,Numbered street address without a corroborated centre match,https://www.opsm.co.nz/find-store,2026-09-01,,Accepted,true
opsm-nz-1620,OPSM,New Zealand,Canterbury,OPSM The Crossing,corridor-nz-canterbury-christchurch-kivers-lane,Kivers Lane,High Street,Medium,Best-judgement street-address classification; no centre evidence found,https://www.opsm.co.nz/find-store,2026-09-01,,Accepted,true
specsavers-nz-3854,Specsavers,New Zealand,Canterbury,Hornby - The Hub,place-nz-canterbury-the-hub-hornby-mall,The Hub Hornby,Shopping Centre,High,Canonicalised from the store's named retail-place evidence,https://www.specsavers.co.nz/stores/hornby,2026-09-01,canterbury-hornby-hub-the,Accepted,true
specsavers-nz-3804,Specsavers,New Zealand,Canterbury,Papanui - Northlands Mall,place-nz-canterbury-northlands-mall,Northlands Mall,Shopping Centre,High,Canonicalised from the store's named retail-place evidence,https://www.specsavers.co.nz/stores/papanui,2026-09-01,canterbury-northlands,Accepted,true
specsavers-nz-3824,Specsavers,New Zealand,Canterbury,Riccarton Westfield,place-nz-canterbury-riccarton-westfield,Riccarton Westfield,Shopping Centre,High,Canonicalised from the store's named retail-place evidence,https://www.specsavers.co.nz/stores/riccartonwestfield,2026-09-01,canterbury-riccarton-westfield,Accepted,true
specsavers-nz-3815,Specsavers,New Zealand,Canterbury,Shirley - The Palms S/C,place-nz-canterbury-the-palms-shopping-centre,The Palms Shopping Centre,Shopping Centre,High,Canonicalised from the store's named retail-place evidence,https://www.specsavers.co.nz/stores/shirley,2026-09-01,canterbury-palms-the,Accepted,true
independent-other-optical-osm-ne-way-101162360,Independent / Other optical,New Zealand,Canterbury,Groovy Glasses Ltd,corridor-nz-canterbury-christchurch-central-new-regent-street,New Regent Street,High Street,Medium,Numbered street address without a corroborated centre match,https://www.openstreetmap.org/way/101162360,2026-09-01,,Accepted,true
opsm-nz-2949,OPSM,New Zealand,Canterbury,Kaiapoi Eyecare,corridor-nz-canterbury-kaiapoi-williams-street,Williams Street,High Street,Medium,Numbered street address without a corroborated centre match,https://www.opsm.co.nz/find-store,2026-09-01,,Accepted,true
opsm-nz-1672,OPSM,New Zealand,Canterbury,OPSM Merivale,corridor-nz-canterbury-merrivale-papanui-road,Papanui Road,High Street,Medium,Numbered street address without a corroborated centre match,https://www.opsm.co.nz/find-store,2026-09-01,,Accepted,true
opsm-nz-1653,OPSM,New Zealand,Canterbury,OPSM Papanui,corridor-nz-canterbury-papanui-main-north-road,Main North Road,High Street,Medium,Numbered street address without a corroborated centre match,https://www.opsm.co.nz/find-store,2026-09-01,,Accepted,true
oscar-wylee-nz-optometrist-northlands,Oscar Wylee,New Zealand,Canterbury,Oscar Wylee Northlands Mall,place-nz-canterbury-northlands-mall,Northlands Mall,Shopping Centre,High,Canonicalised from the store's named retail-place evidence,https://www.oscarwylee.co.nz/locations/optometrist-northlands.html,2026-09-01,canterbury-northlands,Accepted,true
opsm-nz-2948,OPSM,New Zealand,Canterbury,Rangiora Eyecare,corridor-nz-canterbury-rangiora-high-street,High Street,High Street,Medium,Numbered street address without a corroborated centre match,https://www.opsm.co.nz/find-store,2026-09-01,,Accepted,true
specsavers-nz-3862,Specsavers,New Zealand,Canterbury,Rangiora,corridor-nz-canterbury-rangiora-high-street,High Street,High Street,Medium,Numbered street address without a corroborated centre match,https://www.specsavers.co.nz/stores/rangiora,2026-09-01,,Accepted,true
opsm-nz-1593,OPSM,New Zealand,Canterbury,OPSM Riccarton,place-nz-canterbury-riccarton-westfield,Riccarton Westfield,Shopping Centre,High,The current official Westfield OPSM directory lists Riccarton,https://www.westfield.co.nz/store/cXe7CDZ5BKc2YMaQyQKC2/opsm,2026-09-03,,Accepted,true
oscar-wylee-nz-optometrist-riccarton,Oscar Wylee,New Zealand,Canterbury,Oscar Wylee Westfield Riccarton,place-nz-canterbury-riccarton-westfield,Riccarton Westfield,Shopping Centre,High,Canonicalised from the store's named retail-place evidence,https://www.oscarwylee.co.nz/locations/optometrist-riccarton.html,2026-09-01,canterbury-riccarton-westfield,Accepted,true
opsm-nz-1413,OPSM,New Zealand,Canterbury,OPSM The Palms,corridor-nz-canterbury-shirley-new-brighton-road,New Brighton Road,High Street,Medium,Numbered street address without a corroborated centre match,https://www.opsm.co.nz/find-store,2026-09-01,,Accepted,true
specsavers-nz-3826,Specsavers,New Zealand,Canterbury,Timaru,corridor-nz-canterbury-timaru-elizabeth-street,Elizabeth Street,High Street,Medium,Numbered street address without a corroborated centre match,https://www.specsavers.co.nz/stores/timaru,2026-09-01,,Accepted,true
independent-other-optical-osm-ne-node-12611705756,Independent / Other optical,New Zealand,Gisborne,Sternsen Kain,,,Uncertain,Uncertain,Location setting needs consultant review,https://www.openstreetmap.org/node/12611705756,2026-09-01,,Needs review,false
opsm-nz-7705,OPSM,New Zealand,Gisborne,OPSM GISBORNE,corridor-nz-gisborne-gisborne-gladstone-road,Gladstone Road,High Street,Medium,Numbered street address without a corroborated centre match,https://www.opsm.co.nz/find-store,2026-09-01,,Accepted,true
specsavers-nz-3833,Specsavers,New Zealand,Gisborne,Gisborne,corridor-nz-gisborne-gisborne-gladstone-road,Gladstone Road,High Street,Medium,Numbered street address without a corroborated centre match,https://www.specsavers.co.nz/stores/gisborne,2026-09-01,,Accepted,true
independent-other-optical-osm-ne-way-372801612,Independent / Other optical,New Zealand,Hawke's Bay,Frederick Swain Optometrists,corridor-nz-hawke-s-bay-hawke-s-bay-hastings-street,Hastings Street,High Street,Medium,Numbered street address without a corroborated centre match,https://frederickswain.co.nz/,2026-09-01,,Accepted,false
independent-other-optical-osm-ne-node-4327600580,Independent / Other optical,New Zealand,Hawke's Bay,Spex Eyewear,corridor-nz-hawke-s-bay-hawke-s-bay-emerson-street,Emerson Street,High Street,Medium,Numbered street address without a corroborated centre match,https://spexeyewear.co.nz/,2026-09-01,,Accepted,false
opsm-nz-1607,OPSM,New Zealand,Hawke's Bay,OPSM Hastings,corridor-nz-hawke-s-bay-hastings-heretaunga-street,Heretaunga Street,High Street,Medium,Numbered street address without a corroborated centre match,https://www.opsm.co.nz/find-store,2026-09-01,,Accepted,true
specsavers-nz-3836,Specsavers,New Zealand,Hawke's Bay,Hastings,corridor-nz-hawke-s-bay-hastings-heretaunga-street,Heretaunga Street,High Street,Medium,Numbered street address without a corroborated centre match,https://www.specsavers.co.nz/stores/hastings,2026-09-01,,Accepted,true
opsm-nz-1619,OPSM,New Zealand,Hawke's Bay,OPSM Napier,corridor-nz-hawke-s-bay-napier-emeson-street,Emeson Street,High Street,Medium,Numbered street address without a corroborated centre match,https://www.opsm.co.nz/find-store,2026-09-01,,Accepted,true
specsavers-nz-3837,Specsavers,New Zealand,Hawke's Bay,Napier,corridor-nz-hawke-s-bay-napier-emerson-street,Emerson Street,High Street,Medium,Numbered street address without a corroborated centre match,https://www.specsavers.co.nz/stores/napier,2026-09-01,,Accepted,true
independent-other-optical-osm-ne-way-221688843,Independent / Other optical,New Zealand,Hawke's Bay,Bennett and Pearson,corridor-nz-hawke-s-bay-napier-south-carlyle-street,Carlyle Street,High Street,Medium,Numbered street address without a corroborated centre match,https://www.openstreetmap.org/way/221688843,2026-09-01,,Accepted,false
independent-other-optical-osm-ne-way-430131331,Independent / Other optical,New Zealand,Hawke's Bay,Herb Maynard Optometrist,corridor-nz-hawke-s-bay-napier-south-tennyson-street,Tennyson Street,High Street,Medium,Numbered street address without a corroborated centre match,http://www.hmo.co.nz/,2026-09-01,,Accepted,true
independent-other-optical-osm-ne-way-455198732,Independent / Other optical,New Zealand,Hawke's Bay,Pearson & Hooker Optometrists,corridor-nz-hawke-s-bay-taradale-gloucester-street,Gloucester Street,High Street,Medium,Numbered street address without a corroborated centre match,https://www.openstreetmap.org/way/455198732,2026-09-01,,Accepted,true
independent-other-optical-osm-ne-way-455192520,Independent / Other optical,New Zealand,Hawke's Bay,Visique Taradale Optometrists,corridor-nz-hawke-s-bay-taradale-gloucester-street,Gloucester Street,High Street,Medium,Numbered street address without a corroborated centre match,http://www.visique.co.nz/,2026-09-01,,Accepted,true
independent-other-optical-osm-ne-node-13475253028,Independent / Other optical,New Zealand,Manawatu-Whanganui,Eyes on Broadway,,,Uncertain,Uncertain,Location setting needs consultant review,https://www.eyesonbroadway.co.nz/,2026-09-01,,Needs review,false
independent-other-optical-osm-ne-node-13312432427,Independent / Other optical,New Zealand,Manawatu-Whanganui,Visique,,,Uncertain,Uncertain,Location setting needs consultant review,https://www.openstreetmap.org/node/13312432427,2026-09-01,,Needs review,false
specsavers-nz-3876,Specsavers,New Zealand,Manawatu-Whanganui,Levin,place-nz-manawatu-whanganui-levin-shopping-centre,Levin Shopping Centre,Shopping Centre,High,Canonicalised from the store's named retail-place evidence,https://www.specsavers.co.nz/stores/levin,2026-09-01,manawatu-whanganui-levin,Accepted,true
independent-other-optical-osm-ne-node-5546969987,Independent / Other optical,New Zealand,Manawatu-Whanganui,Visique Eye Spy Optometrists,corridor-nz-manawatu-whanganui-palmerston-north-broadway-avenue,Broadway Avenue,High Street,Medium,Numbered street address without a corroborated centre match,https://www.eyespy-pn.co.nz/,2026-09-01,,Accepted,true
oscar-wylee-nz-optometrist-palmerston-north,Oscar Wylee,New Zealand,Manawatu-Whanganui,Oscar Wylee The Plaza Palmerston North,place-nz-manawatu-whanganui-the-plaza-palmerston-north,The Plaza Palmerston North,Shopping Centre,High,Canonicalised from the store's named retail-place evidence,https://www.oscarwylee.co.nz/locations/optometrist-palmerston-north.html,2026-09-01,manawatu-whanganui-north-palmerston-plaza-the,Accepted,true
specsavers-nz-3832,Specsavers,New Zealand,Manawatu-Whanganui,Palmerston North - The Plaza,place-nz-manawatu-whanganui-the-plaza-palmerston-north,The Plaza Palmerston North,Shopping Centre,High,Canonicalised from the store's named retail-place evidence,https://www.specsavers.co.nz/stores/palmerstonnorth,2026-09-01,manawatu-whanganui-plaza-the,Accepted,true
independent-other-optical-osm-ne-node-5510196686,Independent / Other optical,New Zealand,Manawatu-Whanganui,Eyes On Victoria,corridor-nz-manawatu-whanganui-whanganui-victoria-avenue,Victoria Avenue,High Street,Medium,Numbered street address without a corroborated centre match,https://eyesonvictoria.co.nz/,2026-09-01,,Accepted,true
specsavers-nz-3847,Specsavers,New Zealand,Manawatu-Whanganui,Whanganui,corridor-nz-manawatu-whanganui-whanganui-victoria-avenue,Victoria Avenue,High Street,Medium,Numbered street address without a corroborated centre match,https://www.specsavers.co.nz/stores/whanganui,2026-09-01,,Accepted,true
matthews-eyecare-nz-120105921,Matthews Eyecare,New Zealand,Marlborough,Matthews & Hassan Optometrists,place-nz-marlborough-the-forum,The Forum,Shopping Centre,High,Canonicalised from the store's named retail-place evidence,https://matthews.co.nz/practices/blenheim/,2026-09-03,marlborough-forum-the,Accepted,true
matthews-eyecare-nz-W_7XvdUeTGSYm87lGtKnHw,Matthews Eyecare,New Zealand,Marlborough,Noel Templeton Optometrists,corridor-nz-marlborough-blenheim-george-street,George Street,High Street,Medium,Numbered street address without a corroborated centre match,https://matthews.co.nz/practices/blenheim-noel-templeton-optometrists/,2026-09-03,,Accepted,true
specsavers-nz-3852,Specsavers,New Zealand,Marlborough,Blenheim,corridor-nz-marlborough-blenheim-market-street,Market Street,High Street,Medium,Numbered street address without a corroborated centre match,https://www.specsavers.co.nz/stores/blenheim,2026-09-01,,Accepted,true
independent-other-optical-osm-au-node-3981216558,Independent / Other optical,Australia,NSW,1001 Optical,place-au-nsw-the-galeries,The Galeries,Shopping Centre,High,Official store address matches the authoritative canonical place address,https://www.oscarwylee.com.au/locations/locations/optometrist-sydney-galeries.html,2026-09-02,,Accepted,false
independent-other-optical-osm-au-node-12769119364,Independent / Other optical,Australia,NSW,Blue Frog Optics,,,Uncertain,Uncertain,Location setting needs consultant review,https://www.openstreetmap.org/node/12769119364,2026-09-01,,Needs review,false
independent-other-optical-osm-au-way-566960696,Independent / Other optical,Australia,NSW,Brennan & Smith Optometrists,corridor-au-nsw-nsw-beardy-street,Beardy Street,High Street,Medium,Numbered street address without a corroborated centre match,https://www.openstreetmap.org/way/566960696,2026-09-01,,Accepted,false
independent-other-optical-osm-au-node-4547826400,Independent / Other optical,Australia,NSW,Chestr Hill Optical,,,Uncertain,Uncertain,Location setting needs consultant review,https://www.openstreetmap.org/node/4547826400,2026-09-01,,Needs review,false
independent-other-optical-osm-au-node-4546298895,Independent / Other optical,Australia,NSW,City Specs,,,Uncertain,Uncertain,Location setting needs consultant review,https://www.openstreetmap.org/node/4546298895,2026-09-01,,Needs review,false
independent-other-optical-osm-au-node-11106950103,Independent / Other optical,Australia,NSW,Eye Care Casino,corridor-au-nsw-nsw-barker-street,Barker Street,High Street,Medium,Numbered street address without a corroborated centre match,https://www.openstreetmap.org/node/11106950103,2026-09-01,,Accepted,false
independent-other-optical-osm-au-node-8512027148,Independent / Other optical,Australia,NSW,Eye Catchers,,,Uncertain,Uncertain,Location setting needs consultant review,https://www.openstreetmap.org/node/8512027148,2026-09-01,,Needs review,false
independent-other-optical-osm-au-node-2613244951,Independent / Other optical,Australia,NSW,Eye care Optometrist,,,Uncertain,Uncertain,Location setting needs consultant review,https://www.openstreetmap.org/node/2613244951,2026-09-01,,Needs review,false
independent-other-optical-osm-au-node-4678091420,Independent / Other optical,Australia,NSW,Eyecare on Q,,,Uncertain,Uncertain,Location setting needs consultant review,https://www.openstreetmap.org/node/4678091420,2026-09-01,,Needs review,false
independent-other-optical-osm-au-node-11898341739,Independent / Other optical,Australia,NSW,Eyedealeyes Optometrist,,,Uncertain,Uncertain,Location setting needs consultant review,https://www.openstreetmap.org/node/11898341739,2026-09-01,,Needs review,false
independent-other-optical-osm-au-node-5893744923,Independent / Other optical,Australia,NSW,Eyes in Design,,,Uncertain,Uncertain,Location setting needs consultant review,https://www.openstreetmap.org/node/5893744923,2026-09-01,,Needs review,false
independent-other-optical-osm-au-node-4996717724,Independent / Other optical,Australia,NSW,Flanders and Smith,,,Uncertain,Uncertain,Location setting needs consultant review,https://www.openstreetmap.org/node/4996717724,2026-09-01,,Needs review,false
independent-other-optical-osm-au-node-10866980758,Independent / Other optical,Australia,NSW,Florentine Eyewear,,,Uncertain,Uncertain,Location setting needs consultant review,https://www.openstreetmap.org/node/10866980758,2026-09-01,,Needs review,false
independent-other-optical-osm-au-node-9318665504,Independent / Other optical,Australia,NSW,Glamoureyes,,,Uncertain,Uncertain,Location setting needs consultant review,https://www.openstreetmap.org/node/9318665504,2026-09-01,,Needs review,false
independent-other-optical-osm-au-node-8460982632,Independent / Other optical,Australia,NSW,HCF Eyecare Centres,,,Uncertain,Uncertain,Location setting needs consultant review,https://www.openstreetmap.org/node/8460982632,2026-09-01,,Needs review,false
independent-other-optical-osm-au-node-4353406489,Independent / Other optical,Australia,NSW,Hornsby Optical,,,Uncertain,Uncertain,Location setting needs consultant review,https://www.openstreetmap.org/node/4353406489,2026-09-01,,Needs review,false
independent-other-optical-osm-au-node-13889357142,Independent / Other optical,Australia,NSW,Hunter Eye Surgeons,,,Uncertain,Uncertain,Location setting needs consultant review,https://www.openstreetmap.org/node/13889357142,2026-09-01,,Needs review,false
independent-other-optical-osm-au-node-13670708403,Independent / Other optical,Australia,NSW,J & J Optical,,,Uncertain,Uncertain,Location setting needs consultant review,https://www.openstreetmap.org/node/13670708403,2026-09-01,,Needs review,false
independent-other-optical-osm-au-node-4789534885,Independent / Other optical,Australia,NSW,Kellyville Optical,,,Uncertain,Uncertain,Location setting needs consultant review,https://www.openstreetmap.org/node/4789534885,2026-09-01,,Needs review,false
independent-other-optical-osm-au-node-4945481391,Independent / Other optical,Australia,NSW,Kofsky Optometry,,,Uncertain,Uncertain,Location setting needs consultant review,https://www.openstreetmap.org/node/4945481391,2026-09-01,,Needs review,false
independent-other-optical-osm-au-node-3981230962,Independent / Other optical,Australia,NSW,Lifestyle Optical,place-au-nsw-the-galeries,The Galeries,Shopping Centre,High,Official store address matches the authoritative canonical place address,https://www.oscarwylee.com.au/locations/locations/optometrist-sydney-galeries.html,2026-09-02,,Accepted,false
independent-other-optical-osm-au-node-12818552017,Independent / Other optical,Australia,NSW,MaxMara,,,Uncertain,Uncertain,Location setting needs consultant review,https://www.openstreetmap.org/node/12818552017,2026-09-01,,Needs review,false
independent-other-optical-osm-au-way-1025379188,Independent / Other optical,Australia,NSW,Michael Michael Optometrist,corridor-au-nsw-nsw-anzac-parade,Anzac Parade,High Street,Medium,Numbered street address without a corroborated centre match,https://michaelmichael.com.au/,2026-09-01,,Accepted,false
independent-other-optical-osm-au-node-10689683737,Independent / Other optical,Australia,NSW,Myspec,,,Uncertain,Uncertain,Location setting needs consultant review,https://www.openstreetmap.org/node/10689683737,2026-09-01,,Needs review,false
independent-other-optical-osm-au-node-11425010142,Independent / Other optical,Australia,NSW,Narooma Vision,,,Uncertain,Uncertain,Location setting needs consultant review,https://www.openstreetmap.org/node/11425010142,2026-09-01,,Needs review,false
independent-other-optical-osm-au-node-3248721542,Independent / Other optical,Australia,NSW,Neil Anderson Optometrist,corridor-au-nsw-nsw-bridge-street,Bridge Street,High Street,Medium,Numbered street address without a corroborated centre match,https://www.openstreetmap.org/node/3248721542,2026-09-01,,Accepted,false
independent-other-optical-osm-au-node-9892744780,Independent / Other optical,Australia,NSW,Oakley,place-au-nsw-the-galeries,The Galeries,Shopping Centre,High,Official store address matches the authoritative canonical place address,https://www.oscarwylee.com.au/locations/locations/optometrist-sydney-galeries.html,2026-09-02,,Accepted,false
independent-other-optical-osm-au-way-1104859305,Independent / Other optical,Australia,NSW,Optica Eyewear & Eyecare,,,Uncertain,Uncertain,Location setting needs consultant review,https://www.openstreetmap.org/way/1104859305,2026-09-01,,Needs review,false
independent-other-optical-osm-au-node-10578256822,Independent / Other optical,Australia,NSW,Optical 88,,,Uncertain,Uncertain,Location setting needs consultant review,https://www.openstreetmap.org/node/10578256822,2026-09-01,,Needs review,false
independent-other-optical-osm-au-node-4546327090,Independent / Other optical,Australia,NSW,Optometrists,,,Uncertain,Uncertain,Location setting needs consultant review,https://www.openstreetmap.org/node/4546327090,2026-09-01,,Needs review,false
independent-other-optical-osm-au-node-9354608723,Independent / Other optical,Australia,NSW,Penrith Spectacles,,,Uncertain,Uncertain,Location setting needs consultant review,https://www.openstreetmap.org/node/9354608723,2026-09-01,,Needs review,false
independent-other-optical-osm-au-node-9365266935,Independent / Other optical,Australia,NSW,Precision Specs,,,Uncertain,Uncertain,Location setting needs consultant review,https://www.openstreetmap.org/node/9365266935,2026-09-01,,Needs review,false
independent-other-optical-osm-au-node-5072911675,Independent / Other optical,Australia,NSW,Proview,,,Uncertain,Uncertain,Location setting needs consultant review,https://www.openstreetmap.org/node/5072911675,2026-09-01,,Needs review,false
independent-other-optical-osm-au-node-4505475885,Independent / Other optical,Australia,NSW,Rodgers Optical Services,,,Uncertain,Uncertain,Location setting needs consultant review,https://www.openstreetmap.org/node/4505475885,2026-09-01,,Needs review,false
independent-other-optical-osm-au-node-4945481560,Independent / Other optical,Australia,NSW,Rose Bay Eyecare Centre,corridor-au-nsw-nsw-new-south-head-road,New South Head Road,High Street,Medium,Numbered street address without a corroborated centre match,https://www.eyecarecentre.net.au/,2026-09-01,,Accepted,false
independent-other-optical-osm-au-node-2613244961,Independent / Other optical,Australia,NSW,Shire Optometrists,place-au-nsw-cronulla-mall,Cronulla Mall,Shopping Centre,High,Canonicalised from the store's named retail-place evidence,https://www.openstreetmap.org/node/2613244961,2026-09-01,nsw-cronulla,Accepted,false
independent-other-optical-osm-au-node-10624370751,Independent / Other optical,Australia,NSW,Teachers Health Centre Parramatta,,,Other,High,Official name/address contains a non-centre commercial venue term,https://www.openstreetmap.org/node/10624370751,2026-09-01,,Accepted,false
independent-other-optical-osm-au-node-13911331068,Independent / Other optical,Australia,NSW,ThankUOptics,,,Uncertain,Uncertain,Location setting needs consultant review,https://www.openstreetmap.org/node/13911331068,2026-09-01,,Needs review,false
independent-other-optical-osm-au-node-11751506892,Independent / Other optical,Australia,NSW,The Eye Scene,,,Uncertain,Uncertain,Location setting needs consultant review,https://www.openstreetmap.org/node/11751506892,2026-09-01,,Needs review,false
independent-other-optical-osm-au-node-8228920367,Independent / Other optical,Australia,NSW,The Eye-Site,,,Uncertain,Uncertain,Location setting needs consultant review,https://www.openstreetmap.org/node/8228920367,2026-09-01,,Needs review,false
independent-other-optical-osm-au-node-4547827590,Independent / Other optical,Australia,NSW,The Eyecare,,,Uncertain,Uncertain,Location setting needs consultant review,https://www.openstreetmap.org/node/4547827590,2026-09-01,,Needs review,false
independent-other-optical-osm-au-node-5421723042,Independent / Other optical,Australia,NSW,View Optometrist,,,Uncertain,Uncertain,Location setting needs consultant review,https://www.openstreetmap.org/node/5421723042,2026-09-01,,Needs review,false
independent-other-optical-osm-au-node-1081203615,Independent / Other optical,Australia,NSW,Viewpoint Optical,corridor-au-nsw-nsw-forest-road,Forest Road,High Street,Medium,Numbered street address without a corroborated centre match,https://viewpoint-optical.com.au,2026-09-01,,Accepted,false
independent-other-optical-osm-au-node-3977545466,Independent / Other optical,Australia,NSW,Zoom,,,Uncertain,Uncertain,Location setting needs consultant review,https://www.openstreetmap.org/node/3977545466,2026-09-01,,Needs review,false
independent-other-optical-osm-au-node-3991780847,Independent / Other optical,Australia,NSW,avian eyecare,,,Uncertain,Uncertain,Location setting needs consultant review,https://www.openstreetmap.org/node/3991780847,2026-09-01,,Needs review,false
independent-other-optical-osm-au-node-10930812225,Independent / Other optical,Australia,NSW,icontact,,,Uncertain,Uncertain,Location setting needs consultant review,https://www.openstreetmap.org/node/10930812225,2026-09-01,,Needs review,false
george-matilda-483,George & Matilda,Australia,NSW,George & Matilda Eyecare for Partners in Vision,corridor-au-nsw-albion-park-tongara-road,Tongara Road,High Street,Medium,Numbered street address without a corroborated centre match,https://georgeandmatilda.com.au/stores/optometrist-albion-park-nsw/,2026-09-02,,Accepted,true
independent-other-optical-provision-335966,Independent / Other optical,Australia,NSW,Albury Eyecare,corridor-au-nsw-albury-dean-street,Dean Street,High Street,Medium,Numbered street address without a corroborated centre match,https://www.provision.com.au/practice/albury-eyecare/,2026-09-02,,Accepted,true
opsm-1017,OPSM,Australia,NSW,OPSM Albury,corridor-au-nsw-albury-dean-street,Dean Street,High Street,Medium,Numbered street address without a corroborated centre match,https://www.opsm.com.au/en/opsm-au/find-store,2026-09-01,,Accepted,true
oscar-wylee-80,Oscar Wylee,Australia,NSW,Albury,corridor-au-nsw-albury-dean-street,Dean Street,High Street,Medium,Numbered street address without a corroborated centre match,https://www.oscarwylee.com.au/locations/locations/optometrist-albury.html,2026-09-01,,Accepted,true
specsavers-3465,Specsavers,Australia,NSW,Albury,corridor-au-nsw-albury-dean-street,Dean Street,High Street,High,Official current address is a Dean Street shopfront with no named shopping centre,https://www.specsavers.com.au/stores/albury,2026-09-02,,Accepted,true
independent-other-optical-provision-137079,Independent / Other optical,Australia,NSW,Alstonville Optometry,place-au-nsw-alstonville-plaza,Alstonville Plaza,Shopping Centre,High,Canonicalised from the store's named retail-place evidence,https://www.provision.com.au/practice/optometrist-alstonville-optometry/,2026-09-02,nsw-alstonville-plaza,Accepted,true
independent-other-optical-provision-35740,Independent / Other optical,Australia,NSW,Lamas and Brown Optometrists,corridor-au-nsw-alstonville-commercial-road,Commercial Road,High Street,Medium,Numbered street address without a corroborated centre match,https://www.provision.com.au/practice/lamas-brown-optometrists/,2026-09-02,,Accepted,true
opsm-1108,OPSM,Australia,NSW,OPSM Armidale,corridor-au-nsw-armidale-cnr-beardy-jessie-street,Cnr Beardy & Jessie Street,High Street,Medium,Numbered street address without a corroborated centre match,https://www.opsm.com.au/en/opsm-au/find-store,2026-09-01,,Accepted,true
specsavers-3611,Specsavers,Australia,NSW,Armidale,place-au-nsw-armidale-central,Armidale Central,Shopping Centre,High,Official address explicitly names Armidale Central,https://www.specsavers.com.au/stores/armidale,2026-09-02,,Accepted,true
opsm-1175,OPSM,Australia,NSW,OPSM Ashfield,place-au-nsw-ashfield-mall,Ashfield Mall,Shopping Centre,High,Official Ashfield Mall directory lists OPSM at Level 4 Shop 46,https://www.ashfieldmall.com.au/stores/opsm/,2026-09-03,,Accepted,true
specsavers-3519,Specsavers,Australia,NSW,Ashfield,place-au-nsw-ashfield-mall,Ashfield Mall,Shopping Centre,High,Canonicalised from the store's named retail-place evidence,https://www.specsavers.com.au/stores/ashfield,2026-09-01,nsw-ashfield,Accepted,true
independent-other-optical-provision-16751,Independent / Other optical,Australia,NSW,Beckenham Optometrist,corridor-au-nsw-avalon-beach-old-barrenjoey-road,Old Barrenjoey Road,High Street,Medium,Numbered street address without a corroborated centre match,https://www.provision.com.au/practice/beckenham-optometrist/,2026-09-02,,Accepted,true
opsm-2986,OPSM,Australia,NSW,OPSM Balgowlah,place-au-nsw-balgowlah-shopping-centre,Balgowlah Village,Shopping Centre,High,Official store address matches the authoritative canonical place address,https://www.balgowlahvillage.com/,2026-09-02,,Accepted,true
specsavers-3624,Specsavers,Australia,NSW,Balgowlah,place-au-nsw-balgowlah-shopping-centre,Balgowlah Village,Shopping Centre,High,Canonicalised from the store's named retail-place evidence,https://www.specsavers.com.au/stores/balgowlah,2026-09-01,nsw-balgowlah,Accepted,true
george-matilda-484,George & Matilda,Australia,NSW,George & Matilda Eyecare for Partners in Vision,corridor-au-nsw-balgownie-balgownie-road,Balgownie Road,High Street,Medium,Numbered street address without a corroborated centre match,https://georgeandmatilda.com.au/stores/optometrist-balgownie-nsw/,2026-09-02,,Accepted,true
opsm-1259,OPSM,Australia,NSW,OPSM Ballina,corridor-au-nsw-ballina-fox-street,Fox Street,High Street,Medium,Numbered street address without a corroborated centre match,https://www.opsm.com.au/en/opsm-au/find-store,2026-09-01,,Accepted,true
specsavers-3296,Specsavers,Australia,NSW,Ballina,corridor-au-nsw-ballina-river-street,River Street,High Street,Medium,Numbered street address without a corroborated centre match,https://www.specsavers.com.au/stores/ballina,2026-09-01,,Accepted,true
bailey-nelson-balmain,Bailey Nelson,Australia,NSW,Bailey Nelson Balmain,corridor-au-nsw-balmain-darling-street,Darling Street,High Street,Medium,Numbered street address without a corroborated centre match,https://baileynelson.com.au/pages/optometrist-balmain,2026-09-01,,Accepted,true
george-matilda-474,George & Matilda,Australia,NSW,George & Matilda Eyecare for Meyer Optica,corridor-au-nsw-balmain-darling-street,Darling Street,High Street,Medium,Numbered street address without a corroborated centre match,https://georgeandmatilda.com.au/stores/optometrist-balmain-nsw/,2026-09-02,,Accepted,true
opsm-2984,OPSM,Australia,NSW,OPSM Balmain,corridor-au-nsw-balmain-darling-street,Darling Street,High Street,Medium,Numbered street address without a corroborated centre match,https://www.opsm.com.au/en/opsm-au/find-store,2026-09-01,,Accepted,true
eyecare-plus-567,Eyecare Plus,Australia,NSW,Eyecare Plus Optometrists Bankstown,corridor-au-nsw-bankstown-north-terrace,North Terrace,High Street,Medium,Numbered street address without a corroborated centre match,https://www.eyecareplus.com.au/bankstown/,2026-09-02,,Accepted,true
independent-other-optical-provision-16812,Independent / Other optical,Australia,NSW,Eyestore Bankstown,place-au-nsw-bankstown-city-plaza,Bankstown City Plaza,Shopping Centre,High,Canonicalised from the store's named retail-place evidence,https://www.provision.com.au/practice/eyestore-bankstown-optometrist/,2026-09-02,nsw-bankstown-city-plaza,Accepted,true
opsm-1178,OPSM,Australia,NSW,Opsm Bankstown,corridor-au-nsw-bankstown-stacey-street,Stacey Street,High Street,Medium,Numbered street address without a corroborated centre match,https://www.opsm.com.au/en/opsm-au/find-store,2026-09-01,,Accepted,true
oscar-wylee-145,Oscar Wylee,Australia,NSW,Bankstown Central,place-au-nsw-bankstown-central,Bankstown Central,Shopping Centre,High,Official store name and address explicitly identify Bankstown Central,https://www.oscarwylee.com.au/locations/locations/optometrist-bankstown.html,2026-09-02,,Accepted,true
specsavers-3383,Specsavers,Australia,NSW,Bankstown Centro Lvl 1,place-au-nsw-bankstown-central,Bankstown Central,Shopping Centre,High,Official address and coordinates match the North Terrace tenancy at Bankstown Central,https://www.specsavers.com.au/stores/bankstown,2026-09-02,,Accepted,true
specsavers-3622,Specsavers,Australia,NSW,Bass Hill,place-au-nsw-bass-hill-plaza,Bass Hill Plaza,Shopping Centre,High,Canonicalised from the store's named retail-place evidence,https://www.specsavers.com.au/stores/basshill,2026-09-01,nsw-bass-hill-plaza,Accepted,true
opsm-2990,OPSM,Australia,NSW,OPSM Bateau Bay,place-au-nsw-bateau-bay-square,Bateau Bay Square,Shopping Centre,High,The current official OPSM store and current NSW Spectacles Program provider record identify the tenancy as Bateau Bay Square,https://www.opsm.com.au/stores/nsw/bateau-bay/opsm-bateau-bay/2990,2026-09-03,,Accepted,true
specsavers-3523,Specsavers,Australia,NSW,Bateau Bay,place-au-nsw-bateau-bay-square,Bateau Bay Square,Shopping Centre,High,Canonicalised from the store's named retail-place evidence,https://www.specsavers.com.au/stores/bateaubay,2026-09-01,nsw-bateau-bay-square,Accepted,true
opsm-2995,OPSM,Australia,NSW,OPSM Batemans Bay,corridor-au-nsw-batemans-bay-orient-street,Orient Street,High Street,Medium,Numbered street address without a corroborated centre match,https://www.opsm.com.au/en/opsm-au/find-store,2026-09-01,,Accepted,true
specsavers-3276,Specsavers,Australia,NSW,Batemans Bay,corridor-au-nsw-batemans-bay-orient-street,Orient Street,High Street,Medium,Numbered street address without a corroborated centre match,https://www.specsavers.com.au/stores/batemansbay,2026-09-01,,Accepted,true
eyeq-optometrists-bathurst,EyeQ Optometrists,Australia,NSW,EyeQ Optometrists Bathurst,corridor-au-nsw-bathurst-howick-street,Howick Street,High Street,Medium,Numbered street address without a corroborated centre match,https://www.eyeq.com.au/optometrist/bathurst/,2026-09-02,,Accepted,true
independent-other-optical-provision-16970,Independent / Other optical,Australia,NSW,Angela Morris Optometrist,corridor-au-nsw-bathurst-rankin-street,Rankin Street,High Street,Medium,Numbered street address without a corroborated centre match,https://www.provision.com.au/practice/angela-morris-optometrist/,2026-09-02,,Accepted,true
opsm-1020,OPSM,Australia,NSW,OPSM Bathurst,corridor-au-nsw-bathurst-howick-street,Howick Street,High Street,Medium,Numbered street address without a corroborated centre match,https://www.opsm.com.au/en/opsm-au/find-store,2026-09-01,,Accepted,true
specsavers-3513,Specsavers,Australia,NSW,Bathurst,place-au-nsw-bathurst-city-centre,Bathurst City Centre,Shopping Centre,High,Canonicalised from the store's named retail-place evidence,https://www.specsavers.com.au/stores/bathurst,2026-09-01,nsw-bathurst-city,Accepted,true
specsavers-3633,Specsavers,Australia,NSW,Baulkham Hills,place-au-nsw-grove-square,Grove Square - The Hills,Shopping Centre,High,Canonicalised from the store's named retail-place evidence,https://www.specsavers.com.au/stores/baulkhamhills,2026-09-01,nsw-grove-square,Accepted,true
eyecare-plus-121111,Eyecare Plus,Australia,NSW,Eyecare Plus Optometrists Beecroft,corridor-au-nsw-beecroft-hannah-street,Hannah Street,High Street,Medium,Numbered street address without a corroborated centre match,https://www.eyecareplus.com.au/beecroft/,2026-09-02,,Accepted,true
opsm-2943,OPSM,Australia,NSW,Jason Harley Bega by OPSM,corridor-au-nsw-bega-carp-street,Carp Street,High Street,Medium,Numbered street address without a corroborated centre match,https://www.opsm.com.au/en/opsm-au/find-store,2026-09-01,,Accepted,true
specsavers-3589,Specsavers,Australia,NSW,Bega,place-au-nsw-sapphire-marketplace,Sapphire Marketplace,Shopping Centre,High,Canonicalised from the store's named retail-place evidence,https://www.specsavers.com.au/stores/bega,2026-09-01,nsw-marketplace-sapphire,Accepted,true
independent-other-optical-provision-294787,Independent / Other optical,Australia,NSW,Panoptic Vision – Bellingen,corridor-au-nsw-bellingen-hyde-street,Hyde Street,High Street,Medium,Numbered street address without a corroborated centre match,https://www.provision.com.au/practice/panoptic-vision-bellingen/,2026-09-02,,Accepted,true
eyecare-plus-154026,Eyecare Plus,Australia,NSW,Eyecare Plus Optometrists Belmont,place-au-nsw-belmont-citi-centre,Belmont Citi Centre,Shopping Centre,High,Canonicalised from the store's named retail-place evidence,https://www.eyecareplus.com.au/belmont/,2026-09-02,nsw-belmont-citi,Accepted,true
independent-other-optical-provision-62165,Independent / Other optical,Australia,NSW,Forestway Optometry Glenrose,place-au-nsw-glenrose-village-shopping-centre,Glenrose Village Shopping Centre,Shopping Centre,High,Canonicalised from the store's named retail-place evidence,https://www.provision.com.au/practice/forestway-optometry-glenrose/,2026-09-02,nsw-glenrose-village,Accepted,true
eyeq-optometrists-berowra-heights,EyeQ Optometrists,Australia,NSW,EyeQ Optometrists Berowra Heights,corridor-au-nsw-berowra-heights-turner-road,Turner Road,High Street,Medium,Numbered street address without a corroborated centre match,https://www.eyeq.com.au/optometrist/berowra-heights/,2026-09-02,,Accepted,true
1001-optometry-7240048,1001 Optometry,Australia,NSW,1001 Optometry Blacktown,place-au-nsw-westpoint-shopping-centre,Westpoint Shopping Centre,Shopping Centre,High,Canonicalised from the store's named retail-place evidence,https://1001-optical.myshopify.com/pages/blacktown-optometrist-westpoint,2026-09-02,nsw-westpoint,Accepted,true
opsm-1462,OPSM,Australia,NSW,OPSM Blacktown,corridor-au-nsw-blacktown-patrick-street,Patrick Street,High Street,Medium,Numbered street address without a corroborated centre match,https://www.opsm.com.au/en/opsm-au/find-store,2026-09-01,,Accepted,true
oscar-wylee-34,Oscar Wylee,Australia,NSW,Westpoint Blacktown,place-au-nsw-westpoint-shopping-centre,Westpoint Shopping Centre,Shopping Centre,High,Canonicalised from the store's named retail-place evidence,https://www.oscarwylee.com.au/locations/locations/optometrist-blacktown.html,2026-09-01,nsw-westpoint,Accepted,true
specsavers-3357,Specsavers,Australia,NSW,Blacktown Westpoint S/C,place-au-nsw-westpoint-shopping-centre,Westpoint Shopping Centre,Shopping Centre,High,Canonicalised from the store's named retail-place evidence,https://www.specsavers.com.au/stores/blacktown,2026-09-01,nsw-blacktown-westpoint,Accepted,true
bailey-nelson-bondi-beach,Bailey Nelson,Australia,NSW,Bailey Nelson Bondi Beach,corridor-au-nsw-bondi-beach-curlewis-street,Curlewis Street,High Street,Medium,Numbered street address without a corroborated centre match,https://baileynelson.com.au/pages/optometrist-bondi-beach,2026-09-01,,Accepted,true
independent-other-optical-provision-16943,Independent / Other optical,Australia,NSW,Eyes InDesign Smart Vision Optometry Bondi,corridor-au-nsw-bondi-beach-glenayr-avenue,Glenayr Avenue,High Street,Medium,Numbered street address without a corroborated centre match,https://www.provision.com.au/practice/eyes-indesign-smart-vision-optometry-bondi/,2026-09-02,,Accepted,true
1001-optometry-7240052,1001 Optometry,Australia,NSW,1001 Optometry Bondi Junction,place-au-nsw-bondi-junction-westfield,Bondi Junction Westfield,Shopping Centre,High,Canonicalised from the store's named retail-place evidence,https://1001-optical.myshopify.com/pages/bondi-optometrist-westfield,2026-09-02,nsw-bondi-junction,Accepted,true
bailey-nelson-bondi-junction,Bailey Nelson,Australia,NSW,Bailey Nelson Bondi Junction,place-au-nsw-bondi-junction-westfield,Bondi Junction Westfield,Shopping Centre,High,Canonicalised from the store's named retail-place evidence,https://baileynelson.com.au/pages/optometrist-bondi-junction,2026-09-01,nsw-bondi-junction,Accepted,true
bupa-optical-3870870,Bupa Optical,Australia,NSW,Bupa Optical Bondi Junction,place-au-nsw-bondi-junction-westfield,Bondi Junction Westfield,Shopping Centre,High,Canonicalised from the store's named retail-place evidence,https://bupaoptical.bupa.com.au/pages/store/bupa-optical-bondi-junction,2026-09-03,nsw-bondi-junction,Accepted,true
opsm-1103,OPSM,Australia,NSW,OPSM Bondi Junction,place-au-nsw-bondi-junction-westfield,Bondi Junction Westfield,Shopping Centre,High,Canonicalised from the store's named retail-place evidence,https://www.opsm.com.au/en/opsm-au/find-store,2026-09-01,nsw-bondi-junction,Accepted,true
specsavers-3606,Specsavers,Australia,NSW,Bondi Junction Eastgate,place-au-nsw-bondi-junction-eastgate,Eastgate Bondi Junction,Shopping Centre,High,Canonicalised from the store's named retail-place evidence,https://www.specsavers.com.au/stores/bondieastgate,2026-09-01,nsw-bondi-eastgate-junction,Accepted,true
specsavers-3399,Specsavers,Australia,NSW,Bondi Junction Westfield,place-au-nsw-bondi-junction-westfield,Bondi Junction Westfield,Shopping Centre,High,Canonicalised from the store's named retail-place evidence,https://www.specsavers.com.au/stores/bondijunction,2026-09-01,nsw-bondi-junction-westfield,Accepted,true
specsavers-3612,Specsavers,Australia,NSW,Bonnyrigg Plaza,place-au-nsw-bonnyrigg-plaza,Bonnyrigg Plaza,Shopping Centre,High,Canonicalised from the store's named retail-place evidence,https://www.specsavers.com.au/stores/bonnyrigg,2026-09-01,nsw-bonnyrigg-plaza,Accepted,true
eyecare-plus-575,Eyecare Plus,Australia,NSW,Eyecare Plus Optometrists Bowral,corridor-au-nsw-bowral-wingecarribee-street,Wingecarribee Street,High Street,Medium,Numbered street address without a corroborated centre match,https://www.eyecareplus.com.au/bowral/,2026-09-02,,Accepted,true
independent-other-optical-provision-182235,Independent / Other optical,Australia,NSW,Hannaford Eyewear,corridor-au-nsw-bowral-bong-bong-street,Bong Bong Street,High Street,Medium,Numbered street address without a corroborated centre match,https://www.provision.com.au/practice/hannaford-eyewear/,2026-09-02,,Accepted,true
opsm-1658,OPSM,Australia,NSW,OPSM Bowral,corridor-au-nsw-bowral-bong-bong-street,Bong Bong Street,High Street,Medium,Numbered street address without a corroborated centre match,https://www.opsm.com.au/en/opsm-au/find-store,2026-09-01,,Accepted,true
opsm-7062,OPSM,Australia,NSW,OPSM Broken Hill,corridor-au-nsw-broken-hill-argent-street,Argent Street,High Street,Medium,Numbered street address without a corroborated centre match,https://www.opsm.com.au/en/opsm-au/find-store,2026-09-01,,Accepted,true
bailey-nelson-warringah-mall,Bailey Nelson,Australia,NSW,Bailey Nelson Warringah Mall,place-au-nsw-westfield-warringah-mall,Westfield Warringah Mall,Shopping Centre,High,Canonicalised from the store's named retail-place evidence,https://baileynelson.com.au/pages/optometrist-warringah-mall,2026-09-01,nsw-warringah,Accepted,true
bupa-optical-3870871,Bupa Optical,Australia,NSW,Bupa Optical Warringah Mall,place-au-nsw-westfield-warringah-mall,Westfield Warringah Mall,Shopping Centre,High,Canonicalised from the store's named retail-place evidence,https://bupaoptical.bupa.com.au/pages/store/bupa-optical-warringah-mall,2026-09-03,nsw-warringah,Accepted,true
opsm-1201,OPSM,Australia,NSW,OPSM Warringah Mall,place-au-nsw-westfield-warringah-mall,Westfield Warringah Mall,Shopping Centre,High,Canonicalised from the store's named retail-place evidence,https://www.opsm.com.au/en/opsm-au/find-store,2026-09-01,nsw-warringah,Accepted,true
oscar-wylee-7,Oscar Wylee,Australia,NSW,Westfield Warringah Mall,place-au-nsw-westfield-warringah-mall,Westfield Warringah Mall,Shopping Centre,High,Canonicalised from the store's named retail-place evidence,https://www.oscarwylee.com.au/locations/locations/optometrist-warringah-mall.html,2026-09-01,nsw-warringah-westfield,Accepted,true
specsavers-3361,Specsavers,Australia,NSW,Warringah Mall S/C,place-au-nsw-westfield-warringah-mall,Westfield Warringah Mall,Shopping Centre,High,Canonicalised from the store's named retail-place evidence,https://www.specsavers.com.au/stores/warringah,2026-09-01,nsw-warringah,Accepted,true
independent-other-optical-provision-322611,Independent / Other optical,Australia,NSW,Central Coast Eyecare Budgewoi,corridor-au-nsw-budgewoi-tenth-avenue,Tenth Avenue,High Street,Medium,Numbered street address without a corroborated centre match,https://www.provision.com.au/practice/central-coast-eyecare-budgewoi/,2026-09-02,,Accepted,true
1001-optometry-7240049,1001 Optometry,Australia,NSW,1001 Optometry Burwood,place-au-nsw-westfield-burwood,Westfield Burwood,Shopping Centre,High,Canonicalised from the store's named retail-place evidence,https://1001-optical.myshopify.com/pages/burwood-optometrist-westfield,2026-09-02,nsw-burwood-westfield,Accepted,true
bupa-optical-13626250,Bupa Optical,Australia,NSW,Bupa Optical & Hearing Burwood,place-au-nsw-westfield-burwood,Westfield Burwood,Shopping Centre,High,Canonicalised from the store's named retail-place evidence,https://bupaoptical.bupa.com.au/pages/store/bupa-optical-burwood,2026-09-03,nsw-burwood-westfield,Accepted,true
eyecare-plus-579,Eyecare Plus,Australia,NSW,Eyecare Plus Optometrists Burwood,corridor-au-nsw-burwood-park-road,Park Road,High Street,Medium,Numbered street address without a corroborated centre match,https://www.eyecareplus.com.au/burwood/,2026-09-02,,Accepted,true
opsm-2216,OPSM,Australia,NSW,OPSM Burwood,place-au-nsw-westfield-burwood,Westfield Burwood,Shopping Centre,High,The current official Westfield OPSM directory lists Burwood,https://www.westfield.com.au/store/5Spq3qZgc0S4cQA8a4Aayy/opsm,2026-09-03,,Accepted,true
oscar-wylee-65,Oscar Wylee,Australia,NSW,Westfield Burwood,place-au-nsw-westfield-burwood,Westfield Burwood,Shopping Centre,High,Canonicalised from the store's named retail-place evidence,https://www.oscarwylee.com.au/locations/locations/optometrist-burwood.html,2026-09-01,nsw-burwood-westfield,Accepted,true
specsavers-3298,Specsavers,Australia,NSW,Burwood Westfield,place-au-nsw-westfield-burwood,Westfield Burwood,Shopping Centre,High,Canonicalised from the store's named retail-place evidence,https://www.specsavers.com.au/stores/burwood,2026-09-01,nsw-burwood-westfield,Accepted,true
bailey-nelson-byron-bay,Bailey Nelson,Australia,NSW,Bailey Nelson Byron Bay,corridor-au-nsw-byron-bay-lawson-street,Lawson Street,High Street,Medium,Numbered street address without a corroborated centre match,https://baileynelson.com.au/pages/optometrist-byron-bay,2026-09-01,,Accepted,true
independent-other-optical-provision-16875,Independent / Other optical,Australia,NSW,Byron Bay Eyecare,corridor-au-nsw-byron-bay-lawson-street,Lawson Street,High Street,Medium,Numbered street address without a corroborated centre match,https://www.provision.com.au/practice/byron-bay-eyecare/,2026-09-02,,Accepted,true
opsm-2992,OPSM,Australia,NSW,OPSM Byron Bay,corridor-au-nsw-byron-bay-jonson-street,Jonson Street,High Street,Medium,Numbered street address without a corroborated centre match,https://www.opsm.com.au/en/opsm-au/find-store,2026-09-01,,Accepted,true
chemist-warehouse-optometry-loc_97478811908906366c95f13d,Chemist Warehouse Optometry,Australia,NSW,Medispecs Camden,corridor-au-nsw-camden-argyle-street,Argyle Street,High Street,Medium,Numbered street address without a corroborated centre match,https://chemistwarehouseoptometry.com.au/pages/store-details/medispecs-camden,2026-09-03,,Accepted,true
eyecare-plus-580,Eyecare Plus,Australia,NSW,Eyecare Plus Optometrists Camden,corridor-au-nsw-camden-argyle-street,Argyle Street,High Street,Medium,Numbered street address without a corroborated centre match,https://www.eyecareplus.com.au/camden/,2026-09-02,,Accepted,true
eyecare-plus-581,Eyecare Plus,Australia,NSW,Eyecare Plus Optometrists Campbelltown,corridor-au-nsw-campbelltown-dumaresq-street,Dumaresq Street,High Street,Medium,Numbered street address without a corroborated centre match,https://www.eyecareplus.com.au/campbelltown/,2026-09-02,,Accepted,true
opsm-1192,OPSM,Australia,NSW,OPSM Macarthur Square,place-au-nsw-macarthur-square,Macarthur Square,Shopping Centre,High,Canonicalised from the store's named retail-place evidence,https://www.opsm.com.au/en/opsm-au/find-store,2026-09-01,nsw-macarthur-square,Accepted,true
oscar-wylee-46,Oscar Wylee,Australia,NSW,Macarthur Square,place-au-nsw-macarthur-square,Macarthur Square,Shopping Centre,High,Canonicalised from the store's named retail-place evidence,https://www.oscarwylee.com.au/locations/locations/optometrist-macarthur-square.html,2026-09-01,nsw-macarthur-square,Accepted,true
specsavers-3347,Specsavers,Australia,NSW,Campbelltown,corridor-au-nsw-campbelltown-queen-street,Queen Street,High Street,Medium,Numbered street address without a corroborated centre match,https://www.specsavers.com.au/stores/campbelltown,2026-09-01,,Accepted,true
specsavers-3348,Specsavers,Australia,NSW,Macarthur Square,place-au-nsw-macarthur-square,Macarthur Square,Shopping Centre,High,Canonicalised from the store's named retail-place evidence,https://www.specsavers.com.au/stores/macarthur,2026-09-01,nsw-macarthur-square,Accepted,true
eyecare-plus-583,Eyecare Plus,Australia,NSW,Eyecare Plus Optometrists Caringbah,corridor-au-nsw-caringbah-president-avenue,President Avenue,High Street,Medium,Numbered street address without a corroborated centre match,https://www.eyecareplus.com.au/caringbah/,2026-09-02,,Accepted,true
george-matilda-487,George & Matilda,Australia,NSW,George & Matilda Eyecare for Peter Baker Optical,corridor-au-nsw-caringbah-president-avenue,President Avenue,High Street,Medium,Numbered street address without a corroborated centre match,https://georgeandmatilda.com.au/stores/optometrist-caringbah-nsw/,2026-09-02,,Accepted,true
independent-other-optical-provision-16855,Independent / Other optical,Australia,NSW,Sparks & Feros Optometrists,,,Uncertain,Uncertain,Location setting needs consultant review,https://www.provision.com.au/practice/sparks-feros-optometrists/,2026-09-02,,Needs review,true
specsavers-3663,Specsavers,Australia,NSW,Carlingford,place-au-nsw-carlingford-court,Carlingford Court,Shopping Centre,High,Official address explicitly names Carlingford Court,https://www.specsavers.com.au/stores/carlingford,2026-09-02,,Accepted,true
eyecare-plus-584,Eyecare Plus,Australia,NSW,Eyecare Plus Optometrists Carnes Hill,place-au-nsw-carnes-hill-marketplace,Carnes Hill Marketplace,Shopping Centre,High,Canonicalised from the store's named retail-place evidence,https://www.eyecareplus.com.au/carneshill/,2026-09-02,nsw-carnes-hill-marketplace,Accepted,true
independent-other-optical-provision-36205,Independent / Other optical,Australia,NSW,Lamas and Brown Optometrists,corridor-au-nsw-casino-walker-street,Walker Street,High Street,Medium,Numbered street address without a corroborated centre match,https://www.provision.com.au/practice/lamas-brown-optometrists-2/,2026-09-02,,Accepted,true
bailey-nelson-castle-towers,Bailey Nelson,Australia,NSW,Bailey Nelson Castle Towers,place-au-nsw-castle-towers,Castle Towers,Shopping Centre,High,Canonicalised from the store's named retail-place evidence,https://baileynelson.com.au/pages/optometrist-castle-towers,2026-09-01,nsw-castle-towers,Accepted,true
bupa-optical-3870862,Bupa Optical,Australia,NSW,Bupa Optical Castle Hill,place-au-nsw-castle-towers,Castle Towers,Shopping Centre,High,Canonicalised from the store's named retail-place evidence,https://bupaoptical.bupa.com.au/pages/store/bupa-optical-castle-hill,2026-09-03,nsw-castle-towers,Accepted,true
eyecare-plus-586,Eyecare Plus,Australia,NSW,Eyecare Plus Optometrists Castle Hill,corridor-au-nsw-castle-hill-old-northern-road,Old Northern Road,High Street,Medium,Numbered street address without a corroborated centre match,https://www.eyecareplus.com.au/castlehill/,2026-09-02,,Accepted,true
george-matilda-443,George & Matilda,Australia,NSW,George & Matilda Eyecare for Eye Site,place-au-nsw-castle-towers,Castle Towers,Shopping Centre,High,Canonicalised from the store's named retail-place evidence,https://georgeandmatilda.com.au/stores/optometrist-castle-hill-nsw/,2026-09-02,nsw-castle-towers,Accepted,true
opsm-1321,OPSM,Australia,NSW,OPSM Castle Towers,place-au-nsw-castle-towers,Castle Towers,Shopping Centre,High,Canonicalised from the store's named retail-place evidence,https://www.opsm.com.au/en/opsm-au/find-store,2026-09-01,nsw-castle-towers,Accepted,true
oscar-wylee-25,Oscar Wylee,Australia,NSW,Castle Towers,place-au-nsw-castle-towers,Castle Towers,Shopping Centre,High,Canonicalised from the store's named retail-place evidence,https://www.oscarwylee.com.au/locations/locations/optometrist-castle-towers.html,2026-09-01,nsw-castle-towers,Accepted,true
specsavers-3405,Specsavers,Australia,NSW,Castle Hill - Castle Towers,place-au-nsw-castle-towers,Castle Towers,Shopping Centre,High,Canonicalised from the store's named retail-place evidence,https://www.specsavers.com.au/stores/castlehill,2026-09-01,nsw-castle-towers,Accepted,true
specsavers-3558,Specsavers,Australia,NSW,Casula,place-au-nsw-casula-mall,Casula Mall,Shopping Centre,High,Canonicalised from the store's named retail-place evidence,https://www.specsavers.com.au/stores/casula,2026-09-01,nsw-casula,Accepted,true
specsavers-3382,Specsavers,Australia,NSW,Cessnock Plaza S/C,place-au-nsw-cessnock-plaza-shopping-centre,Cessnock Village,Shopping Centre,High,Canonicalised from the store's named retail-place evidence,https://www.specsavers.com.au/stores/cessnock,2026-09-01,nsw-cessnock-plaza,Accepted,true
george-matilda-17202,George & Matilda,Australia,NSW,Charlestown Eyecare,corridor-au-nsw-charlestown-pacific-highway-2,Pacific Highway,High Street,Medium,Numbered street address without a corroborated centre match,https://georgeandmatilda.com.au/stores/optometrist-charlestown-nsw/,2026-09-02,,Accepted,true
independent-other-optical-provision-298186,Independent / Other optical,Australia,NSW,Eyes2Learn Optometrists,corridor-au-nsw-charlestown-smart-street,Smart Street,High Street,Medium,Numbered street address without a corroborated centre match,https://www.provision.com.au/practice/eyes2learn-optometrists/,2026-09-02,,Accepted,true
opsm-1219,OPSM,Australia,NSW,OPSM Charlestown,place-au-nsw-charlestown-square,Charlestown Square,Shopping Centre,High,Official Charlestown Square directory lists OPSM as a centre tenant,https://www.charlestownsquare.com.au/stores-services/opsm,2026-09-03,,Accepted,true
oscar-wylee-75,Oscar Wylee,Australia,NSW,Charlestown Square,place-au-nsw-charlestown-square,Charlestown Square,Shopping Centre,High,Canonicalised from the store's named retail-place evidence,https://www.oscarwylee.com.au/locations/locations/optometrist-charlestown.html,2026-09-01,nsw-charlestown-square,Accepted,true
specsavers-3329,Specsavers,Australia,NSW,Charlestown Square,place-au-nsw-charlestown-square,Charlestown Square,Shopping Centre,High,Canonicalised from the store's named retail-place evidence,https://www.specsavers.com.au/stores/charlestown,2026-09-01,nsw-charlestown-square,Accepted,true
the-optical-company-charlestown-5400,The Optical Company,Australia,NSW,The Optical Company Charlestown,corridor-au-nsw-charlestown-pacific-highway-1,Pacific Highway,High Street,Medium,Numbered street address without a corroborated centre match,https://www.opticalco.com.au/locations-listing/,2026-09-03,,Accepted,true
1001-optometry-7240050,1001 Optometry,Australia,NSW,1001 Optometry Chatswood - Westfield,place-au-nsw-westfield-chatswood,Westfield Chatswood,Shopping Centre,High,Canonicalised from the store's named retail-place evidence,https://1001-optical.myshopify.com/pages/chatswood-optometrist-westfield,2026-09-02,nsw-chatswood-westfield,Accepted,true
1001-optometry-7240051,1001 Optometry,Australia,NSW,1001 Optometry Chatswood Chase,place-au-nsw-chatswood-chase,Chatswood Chase,Shopping Centre,High,Canonicalised from the store's named retail-place evidence,https://1001-optical.myshopify.com/pages/chatswood-chase-optometrist,2026-09-02,nsw-chase-chatswood,Accepted,true
bailey-nelson-chatswood,Bailey Nelson,Australia,NSW,Bailey Nelson Chatswood,place-au-nsw-westfield-chatswood,Westfield Chatswood,Shopping Centre,High,Bailey Nelson's current official store page identifies Shop 422 at Westfield and the current Westfield Chatswood directory lists Bailey Nelson as an active centre tenant,https://baileynelson.com.au/pages/optometrist-chatswood,2026-09-03,,Accepted,true
bupa-optical-13626256,Bupa Optical,Australia,NSW,Bupa Optical & Hearing Chatswood,corridor-au-nsw-chatswood-victoria-avenue,Victoria Avenue,High Street,Medium,Numbered street address without a corroborated centre match,https://bupaoptical.bupa.com.au/pages/store/bupa-optical-chatswood,2026-09-03,,Accepted,true
opsm-1460,OPSM,Australia,NSW,OPSM Chatswood Westfield,place-au-nsw-westfield-chatswood,Westfield Chatswood,Shopping Centre,High,Canonicalised from the store's named retail-place evidence,https://www.opsm.com.au/en/opsm-au/find-store,2026-09-01,nsw-chatswood-westfield,Accepted,true
specsavers-3319,Specsavers,Australia,NSW,Chatswood,corridor-au-nsw-chatswood-victoria-avenue,Victoria Avenue,High Street,High,The official store page describes this shop as in Chatswood Mall next to the Westfield entrance rather than inside Westfield,https://www.specsavers.com.au/stores/chatswood,2026-09-03,,Accepted,true
specsavers-3659,Specsavers,Australia,NSW,Chatswood Chase,place-au-nsw-chatswood-chase,Chatswood Chase,Shopping Centre,High,Canonicalised from the store's named retail-place evidence,https://www.specsavers.com.au/stores/chatswoodchase,2026-09-01,nsw-chase-chatswood,Accepted,true
the-optical-company-chatswood-2067,The Optical Company,Australia,NSW,The Optical Company Chatswood,corridor-au-nsw-chatswood-anderson-street,Anderson Street,High Street,Medium,Numbered street address without a corroborated centre match,https://www.opticalco.com.au/locations-listing/,2026-09-03,,Accepted,true
opsm-1086,OPSM,Australia,NSW,OPSM Cherrybrook,place-au-nsw-cherrybrook-village-shopping-centre,Cherrybrook Village Shopping Centre,Shopping Centre,High,Official store address matches the authoritative canonical place address,https://www.cherrybrookvillage.com.au,2026-09-01,,Accepted,true
eyecare-plus-590,Eyecare Plus,Australia,NSW,Eyecare Plus Optometrists Chullora,place-au-nsw-chullora-marketplace,Chullora Marketplace,Shopping Centre,High,Canonicalised from the store's named retail-place evidence,https://www.eyecareplus.com.au/chullora/,2026-09-02,nsw-chullora-market-place,Accepted,true
specsavers-3668,Specsavers,Australia,NSW,Chullora,place-au-nsw-chullora-marketplace,Chullora Marketplace,Shopping Centre,High,Canonicalised from the store's named retail-place evidence,https://www.specsavers.com.au/stores/chullora,2026-09-01,nsw-chullora-marketplace,Accepted,true
independent-other-optical-provision-16770,Independent / Other optical,Australia,NSW,RJK Optometry,,,Other,High,Official name/address contains a non-centre commercial venue term,https://www.provision.com.au/practice/rjk-optometry-optometrist-coffs-harbour/,2026-09-02,,Accepted,true
opsm-1229,OPSM,Australia,NSW,OPSM Coffs Harbour,place-au-nsw-park-beach-plaza,Park Beach Plaza,Shopping Centre,High,Canonicalised from the store's named retail-place evidence,https://www.opsm.com.au/en/opsm-au/find-store,2026-09-01,nsw-park-beach-plaza,Accepted,true
optical-superstore-60370,Optical Superstore,Australia,NSW,Coffs Harbour,place-au-nsw-park-beach-plaza,Park Beach Plaza,Shopping Centre,High,The current official retailer directory gives Shop 26 at Park Beach Plaza's verified 253 Pacific Highway address,https://opticalsuperstore.com.au/find-your-nearest-store/,2026-09-03,,Accepted,true
specsavers-3339,Specsavers,Australia,NSW,Coffs Harbour - Park Beach,place-au-nsw-park-beach-plaza,Park Beach Plaza,Shopping Centre,High,Canonicalised from the store's named retail-place evidence,https://www.specsavers.com.au/stores/coffsparkbeach,2026-09-01,nsw-park-beach-plaza,Accepted,true
specsavers-3301,Specsavers,Australia,NSW,Coffs Harbour City Centre,place-au-nsw-coffs-harbour-city-centre,Coffs Harbour City Centre,Shopping Centre,High,Canonicalised from the store's named retail-place evidence,https://www.specsavers.com.au/stores/coffsharbour,2026-09-01,nsw-city-coffs-harbour,Accepted,true
independent-other-optical-provision-16963,Independent / Other optical,Australia,NSW,Brays Optique,corridor-au-nsw-concord-brays-road,Brays Road,High Street,Medium,Numbered street address without a corroborated centre match,https://www.provision.com.au/practice/brays-optique/,2026-09-02,,Accepted,true
george-matilda-475,George & Matilda,Australia,NSW,George & Matilda Eyecare for Monaro Optical,corridor-au-nsw-cooma-vale-street,Vale Street,High Street,Medium,Numbered street address without a corroborated centre match,https://georgeandmatilda.com.au/stores/optometrist-cooma-nsw/,2026-09-02,,Accepted,true
eyeq-optometrists-cootamundra,EyeQ Optometrists,Australia,NSW,EyeQ Optometrists Cootamundra,corridor-au-nsw-cootamundra-parker-street,Parker Street,High Street,Medium,Numbered street address without a corroborated centre match,https://www.eyeq.com.au/optometrist/cootamundra/,2026-09-02,,Accepted,true
eyecare-plus-594,Eyecare Plus,Australia,NSW,Eyecare Plus Optometrists Corrimal,corridor-au-nsw-corrimal-railway-street,Railway Street,High Street,Medium,Numbered street address without a corroborated centre match,https://www.eyecareplus.com.au/corrimal/,2026-09-02,,Accepted,true
specsavers-3413,Specsavers,Australia,NSW,Corrimal Shopping Centre,place-au-nsw-corrimal-shopping-centre,Corrimal Shopping Centre,Shopping Centre,High,Canonicalised from the store's named retail-place evidence,https://www.specsavers.com.au/stores/corrimal,2026-09-01,nsw-corrimal,Accepted,true
opsm-1439,OPSM,Australia,NSW,OPSM Crows Nest,corridor-au-nsw-crows-nest-willoughby-road,Willoughby Road,High Street,Medium,Numbered street address without a corroborated centre match,https://www.opsm.com.au/en/opsm-au/find-store,2026-09-01,,Accepted,true
opsm-1133,OPSM,Australia,NSW,OPSM Dapto,place-au-nsw-dapto-mall,Dapto Mall,Shopping Centre,High,Official Dapto Mall directory lists OPSM as a centre tenant,https://www.daptomall.com.au/stores-services/opsm,2026-09-03,,Accepted,true
specsavers-3531,Specsavers,Australia,NSW,Dapto,place-au-nsw-dapto-mall,Dapto Mall,Shopping Centre,High,Canonicalised from the store's named retail-place evidence,https://www.specsavers.com.au/stores/dapto,2026-09-01,nsw-dapto,Accepted,true
chemist-warehouse-optometry-loc_6c1259c5e73d324c1332b2ff,Chemist Warehouse Optometry,Australia,NSW,Chris MacMahon Optometrist,corridor-au-nsw-darlington-city-road,City Road,High Street,Medium,Numbered street address without a corroborated centre match,https://chemistwarehouseoptometry.com.au/pages/store-details/chris-macmahon-optometrist,2026-09-03,,Accepted,true
george-matilda-498,George & Matilda,Australia,NSW,George & Matilda Eyecare for Sturdee Eyes,corridor-au-nsw-dee-why-sturdee-parade,Sturdee Parade,High Street,Medium,Numbered street address without a corroborated centre match,https://georgeandmatilda.com.au/stores/optometrist-dee-why-nsw/,2026-09-02,,Accepted,true
opsm-1205,OPSM,Australia,NSW,OPSM Dee Why,corridor-au-nsw-dee-why-pacific-parade,Pacific Parade,High Street,Medium,Best-judgement street-address classification; no centre evidence found,https://www.opsm.com.au/en/opsm-au/find-store,2026-09-01,,Accepted,true
independent-other-optical-provision-16805,Independent / Other optical,Australia,NSW,Deniliquin Eyecare,place-au-nsw-wellington-plaza,Wellington Plaza,Shopping Centre,High,Canonicalised from the store's named retail-place evidence,https://www.provision.com.au/practice/deniliquin-eyecare/,2026-09-02,nsw-plaza-wellington,Accepted,true
george-matilda-480,George & Matilda,Australia,NSW,George & Matilda Eyecare for Optique,corridor-au-nsw-double-bay-knox-street,Knox Street,High Street,Medium,Numbered street address without a corroborated centre match,https://georgeandmatilda.com.au/stores/optometrist-double-bay-nsw/,2026-09-02,,Accepted,true
independent-other-optical-provision-16956,Independent / Other optical,Australia,NSW,Drummoyne Optometry,place-au-nsw-sutton-place-shopping-centre,Sutton Place Shopping Centre,Shopping Centre,High,Canonicalised from the store's named retail-place evidence,https://www.provision.com.au/practice/drummoyne-optometry/,2026-09-02,nsw-place-sutton,Accepted,true
independent-other-optical-provision-179952,Independent / Other optical,Australia,NSW,Burgun & Williams Optometrists,corridor-au-nsw-dubbo-macquarie-street,Macquarie Street,High Street,Medium,Numbered street address without a corroborated centre match,https://www.provision.com.au/practice/burgun-williams-optometrists/,2026-09-02,,Accepted,true
independent-other-optical-provision-60113,Independent / Other optical,Australia,NSW,Morrison’s Family Eyecare Centre,corridor-au-nsw-dubbo-wingewarra-street,Wingewarra Street,High Street,Medium,Numbered street address without a corroborated centre match,https://www.provision.com.au/practice/morrisons-family-eyecare-centre/,2026-09-02,,Accepted,true
opsm-1227,OPSM,Australia,NSW,OPSM Dubbo,place-au-nsw-dubbo-square,Dubbo Square,Shopping Centre,High,Official centre address matches the published OPSM address at 177 Macquarie Street,https://www.dubbosquare.com.au/,2026-09-03,,Accepted,true
specsavers-3681,Specsavers,Australia,NSW,Dubbo East,place-au-nsw-orana-mall-marketplace,Orana Mall,Shopping Centre,High,Canonicalised from the store's named retail-place evidence,https://www.specsavers.com.au/stores/dubbo-east,2026-09-01,nsw-marketplace-orana,Accepted,true
specsavers-3489,Specsavers,Australia,NSW,Dubbo Square,place-au-nsw-dubbo-square,Dubbo Square,Shopping Centre,High,Canonicalised from the store's named retail-place evidence,https://www.specsavers.com.au/stores/dubbo,2026-09-01,nsw-dubbo-square,Accepted,true
eyecare-plus-598,Eyecare Plus,Australia,NSW,Eyecare Plus Optometrists Dural,place-au-nsw-dural-mall,Dural Mall,Shopping Centre,High,Canonicalised from the store's named retail-place evidence,https://www.eyecareplus.com.au/dural/,2026-09-02,nsw-dural,Accepted,true
bailey-nelson-green-hills,Bailey Nelson,Australia,NSW,Bailey Nelson Green Hills,place-au-nsw-stockland-green-hills-shopping-centre,Stockland Green Hills Shopping Centre,Shopping Centre,High,Official centre address matches the Bailey Nelson store at 1 Molly Morgan Drive,https://www.stockland.com.au/shopping-centres/centres/stockland-green-hills,2026-09-01,,Accepted,true
opsm-1403,OPSM,Australia,NSW,OPSM Green Hills,place-au-nsw-stockland-green-hills-shopping-centre,Stockland Green Hills Shopping Centre,Shopping Centre,High,The current official OPSM record names Green Hills and exactly matches the centre address at 1 Molly Morgan Drive,https://www.opsm.com.au/en/opsm-au/find-store,2026-09-03,,Accepted,true
oscar-wylee-87,Oscar Wylee,Australia,NSW,Green Hills,place-au-nsw-stockland-green-hills-shopping-centre,Stockland Green Hills Shopping Centre,Shopping Centre,High,Canonicalised from the store's named retail-place evidence,https://www.oscarwylee.com.au/locations/locations/optometrist-green-hills.html,2026-09-01,nsw-green-hills-stockland,Accepted,true
specsavers-3446,Specsavers,Australia,NSW,East Maitland - Green Hills,place-au-nsw-stockland-green-hills-shopping-centre,Stockland Green Hills Shopping Centre,Shopping Centre,High,The current Specsavers page identifies Shop 012 at the Stockland Green Hills address,https://www.specsavers.com.au/stores/eastmaitland,2026-09-03,,Accepted,true
1001-optometry-7298653,1001 Optometry,Australia,NSW,1001 Optometry Eastgardens,place-au-nsw-westfield-eastgardens,Westfield Eastgardens,Shopping Centre,High,Canonicalised from the store's named retail-place evidence,https://1001-optical.myshopify.com/pages/eastgardens-optometrist-westfield,2026-09-02,nsw-eastgardens-westfield,Accepted,true
bailey-nelson-eastgardens,Bailey Nelson,Australia,NSW,Bailey Nelson Eastgardens - Now Open,place-au-nsw-westfield-eastgardens,Westfield Eastgardens,Shopping Centre,High,Bailey Nelson's current official address and the current Westfield directory both explicitly identify the Westfield Eastgardens tenancy,https://baileynelson.com.au/pages/optometrist-eastgardens,2026-09-03,,Accepted,true
eyeq-optometrists-eastgardens,EyeQ Optometrists,Australia,NSW,EyeQ Optometrists Eastgardens,place-au-nsw-westfield-eastgardens,Westfield Eastgardens,Shopping Centre,High,Canonicalised from the store's named retail-place evidence,https://www.eyeq.com.au/optometrist/eastgardens/,2026-09-02,nsw-eastgardens-westfield,Accepted,true
oscar-wylee-40,Oscar Wylee,Australia,NSW,Westfield Eastgardens,place-au-nsw-westfield-eastgardens,Westfield Eastgardens,Shopping Centre,High,Canonicalised from the store's named retail-place evidence,https://www.oscarwylee.com.au/locations/locations/optometrist-eastgardens.html,2026-09-01,nsw-eastgardens-westfield,Accepted,true
specsavers-3355,Specsavers,Australia,NSW,Eastgardens Westfield,place-au-nsw-westfield-eastgardens,Westfield Eastgardens,Shopping Centre,High,Canonicalised from the store's named retail-place evidence,https://www.specsavers.com.au/stores/eastgardens,2026-09-01,nsw-eastgardens-westfield,Accepted,true
independent-other-optical-provision-35454,Independent / Other optical,Australia,NSW,Eastwood Eyes Optometrists,corridor-au-nsw-eastwood-rowe-street,Rowe Street,High Street,Medium,Numbered street address without a corroborated centre match,https://www.provision.com.au/practice/eastwood-eyes-optometrists-eastwood/,2026-09-02,,Accepted,true
eyecare-plus-600,Eyecare Plus,Australia,NSW,Eyecare Plus Optometrists Edgecliff,place-au-nsw-eastpoint-centre,Eastpoint Centre,Shopping Centre,High,Canonicalised from the store's named retail-place evidence,https://www.eyecareplus.com.au/edgecliff/,2026-09-02,nsw-eastpoint,Accepted,true
eyecare-plus-159667,Eyecare Plus,Australia,NSW,Eyecare Plus Optometrists Edgeworth,place-au-nsw-edgeworth-town-square,Edgeworth Town Square,Shopping Centre,High,Canonicalised from the store's named retail-place evidence,https://www.eyecareplus.com.au/edgeworth/,2026-09-02,nsw-edgeworth-square-town,Accepted,true
independent-other-optical-provision-151117,Independent / Other optical,Australia,NSW,New Eyes Optometrist,corridor-au-nsw-enmore-enmore-road,Enmore Road,High Street,Medium,Numbered street address without a corroborated centre match,https://www.provision.com.au/practice/new-eyes-optometrist/,2026-09-02,,Accepted,true
bailey-nelson-erina-fair,Bailey Nelson,Australia,NSW,Bailey Nelson Erina Fair,place-au-nsw-erina-fair,Erina Fair,Shopping Centre,High,Canonicalised from the store's named retail-place evidence,https://baileynelson.com.au/pages/optometrist-erina-fair,2026-09-01,nsw-erina-fair,Accepted,true
independent-other-optical-provision-311015,Independent / Other optical,Australia,NSW,Central Coast Eyecare Erina,corridor-au-nsw-erina-ilya-avenue,Ilya Avenue,High Street,Medium,Numbered street address without a corroborated centre match,https://www.provision.com.au/practice/central-coast-eyecare-3/,2026-09-02,,Accepted,true
opsm-1416,OPSM,Australia,NSW,OPSM Erina,place-au-nsw-erina-fair,Erina Fair,Shopping Centre,High,Official Erina Fair directory lists OPSM as a centre tenant,https://erinafair.com.au/store-directory/opsm/,2026-09-03,,Accepted,true
oscar-wylee-16,Oscar Wylee,Australia,NSW,Erina Fair,place-au-nsw-erina-fair,Erina Fair,Shopping Centre,High,Canonicalised from the store's named retail-place evidence,https://www.oscarwylee.com.au/locations/locations/optometrist-erina-fair.html,2026-09-01,nsw-erina-fair,Accepted,true
specsavers-3331,Specsavers,Australia,NSW,Erina Fair,place-au-nsw-erina-fair,Erina Fair,Shopping Centre,High,Canonicalised from the store's named retail-place evidence,https://www.specsavers.com.au/stores/erina,2026-09-01,nsw-erina-fair,Accepted,true
independent-other-optical-provision-71158,Independent / Other optical,Australia,NSW,John Musumeci Optometrist,place-au-nsw-civic-plaza,Civic Plaza,Shopping Centre,High,Canonicalised from the store's named retail-place evidence,https://www.provision.com.au/practice/john_musumeci_optometrist/,2026-09-02,nsw-civic-plaza,Accepted,true
specsavers-3468,Specsavers,Australia,NSW,Fairfield - Neeta City S/C,place-au-nsw-neeta-city-shopping-centre,Neeta City Shopping Centre,Shopping Centre,High,Canonicalised from the store's named retail-place evidence,https://www.specsavers.com.au/stores/fairfield,2026-09-01,nsw-city-neeta,Accepted,true
chemist-warehouse-optometry-loc_ced2c69e19a8c19e90889805,Chemist Warehouse Optometry,Australia,NSW,Ray Proust Optometrist,place-au-nsw-figtree-grove-shopping-centre,Figtree Grove,Shopping Centre,High,Official store address matches the authoritative canonical place address,https://figtreegrove.com.au/,2026-09-02,,Accepted,true
george-matilda-449,George & Matilda,Australia,NSW,George & Matilda Eyecare for Figtree Optometrists,place-au-nsw-figtree-grove-shopping-centre,Figtree Grove,Shopping Centre,High,Official store address matches the authoritative canonical place address,https://figtreegrove.com.au/,2026-09-02,,Accepted,true
specsavers-3685,Specsavers,Australia,NSW,Figtree,place-au-nsw-figtree-grove-shopping-centre,Figtree Grove,Shopping Centre,High,Canonicalised from the store's named retail-place evidence,https://www.specsavers.com.au/stores/figtree,2026-09-01,nsw-figtree-grove,Accepted,true
george-matilda-428,George & Matilda,Australia,NSW,"George & Matilda Eyecare for Abel, Robson & Falkenstein",corridor-au-nsw-forestville-starkey-street,Starkey Street,High Street,Medium,Numbered street address without a corroborated centre match,https://georgeandmatilda.com.au/stores/optometrist-forestville-nsw/,2026-09-02,,Accepted,true
george-matilda-495,George & Matilda,Australia,NSW,George & Matilda Eyecare for Rolfe Optometrists,corridor-au-nsw-forster-wharf-street,Wharf Street,High Street,Medium,Numbered street address without a corroborated centre match,https://georgeandmatilda.com.au/stores/optometrist-forster-nsw/,2026-09-02,,Accepted,true
opsm-1350,OPSM,Australia,NSW,OPSM Forster,place-au-nsw-forster-stockland,Stockland Forster,Shopping Centre,High,Official centre address on Breese Parade matches the published OPSM location,https://www.stockland.com.au/shopping-centres/centres/stockland-forster,2026-09-03,,Accepted,true
specsavers-3613,Specsavers,Australia,NSW,Forster Stockland,place-au-nsw-forster-stockland,Stockland Forster,Shopping Centre,High,Canonicalised from the store's named retail-place evidence,https://www.specsavers.com.au/stores/forster,2026-09-01,nsw-forster-stockland,Accepted,true
opsm-1473,OPSM,Australia,NSW,OPSM Forestway,corridor-au-nsw-frenchs-forest-forest-way,Forest Way,High Street,Medium,Best-judgement street-address classification; no centre evidence found,https://www.opsm.com.au/en/opsm-au/find-store,2026-09-01,,Accepted,true
independent-other-optical-provision-337075,Independent / Other optical,Australia,NSW,On Point Optical,corridor-au-nsw-glebe-glebe-point-road,Glebe Point Road,High Street,Medium,Numbered street address without a corroborated centre match,https://www.provision.com.au/practice/on-point-optical/,2026-09-02,,Accepted,true
specsavers-3336,Specsavers,Australia,NSW,Glendale Stockland S/C,place-au-nsw-glendale-stockland-shopping-centre,Glendale City Centre,Shopping Centre,High,Canonicalised from the store's named retail-place evidence,https://www.specsavers.com.au/stores/glendale,2026-09-01,nsw-glendale-stockland,Accepted,true
specsavers-3682,Specsavers,Australia,NSW,Glenmore Park,place-au-nsw-glenmore-park-town-centre,HomeCo Glenmore Park Town Centre,Shopping Centre,High,Canonicalised from the store's named retail-place evidence,https://www.specsavers.com.au/stores/glenmore-park,2026-09-01,nsw-glenmore-park-town,Accepted,true
eyecare-plus-609,Eyecare Plus,Australia,NSW,Eyecare Plus Optometrists Gloucester,corridor-au-nsw-gloucester-church-street,Church Street,High Street,Medium,Numbered street address without a corroborated centre match,https://www.eyecareplus.com.au/gloucester/,2026-09-02,,Accepted,true
eyecare-plus-610,Eyecare Plus,Australia,NSW,Eyecare Plus Optometrists Gordon,corridor-au-nsw-gordon-st-johns-avenue,St Johns Avenue,High Street,Medium,Numbered street address without a corroborated centre match,https://www.eyecareplus.com.au/gordon/,2026-09-02,,Accepted,true
opsm-1113,OPSM,Australia,NSW,OPSM Gordon,corridor-au-nsw-gordon-pacific-highway,Pacific Highway,High Street,Medium,Numbered street address without a corroborated centre match,https://www.opsm.com.au/en/opsm-au/find-store,2026-09-01,,Accepted,true
george-matilda-420,George & Matilda,Australia,NSW,George & Matilda Eyecare – Gosford,corridor-au-nsw-gosford-william-street,William Street,High Street,Medium,Numbered street address without a corroborated centre match,https://georgeandmatilda.com.au/stores/optometrist-gosford-nsw/,2026-09-02,,Accepted,true
independent-other-optical-provision-35173,Independent / Other optical,Australia,NSW,Central Coast Eyecare Gosford,corridor-au-nsw-gosford-donnison-street,Donnison Street,High Street,Medium,Numbered street address without a corroborated centre match,https://www.provision.com.au/practice/central-coast-eyecare/,2026-09-02,,Accepted,true
specsavers-3334,Specsavers,Australia,NSW,Gosford - Imperial S/C,place-au-nsw-imperial-shopping-centre,Imperial Shopping Centre,Shopping Centre,High,Canonicalised from the store's named retail-place evidence,https://www.specsavers.com.au/stores/gosford,2026-09-01,nsw-imperial,Accepted,true
independent-other-optical-provision-34645,Independent / Other optical,Australia,NSW,Goulburn Eyecare,corridor-au-nsw-goulburn-auburn-street,Auburn Street,High Street,Medium,Numbered street address without a corroborated centre match,https://www.provision.com.au/practice/goulburn-eyecare/,2026-09-02,,Accepted,true
opsm-1016,OPSM,Australia,NSW,OPSM Goulburn,corridor-au-nsw-goulburn-auburn-street,Auburn Street,High Street,Medium,Numbered street address without a corroborated centre match,https://www.opsm.com.au/en/opsm-au/find-store,2026-09-01,,Accepted,true
specsavers-3498,Specsavers,Australia,NSW,Goulburn,place-au-nsw-the-belmore-centre,The Belmore Centre,Shopping Centre,High,Canonicalised from the store's named retail-place evidence,https://www.specsavers.com.au/stores/goulburn,2026-09-01,nsw-belmore-the,Accepted,true
eyecare-plus-612,Eyecare Plus,Australia,NSW,Eyecare Plus Optometrists Grafton,corridor-au-nsw-grafton-prince-street,Prince Street,High Street,Medium,Numbered street address without a corroborated centre match,https://www.eyecareplus.com.au/grafton/,2026-09-02,,Accepted,true
george-matilda-452,George & Matilda,Australia,NSW,George & Matilda Eyecare for Ford Optometrists,corridor-au-nsw-grafton-prince-street,Prince Street,High Street,Medium,Numbered street address without a corroborated centre match,https://georgeandmatilda.com.au/stores/optometrist-grafton-nsw/,2026-09-02,,Accepted,true
specsavers-3605,Specsavers,Australia,NSW,Grafton Shoppingworld,place-au-nsw-grafton-shoppingworld,Grafton Shoppingworld,Shopping Centre,High,Canonicalised from the store's named retail-place evidence,https://www.specsavers.com.au/stores/grafton,2026-09-01,nsw-grafton,Accepted,true
the-optical-company-green-hills-2323,The Optical Company,Australia,NSW,The Optical Company Green Hills,place-au-nsw-stockland-green-hills-shopping-centre,Stockland Green Hills Shopping Centre,Shopping Centre,High,Canonicalised from the store's named retail-place evidence,https://www.opticalco.com.au/locations-listing/,2026-09-03,nsw-green-hills-stockland,Accepted,true
eyecare-plus-616,Eyecare Plus,Australia,NSW,Eyecare Plus Optometrists Griffith,corridor-au-nsw-griffith-banna-avenue,Banna Avenue,High Street,Medium,Numbered street address without a corroborated centre match,https://www.eyecareplus.com.au/griffith/,2026-09-02,,Accepted,true
george-matilda-431,George & Matilda,Australia,NSW,George & Matilda Eyecare for Albert Ravanello Optometrists,corridor-au-nsw-griffith-banna-avenue,Banna Avenue,High Street,Medium,Numbered street address without a corroborated centre match,https://georgeandmatilda.com.au/stores/optometrist-griffith-nsw/,2026-09-02,,Accepted,true
opsm-1550,OPSM,Australia,NSW,OPSM Griffith,corridor-au-nsw-griffith-banna-avenue,Banna Avenue,High Street,Medium,Numbered street address without a corroborated centre match,https://www.opsm.com.au/en/opsm-au/find-store,2026-09-01,,Accepted,true
specsavers-3592,Specsavers,Australia,NSW,Griffith,place-au-nsw-griffith-central-shopping-centre,Griffith Central Shopping Centre,Shopping Centre,High,Canonicalised from the store's named retail-place evidence,https://www.specsavers.com.au/stores/griffith,2026-09-01,nsw-central-griffith,Accepted,true
independent-other-optical-provision-36419,Independent / Other optical,Australia,NSW,Tim Duffy Optometrist,corridor-au-nsw-gunnedah-conadilly-street,Conadilly Street,High Street,Medium,Numbered street address without a corroborated centre match,https://www.provision.com.au/practice/tim-duffy-optometrist/,2026-09-02,,Accepted,true
independent-other-optical-provision-16916,Independent / Other optical,Australia,NSW,I C Optometrist,corridor-au-nsw-gymea-gymea-bay-road,Gymea Bay Road,High Street,Medium,Numbered street address without a corroborated centre match,https://www.provision.com.au/practice/i-c-optometrist/,2026-09-02,,Accepted,true
optical-superstore-60372,Optical Superstore,Australia,NSW,Gymea,corridor-au-nsw-gymea-gymea-bay-road,Gymea Bay Road,High Street,Medium,Numbered street address without a corroborated centre match,https://opticalsuperstore.com.au/find-your-nearest-store/,2026-09-02,,Accepted,true
eyecare-plus-618,Eyecare Plus,Australia,NSW,Eyecare Plus Optometrists Hamilton,corridor-au-nsw-hamilton-beaumont-street,Beaumont Street,High Street,Medium,Numbered street address without a corroborated centre match,https://www.eyecareplus.com.au/hamilton/,2026-09-02,,Accepted,true
eyecare-plus-121642,Eyecare Plus,Australia,NSW,Eyecare Plus Optometrists Hillsdale,place-au-nsw-southpoint-shopping-centre,Southpoint Shopping Centre,Shopping Centre,High,Canonicalised from the store's named retail-place evidence,https://www.eyecareplus.com.au/hillsdale/,2026-09-02,nsw-southpoint,Accepted,true
specsavers-3586,Specsavers,Australia,NSW,Carnes Hill,place-au-nsw-carnes-hill-marketplace,Carnes Hill Marketplace,Shopping Centre,High,Canonicalised from the store's named retail-place evidence,https://www.specsavers.com.au/stores/carneshill,2026-09-01,nsw-carnes-hill-marketplace,Accepted,true
1001-optometry-7297949,1001 Optometry,Australia,NSW,1001 Optometry Hornsby,place-au-nsw-westfield-hornsby,Westfield Hornsby,Shopping Centre,High,Canonicalised from the store's named retail-place evidence,https://1001-optical.myshopify.com/pages/hornsby-optometrist-westfield,2026-09-02,nsw-hornsby-westfield,Accepted,true
opsm-1102,OPSM,Australia,NSW,OPSM Hornsby,place-au-nsw-westfield-hornsby,Westfield Hornsby,Shopping Centre,High,The current official Westfield OPSM directory lists Hornsby,https://www.westfield.com.au/store/5Spq3qZgc0S4cQA8a4Aayy/opsm,2026-09-03,,Accepted,true
oscar-wylee-42,Oscar Wylee,Australia,NSW,Westfield Hornsby,place-au-nsw-westfield-hornsby,Westfield Hornsby,Shopping Centre,High,Canonicalised from the store's named retail-place evidence,https://www.oscarwylee.com.au/locations/locations/optometrist-hornsby.html,2026-09-01,nsw-hornsby-westfield,Accepted,true
specsavers-3418,Specsavers,Australia,NSW,Hornsby Westfield,place-au-nsw-westfield-hornsby,Westfield Hornsby,Shopping Centre,High,Canonicalised from the store's named retail-place evidence,https://www.specsavers.com.au/stores/hornsby,2026-09-01,nsw-hornsby-westfield,Accepted,true
independent-other-optical-provision-342859,Independent / Other optical,Australia,NSW,Hunters Hill Optical,corridor-au-nsw-hunters-hill-alexandra-street,Alexandra Street,High Street,Medium,Numbered street address without a corroborated centre match,https://www.provision.com.au/practice/hunters-hill-optical/,2026-09-02,,Accepted,true
1001-optometry-24622066,1001 Optometry,Australia,NSW,1001 Optometry Hurstville,place-au-nsw-westfield-hurstville,Westfield Hurstville,Shopping Centre,High,Canonicalised from the store's named retail-place evidence,https://1001optometry.com.au/pages/store-locator,2026-09-02,nsw-hurstville-westfield,Accepted,true
independent-other-optical-provision-335564,Independent / Other optical,Australia,NSW,Kimber Optical,corridor-au-nsw-hurstville-the-avenue,The Avenue,High Street,Medium,Numbered street address without a corroborated centre match,https://www.provision.com.au/practice/kimber-optical/,2026-09-02,,Accepted,true
opsm-2217,OPSM,Australia,NSW,OPSM Hurstville,place-au-nsw-westfield-hurstville,Westfield Hurstville,Shopping Centre,High,The current official Westfield OPSM directory lists Hurstville,https://www.westfield.com.au/store/5Spq3qZgc0S4cQA8a4Aayy/opsm,2026-09-03,,Accepted,true
oscar-wylee-144,Oscar Wylee,Australia,NSW,Westfield Hurstville,place-au-nsw-westfield-hurstville,Westfield Hurstville,Shopping Centre,High,Canonicalised from the store's named retail-place evidence,https://www.oscarwylee.com.au/locations/locations/optometrist-hurstville.html,2026-09-01,nsw-hurstville-westfield,Accepted,true
specsavers-3402,Specsavers,Australia,NSW,Hurstville Westfield,place-au-nsw-westfield-hurstville,Westfield Hurstville,Shopping Centre,High,Canonicalised from the store's named retail-place evidence,https://www.specsavers.com.au/stores/hurstville,2026-09-01,nsw-hurstville-westfield,Accepted,true
specsavers-3344,Specsavers,Australia,NSW,Ingleburn,corridor-au-nsw-ingleburn-oxford-road,Oxford Road,High Street,Medium,Numbered street address without a corroborated centre match,https://www.specsavers.com.au/stores/ingleburn,2026-09-01,,Accepted,true
specsavers-3684,Specsavers,Australia,NSW,Inverell,corridor-au-nsw-inverell-byron-street,Byron Street,High Street,Medium,Numbered street address without a corroborated centre match,https://www.specsavers.com.au/stores/inverell,2026-09-01,,Accepted,true
oscar-wylee-142,Oscar Wylee,Australia,NSW,St Ives,place-au-nsw-st-ives-shopping-centre,St Ives Shopping Village,Shopping Centre,High,Canonicalised from the store's named retail-place evidence,https://www.oscarwylee.com.au/locations/locations/optometrist-st-ives.html,2026-09-01,nsw-ives-st,Accepted,true
eyeq-optometrists-jannali,EyeQ Optometrists,Australia,NSW,EyeQ Optometrists Jannali,corridor-au-nsw-jannali-box-road,Box Road,High Street,Medium,Numbered street address without a corroborated centre match,https://www.eyeq.com.au/optometrist/jannali/,2026-09-02,,Accepted,true
eyecare-plus-625,Eyecare Plus,Australia,NSW,Eyecare Plus Optometrists Jesmond,place-au-nsw-stockland-mall,Stockland Mall,Shopping Centre,High,Canonicalised from the store's named retail-place evidence,https://www.eyecareplus.com.au/jesmond/,2026-09-02,nsw-stockland,Accepted,true
opsm-4719,OPSM,Australia,NSW,OPSM Jesmond,place-au-unknown-jesmond-central,Jesmond Central,Shopping Centre,High,Official store address matches the authoritative canonical place address,https://www.jesmondcentral.com.au/,2026-09-02,,Accepted,true
specsavers-3471,Specsavers,Australia,NSW,Jesmond Central,place-au-unknown-jesmond-central,Jesmond Central,Shopping Centre,High,Official store address matches the authoritative canonical place address,https://www.jesmondcentral.com.au/,2026-09-02,,Accepted,true
independent-other-optical-provision-93628,Independent / Other optical,Australia,NSW,Russell Zahn Optometrists,place-au-nsw-kingscliff-shopping-village,Kingscliff Shopping Village,Shopping Centre,High,Canonicalised from the store's named retail-place evidence,https://www.provision.com.au/practice/russell-zahn-optometrists/,2026-09-02,nsw-kingscliff-village,Accepted,true
eyecare-plus-628,Eyecare Plus,Australia,NSW,Eyecare Plus Optometrists Kareela,place-au-nsw-kareela-village,Kareela Village,Shopping Centre,High,Canonicalised from the store's named retail-place evidence,https://www.eyecareplus.com.au/kareela/,2026-09-02,nsw-kareela-village,Accepted,true
opsm-1279,OPSM,Australia,NSW,OPSM Katoomba,corridor-au-nsw-katoomba-katoomba-street,Katoomba Street,High Street,Medium,Numbered street address without a corroborated centre match,https://www.opsm.com.au/en/opsm-au/find-store,2026-09-01,,Accepted,true
specsavers-3475,Specsavers,Australia,NSW,Katoomba,corridor-au-nsw-katoomba-katoomba-street,Katoomba Street,High Street,Medium,Numbered street address without a corroborated centre match,https://www.specsavers.com.au/stores/katoomba,2026-09-01,,Accepted,true
opsm-2218,OPSM,Australia,NSW,OPSM Kempsey,corridor-au-nsw-kempsey-belgrave-street,Belgrave Street,High Street,Medium,Numbered street address without a corroborated centre match,https://www.opsm.com.au/en/opsm-au/find-store,2026-09-01,,Accepted,true
eyeq-optometrists-kiama,EyeQ Optometrists,Australia,NSW,EyeQ Optometrists Kiama,corridor-au-nsw-kiama-terralong-street,Terralong Street,High Street,Medium,Numbered street address without a corroborated centre match,https://www.eyeq.com.au/optometrist/kiama/,2026-09-02,,Accepted,true
specsavers-3677,Specsavers,Australia,NSW,Kiama,corridor-au-nsw-kiama-terralong-street,Terralong Street,High Street,Medium,Numbered street address without a corroborated centre match,https://www.specsavers.com.au/stores/kiama,2026-09-01,,Accepted,true
independent-other-optical-provision-35332,Independent / Other optical,Australia,NSW,Central Coast Eyecare Killarney Vale,corridor-au-nsw-killarney-vale-wyong-road,Wyong Road,High Street,Medium,Numbered street address without a corroborated centre match,https://www.provision.com.au/practice/central-coast-eyecare-2/,2026-09-02,,Accepted,true
george-matilda-421,George & Matilda,Australia,NSW,George & Matilda Eyecare – Kincumber,corridor-au-nsw-kincumber-avoca-drive,Avoca Drive,High Street,Medium,Numbered street address without a corroborated centre match,https://georgeandmatilda.com.au/stores/optometrist-kincumber-nsw/,2026-09-02,,Accepted,true
george-matilda-432,George & Matilda,Australia,NSW,George & Matilda Eyecare for All About Eyes,place-au-nsw-kings-langley-shopping-centre,Kings Langley Shopping Centre,Shopping Centre,High,Canonicalised from the store's named retail-place evidence,https://georgeandmatilda.com.au/stores/optometrist-kings-langley-nsw/,2026-09-02,nsw-kings-langley,Accepted,true
eyecare-plus-631,Eyecare Plus,Australia,NSW,Eyecare Plus Optometrists Kingsgrove,corridor-au-nsw-kingsgrove-mashman-avenue,Mashman Avenue,High Street,Medium,Numbered street address without a corroborated centre match,https://www.eyecareplus.com.au/kingsgrove/,2026-09-02,,Accepted,true
independent-other-optical-provision-148746,Independent / Other optical,Australia,NSW,Kingsgrove Optometrist,corridor-au-nsw-kingsgrove-kingsgrove-road,Kingsgrove Road,High Street,Medium,Numbered street address without a corroborated centre match,https://www.provision.com.au/practice/kingsgrove-optometrist/,2026-09-02,,Accepted,true
independent-other-optical-provision-16780,Independent / Other optical,Australia,NSW,Andrew Mizzi Optometrist,,,Other,High,Official name/address contains a non-centre commercial venue term,https://www.provision.com.au/practice/andrew-mizzi-optometrist/,2026-09-02,,Accepted,true
independent-other-optical-provision-16804,Independent / Other optical,Australia,NSW,Southern Eyecare,place-au-nsw-kogarah-town-square,Kogarah Town Square,Shopping Centre,High,Canonicalised from the store's named retail-place evidence,https://www.provision.com.au/practice/southern-eyecare-optometrist-kogarah/,2026-09-02,nsw-kogarah-square-town,Accepted,true
bailey-nelson-kotara,Bailey Nelson,Australia,NSW,Bailey Nelson Kotara,place-au-nsw-westfield-kotara,Westfield Kotara,Shopping Centre,High,The current official Westfield Kotara directory lists Bailey Nelson on Level 2,https://www.westfield.com.au/kotara/store/1e8K6IFuoV5ivvramDc3vO/bailey-nelson-kotara,2026-09-03,,Accepted,true
bupa-optical-3870872,Bupa Optical,Australia,NSW,Bupa Optical Kotara,place-au-nsw-westfield-kotara,Westfield Kotara,Shopping Centre,High,Canonicalised from the store's named retail-place evidence,https://bupaoptical.bupa.com.au/pages/store/bupa-optical-kotara,2026-09-03,nsw-kotara-westfield,Accepted,true
opsm-1396,OPSM,Australia,NSW,OPSM Kotara,place-au-nsw-westfield-kotara,Westfield Kotara,Shopping Centre,High,The current official Westfield Kotara directory lists OPSM on Level 2,https://www.westfield.com.au/kotara/store/5J0ZzEgkLeUgmSWw66OWMS/opsm,2026-09-03,,Accepted,true
specsavers-3333,Specsavers,Australia,NSW,Kotara Westfield,place-au-nsw-westfield-kotara,Westfield Kotara,Shopping Centre,High,Canonicalised from the store's named retail-place evidence,https://www.specsavers.com.au/stores/kotara,2026-09-01,nsw-kotara-westfield,Accepted,true
independent-other-optical-provision-295020,Independent / Other optical,Australia,NSW,Panoptic Vision – Lake Cathie,corridor-au-nsw-lake-cathie-ocean-drive,Ocean Drive,High Street,Medium,Numbered street address without a corroborated centre match,https://www.provision.com.au/practice/panoptic-vision-lakecathie/,2026-09-02,,Accepted,true
opsm-1320,OPSM,Australia,NSW,OPSM Lake Haven,place-au-nsw-lake-haven-shopping-centre,Lake Haven Centre,Shopping Centre,High,Official Lake Haven Centre directory lists OPSM as an active centre tenant,https://www.lakehavencentre.com.au/stores/opsm,2026-09-02,,Accepted,true
specsavers-3511,Specsavers,Australia,NSW,Lake Haven,place-au-nsw-lake-haven-shopping-centre,Lake Haven Centre,Shopping Centre,High,Canonicalised from the store's named retail-place evidence,https://www.specsavers.com.au/stores/lakehaven,2026-09-01,nsw-haven-lake,Accepted,true
eyecare-plus-632,Eyecare Plus,Australia,NSW,Eyecare Plus Optometrists Lake Munmorah,place-au-nsw-lake-munmorah-shopping-centre,Lake Munmorah Shopping Centre,Shopping Centre,High,Canonicalised from the store's named retail-place evidence,https://www.eyecareplus.com.au/lakemunmorah/,2026-09-02,nsw-lake-munmorah,Accepted,true
opsm-2295,OPSM,Australia,NSW,OPSM Laurieton,corridor-au-nsw-laurieton-laurie-street,Laurie Street,High Street,Medium,Numbered street address without a corroborated centre match,https://www.opsm.com.au/en/opsm-au/find-store,2026-09-01,,Accepted,true
opsm-1243,OPSM,Australia,NSW,OPSM Lavington,place-au-nsw-lavington-square,Lavington Square,Shopping Centre,High,Official store address matches the authoritative canonical place address,https://regiongroup.au/portfolio/,2026-09-02,,Accepted,true
specsavers-3466,Specsavers,Australia,NSW,Lavington Square,place-au-nsw-lavington-square,Lavington Square,Shopping Centre,High,Canonicalised from the store's named retail-place evidence,https://www.specsavers.com.au/stores/lavington,2026-09-01,nsw-lavington-square,Accepted,true
george-matilda-434,George & Matilda,Australia,NSW,George & Matilda Eyecare for Antonello Palmisani Optometrist,corridor-au-nsw-leichhardt-norton-street,Norton Street,High Street,Medium,Numbered street address without a corroborated centre match,https://georgeandmatilda.com.au/stores/optometrist-leichhardt-nsw/,2026-09-02,,Accepted,true
opsm-1179,OPSM,Australia,NSW,OPSM Leichhardt,place-au-nsw-leichhardt-marketplace,Leichhardt Marketplace,Shopping Centre,High,The current official OPSM listing identifies Shop 33 at Leichhardt Marketplace,https://www.opsm.com.au/stores/nsw/leichhardt/opsm-leichhardt/1179,2026-09-03,,Accepted,true
specsavers-3423,Specsavers,Australia,NSW,Leichhardt Marketplace,place-au-nsw-leichhardt-marketplace,Leichhardt Marketplace,Shopping Centre,High,Canonicalised from the store's named retail-place evidence,https://www.specsavers.com.au/stores/leichhardt,2026-09-01,nsw-leichhardt-marketplace,Accepted,true
specsavers-3638,Specsavers,Australia,NSW,Lidcombe,place-au-nsw-lidcombe-shopping-centre,Lidcombe Shopping Centre,Shopping Centre,High,Canonicalised from the store's named retail-place evidence,https://www.specsavers.com.au/stores/lidcombe,2026-09-01,nsw-lidcombe,Accepted,true
laubman-pank-lismore,Laubman & Pank,Australia,NSW,Laubman & Pank Lismore,corridor-au-nsw-lismore-molesworth-street,Molesworth Street,High Street,Medium,Numbered street address without a corroborated centre match,https://www.laubmanandpank.com.au/store/lismore,2026-09-02,,Accepted,true
opsm-1210,OPSM,Australia,NSW,OPSM Lismore,place-au-nsw-lismore-shopping-centre,Lismore Square,Shopping Centre,High,The current official Lismore Square directory lists OPSM,https://lismoresquare.com.au/stores/opsm-2/,2026-09-03,,Accepted,true
specsavers-3299,Specsavers,Australia,NSW,Lismore S/C,place-au-nsw-lismore-shopping-centre,Lismore Square,Shopping Centre,High,Canonicalised from the store's named retail-place evidence,https://www.specsavers.com.au/stores/lismore,2026-09-01,nsw-lismore,Accepted,true
chemist-warehouse-optometry-loc_35eb87c7c6bf6aadb455d238,Chemist Warehouse Optometry,Australia,NSW,Lithgow Optical,corridor-au-nsw-lithgow-main-street,Main Street,High Street,Medium,Numbered street address without a corroborated centre match,https://chemistwarehouseoptometry.com.au/pages/store-details/lithgow-optical,2026-09-03,,Accepted,true
eyeq-optometrists-lithgow,EyeQ Optometrists,Australia,NSW,EyeQ Optometrists Lithgow,corridor-au-nsw-lithgow-main-street,Main Street,High Street,Medium,Numbered street address without a corroborated centre match,https://www.eyeq.com.au/optometrist/lithgow/,2026-09-02,,Accepted,true
bupa-optical-13626266,Bupa Optical,Australia,NSW,Bupa Optical & Hearing Liverpool,place-au-nsw-westfield-liverpool,Westfield Liverpool,Shopping Centre,High,Canonicalised from the store's named retail-place evidence,https://bupaoptical.bupa.com.au/pages/store/bupa-optical-liverpool,2026-09-03,nsw-liverpool-westfield,Accepted,true
opsm-1106,OPSM,Australia,NSW,OPSM Liverpool,place-au-nsw-westfield-liverpool,Westfield Liverpool,Shopping Centre,High,The current official Westfield OPSM directory lists Liverpool,https://www.westfield.com.au/store/5Spq3qZgc0S4cQA8a4Aayy/opsm,2026-09-03,,Accepted,true
oscar-wylee-41,Oscar Wylee,Australia,NSW,Westfield Liverpool,place-au-nsw-westfield-liverpool,Westfield Liverpool,Shopping Centre,High,Canonicalised from the store's named retail-place evidence,https://www.oscarwylee.com.au/locations/locations/optometrist-liverpool.html,2026-09-01,nsw-liverpool-westfield,Accepted,true
specsavers-3373,Specsavers,Australia,NSW,Liverpool Westfield,place-au-nsw-westfield-liverpool,Westfield Liverpool,Shopping Centre,High,Canonicalised from the store's named retail-place evidence,https://www.specsavers.com.au/stores/liverpool,2026-09-01,nsw-liverpool-westfield,Accepted,true
eyecare-plus-634,Eyecare Plus,Australia,NSW,Eyecare Plus Optometrists Macksville,corridor-au-nsw-macksville-wallace-street,Wallace Street,High Street,Medium,Numbered street address without a corroborated centre match,https://www.eyecareplus.com.au/macksville/,2026-09-02,,Accepted,true
eyecare-plus-635,Eyecare Plus,Australia,NSW,Eyecare Plus Optometrists Maclean,corridor-au-nsw-maclean-river-street,River Street,High Street,Medium,Numbered street address without a corroborated centre match,https://www.eyecareplus.com.au/maclean/,2026-09-02,,Accepted,true
opsm-1013,OPSM,Australia,NSW,OPSM Maitland,corridor-au-nsw-maitland-high-street,High Street,High Street,Medium,Numbered street address without a corroborated centre match,https://www.opsm.com.au/en/opsm-au/find-store,2026-09-01,,Accepted,true
bailey-nelson-manly,Bailey Nelson,Australia,NSW,Bailey Nelson Manly,corridor-au-nsw-manly-sydney-road,Sydney Road,High Street,Medium,Numbered street address without a corroborated centre match,https://baileynelson.com.au/pages/optometrist-manly,2026-09-01,,Accepted,true
independent-other-optical-provision-137585,Independent / Other optical,Australia,NSW,Eye Four Eye Manly,corridor-au-nsw-manly-sydney-road,Sydney Road,High Street,Medium,Numbered street address without a corroborated centre match,https://www.provision.com.au/practice/eye-four-eye-manly/,2026-09-02,,Accepted,true
independent-other-optical-provision-16748,Independent / Other optical,Australia,NSW,maximeyes,corridor-au-nsw-manly-wentworth-street,Wentworth Street,High Street,Medium,Numbered street address without a corroborated centre match,https://www.provision.com.au/practice/maxim-eyes/,2026-09-02,,Accepted,true
george-matilda-470,George & Matilda,Australia,NSW,George & Matilda Eyecare for Maroubra Optometrists,corridor-au-nsw-maroubra-anzac-parade,Anzac Parade,High Street,Medium,Numbered street address without a corroborated centre match,https://georgeandmatilda.com.au/stores/optometrist-maroubra-nsw/,2026-09-02,,Accepted,true
specsavers-3647,Specsavers,Australia,NSW,Maroubra,place-au-nsw-pacific-square-shopping-centre,Pacific Square,Shopping Centre,High,Canonicalised from the store's named retail-place evidence,https://www.specsavers.com.au/stores/maroubra,2026-09-01,nsw-pacific-square,Accepted,true
eyeq-optometrists-maroubra-junction,EyeQ Optometrists,Australia,NSW,EyeQ Optometrists Maroubra Junction,place-au-nsw-maroubra-junction,Maroubra Junction,Shopping Centre,High,Canonicalised from the store's named retail-place evidence,https://www.eyeq.com.au/optometrist/maroubra-junction/,2026-09-02,nsw-junction-maroubra,Accepted,true
independent-other-optical-provision-164178,Independent / Other optical,Australia,NSW,Robert Tesoriero Optometrist,corridor-au-nsw-maroubra-junction-anzac-parade,Anzac Parade,High Street,Medium,Numbered street address without a corroborated centre match,https://www.provision.com.au/practice/robert-tesoriero/,2026-09-02,,Accepted,true
george-matilda-17201,George & Matilda,Australia,NSW,MetroSpecs,corridor-au-nsw-marrickville-victoria-road,Victoria Road,High Street,Medium,Numbered street address without a corroborated centre match,https://georgeandmatilda.com.au/stores/optometrist-marrickville-nsw/,2026-09-02,,Accepted,true
independent-other-optical-provision-16840,Independent / Other optical,Australia,NSW,Perfectlook Optometrist,corridor-au-nsw-marrickville-illawarra-road,Illawarra Road,High Street,Medium,Numbered street address without a corroborated centre match,https://www.provision.com.au/practice/perfectlook-optometrist/,2026-09-02,,Accepted,true
opsm-2991,OPSM,Australia,NSW,OPSM Marrickville,corridor-au-nsw-marrickville-smidmore-street,Smidmore Street,High Street,Medium,Numbered street address without a corroborated centre match,https://www.opsm.com.au/en/opsm-au/find-store,2026-09-01,,Accepted,true
specsavers-3544,Specsavers,Australia,NSW,Marrickville,place-au-nsw-marrickville-metro,Marrickville Metro,Shopping Centre,High,Official Marrickville Metro directory lists Specsavers as a current tenant,https://www.marrickvillemetro.com.au/stores-services/specsavers,2026-09-02,,Accepted,true
george-matilda-463,George & Matilda,Australia,NSW,George & Matilda Eyecare for Karisma,corridor-au-nsw-mcmahons-point-blues-pt-road,Blues Pt Road,High Street,Medium,Numbered street address without a corroborated centre match,https://georgeandmatilda.com.au/stores/optometrist-mcmahons-point-nsw/,2026-09-02,,Accepted,true
george-matilda-482,George & Matilda,Australia,NSW,George & Matilda Eyecare for Optometrist Menai,place-au-nsw-menai-marketplace-shopping-centre,HomeCo Menai Marketplace,Shopping Centre,High,Canonicalised from the store's named retail-place evidence,https://georgeandmatilda.com.au/stores/optometrist-menai-nsw/,2026-09-02,nsw-marketplace-menai,Accepted,true
specsavers-3532,Specsavers,Australia,NSW,Menai,place-au-nsw-menai-marketplace-shopping-centre,HomeCo Menai Marketplace,Shopping Centre,High,Canonicalised from the store's named retail-place evidence,https://www.specsavers.com.au/stores/menai,2026-09-01,nsw-marketplace-menai,Accepted,true
opsm-2942,OPSM,Australia,NSW,Jason Harley Merimbula by OPSM,corridor-au-nsw-merimbula-market-street,Market Street,High Street,Medium,Numbered street address without a corroborated centre match,https://www.opsm.com.au/en/opsm-au/find-store,2026-09-01,,Accepted,true
eyecare-plus-640,Eyecare Plus,Australia,NSW,Eyecare Plus Optometrists Merrylands,corridor-au-nsw-merrylands-memorial-avenue,Memorial Avenue,High Street,Medium,Numbered street address without a corroborated centre match,https://www.eyecareplus.com.au/merrylands/,2026-09-02,,Accepted,true
george-matilda-458,George & Matilda,Australia,NSW,George & Matilda Eyecare for Individual Eye,place-au-nsw-stockland-merrylands,Stockland Merrylands,Shopping Centre,High,Canonicalised from the store's named retail-place evidence,https://georgeandmatilda.com.au/stores/optometrist-merrylands-nsw/,2026-09-02,nsw-merrylands-stockland,Accepted,true
oscar-wylee-128,Oscar Wylee,Australia,NSW,Stockland Merrylands,place-au-nsw-stockland-merrylands,Stockland Merrylands,Shopping Centre,High,Canonicalised from the store's named retail-place evidence,https://www.oscarwylee.com.au/locations/locations/optometrist-merrylands.html,2026-09-01,nsw-merrylands-stockland,Accepted,true
specsavers-3454,Specsavers,Australia,NSW,Merrylands Stockland,place-au-nsw-stockland-merrylands,Stockland Merrylands,Shopping Centre,High,Canonicalised from the store's named retail-place evidence,https://www.specsavers.com.au/stores/merrylands,2026-09-01,nsw-merrylands-stockland,Accepted,true
bailey-nelson-miranda,Bailey Nelson,Australia,NSW,Bailey Nelson Miranda,place-au-nsw-westfield-miranda,Westfield Miranda,Shopping Centre,High,Official Westfield directory lists Bailey Nelson at Miranda,https://www.westfield.com.au/miranda/store/5Z3jNm4wGQ4WcY66gygWky/bailey-nelson,2026-09-01,,Accepted,true
bupa-optical-3870864,Bupa Optical,Australia,NSW,Bupa Optical Miranda,place-au-nsw-westfield-miranda,Westfield Miranda,Shopping Centre,High,Canonicalised from the store's named retail-place evidence,https://bupaoptical.bupa.com.au/pages/store/bupa-optical-miranda,2026-09-03,nsw-miranda-westfield,Accepted,true
independent-other-optical-provision-34119,Independent / Other optical,Australia,NSW,6D Vision,,,Uncertain,Uncertain,Location setting needs consultant review,https://www.provision.com.au/practice/6d-vision/,2026-09-02,,Needs review,true
opsm-1174,OPSM,Australia,NSW,OPSM Miranda,place-au-nsw-westfield-miranda,Westfield Miranda,Shopping Centre,High,The current official Westfield Miranda directory lists OPSM on Level 1,https://www.westfield.com.au/miranda/store/2PFccDa0HuaQIIc2CU2WYU/opsm,2026-09-03,,Accepted,true
oscar-wylee-17,Oscar Wylee,Australia,NSW,Westfield Miranda,place-au-nsw-westfield-miranda,Westfield Miranda,Shopping Centre,High,Canonicalised from the store's named retail-place evidence,https://www.oscarwylee.com.au/locations/locations/optometrist-miranda.html,2026-09-01,nsw-miranda-westfield,Accepted,true
specsavers-3417,Specsavers,Australia,NSW,Miranda Westfield Lv 2,place-au-nsw-westfield-miranda,Westfield Miranda,Shopping Centre,High,Canonicalised from the store's named retail-place evidence,https://www.specsavers.com.au/stores/miranda,2026-09-01,nsw-2-lv-miranda-westfield,Accepted,true
specsavers-3559,Specsavers,Australia,NSW,Miranda Westfield Lvl 1,place-au-nsw-westfield-miranda,Westfield Miranda,Shopping Centre,High,Canonicalised from the store's named retail-place evidence,https://www.specsavers.com.au/stores/mirandaeast,2026-09-01,nsw-miranda-westfield,Accepted,true
specsavers-3561,Specsavers,Australia,NSW,Mittagong,place-au-nsw-highlands-marketplace,Highlands Marketplace,Shopping Centre,High,Canonicalised from the store's named retail-place evidence,https://www.specsavers.com.au/stores/mittagong,2026-09-01,nsw-highlands-marketplace,Accepted,true
independent-other-optical-provision-328884,Independent / Other optical,Australia,NSW,Bright Eyes Optics,corridor-au-nsw-mona-vale-bungan-street,Bungan Street,High Street,Medium,Numbered street address without a corroborated centre match,https://www.provision.com.au/practice/bright-eyes-optics/,2026-09-02,,Accepted,true
opsm-2941,OPSM,Australia,NSW,OPSM Mona Vale,corridor-au-nsw-mona-vale-bungan-street,Bungan Street,High Street,Medium,Numbered street address without a corroborated centre match,https://www.opsm.com.au/en/opsm-au/find-store,2026-09-01,,Accepted,true
specsavers-3321,Specsavers,Australia,NSW,Morisset Square,place-au-nsw-morisset-square,Morisset Square,Shopping Centre,High,Canonicalised from the store's named retail-place evidence,https://www.specsavers.com.au/stores/morisset,2026-09-01,nsw-morisset-square,Accepted,true
independent-other-optical-provision-105065,Independent / Other optical,Australia,NSW,Mortdale Eyecare,corridor-au-nsw-mortdale-railway-parade,Railway Parade,High Street,Medium,Numbered street address without a corroborated centre match,https://www.provision.com.au/practice/mortdale-eyecare/,2026-09-02,,Accepted,true
eyecare-plus-646,Eyecare Plus,Australia,NSW,Eyecare Plus Optometrists Moruya,corridor-au-nsw-moruya-ford-street,Ford Street,High Street,Medium,Numbered street address without a corroborated centre match,https://www.eyecareplus.com.au/moruya/,2026-09-02,,Accepted,true
bailey-nelson-mosman,Bailey Nelson,Australia,NSW,Bailey Nelson Mosman,corridor-au-nsw-mosman-military-road-mosman,Military Road Mosman,High Street,High,Storefront address and public retail evidence identify a Military Road street tenancy,https://baileynelson.com.au/pages/optometrist-mosman,2026-09-01,,Accepted,true
george-matilda-488,George & Matilda,Australia,NSW,George & Matilda Eyecare for Peter Hewett Optometrists,corridor-au-nsw-mosman-military-road,Military Road,High Street,Medium,Numbered street address without a corroborated centre match,https://georgeandmatilda.com.au/stores/optometrist-mosman-nsw/,2026-09-02,,Accepted,true
independent-other-optical-provision-16818,Independent / Other optical,Australia,NSW,Eyes InDesign Smart Vision Optometry Mosman,corridor-au-nsw-mosman-military-road,Military Road,High Street,Medium,Numbered street address without a corroborated centre match,https://www.provision.com.au/practice/eyes-indesign-smart-vision-optometry-mosman/,2026-09-02,,Accepted,true
opsm-2967,OPSM,Australia,NSW,OPSM Mosman Bridgepoint,corridor-au-nsw-mosman-military-road,Military Road,High Street,Medium,Numbered street address without a corroborated centre match,https://www.opsm.com.au/en/opsm-au/find-store,2026-09-01,,Accepted,true
eyecare-plus-647,Eyecare Plus,Australia,NSW,Eyecare Plus Optometrists Moss Vale,place-au-nsw-moss-vale-arcade,Moss Vale Arcade,Shopping Centre,High,Canonicalised from the store's named retail-place evidence,https://www.eyecareplus.com.au/mossvale/,2026-09-02,nsw-arcade-moss-vale,Accepted,true
george-matilda-476,George & Matilda,Australia,NSW,George & Matilda Eyecare for Moss Vale Optical,corridor-au-nsw-moss-vale-argyle-street,Argyle Street,High Street,Medium,Numbered street address without a corroborated centre match,https://georgeandmatilda.com.au/stores/optometrist-moss-vale-nsw/,2026-09-02,,Accepted,true
opsm-1193,OPSM,Australia,NSW,OPSM Mt Druitt,place-au-nsw-mt-druitt-westfield,Mt Druitt Westfield,Shopping Centre,High,The current official Westfield OPSM directory lists Mt Druitt,https://www.westfield.com.au/store/5Spq3qZgc0S4cQA8a4Aayy/opsm,2026-09-03,,Accepted,true
specsavers-3323,Specsavers,Australia,NSW,Mt Druitt Westfield,place-au-nsw-mt-druitt-westfield,Mt Druitt Westfield,Shopping Centre,High,Canonicalised from the store's named retail-place evidence,https://www.specsavers.com.au/stores/mtdruitt,2026-09-01,nsw-druitt-mt-westfield,Accepted,true
eyecare-plus-648,Eyecare Plus,Australia,NSW,Eyecare Plus Optometrists Mt Annan,corridor-au-nsw-mt-annan-main-street,Main Street,High Street,Medium,Numbered street address without a corroborated centre match,https://www.eyecareplus.com.au/mtannan/,2026-09-02,,Accepted,true
oscar-wylee-90,Oscar Wylee,Australia,NSW,Mt Druitt Westfield,place-au-nsw-mt-druitt-westfield,Mt Druitt Westfield,Shopping Centre,High,Canonicalised from the store's named retail-place evidence,https://www.oscarwylee.com.au/locations/locations/optometrist-mt-druitt.html,2026-09-01,nsw-druitt-mt-westfield,Accepted,true
opsm-1217,OPSM,Australia,NSW,OPSM Lake Macquarie,place-au-nsw-lake-macquarie-square,Lake Macquarie Square,Shopping Centre,High,The current official OPSM record names Lake Macquarie and exactly matches the Wilson Road centre address,https://www.opsm.com.au/en/opsm-au/find-store,2026-09-03,,Accepted,true
specsavers-3335,Specsavers,Australia,NSW,Mt Hutton - Lake Macquarie,place-au-nsw-lake-macquarie-square,Lake Macquarie Square,Shopping Centre,High,Canonicalised from the store's named retail-place evidence,https://www.specsavers.com.au/stores/mthutton,2026-09-01,nsw-lake-macquarie-square,Accepted,true
george-matilda-455,George & Matilda,Australia,NSW,George & Matilda Eyecare for Glen Barker Optometrists,corridor-au-nsw-mudgee-church-street,Church Street,High Street,Medium,Numbered street address without a corroborated centre match,https://georgeandmatilda.com.au/stores/optometrist-mudgee-nsw/,2026-09-02,,Accepted,true
independent-other-optical-provision-36244,Independent / Other optical,Australia,NSW,Mudgee Eyecare,corridor-au-nsw-mudgee-church-street,Church Street,High Street,Medium,Numbered street address without a corroborated centre match,https://www.provision.com.au/practice/optometrist-mudgee-eyecare/,2026-09-02,,Accepted,true
the-optical-company-murwillumbah-2484,The Optical Company,Australia,NSW,The Optical Company Murwillumbah,place-au-nsw-the-plaza,The Plaza,Shopping Centre,High,Canonicalised from the store's named retail-place evidence,https://www.opticalco.com.au/locations-listing/,2026-09-03,nsw-plaza-the,Accepted,true
george-matilda-425,George & Matilda,Australia,NSW,George & Matilda Eyecare – Muswellbrook,corridor-au-nsw-muswellbrook-bridge-street,Bridge Street,High Street,Medium,Numbered street address without a corroborated centre match,https://georgeandmatilda.com.au/stores/optometrist-muswellbrook-nsw/,2026-09-02,,Accepted,true
independent-other-optical-provision-16843,Independent / Other optical,Australia,NSW,Aaron Henry Optometry,corridor-au-nsw-muswellbrook-bridge-street,Bridge Street,High Street,Medium,Numbered street address without a corroborated centre match,https://www.provision.com.au/practice/aaron-henry-optometry/,2026-09-02,,Accepted,true
eyecare-plus-652,Eyecare Plus,Australia,NSW,Eyecare Plus Optometrists Nambucca Heads,corridor-au-nsw-nambucca-heads-ridge-street,Ridge Street,High Street,Medium,Numbered street address without a corroborated centre match,https://www.eyecareplus.com.au/nambucca/,2026-09-02,,Accepted,true
opsm-1056,OPSM,Australia,NSW,OPSM Narellan,place-au-nsw-narellan-town-centre,Narellan Town Centre,Shopping Centre,High,Official store address matches the authoritative canonical place address,https://www.narellantowncentre.com.au/,2026-09-03,,Accepted,true
oscar-wylee-84,Oscar Wylee,Australia,NSW,Narellan Town Centre,place-au-nsw-narellan-town-centre,Narellan Town Centre,Shopping Centre,High,Canonicalised from the store's named retail-place evidence,https://www.oscarwylee.com.au/locations/locations/optometrist-narellan.html,2026-09-01,nsw-narellan-town,Accepted,true
specsavers-3345,Specsavers,Australia,NSW,Narellan Town Centre,place-au-nsw-narellan-town-centre,Narellan Town Centre,Shopping Centre,High,Canonicalised from the store's named retail-place evidence,https://www.specsavers.com.au/stores/narellan,2026-09-01,nsw-narellan-town,Accepted,true
independent-other-optical-provision-36636,Independent / Other optical,Australia,NSW,Narrabri Vision Splendid,corridor-au-nsw-narrabri-maitland-street,Maitland Street,High Street,Medium,Numbered street address without a corroborated centre match,https://www.provision.com.au/practice/optometrist-narrabri-vision-splendid/,2026-09-02,,Accepted,true
george-matilda-456,George & Matilda,Australia,NSW,George & Matilda Eyecare for Ian Brigden Optometrist,corridor-au-nsw-nelson-bay-stockton-street,Stockton Street,High Street,Medium,Numbered street address without a corroborated centre match,https://georgeandmatilda.com.au/stores/optometrist-nelson-bay-nsw/,2026-09-02,,Accepted,true
eyecare-plus-654,Eyecare Plus,Australia,NSW,Eyecare Plus Optometrists Neutral Bay,corridor-au-nsw-neutral-bay-wycombe-road,Wycombe Road,High Street,Medium,Numbered street address without a corroborated centre match,https://www.eyecareplus.com.au/neutralbay/,2026-09-02,,Accepted,true
specsavers-3494,Specsavers,Australia,NSW,Neutral Bay,corridor-au-nsw-neutral-bay-military-road-neutral-bay,Military Road Neutral Bay,High Street,High,Official address is a Military Road shopfront and no centre tenancy is identified,https://www.specsavers.com.au/stores/neutralbay,2026-09-02,,Accepted,true
eyecare-plus-655,Eyecare Plus,Australia,NSW,Eyecare Plus Optometrists New Lambton,corridor-au-nsw-new-lambton-cromwell-street,Cromwell Street,High Street,Medium,Numbered street address without a corroborated centre match,https://www.eyecareplus.com.au/newlambton/,2026-09-02,,Accepted,true
independent-other-optical-provision-16890,Independent / Other optical,Australia,NSW,Custom Eyecare,corridor-au-nsw-newcastle-darby-street,Darby Street,High Street,Medium,Numbered street address without a corroborated centre match,https://www.provision.com.au/practice/custom-eyecare-optometrist-newcastle/,2026-09-02,,Accepted,true
independent-other-optical-provision-16868,Independent / Other optical,Australia,NSW,Susan Walton Optometrist,corridor-au-nsw-newcastle-king-street,King Street,High Street,Medium,Numbered street address without a corroborated centre match,https://www.provision.com.au/practice/specialeyes-by-susan-walton-optometrist-newcastle/,2026-09-02,,Accepted,true
opsm-4718,OPSM,Australia,NSW,OPSM Newcastle,corridor-au-nsw-newcastle-hunter-street,Hunter Street,High Street,Medium,Numbered street address without a corroborated centre match,https://www.opsm.com.au/en/opsm-au/find-store,2026-09-01,,Accepted,true
the-optical-company-newcastle-2302,The Optical Company,Australia,NSW,The Optical Company Newcastle,place-au-nsw-marketown-shopping-centre,Marketown Shopping Centre,Shopping Centre,High,Canonicalised from the store's named retail-place evidence,https://www.opticalco.com.au/locations-listing/,2026-09-03,nsw-marketown,Accepted,true
specsavers-3632,Specsavers,Australia,NSW,Newcastle Marketown,place-au-nsw-marketown-shopping-centre,Marketown Shopping Centre,Shopping Centre,High,Canonicalised from the store's named retail-place evidence,https://www.specsavers.com.au/stores/newcastlemarketown,2026-09-01,nsw-marketown,Accepted,true
bailey-nelson-newtown,Bailey Nelson,Australia,NSW,Bailey Nelson Newtown,corridor-au-nsw-newtown-king-street-1,King Street,High Street,Medium,Numbered street address without a corroborated centre match,https://baileynelson.com.au/pages/optometrist-newtown,2026-09-01,,Accepted,true
george-matilda-445,George & Matilda,Australia,NSW,George & Matilda Eyecare for Eyecee,corridor-au-nsw-newtown-king-street-1,King Street,High Street,Medium,Numbered street address without a corroborated centre match,https://georgeandmatilda.com.au/stores/optometrist-newtown-nsw/,2026-09-02,,Accepted,true
oscar-wylee-47,Oscar Wylee,Australia,NSW,Newtown,corridor-au-nsw-newtown-king-street-2,King Street,High Street,Medium,Numbered street address without a corroborated centre match,https://www.oscarwylee.com.au/locations/locations/optometrist-newtown.html,2026-09-01,,Accepted,true
specsavers-3398,Specsavers,Australia,NSW,North Rocks Shopping Centre,place-au-nsw-north-rocks-shopping-centre,North Rocks Shopping Centre,Shopping Centre,High,Canonicalised from the store's named retail-place evidence,https://www.specsavers.com.au/stores/northrocks,2026-09-01,nsw-north-rocks,Accepted,true
1001-optometry-7297952,1001 Optometry,Australia,NSW,1001 Optometry North Ryde - Macquarie Centre,place-au-nsw-macquarie-centre,Macquarie Centre,Shopping Centre,High,Canonicalised from the store's named retail-place evidence,https://1001-optical.myshopify.com/pages/north-ryde-optometrist-macquarie-centre,2026-09-02,nsw-macquarie,Accepted,true
bailey-nelson-macquarie,Bailey Nelson,Australia,NSW,Bailey Nelson Macquarie Centre,place-au-nsw-macquarie-centre,Macquarie Centre,Shopping Centre,High,Canonicalised from the store's named retail-place evidence,https://baileynelson.com.au/pages/optometrist-macquarie,2026-09-01,nsw-macquarie-centre,Accepted,true
bupa-optical-13626267,Bupa Optical,Australia,NSW,Bupa Optical & Hearing Macquarie,place-au-nsw-macquarie-centre,Macquarie Centre,Shopping Centre,High,Canonicalised from the store's named retail-place evidence,https://bupaoptical.bupa.com.au/pages/store/bupa-optical-macquarie,2026-09-03,nsw-macquarie,Accepted,true
opsm-1213,OPSM,Australia,NSW,OPSM Macquarie Centre,place-au-nsw-macquarie-centre,Macquarie Centre,Shopping Centre,High,Canonicalised from the store's named retail-place evidence,https://www.opsm.com.au/en/opsm-au/find-store,2026-09-01,nsw-macquarie-centre,Accepted,true
oscar-wylee-74,Oscar Wylee,Australia,NSW,Macquarie Centre,place-au-nsw-macquarie-centre,Macquarie Centre,Shopping Centre,High,Canonicalised from the store's named retail-place evidence,https://www.oscarwylee.com.au/locations/locations/optometrist-macquarie-centre.html,2026-09-01,nsw-macquarie,Accepted,true
specsavers-3359,Specsavers,Australia,NSW,Macquarie S/C North Ryde,place-au-nsw-macquarie-centre,Macquarie Centre,Shopping Centre,High,Canonicalised from the store's named retail-place evidence,https://www.specsavers.com.au/stores/northryde,2026-09-01,nsw-macquarie-centre,Accepted,true
opsm-2200,OPSM,Australia,NSW,OPSM North Sydney,corridor-au-nsw-north-sydney-miller-street,Miller Street,High Street,Medium,Numbered street address without a corroborated centre match,https://www.opsm.com.au/en/opsm-au/find-store,2026-09-01,,Accepted,true
specsavers-3356,Specsavers,Australia,NSW,North Sydney - Greenwood Plaza,place-au-nsw-greenwood-plaza,Greenwood Plaza,Shopping Centre,High,Canonicalised from the store's named retail-place evidence,https://www.specsavers.com.au/stores/northsydney,2026-09-01,nsw-greenwood-plaza,Accepted,true
independent-other-optical-provision-284790,Independent / Other optical,Australia,NSW,John Granata Optometrists,place-au-nsw-northmead-plaza,Northmead Plaza,Shopping Centre,High,Canonicalised from the store's named retail-place evidence,https://www.provision.com.au/practice/john-granata-optometrists/,2026-09-02,nsw-northmead-plaza,Accepted,true
eyeq-optometrists-nowra,EyeQ Optometrists,Australia,NSW,EyeQ Optometrists Nowra,corridor-au-nsw-nowra-kinghorne-street,Kinghorne Street,High Street,Medium,Numbered street address without a corroborated centre match,https://www.eyeq.com.au/optometrist/nowra/,2026-09-02,,Accepted,true
opsm-2994,OPSM,Australia,NSW,OPSM Nowra,corridor-au-nsw-nowra-kinghorne-street,Kinghorne Street,High Street,Medium,Numbered street address without a corroborated centre match,https://www.opsm.com.au/en/opsm-au/find-store,2026-09-01,,Accepted,true
optical-superstore-60374,Optical Superstore,Australia,NSW,Nowra,place-au-nsw-junction-st,Junction St,Shopping Centre,High,Canonicalised from the store's named retail-place evidence,https://opticalsuperstore.com.au/find-your-nearest-store/,2026-09-02,nsw-junction-st,Accepted,true
specsavers-3315,Specsavers,Australia,NSW,Nowra Central,corridor-au-nsw-nowra-kinghorne-street,Kinghorne Street,High Street,Medium,Numbered street address without a corroborated centre match,https://www.specsavers.com.au/stores/nowracentral,2026-09-01,,Accepted,true
specsavers-3316,Specsavers,Australia,NSW,Nowra Plaza,place-au-nsw-nowra-plaza,Nowra Centre Plaza,Shopping Centre,High,Canonicalised from the store's named retail-place evidence,https://www.specsavers.com.au/stores/nowra-plaza,2026-09-01,nsw-nowra-plaza,Accepted,true
opsm-4614,OPSM,Australia,NSW,OPSM Oran Park,corridor-au-nsw-oran-park-oran-park-drive-1,Oran Park Drive,High Street,Medium,Best-judgement street-address classification; no centre evidence found,https://www.opsm.com.au/en/opsm-au/find-store,2026-09-01,,Accepted,true
specsavers-3675,Specsavers,Australia,NSW,Oran Park,corridor-au-nsw-oran-park-oran-park-drive-2,Oran Park Drive,High Street,Medium,Numbered street address without a corroborated centre match,https://www.specsavers.com.au/stores/oranpark,2026-09-01,,Accepted,true
eyecare-plus-659,Eyecare Plus,Australia,NSW,Eyecare Plus Optometrists Orange,corridor-au-nsw-orange-summer-street,Summer Street,High Street,Medium,Numbered street address without a corroborated centre match,https://www.eyecareplus.com.au/orange/,2026-09-02,,Accepted,true
independent-other-optical-provision-16825,Independent / Other optical,Australia,NSW,Eye See Eyes,corridor-au-nsw-orange-summer-street,Summer Street,High Street,Medium,Numbered street address without a corroborated centre match,https://www.provision.com.au/practice/eye-see-eyes-optometrist-orange/,2026-09-02,,Accepted,true
opsm-1028,OPSM,Australia,NSW,OPSM Orange,place-au-nsw-orange-central-square,Orange Central Square,Shopping Centre,High,The current official OPSM directory identifies Shop T16 at Orange Central Square,https://www.opsm.com.au/find-store/nsw/bathurst,2026-09-03,,Accepted,true
oscar-wylee-99,Oscar Wylee,Australia,NSW,Orange,place-au-nsw-orange-central-square,Orange Central Square,Shopping Centre,High,Canonicalised from the store's named retail-place evidence,https://www.oscarwylee.com.au/locations/locations/optometrist-orange.html,2026-09-01,nsw-central-orange-square,Accepted,true
specsavers-3517,Specsavers,Australia,NSW,Orange,place-au-nsw-orange-central-square,Orange Central Square,Shopping Centre,High,Canonicalised from the store's named retail-place evidence,https://www.specsavers.com.au/stores/orange,2026-09-01,nsw-central-orange,Accepted,true
bailey-nelson-paddington,Bailey Nelson,Australia,NSW,Bailey Nelson Paddington - New Location,corridor-au-nsw-paddington-oxford-street,Oxford Street,High Street,Medium,Numbered street address without a corroborated centre match,https://baileynelson.com.au/pages/optometrist-paddington,2026-09-01,,Accepted,true
opsm-1180,OPSM,Australia,NSW,OPSM Eastgardens,corridor-au-nsw-pagewood-bunnerong-road,Bunnerong Road,High Street,Medium,Numbered street address without a corroborated centre match,https://www.opsm.com.au/en/opsm-au/find-store,2026-09-01,,Accepted,true
oscar-wylee-70,Oscar Wylee,Australia,NSW,Westfield Kotara,place-au-nsw-westfield-kotara,Westfield Kotara,Shopping Centre,High,Canonicalised from the store's named retail-place evidence,https://www.oscarwylee.com.au/locations/locations/optometrist-kotara.html,2026-09-01,nsw-kotara-westfield,Accepted,true
eyecare-plus-660,Eyecare Plus,Australia,NSW,Eyecare Plus Optometrists Parkes,corridor-au-nsw-parkes-clarinda-street,Clarinda Street,High Street,Medium,Numbered street address without a corroborated centre match,https://www.eyecareplus.com.au/parkes/,2026-09-02,,Accepted,true
opsm-1117,OPSM,Australia,NSW,OPSM Parkes,corridor-au-nsw-parkes-clarinda-street,Clarinda Street,High Street,Medium,Numbered street address without a corroborated centre match,https://www.opsm.com.au/en/opsm-au/find-store,2026-09-01,,Accepted,true
1001-optometry-7298848,1001 Optometry,Australia,NSW,1001 Optometry Parramatta,place-au-nsw-westfield-parramatta,Westfield Parramatta,Shopping Centre,High,Canonicalised from the store's named retail-place evidence,https://1001-optical.myshopify.com/pages/parramatta-optometrist-westfield,2026-09-02,nsw-parramatta-westfield,Accepted,true
bupa-optical-13626274,Bupa Optical,Australia,NSW,Bupa Optical & Hearing Parramatta,place-au-nsw-westfield-parramatta,Westfield Parramatta,Shopping Centre,High,Canonicalised from the store's named retail-place evidence,https://bupaoptical.bupa.com.au/pages/store/bupa-optical-parramatta,2026-09-03,nsw-parramatta-westfield,Accepted,true
opsm-1326,OPSM,Australia,NSW,OPSM Parramatta,place-au-nsw-westfield-parramatta,Westfield Parramatta,Shopping Centre,High,The current official Westfield OPSM directory lists Parramatta,https://www.westfield.com.au/store/5Spq3qZgc0S4cQA8a4Aayy/opsm,2026-09-03,,Accepted,true
specsavers-3625,Specsavers,Australia,NSW,Parramatta Westfield - Level 1,place-au-nsw-westfield-parramatta,Westfield Parramatta,Shopping Centre,High,Canonicalised from the store's named retail-place evidence,https://www.specsavers.com.au/stores/parramattasouth,2026-09-01,nsw-parramatta-westfield,Accepted,true
specsavers-3385,Specsavers,Australia,NSW,Parramatta Westfield - Level 5,place-au-nsw-westfield-parramatta,Westfield Parramatta,Shopping Centre,High,Canonicalised from the store's named retail-place evidence,https://www.specsavers.com.au/stores/parramatta,2026-09-01,nsw-parramatta-westfield,Accepted,true
the-optical-company-parramatta-2150,The Optical Company,Australia,NSW,The Optical Company Parramatta,corridor-au-nsw-parramatta-george-street,George Street,High Street,Medium,Numbered street address without a corroborated centre match,https://www.opticalco.com.au/locations-listing/,2026-09-03,,Accepted,true
oscar-wylee-8,Oscar Wylee,Australia,NSW,Westfield Parramatta,place-au-nsw-westfield-parramatta,Westfield Parramatta,Shopping Centre,High,Canonicalised from the store's named retail-place evidence,https://www.oscarwylee.com.au/locations/locations/optometrist-parramatta.html,2026-09-01,nsw-parramatta-westfield,Accepted,true
1001-optometry-7297950,1001 Optometry,Australia,NSW,1001 Optometry Penrith,place-au-nsw-westfield-penrith,Westfield Penrith,Shopping Centre,High,Canonicalised from the store's named retail-place evidence,https://1001-optical.myshopify.com/pages/penrith-optometrist-westfield,2026-09-02,nsw-penrith-westfield,Accepted,true
eyecare-plus-661,Eyecare Plus,Australia,NSW,Eyecare Plus Optometrists Penrith,corridor-au-nsw-penrith-high-street,High Street,High Street,Medium,Numbered street address without a corroborated centre match,https://www.eyecareplus.com.au/penrith/,2026-09-02,,Accepted,true
independent-other-optical-provision-337407,Independent / Other optical,Australia,NSW,City Optics Nepean,place-au-nsw-nepean-village,Nepean Village,Shopping Centre,High,Canonicalised from the store's named retail-place evidence,https://www.provision.com.au/practice/city-optics-nepean/,2026-09-02,nsw-nepean-village,Accepted,true
independent-other-optical-provision-316011,Independent / Other optical,Australia,NSW,City Optics Penrith,place-au-nsw-westfield-penrith,Westfield Penrith,Shopping Centre,High,Official store address matches the authoritative canonical place address,https://www.westfield.com.au/penrith,2026-09-03,,Accepted,true
independent-other-optical-provision-155308,Independent / Other optical,Australia,NSW,Eyewear Central,place-au-nsw-westfield-penrith,Westfield Penrith,Shopping Centre,High,Canonicalised from the store's named retail-place evidence,https://www.provision.com.au/practice/eyewear-central-optometrist-penrith/,2026-09-02,nsw-penrith-westfield,Accepted,true
opsm-1300,OPSM,Australia,NSW,OPSM Nepean,place-au-nsw-nepean-village,Nepean Village,Shopping Centre,High,The current official OPSM record identifies Nepean at the centre's Station and Woodriff Streets address,https://www.opsm.com.au/en/opsm-au/find-store,2026-09-03,,Accepted,true
opsm-1328,OPSM,Australia,NSW,OPSM Penrith Plaza,place-au-nsw-westfield-penrith,Westfield Penrith,Shopping Centre,High,Canonicalised from the store's named retail-place evidence,https://www.opsm.com.au/en/opsm-au/find-store,2026-09-01,nsw-penrith-plaza,Accepted,true
oscar-wylee-43,Oscar Wylee,Australia,NSW,Westfield Penrith,place-au-nsw-westfield-penrith,Westfield Penrith,Shopping Centre,High,Canonicalised from the store's named retail-place evidence,https://www.oscarwylee.com.au/locations/locations/optometrist-penrith.html,2026-09-01,nsw-penrith-westfield,Accepted,true
specsavers-3578,Specsavers,Australia,NSW,Penrith Nepean,place-au-nsw-nepean-village,Nepean Village,Shopping Centre,High,Canonicalised from the store's named retail-place evidence,https://www.specsavers.com.au/stores/penrithnepean,2026-09-01,nsw-nepean-village,Accepted,true
specsavers-3386,Specsavers,Australia,NSW,Penrith Westfield,place-au-nsw-westfield-penrith,Westfield Penrith,Shopping Centre,High,Canonicalised from the store's named retail-place evidence,https://www.specsavers.com.au/stores/penrith,2026-09-01,nsw-penrith-westfield,Accepted,true
independent-other-optical-provision-16904,Independent / Other optical,Australia,NSW,Stephen Daly Optometrist,,,Uncertain,Uncertain,Location setting needs consultant review,https://www.provision.com.au/practice/stephen-daly-optometrist/,2026-09-02,,Needs review,true
opsm-1351,OPSM,Australia,NSW,OPSM Plumpton,place-au-nsw-plumpton-marketplace,HomeCo Plumpton Marketplace,Shopping Centre,High,The current official OPSM directory identifies Shop 33 at Plumpton Marketplace,https://www.opsm.com.au/find-store/nsw/bathurst,2026-09-03,,Accepted,true
specsavers-3528,Specsavers,Australia,NSW,Plumpton Marketplace,place-au-nsw-plumpton-marketplace,HomeCo Plumpton Marketplace,Shopping Centre,High,Canonicalised from the store's named retail-place evidence,https://www.specsavers.com.au/stores/plumpton,2026-09-01,nsw-marketplace-plumpton,Accepted,true
eyeq-optometrists-port-macquarie,EyeQ Optometrists,Australia,NSW,EyeQ Optometrists Port Macquarie,corridor-au-nsw-port-macquarie-clarence-street,Clarence Street,High Street,Medium,Numbered street address without a corroborated centre match,https://www.eyeq.com.au/optometrist/port-macquarie/,2026-09-02,,Accepted,true
george-matilda-417,George & Matilda,Australia,NSW,George & Matilda Eyecare – Port Macquarie,corridor-au-nsw-port-macquarie-william-street,William Street,High Street,Medium,Numbered street address without a corroborated centre match,https://georgeandmatilda.com.au/stores/optometrist-port-macquarie-nsw/,2026-09-02,,Accepted,true
opsm-2297,OPSM,Australia,NSW,OPSM Port Central,place-au-unknown-port-central-shopping-centre,Port Central Shopping Centre,Shopping Centre,High,Official store address matches the authoritative canonical place address,https://www.portcentralshopping.com.au/,2026-09-01,,Accepted,true
opsm-2296,OPSM,Australia,NSW,OPSM Port Macquarie,corridor-au-nsw-port-macquarie-cnr-park-bay-street,Cnr Park & Bay Street,High Street,Medium,Numbered street address without a corroborated centre match,https://www.opsm.com.au/en/opsm-au/find-store,2026-09-01,,Accepted,true
optical-superstore-60376,Optical Superstore,Australia,NSW,Port Macquarie,corridor-au-nsw-port-macquarie-horton-street,Horton Street,High Street,Medium,Numbered street address without a corroborated centre match,https://opticalsuperstore.com.au/find-your-nearest-store/,2026-09-02,,Accepted,true
specsavers-3438,Specsavers,Australia,NSW,Port Macquarie,corridor-au-nsw-port-macquarie-horton-street,Horton Street,High Street,Medium,Numbered street address without a corroborated centre match,https://www.specsavers.com.au/stores/portmacquarie,2026-09-01,,Accepted,true
specsavers-3584,Specsavers,Australia,NSW,Port Macquarie West,place-au-nsw-settlement-city-shopping-centre,Settlement City,Shopping Centre,High,Canonicalised from the store's named retail-place evidence,https://www.specsavers.com.au/stores/portmacquariewest,2026-09-01,nsw-city-settlement,Accepted,true
george-matilda-481,George & Matilda,Australia,NSW,George & Matilda Eyecare for Optique,corridor-au-nsw-potts-point-macleay-street,MacLeay Street,High Street,Medium,Numbered street address without a corroborated centre match,https://georgeandmatilda.com.au/stores/optometrist-potts-point-nsw/,2026-09-02,,Accepted,true
oscar-wylee-48,Oscar Wylee,Australia,NSW,Stockland Wetherill Park,place-au-nsw-stockland-wetherill-park,Stockland Wetherill Park,Shopping Centre,High,Canonicalised from the store's named retail-place evidence,https://www.oscarwylee.com.au/locations/locations/optometrist-wetherill-park.html,2026-09-01,nsw-park-stockland-wetherill,Accepted,true
eyecare-plus-662,Eyecare Plus,Australia,NSW,Eyecare Plus Optometrists Queanbeyan,corridor-au-nsw-queanbeyan-crawford-street,Crawford Street,High Street,Medium,Numbered street address without a corroborated centre match,https://www.eyecareplus.com.au/queanbeyan/,2026-09-02,,Accepted,true
opsm-1384,OPSM,Australia,NSW,OPSM Queanbeyan,place-au-nsw-riverside-plaza-queanbeyan,Riverside Plaza,Shopping Centre,High,Official Riverside Plaza directory lists OPSM at tenancy G-002 inside the centre,https://riversideplaza.com.au/retailer/opsm/,2026-09-02,,Accepted,true
specsavers-3574,Specsavers,Australia,NSW,Queanbeyan - Riverside,place-au-nsw-riverside-plaza-queanbeyan,Riverside Plaza,Shopping Centre,High,Canonicalised from the store's named retail-place evidence,https://www.specsavers.com.au/stores/queanbeyan,2026-09-01,nsw-plaza-queanbeyan-riverside,Accepted,true
independent-other-optical-provision-33951,Independent / Other optical,Australia,NSW,Paul Harvey Optometry,corridor-au-nsw-quirindi-george-street,George Street,High Street,Medium,Numbered street address without a corroborated centre match,https://www.provision.com.au/practice/paul-harvey-optometry-3/,2026-09-02,,Accepted,true
eyeq-optometrists-ramsgate,EyeQ Optometrists,Australia,NSW,EyeQ Optometrists Ramsgate,corridor-au-nsw-ramsgate-ramsgate-road,Ramsgate Road,High Street,Medium,Numbered street address without a corroborated centre match,https://www.eyeq.com.au/optometrist/ramsgate/,2026-09-02,,Accepted,true
george-matilda-465,George & Matilda,Australia,NSW,George & Matilda Eyecare for Lighthouse Optometrists,corridor-au-nsw-ramsgate-beach-ramsgate-road,Ramsgate Road,High Street,Medium,Numbered street address without a corroborated centre match,https://georgeandmatilda.com.au/stores/optometrist-ramsgate-beach-nsw/,2026-09-02,,Accepted,true
independent-other-optical-provision-101492,Independent / Other optical,Australia,NSW,Clovelly Optical,corridor-au-nsw-randwick-clovelly-road,Clovelly Road,High Street,Medium,Numbered street address without a corroborated centre match,https://www.provision.com.au/practice/clovelly-optical/,2026-09-02,,Accepted,true
opsm-2971,OPSM,Australia,NSW,OPSM Randwick,place-au-nsw-royal-randwick-shopping-centre,Royal Randwick Shopping Centre,Shopping Centre,High,The current official Royal Randwick directory lists OPSM on the ground floor,https://www.royalrandwick.com.au/stores/opsm.html,2026-09-03,,Accepted,true
specsavers-3313,Specsavers,Australia,NSW,Randwick - Royal Randwick,place-au-nsw-royal-randwick-shopping-centre,Royal Randwick Shopping Centre,Shopping Centre,High,Canonicalised from the store's named retail-place evidence,https://www.specsavers.com.au/stores/randwick,2026-09-01,nsw-randwick-royal,Accepted,true
eyecare-plus-663,Eyecare Plus,Australia,NSW,Eyecare Plus Optometrists Raymond Terrace,corridor-au-nsw-raymond-terrace-raymond-terrace,Raymond Terrace,High Street,Medium,Numbered street address without a corroborated centre match,https://www.eyecareplus.com.au/raymondterrace/,2026-09-02,,Accepted,true
opsm-1430,OPSM,Australia,NSW,OPSM Raymond Terrace,place-au-nsw-raymond-terrace-marketplace,MarketPlace Raymond Terrace,Shopping Centre,High,The current official OPSM directions page identifies Shop 13 at Raymond Terrace Market Place,https://www.opsm.com.au/webapp/wcs/stores/servlet/StoreDirectionsPrintView?catalogId=11051&desLatitude=-32.76208&desLongitude=151.74346&langId=-1&storeId=10151&storeLocationId=1430,2026-09-03,,Accepted,true
specsavers-3652,Specsavers,Australia,NSW,Raymond Terrace,place-au-nsw-raymond-terrace-marketplace,MarketPlace Raymond Terrace,Shopping Centre,High,Canonicalised from the store's named retail-place evidence,https://www.specsavers.com.au/stores/raymondterrace,2026-09-01,nsw-marketplace-raymond-terrace,Accepted,true
independent-other-optical-provision-323950,Independent / Other optical,Australia,NSW,Beyond Eyecare Surry Hills,corridor-au-nsw-redfern-cleveland-street,Cleveland Street,High Street,Medium,Numbered street address without a corroborated centre match,https://www.provision.com.au/practice/beyond-eyecare/,2026-09-02,,Accepted,true
eyecare-plus-665,Eyecare Plus,Australia,NSW,Eyecare Plus Optometrists Revesby,corridor-au-nsw-revesby-selems-parade,Selems Parade,High Street,Medium,Best-judgement street-address classification; no centre evidence found,https://www.eyecareplus.com.au/revesby/,2026-09-02,,Accepted,true
opsm-2966,OPSM,Australia,NSW,OPSM Rhodes,place-au-nsw-rhodes-waterside-shopping-centre,Rhodes Waterside,Shopping Centre,High,Official store address matches the authoritative canonical place address,https://www.rhodeswaterside.com.au/,2026-09-02,,Accepted,true
oscar-wylee-139,Oscar Wylee,Australia,NSW,Rhodes,place-au-nsw-rhodes-waterside-shopping-centre,Rhodes Waterside,Shopping Centre,High,The current official Rhodes Waterside site identifies Oscar Wylee as an in-centre optical retailer and the official store address names Rhodes Waterside,https://www.rhodeswaterside.com.au/black-friday,2026-09-03,,Accepted,true
specsavers-3588,Specsavers,Australia,NSW,Rhodes,place-au-nsw-rhodes-waterside-shopping-centre,Rhodes Waterside,Shopping Centre,High,Canonicalised from the store's named retail-place evidence,https://www.specsavers.com.au/stores/rhodes,2026-09-01,nsw-rhodes-waterside,Accepted,true
opsm-1257,OPSM,Australia,NSW,OPSM Richmond,corridor-au-nsw-richmond-windsor-street,Windsor Street,High Street,Medium,Numbered street address without a corroborated centre match,https://www.opsm.com.au/en/opsm-au/find-store,2026-09-01,,Accepted,true
specsavers-3439,Specsavers,Australia,NSW,Richmond Marketplace,place-au-nsw-richmond-marketplace,Richmond Marketplace,Shopping Centre,High,Canonicalised from the store's named retail-place evidence,https://www.specsavers.com.au/stores/richmond,2026-09-01,nsw-marketplace-richmond,Accepted,true
eyecare-plus-666,Eyecare Plus,Australia,NSW,Eyecare Plus Optometrists Riverwood,corridor-au-nsw-riverwood-belmore-road,Belmore Road,High Street,Medium,Numbered street address without a corroborated centre match,https://www.eyecareplus.com.au/riverwood/,2026-09-02,,Accepted,true
independent-other-optical-provision-16794,Independent / Other optical,Australia,NSW,Eyespire Optometrist,corridor-au-nsw-rockdale-princes-highway,Princes Highway,High Street,Medium,Numbered street address without a corroborated centre match,https://www.provision.com.au/practice/eyespire-optometrist/,2026-09-02,,Accepted,true
specsavers-3546,Specsavers,Australia,NSW,Rockdale,place-au-nsw-rockdale-plaza-drive,Rockdale Plaza,Shopping Centre,High,Canonicalised from the store's named retail-place evidence,https://www.specsavers.com.au/stores/rockdale,2026-09-01,nsw-drive-plaza-rockdale,Accepted,true
eyecare-plus-667,Eyecare Plus,Australia,NSW,Eyecare Plus Optometrists Roselands,place-au-nsw-roselands-shopping-centre,Roselands Shopping Centre,Shopping Centre,High,Canonicalised from the store's named retail-place evidence,https://www.eyecareplus.com.au/roselands/,2026-09-02,nsw-roselands,Accepted,true
opsm-1415,OPSM,Australia,NSW,OPSM Roselands,place-au-nsw-roselands-shopping-centre,Roselands Shopping Centre,Shopping Centre,High,The active OPSM store number and Roselands Drive address reconcile to public government records naming its Roselands Shopping Centre tenancy,https://www.opsm.com.au/stores/nsw/roselands/opsm-roselands/1415,2026-09-03,,Accepted,true
specsavers-3419,Specsavers,Australia,NSW,Roselands,place-au-nsw-roselands-shopping-centre,Roselands Shopping Centre,Shopping Centre,High,Canonicalised from the store's named retail-place evidence,https://www.specsavers.com.au/stores/roselands,2026-09-01,nsw-roselands,Accepted,true
bupa-optical-3870859,Bupa Optical,Australia,NSW,Bupa Optical Rouse Hill,place-au-nsw-rouse-hill-town-centre,Rouse Hill Town Centre,Shopping Centre,High,Canonicalised from the store's named retail-place evidence,https://bupaoptical.bupa.com.au/pages/store/bupa-optical-rouse-hill,2026-09-03,nsw-hill-rouse-town,Accepted,true
george-matilda-444,George & Matilda,Australia,NSW,George & Matilda Eyecare for Eye Site,place-au-nsw-rouse-hill-town-centre,Rouse Hill Town Centre,Shopping Centre,High,Canonicalised from the store's named retail-place evidence,https://georgeandmatilda.com.au/stores/optometrist-rouse-hill-nsw/,2026-09-02,nsw-hill-rouse-town,Accepted,true
opsm-4633,OPSM,Australia,NSW,OPSM Rouse Hill,place-au-nsw-rouse-hill-town-centre,Rouse Hill Town Centre,Shopping Centre,Medium,Official address matches the Market Place tenancy and canonical Rouse Hill Town Centre location,https://www.opsm.com.au/en/opsm-au/find-store,2026-09-02,nsw-market-place,Accepted,true
oscar-wylee-127,Oscar Wylee,Australia,NSW,Rouse Hill Town Centre,place-au-nsw-rouse-hill-town-centre,Rouse Hill Town Centre,Shopping Centre,High,Canonicalised from the store's named retail-place evidence,https://www.oscarwylee.com.au/locations/locations/optometrist-rouse-hill.html,2026-09-01,nsw-hill-rouse-town,Accepted,true
specsavers-3526,Specsavers,Australia,NSW,Rouse Hill Town Centre,place-au-nsw-rouse-hill-town-centre,Rouse Hill Town Centre,Shopping Centre,High,Canonicalised from the store's named retail-place evidence,https://www.specsavers.com.au/stores/rousehill,2026-09-01,nsw-hill-rouse-town,Accepted,true
the-optical-company-rutherford-2320,The Optical Company,Australia,NSW,The Optical Company Rutherford,place-au-nsw-west-mall-rutherford-shopping-centre,West Mall Rutherford Shopping Centre,Shopping Centre,High,Canonicalised from the store's named retail-place evidence,https://www.opticalco.com.au/locations-listing/,2026-09-03,nsw-rutherford-west,Accepted,true
1001-optometry-7298788,1001 Optometry,Australia,NSW,1001 Optometry Top Ryde,place-au-nsw-top-ryde-city-shopping-centre,Top Ryde City,Shopping Centre,High,Canonicalised from the store's named retail-place evidence,https://1001-optical.myshopify.com/pages/optometrist-top-ryde-shopping-centre,2026-09-02,nsw-city-ryde-top,Accepted,true
eyecare-plus-668,Eyecare Plus,Australia,NSW,Eyecare Plus Optometrists Ryde,corridor-au-nsw-ryde-watt-avenue,Watt Avenue,High Street,Medium,Numbered street address without a corroborated centre match,https://www.eyecareplus.com.au/ryde/,2026-09-02,,Accepted,true
opsm-1551,OPSM,Australia,NSW,OPSM Top Ryde,place-au-nsw-top-ryde-city-shopping-centre,Top Ryde City,Shopping Centre,High,The current official OPSM record names Top Ryde and exactly matches the centre address at 109-129 Blaxland Road,https://www.opsm.com.au/en/opsm-au/find-store,2026-09-03,,Accepted,true
oscar-wylee-52,Oscar Wylee,Australia,NSW,Top Ryde City,place-au-nsw-top-ryde-city-shopping-centre,Top Ryde City,Shopping Centre,High,Canonicalised from the store's named retail-place evidence,https://www.oscarwylee.com.au/locations/locations/optometrist-top-ryde.html,2026-09-01,nsw-109-129-2112-blaxland-city-nsw-road-ryde-top,Accepted,true
specsavers-3428,Specsavers,Australia,NSW,Top Ryde City,place-au-nsw-top-ryde-city-shopping-centre,Top Ryde City,Shopping Centre,High,Canonicalised from the store's named retail-place evidence,https://www.specsavers.com.au/stores/topryde,2026-09-01,nsw-city-ryde-top,Accepted,true
opsm-1375,OPSM,Australia,NSW,OPSM Salamander Bay,place-au-nsw-salamander-shopping-centre,Salamander Bay Square,Shopping Centre,High,Canonicalised from the store's named retail-place evidence,https://www.opsm.com.au/en/opsm-au/find-store,2026-09-01,nsw-circuit-town,Accepted,true
specsavers-3563,Specsavers,Australia,NSW,Salamander Bay,place-au-nsw-salamander-shopping-centre,Salamander Bay Square,Shopping Centre,High,Canonicalised from the store's named retail-place evidence,https://www.specsavers.com.au/stores/salamander-bay,2026-09-01,nsw-salamander,Accepted,true
george-matilda-426,George & Matilda,Australia,NSW,George & Matilda Eyecare – Scone,corridor-au-nsw-scone-kelly-street,Kelly Street,High Street,Medium,Numbered street address without a corroborated centre match,https://georgeandmatilda.com.au/stores/optometrist-scone-nsw/,2026-09-02,,Accepted,true
specsavers-3516,Specsavers,Australia,NSW,Seven Hills,place-au-nsw-seven-hills-plaza,Seven Hills Plaza,Shopping Centre,High,Canonicalised from the store's named retail-place evidence,https://www.specsavers.com.au/stores/sevenhills,2026-09-01,nsw-hills-plaza-seven,Accepted,true
opsm-1105,OPSM,Australia,NSW,SHELLHARBOUR,place-au-nsw-shellharbour-stockland,Stockland Shellharbour,Shopping Centre,Medium,Official shop number and coordinates match the Stockland Shellharbour tenancy,https://www.opsm.com.au/en/opsm-au/find-store,2026-09-02,,Accepted,true
optical-superstore-63125,Optical Superstore,Australia,NSW,Shellharbour – Stockland,place-au-nsw-shellharbour-stockland,Stockland Shellharbour,Shopping Centre,High,Canonicalised from the store's named retail-place evidence,https://opticalsuperstore.com.au/find-your-nearest-store/,2026-09-02,nsw-shellharbour-stockland,Accepted,true
specsavers-3377,Specsavers,Australia,NSW,Shellharbour Stockland,place-au-nsw-shellharbour-stockland,Stockland Shellharbour,Shopping Centre,High,Canonicalised from the store's named retail-place evidence,https://www.specsavers.com.au/stores/shellharbour,2026-09-01,nsw-shellharbour-stockland,Accepted,true
oscar-wylee-37,Oscar Wylee,Australia,NSW,Stockland Shellharbour,place-au-nsw-shellharbour-stockland,Stockland Shellharbour,Shopping Centre,High,Canonicalised from the store's named retail-place evidence,https://www.oscarwylee.com.au/locations/locations/optometrist-shellharbour.html,2026-09-01,nsw-shellharbour-stockland,Accepted,true
chemist-warehouse-optometry-loc_3657c1c785c24993ac574833,Chemist Warehouse Optometry,Australia,NSW,Kevin O'Brien Optometrist,corridor-au-nsw-singleton-john-street,John Street,High Street,Medium,Numbered street address without a corroborated centre match,https://chemistwarehouseoptometry.com.au/pages/store-details/kevin-obrien-optometrist,2026-09-03,,Accepted,true
opsm-4702,OPSM,Australia,NSW,OPSM Singleton,place-au-nsw-singleton-square,Singleton Square,Shopping Centre,High,The current official OPSM directory identifies Shop T37 at Singleton Square,https://www.opsm.com.au/find-store/nsw/armidale,2026-09-03,,Accepted,true
specsavers-3614,Specsavers,Australia,NSW,Singleton,place-au-nsw-singleton-square,Singleton Square,Shopping Centre,High,Canonicalised from the store's named retail-place evidence,https://www.specsavers.com.au/stores/singleton,2026-09-01,nsw-singleton-square,Accepted,true
the-optical-company-singleton-2330,The Optical Company,Australia,NSW,The Optical Company Singleton,corridor-au-nsw-singleton-john-street,John Street,High Street,Medium,Numbered street address without a corroborated centre match,https://www.opticalco.com.au/locations-listing/,2026-09-03,,Accepted,true
george-matilda-418,George & Matilda,Australia,NSW,George & Matilda Eyecare – South West Rocks,corridor-au-nsw-south-west-rocks-paragon-avenue,Paragon Avenue,High Street,Medium,Numbered street address without a corroborated centre match,https://georgeandmatilda.com.au/stores/optometrist-south-west-rocks-nsw/,2026-09-02,,Accepted,true
eyeq-optometrists-st-ives,EyeQ Optometrists,Australia,NSW,EyeQ Optometrists St Ives,corridor-au-nsw-st-ives-mona-vale-road,Mona Vale Road,High Street,Medium,Numbered street address without a corroborated centre match,https://www.eyeq.com.au/optometrist/st-ives/,2026-09-02,,Accepted,true
independent-other-optical-provision-313886,Independent / Other optical,Australia,NSW,Sindy Lowinger Optometrist St Ives,corridor-au-nsw-st-ives-mona-vale-road,Mona Vale Road,High Street,Medium,Numbered street address without a corroborated centre match,https://www.provision.com.au/practice/sindy-lowinger-optometrist-st-ives/,2026-09-02,,Accepted,true
opsm-1398,OPSM,Australia,NSW,OPSM St Ives,place-au-nsw-st-ives-shopping-centre,St Ives Shopping Village,Shopping Centre,High,The current official OPSM directory identifies Shop 69 at St Ives Shopping Village,https://www.opsm.com.au/find-store/nsw/warriewood,2026-09-03,,Accepted,true
specsavers-3637,Specsavers,Australia,NSW,St Ives,corridor-au-nsw-st-ives-mona-vale-road,Mona Vale Road,High Street,Medium,Numbered street address without a corroborated centre match,https://www.specsavers.com.au/stores/stives,2026-09-01,,Accepted,true
the-optical-company-st-ives-2075,The Optical Company,Australia,NSW,The Optical Company St Ives,place-au-nsw-st-ives-shopping-centre,St Ives Shopping Village,Shopping Centre,High,Canonicalised from the store's named retail-place evidence,https://www.opticalco.com.au/locations-listing/,2026-09-03,nsw-ives-st-village,Accepted,true
george-matilda-17198,George & Matilda,Australia,NSW,Whitehouse – St Leonards,corridor-au-nsw-st-leonards-pacific-highway,Pacific Highway,High Street,Medium,Numbered street address without a corroborated centre match,https://georgeandmatilda.com.au/stores/optometrist-st-leonards-nsw/,2026-09-02,,Accepted,true
independent-other-optical-provision-271671,Independent / Other optical,Australia,NSW,Jeremy Chan Optometrist,corridor-au-nsw-st-marys-queen-street,Queen Street,High Street,Medium,Numbered street address without a corroborated centre match,https://www.provision.com.au/practice/jeremychanoptometrist/,2026-09-02,,Accepted,true
specsavers-3496,Specsavers,Australia,NSW,St Marys Village S/C,place-au-nsw-st-marys-village-shopping-centre,St Marys Village,Shopping Centre,High,Canonicalised from the store's named retail-place evidence,https://www.specsavers.com.au/stores/stmarys,2026-09-01,nsw-marys-st-village,Accepted,true
specsavers-3367,Specsavers,Australia,NSW,Stanhope Gardens,place-au-nsw-stanhope-village-shopping-centre,Stanhope Village,Shopping Centre,High,Canonicalised from the store's named retail-place evidence,https://www.specsavers.com.au/stores/stanhopegardens,2026-09-01,nsw-stanhope-village,Accepted,true
independent-other-optical-provision-33750,Independent / Other optical,Australia,NSW,Strathfield Eyecare,corridor-au-nsw-strathfield-churchill-avenue,Churchill Avenue,High Street,Medium,Numbered street address without a corroborated centre match,https://www.provision.com.au/practice/strathfield-eyecare/,2026-09-02,,Accepted,true
independent-other-optical-provision-141029,Independent / Other optical,Australia,NSW,Optopia,corridor-au-nsw-sutherland-sutherland-retail-core,Sutherland Retail Core,High Street,Medium,Numbered street address without a corroborated centre match,https://www.provision.com.au/practice/optopia/,2026-09-02,,Accepted,true
george-matilda-423,George & Matilda,Australia,NSW,George & Matilda Eyecare – Swansea,corridor-au-nsw-swansea-pacific-highway,Pacific Highway,High Street,Medium,Numbered street address without a corroborated centre match,https://georgeandmatilda.com.au/stores/optometrist-swansea-nsw/,2026-09-02,,Accepted,true
bailey-nelson-pitt-st-sydney,Bailey Nelson,Australia,NSW,Bailey Nelson Pitt Street - Westfield Sydney,place-au-nsw-westfield-sydney,Westfield Sydney,Shopping Centre,High,Official store name and Westfield directory identify Westfield Sydney,https://www.westfield.com.au/sydney/store/5Z3jNm4wGQ4WcY66gygWky/bailey-nelson,2026-09-01,,Accepted,true
bupa-optical-13626248,Bupa Optical,Australia,NSW,Bupa Optical & Hearing Bridge St Sydney,corridor-au-nsw-sydney-bridge-street,Bridge Street,High Street,Medium,Numbered street address without a corroborated centre match,https://bupaoptical.bupa.com.au/pages/store/bupa-optical-bridge-street,2026-09-03,,Accepted,true
bupa-optical-3870868,Bupa Optical,Australia,NSW,Bupa Optical World Square,place-au-nsw-world-square,World Square,Shopping Centre,High,Canonicalised from the store's named retail-place evidence,https://bupaoptical.bupa.com.au/pages/store/bupa-optical-world-square,2026-09-03,nsw-square-world,Accepted,true
dresden-vision-33,Dresden Vision,Australia,NSW,Dresden Vision Newtown,corridor-au-nsw-sydney-king-street,King Street,High Street,Medium,Numbered street address without a corroborated centre match,https://dresden.vision/au/stores/newtown,2026-09-03,,Accepted,true
dresden-vision-8,Dresden Vision,Australia,NSW,Dresden Vision Rozelle,corridor-au-nsw-sydney-darling-street,Darling Street,High Street,Medium,Numbered street address without a corroborated centre match,https://dresden.vision/au/stores/rozelle,2026-09-03,,Accepted,true
eyecare-plus-4333,Eyecare Plus,Australia,NSW,Eyecare Plus Optometrists Avalon Beach,corridor-au-nsw-sydney-bowling-green-lane,Bowling Green Lane,High Street,Medium,Numbered street address without a corroborated centre match,https://www.eyecareplus.com.au/avalonbeach/,2026-09-02,,Accepted,true
eyecare-plus-674,Eyecare Plus,Australia,NSW,Eyecare Plus Optometrists Sydney CBD,corridor-au-nsw-sydney-george-street,George Street,High Street,Medium,Numbered street address without a corroborated centre match,https://www.eyecareplus.com.au/sydney-cbd/,2026-09-02,,Accepted,true
george-matilda-17199,George & Matilda,Australia,NSW,Perfect Vision,place-au-nsw-the-strand-arcade,The Strand Arcade,Shopping Centre,High,Canonicalised from the store's named retail-place evidence,https://georgeandmatilda.com.au/stores/optometrist-sydney-cbd-nsw/,2026-09-02,nsw-arcade-strand-the,Accepted,true
george-matilda-17209,George & Matilda,Australia,NSW,Whitehouse – Sydney CBD,corridor-au-nsw-sydney-castlereagh-street,Castlereagh Street,High Street,Medium,Numbered street address without a corroborated centre match,https://georgeandmatilda.com.au/stores/optometrist-sydney-nsw/,2026-09-02,,Accepted,true
independent-other-optical-provision-16862,Independent / Other optical,Australia,NSW,HineSight,corridor-au-nsw-sydney-phillip-street,Phillip Street,High Street,Medium,Numbered street address without a corroborated centre match,https://www.provision.com.au/practice/hinesight/,2026-09-02,,Accepted,true
independent-other-optical-provision-16787,Independent / Other optical,Australia,NSW,Lifestyle Optical,corridor-au-nsw-sydney-pitt-street,Pitt Street,High Street,Medium,Numbered street address without a corroborated centre match,https://www.provision.com.au/practice/lifestyle-optical/,2026-09-02,,Accepted,true
opsm-1304,OPSM,Australia,NSW,OPSM George Street,corridor-au-nsw-sydney-george-street,George Street,High Street,High,Official OPSM store page confirms a numbered 413 George Street tenancy with no shopping-centre evidence,https://www.opsm.com.au/stores/nsw/sydney/opsm-george-street/1304,2026-09-02,,Accepted,true
opsm-1177,OPSM,Australia,NSW,OPSM Macquarie St,corridor-au-nsw-sydney-macquarie-street,Macquarie Street,High Street,Medium,Numbered street address without a corroborated centre match,https://www.opsm.com.au/en/opsm-au/find-store,2026-09-01,,Accepted,true
oscar-wylee-3,Oscar Wylee,Australia,NSW,"The Galeries, Pitt St",place-au-nsw-the-galeries,The Galeries,Shopping Centre,High,Official store name and address explicitly identify The Galeries,https://www.oscarwylee.com.au/locations/locations/optometrist-sydney-galeries.html,2026-09-02,,Accepted,true
specsavers-3581,Specsavers,Australia,NSW,Sydney - Pitt Street Mall,place-au-nsw-westfield-sydney,Westfield Sydney,Shopping Centre,High,Official Westfield directory lists Specsavers as a Westfield Sydney tenant and the retailer address identifies Westfield Sydney Central,https://www.westfield.com.au/sydney/store/bRWvJBtq1MMQc8sqUM2Yc/specsavers,2026-09-02,nsw-pitt-street,Accepted,true
opsm-2996,OPSM,Australia,NSW,Optometrist Sylvania by OPSM,place-au-nsw-southgate-shopping-centre,Southgate Shopping Centre,Shopping Centre,High,Canonicalised from the store's named retail-place evidence,https://www.opsm.com.au/en/opsm-au/find-store,2026-09-01,nsw-southgate,Accepted,true
specsavers-3488,Specsavers,Australia,NSW,Sylvania - Southgate S/C,place-au-nsw-southgate-shopping-centre,Southgate Shopping Centre,Shopping Centre,High,Canonicalised from the store's named retail-place evidence,https://www.specsavers.com.au/stores/sylvania,2026-09-01,nsw-southgate,Accepted,true
independent-other-optical-osm-au-way-697930957,Independent / Other optical,Australia,NSW,Eyepower,corridor-au-nsw-tahmoor-tahmoor-retail-core,Tahmoor Retail Core,High Street,Medium,Numbered street address without a corroborated centre match,https://www.openstreetmap.org/way/697930957,2026-09-01,,Accepted,true
eyecare-plus-675,Eyecare Plus,Australia,NSW,Eyecare Plus Optometrists Tamworth,corridor-au-nsw-tamworth-peel-street,Peel Street,High Street,Medium,Numbered street address without a corroborated centre match,https://www.eyecareplus.com.au/tamworth/,2026-09-02,,Accepted,true
independent-other-optical-provision-33817,Independent / Other optical,Australia,NSW,Paul Harvey Optometry,place-au-nsw-ingworld,ingWorld,Shopping Centre,High,Canonicalised from the store's named retail-place evidence,https://www.provision.com.au/practice/paul-harvey-optometry/,2026-09-02,nsw-ingworld,Accepted,true
independent-other-optical-provision-33879,Independent / Other optical,Australia,NSW,Paul Harvey Optometry,corridor-au-nsw-tamworth-peel-street,Peel Street,High Street,Medium,Numbered street address without a corroborated centre match,https://www.provision.com.au/practice/paul-harvey-optometry-2/,2026-09-02,,Accepted,true
opsm-2938,OPSM,Australia,NSW,OPSM Tamworth,corridor-au-nsw-tamworth-peel-street,Peel Street,High Street,Medium,Numbered street address without a corroborated centre match,https://www.opsm.com.au/en/opsm-au/find-store,2026-09-01,,Accepted,true
specsavers-3403,Specsavers,Australia,NSW,Tamworth,corridor-au-nsw-tamworth-peel-street,Peel Street,High Street,Medium,Numbered street address without a corroborated centre match,https://www.specsavers.com.au/stores/tamworth,2026-09-01,,Accepted,true
eyecare-plus-677,Eyecare Plus,Australia,NSW,Eyecare Plus Optometrists Taree,corridor-au-nsw-taree-victoria-street,Victoria Street,High Street,Medium,Numbered street address without a corroborated centre match,https://www.eyecareplus.com.au/taree/,2026-09-02,,Accepted,true
opsm-2298,OPSM,Australia,NSW,OPSM Taree,corridor-au-nsw-taree-manning-street,Manning Street,High Street,Medium,Numbered street address without a corroborated centre match,https://www.opsm.com.au/en/opsm-au/find-store,2026-09-01,,Accepted,true
specsavers-3469,Specsavers,Australia,NSW,Taree,corridor-au-nsw-taree-manning-street,Manning Street,High Street,Medium,Current official address is Shop 2 at 42-44 Manning Street with no current centre tenancy evidence,https://www.specsavers.com.au/stores/taree,2026-09-02,,Accepted,true
george-matilda-494,George & Matilda,Australia,NSW,George & Matilda Eyecare for Rolfe Optometrists,corridor-au-nsw-tea-gardens-myall-street,Myall Street,High Street,Medium,Numbered street address without a corroborated centre match,https://georgeandmatilda.com.au/stores/optometrist-tea-gardens-nsw/,2026-09-02,,Accepted,true
the-optical-company-the-galeries-sydney-cbd-2000,The Optical Company,Australia,NSW,The Optical Company The Galeries - Sydney CBD,corridor-au-nsw-the-galeries-sydney-cbd-george-street,George Street,High Street,Medium,Numbered street address without a corroborated centre match,https://www.opticalco.com.au/locations-listing/,2026-09-03,,Accepted,true
george-matilda-424,George & Matilda,Australia,NSW,George & Matilda Eyecare – The Junction,corridor-au-nsw-the-junction-union-street,Union Street,High Street,Medium,Numbered street address without a corroborated centre match,https://georgeandmatilda.com.au/stores/optometrist-the-junction-nsw/,2026-09-02,,Accepted,true
independent-other-optical-provision-16929,Independent / Other optical,Australia,NSW,For Beautiful Eyes,corridor-au-nsw-the-junction-kenrick-street,Kenrick Street,High Street,Medium,Numbered street address without a corroborated centre match,https://www.provision.com.au/practice/for-beautiful-eyes/,2026-09-02,,Accepted,true
george-matilda-17207,George & Matilda,Australia,NSW,Medioptics,corridor-au-nsw-toormina-toormina-road,Toormina Road,High Street,Medium,Numbered street address without a corroborated centre match,https://georgeandmatilda.com.au/stores/optometrist-toormina-nsw/,2026-09-02,,Accepted,true
opsm-1228,OPSM,Australia,NSW,OPSM Toormina,corridor-au-nsw-toormina-toormina-road,Toormina Road,High Street,Medium,Numbered street address without a corroborated centre match,https://www.opsm.com.au/en/opsm-au/find-store,2026-09-01,,Accepted,true
eyecare-plus-680,Eyecare Plus,Australia,NSW,Eyecare Plus Optometrists Toronto,corridor-au-nsw-toronto-toronto-retail-core,Toronto Retail Core,High Street,Medium,Numbered street address without a corroborated centre match,https://www.eyecareplus.com.au/toronto/,2026-09-02,,Accepted,true
opsm-2266,OPSM,Australia,NSW,OPSM Toronto,corridor-au-nsw-toronto-the-boulevard,The Boulevard,High Street,Medium,Best-judgement street-address classification; no centre evidence found,https://www.opsm.com.au/en/opsm-au/find-store,2026-09-01,,Accepted,true
specsavers-3459,Specsavers,Australia,NSW,Toronto,corridor-au-nsw-toronto-toronto-retail-core,Toronto Retail Core,High Street,Medium,Numbered street address without a corroborated centre match,https://www.specsavers.com.au/stores/toronto,2026-09-01,,Accepted,true
george-matilda-505,George & Matilda,Australia,NSW,George & Matilda Eyecare for Wand Optometrists,corridor-au-nsw-toukley-main-road,Main Road,High Street,Medium,Numbered street address without a corroborated centre match,https://georgeandmatilda.com.au/stores/optometrist-toukley-nsw/,2026-09-02,,Accepted,true
opsm-1127,OPSM,Australia,NSW,OPSM Tuggerah,corridor-au-nsw-tuggerah-gavenlock-road,Gavenlock Road,High Street,Medium,Numbered street address without a corroborated centre match,https://www.opsm.com.au/en/opsm-au/find-store,2026-09-01,,Accepted,true
oscar-wylee-59,Oscar Wylee,Australia,NSW,Westfield Tuggerah,place-au-nsw-westfield-tuggerah,Westfield Tuggerah,Shopping Centre,High,Canonicalised from the store's named retail-place evidence,https://www.oscarwylee.com.au/locations/locations/optometrist-tuggerah.html,2026-09-01,nsw-tuggerah-westfield,Accepted,true
specsavers-3332,Specsavers,Australia,NSW,Tuggerah Westfield,place-au-nsw-westfield-tuggerah,Westfield Tuggerah,Shopping Centre,High,Canonicalised from the store's named retail-place evidence,https://www.specsavers.com.au/stores/tuggerah,2026-09-01,nsw-tuggerah-westfield,Accepted,true
independent-other-optical-provision-16852,Independent / Other optical,Australia,NSW,Zac Zacharia Optometrists,corridor-au-nsw-tumut-wynyard-street,Wynyard Street,High Street,Medium,Numbered street address without a corroborated centre match,https://www.provision.com.au/practice/zac-zacharia-optometrists-tumut/,2026-09-02,,Accepted,true
independent-other-optical-provision-223610,Independent / Other optical,Australia,NSW,Envision Optical Tweed Heads South,,,Uncertain,Uncertain,Location setting needs consultant review,https://www.provision.com.au/practice/envision-optical-tweed-heads-south/,2026-09-02,,Needs review,true
opsm-1107,OPSM,Australia,NSW,OPSM Tweed Mall,place-au-nsw-tweed-mall,Tweed Mall,Shopping Centre,High,Canonicalised from the store's named retail-place evidence,https://www.opsm.com.au/en/opsm-au/find-store,2026-09-01,nsw-tweed,Accepted,true
opsm-1406,OPSM,Australia,NSW,OPSM Tweed City,place-au-nsw-tweed-city-shopping-centre,Tweed City,Shopping Centre,High,Canonicalised from the store's named retail-place evidence,https://www.opsm.com.au/en/opsm-au/find-store,2026-09-01,nsw-city-tweed,Accepted,true
oscar-wylee-97,Oscar Wylee,Australia,NSW,Tweed City,place-au-nsw-tweed-city-shopping-centre,Tweed City,Shopping Centre,High,Canonicalised from the store's named retail-place evidence,https://www.oscarwylee.com.au/locations/locations/optometrist-tweed-city.html,2026-09-01,nsw-city-tweed,Accepted,true
specsavers-3371,Specsavers,Australia,NSW,Tweed City S/C,place-au-nsw-tweed-city-shopping-centre,Tweed City,Shopping Centre,High,Canonicalised from the store's named retail-place evidence,https://www.specsavers.com.au/stores/tweedcity,2026-09-01,nsw-city-tweed,Accepted,true
opsm-2993,OPSM,Australia,NSW,OPSM Ulladulla,corridor-au-nsw-ulladulla-princess-highway,Princess Highway,High Street,Medium,Numbered street address without a corroborated centre match,https://www.opsm.com.au/en/opsm-au/find-store,2026-09-01,,Accepted,true
specsavers-3673,Specsavers,Australia,NSW,Ulladulla,place-au-nsw-ulladulla-shopping-centre,Ulladulla Shopping Centre,Shopping Centre,High,Canonicalised from the store's named retail-place evidence,https://www.specsavers.com.au/stores/ulladulla,2026-09-01,nsw-ulladulla,Accepted,true
bailey-nelson-broadway,Bailey Nelson,Australia,NSW,Bailey Nelson Broadway,place-au-nsw-broadway-shopping-centre,Broadway Sydney,Shopping Centre,High,The current official Bailey Nelson directory identifies Shop 251 in Broadway Sydney at 1 Bay Street,https://baileynelson.com.au/pages/boutiques,2026-09-03,,Accepted,true
opsm-1423,OPSM,Australia,NSW,OPSM Broadway,corridor-au-nsw-ultimo-bay-street,Bay Street,High Street,Medium,Numbered street address without a corroborated centre match,https://www.opsm.com.au/en/opsm-au/find-store,2026-09-01,,Accepted,true
oscar-wylee-79,Oscar Wylee,Australia,NSW,Broadway Shopping Centre,place-au-nsw-broadway-shopping-centre,Broadway Sydney,Shopping Centre,High,Canonicalised from the store's named retail-place evidence,https://www.oscarwylee.com.au/locations/locations/optometrist-broadway.html,2026-09-01,nsw-broadway,Accepted,true
specsavers-3505,Specsavers,Australia,NSW,Broadway Sydney,place-au-nsw-broadway-shopping-centre,Broadway Sydney,Shopping Centre,High,Official address identifies the Broadway tenancy beside Coles,https://www.specsavers.com.au/stores/broadway,2026-09-02,,Accepted,true
oscar-wylee-24,Oscar Wylee,Australia,NSW,Chatswood Chase,place-au-nsw-chatswood-chase,Chatswood Chase,Shopping Centre,High,Canonicalised from the store's named retail-place evidence,https://www.oscarwylee.com.au/locations/locations/optometrist-chatswood-chase.html,2026-09-01,nsw-chase-chatswood,Accepted,true
eyeq-optometrists-vincentia,EyeQ Optometrists,Australia,NSW,EyeQ Optometrists Vincentia,corridor-au-nsw-vincentia-moona-creek-road,Moona Creek Road,High Street,Medium,Numbered street address without a corroborated centre match,https://www.eyeq.com.au/optometrist/vincentia/,2026-09-02,,Accepted,true
bupa-optical-3870856,Bupa Optical,Australia,NSW,Bupa Optical Wagga Wagga,corridor-au-nsw-wagga-wagga-baylis-street,Baylis Street,High Street,Medium,Numbered street address without a corroborated centre match,https://bupaoptical.bupa.com.au/pages/store/bupa-optical-wagga,2026-09-03,,Accepted,true
eyecare-plus-685,Eyecare Plus,Australia,NSW,Eyecare Plus Optometrists Wagga Wagga,corridor-au-nsw-wagga-wagga-baylis-street,Baylis Street,High Street,Medium,Numbered street address without a corroborated centre match,https://www.eyecareplus.com.au/wagga/,2026-09-02,,Accepted,true
independent-other-optical-provision-16850,Independent / Other optical,Australia,NSW,Zacharia Naumann Optometry,corridor-au-nsw-wagga-wagga-baylis-street,Baylis Street,High Street,Medium,Numbered street address without a corroborated centre match,https://www.provision.com.au/practice/zacharia-naumann-optometry/,2026-09-02,,Accepted,true
opsm-1021,OPSM,Australia,NSW,OPSM Wagga Wagga,place-au-nsw-wagga-wagga-marketplace,Wagga Wagga Marketplace,Shopping Centre,High,The current official OPSM directory identifies Shop 66 at Wagga Wagga Marketplace,https://www.opsm.com.au/find-store/nsw/albury,2026-09-03,,Accepted,true
optical-superstore-60378,Optical Superstore,Australia,NSW,Wagga Wagga – Baylis st,corridor-au-nsw-wagga-wagga-baylis-street,Baylis Street,High Street,Medium,Numbered street address without a corroborated centre match,https://opticalsuperstore.com.au/find-your-nearest-store/,2026-09-02,,Accepted,true
oscar-wylee-100,Oscar Wylee,Australia,NSW,Wagga Wagga,place-au-nsw-wagga-wagga-marketplace,Wagga Wagga Marketplace,Shopping Centre,High,Canonicalised from the store's named retail-place evidence,https://www.oscarwylee.com.au/locations/locations/optometrist-wagga-wagga.html,2026-09-01,nsw-marketplace-wagga,Accepted,true
specsavers-3254,Specsavers,Australia,NSW,Wagga Wagga,corridor-au-nsw-wagga-wagga-forsyth-street,Forsyth Street,High Street,High,The official store is at 56 Forsyth Street and does not identify Wagga Wagga Marketplace at 87 Baylis Street,https://www.specsavers.com.au/stores/waggawagga,2026-09-03,,Accepted,true
opsm-2959,OPSM,Australia,NSW,OPSM Wallsend,corridor-au-nsw-wallsend-kokera-street,Kokera Street,High Street,Medium,Numbered street address without a corroborated centre match,https://www.opsm.com.au/en/opsm-au/find-store,2026-09-01,,Accepted,true
the-optical-company-wallsend-2287,The Optical Company,Australia,NSW,The Optical Company Wallsend,corridor-au-nsw-wallsend-nelson-street,Nelson Street,High Street,Medium,Numbered street address without a corroborated centre match,https://www.opticalco.com.au/locations-listing/,2026-09-03,,Accepted,true
specsavers-3220,Specsavers,Australia,NSW,Warilla Grove Shopping Centre,place-au-nsw-warilla-grove-shopping-centre,Warilla Grove,Shopping Centre,High,Canonicalised from the store's named retail-place evidence,https://www.specsavers.com.au/stores/warilla,2026-09-01,nsw-grove-warilla,Accepted,true
eyecare-plus-687,Eyecare Plus,Australia,NSW,Eyecare Plus Optometrists Warners Bay,corridor-au-nsw-warners-bay-the-esplanade,The Esplanade,High Street,Medium,Best-judgement street-address classification; no centre evidence found,https://www.eyecareplus.com.au/warnersbay/,2026-09-02,,Accepted,true
independent-other-optical-provision-16888,Independent / Other optical,Australia,NSW,Ian Emslie Optometrist,place-au-nsw-warners-bay-village,Warners Bay Village,Shopping Centre,High,Canonicalised from the store's named retail-place evidence,https://www.provision.com.au/practice/ian-emslie-optometrist-warners-bay/,2026-09-02,nsw-bay-village-warners,Accepted,true
independent-other-optical-provision-16908,Independent / Other optical,Australia,NSW,Precise Vision,corridor-au-nsw-warrawong-cowper-street,Cowper Street,High Street,Medium,Numbered street address without a corroborated centre match,https://www.provision.com.au/practice/precise-vision/,2026-09-02,,Accepted,true
specsavers-3210,Specsavers,Australia,NSW,Warrawong,place-au-nsw-warrawong-plaza-shopping-centre,Warrawong Plaza,Shopping Centre,High,Canonicalised from the store's named retail-place evidence,https://www.specsavers.com.au/stores/warrawong,2026-09-01,nsw-plaza-sc-warrawong,Accepted,true
george-matilda-429,George & Matilda,Australia,NSW,George & Matilda Eyecare for Adel Optometrists,place-au-nsw-warriewood-square,Warriewood Square,Shopping Centre,High,Canonicalised from the store's named retail-place evidence,https://georgeandmatilda.com.au/stores/optometrist-warriewood-nsw/,2026-09-02,nsw-warriewood,Accepted,true
opsm-1068,OPSM,Australia,NSW,OPSM Warriewood,place-au-nsw-warriewood-square,Warriewood Square,Shopping Centre,High,The current official OPSM directory identifies Shop 024 at Warriewood Square,https://www.opsm.com.au/find-store/nsw/warriewood,2026-09-03,,Accepted,true
specsavers-3575,Specsavers,Australia,NSW,Warriewood,place-au-nsw-warriewood-square,Warriewood Square,Shopping Centre,High,Canonicalised from the store's named retail-place evidence,https://www.specsavers.com.au/stores/warriewood,2026-09-01,nsw-square-warriewood,Accepted,true
george-matilda-416,George & Matilda,Australia,NSW,George & Matilda Eyecare – Wauchope,corridor-au-nsw-wauchope-bransdon-street,Bransdon Street,High Street,Medium,Numbered street address without a corroborated centre match,https://georgeandmatilda.com.au/stores/optometrist-wauchope-nsw/,2026-09-02,,Accepted,true
opsm-2299,OPSM,Australia,NSW,OPSM Wauchope,corridor-au-nsw-wauchope-high-street,High Street,High Street,Medium,Numbered street address without a corroborated centre match,https://www.opsm.com.au/en/opsm-au/find-store,2026-09-01,,Accepted,true
george-matilda-489,George & Matilda,Australia,NSW,George & Matilda Eyecare for PG Optometrists,corridor-au-nsw-wentworthville-dunmore-street,Dunmore Street,High Street,Medium,Numbered street address without a corroborated centre match,https://georgeandmatilda.com.au/stores/optometrist-wentworthville-nsw/,2026-09-02,,Accepted,true
independent-other-optical-osm-au-node-10820638609,Independent / Other optical,Australia,NSW,Factory Direct Spectacles,corridor-au-nsw-wentworthville-great-western-highway,Great Western Highway,High Street,Medium,Numbered street address without a corroborated centre match,https://www.openstreetmap.org/node/10820638609,2026-09-01,,Accepted,true
opsm-1307,OPSM,Australia,NSW,OPSM Wetherill Park,corridor-au-nsw-wetherill-park-polding-street,Polding Street,High Street,Medium,Numbered street address without a corroborated centre match,https://www.opsm.com.au/en/opsm-au/find-store,2026-09-01,,Accepted,true
specsavers-3497,Specsavers,Australia,NSW,Wetherill Park Stockland,place-au-nsw-stockland-wetherill-park,Stockland Wetherill Park,Shopping Centre,High,Canonicalised from the store's named retail-place evidence,https://www.specsavers.com.au/stores/wetherillpark,2026-09-01,nsw-park-stockland-wetherill,Accepted,true
independent-other-optical-provision-16878,Independent / Other optical,Australia,NSW,Windsor Optometry,corridor-au-nsw-windsor-george-street,George Street,High Street,Medium,Numbered street address without a corroborated centre match,https://www.provision.com.au/practice/windsor-optometry/,2026-09-02,,Accepted,true
specsavers-3678,Specsavers,Australia,NSW,Windsor,place-au-nsw-windsor-riverview-shopping-centre,Windsor Riverview Shopping Centre,Shopping Centre,High,Canonicalised from the store's named retail-place evidence,https://www.specsavers.com.au/stores/windsor,2026-09-01,nsw-riverview-windsor,Accepted,true
opsm-2928,OPSM,Australia,NSW,OPSM Winston Hills,corridor-au-nsw-winston-hills-caroline-chisholm-drive,Caroline Chisholm Drive,High Street,Medium,Best-judgement street-address classification; no centre evidence found,https://www.opsm.com.au/en/opsm-au/find-store,2026-09-01,,Accepted,true
oscar-wylee-85,Oscar Wylee,Australia,NSW,Winston Hills,place-au-nsw-winston-hills-mall,Winston Hills Mall,Shopping Centre,High,Canonicalised from the store's named retail-place evidence,https://www.oscarwylee.com.au/locations/locations/optometrist-winston-hills.html,2026-09-01,nsw-hills-winston,Accepted,true
specsavers-3501,Specsavers,Australia,NSW,Winston Hills Mall,place-au-nsw-winston-hills-mall,Winston Hills Mall,Shopping Centre,High,Canonicalised from the store's named retail-place evidence,https://www.specsavers.com.au/stores/winstonhills,2026-09-01,nsw-hills-winston,Accepted,true
independent-other-optical-provision-297282,Independent / Other optical,Australia,NSW,Eye Definition Optometrists,corridor-au-nsw-wolli-creek-magdalene-terrace,Magdalene Terrace,High Street,Medium,Numbered street address without a corroborated centre match,https://www.provision.com.au/practice/eye-definition-optometrists/,2026-09-02,,Accepted,true
opsm-1015,OPSM,Australia,NSW,OPSM Wollongong,place-au-nsw-wollongong-central,Wollongong Central,Shopping Centre,High,Official store address matches the authoritative canonical place address,https://www.oscarwylee.com.au/locations/locations/optometrist-wollongong-central.html,2026-09-02,,Accepted,true
oscar-wylee-133,Oscar Wylee,Australia,NSW,Wollongong Central,place-au-nsw-wollongong-central,Wollongong Central,Shopping Centre,High,Official store name and address explicitly identify Wollongong Central,https://www.oscarwylee.com.au/locations/locations/optometrist-wollongong-central.html,2026-09-02,,Accepted,true
specsavers-3456,Specsavers,Australia,NSW,Wollongong - Crown St Mall,place-au-nsw-crown-st-mall,Crown Street Mall,High Street,High,Canonicalised from the store's named retail-place evidence,https://www.specsavers.com.au/stores/wollongong,2026-09-01,nsw-crown-st,Accepted,true
opsm-1311,OPSM,Australia,NSW,OPSM Woy Woy,place-au-nsw-deepwater-plaza-centre,Deepwater Plaza,Shopping Centre,High,Official Deepwater Plaza centre map lists OPSM at shop 32 inside the centre,https://www.deepwaterplaza.com.au/centre-map/,2026-09-02,,Accepted,true
specsavers-3538,Specsavers,Australia,NSW,Woy Woy,place-au-nsw-deepwater-plaza-centre,Deepwater Plaza,Shopping Centre,High,Canonicalised from the store's named retail-place evidence,https://www.specsavers.com.au/stores/woywoy,2026-09-01,nsw-deepwater-plaza,Accepted,true
independent-other-optical-osm-au-way-655284178,Independent / Other optical,Australia,NSW,Carl Emerton Optometrist,corridor-au-nsw-wyong-pacific-highway,Pacific Highway,High Street,Medium,Numbered street address without a corroborated centre match,https://www.carlemertonoptometrist.com.au/,2026-09-01,,Accepted,false
eyecare-plus-694,Eyecare Plus,Australia,NSW,Eyecare Plus Optometrists Yamba,corridor-au-nsw-yamba-treelands-drive,Treelands Drive,High Street,Medium,Numbered street address without a corroborated centre match,https://www.eyecareplus.com.au/yamba/,2026-09-02,,Accepted,true
eyeq-optometrists-young,EyeQ Optometrists,Australia,NSW,EyeQ Optometrists Young,corridor-au-nsw-young-boorowa-street,Boorowa Street,High Street,Medium,Numbered street address without a corroborated centre match,https://www.eyeq.com.au/optometrist/young/,2026-09-02,,Accepted,true
independent-other-optical-provision-16797,Independent / Other optical,Australia,NSW,Young Eyes,corridor-au-nsw-young-boorowa-street,Boorowa Street,High Street,Medium,Numbered street address without a corroborated centre match,https://www.provision.com.au/practice/optometrist-young-eyes/,2026-09-02,,Accepted,true
independent-other-optical-osm-au-node-5720362545,Independent / Other optical,Australia,NT,NT Optometrists,,,Uncertain,Uncertain,Location setting needs consultant review,https://www.openstreetmap.org/node/5720362545,2026-09-01,,Needs review,false
eyecare-plus-560,Eyecare Plus,Australia,NT,Eyecare Plus Optometrists Alice Springs,corridor-au-nt-alice-springs-hartley-street,Hartley Street,High Street,Medium,Numbered street address without a corroborated centre match,https://www.eyecareplus.com.au/alicesprings/,2026-09-02,,Accepted,true
opsm-1582,OPSM,Australia,NT,OPSM Alice Springs,corridor-au-nt-alice-springs-hartley-street,Hartley Street,High Street,Medium,Numbered street address without a corroborated centre match,https://www.opsm.com.au/en/opsm-au/find-store,2026-09-01,,Accepted,true
optical-superstore-60380,Optical Superstore,Australia,NT,Alice Plaza S/C,place-au-nt-alice-plaza-shopping-centre,Alice Plaza Shopping Centre,Shopping Centre,High,Canonicalised from the store's named retail-place evidence,https://opticalsuperstore.com.au/find-your-nearest-store/,2026-09-02,nt-alice-plaza,Accepted,true
optical-superstore-63127,Optical Superstore,Australia,NT,Casuarina,place-au-nt-casuarina-square,Casuarina Square,Shopping Centre,High,Canonicalised from the store's named retail-place evidence,https://opticalsuperstore.com.au/find-your-nearest-store/,2026-09-02,nt-casuarina-square,Accepted,true
oscar-wylee-115,Oscar Wylee,Australia,NT,Casuarina Square,place-au-nt-casuarina-square,Casuarina Square,Shopping Centre,High,Canonicalised from the store's named retail-place evidence,https://www.oscarwylee.com.au/locations/locations/optometrist-casuarina.html,2026-09-01,nt-casuarina-square,Accepted,true
specsavers-3689,Specsavers,Australia,NT,Casuarina,place-au-nt-casuarina-square,Casuarina Square,Shopping Centre,High,Canonicalised from the store's named retail-place evidence,https://www.specsavers.com.au/stores/casuarina,2026-09-01,nt-casuarina-square,Accepted,true
independent-other-optical-provision-338705,Independent / Other optical,Australia,NT,Darwin Eyecare,corridor-au-nt-darwin-cavenagh-street,Cavenagh Street,High Street,Medium,Numbered street address without a corroborated centre match,https://www.provision.com.au/practice/darwin-eyecare/,2026-09-02,,Accepted,true
opsm-1200,OPSM,Australia,NT,OPSM Casuarina,corridor-au-nt-darwin-trower-road,Trower Road,High Street,Medium,Numbered street address without a corroborated centre match,https://www.opsm.com.au/en/opsm-au/find-store,2026-09-01,,Accepted,true
opsm-1577,OPSM,Australia,NT,OPSM Darwin,corridor-au-nt-darwin-smith-street,Smith Street,High Street,Medium,Best-judgement street-address classification; no centre evidence found,https://www.opsm.com.au/en/opsm-au/find-store,2026-09-01,,Accepted,true
specsavers-3317,Specsavers,Australia,NT,Hibiscus Shoppingtown,place-au-nt-hibiscus-shoppingtown,Hibiscus Shoppingtown,Shopping Centre,High,Canonicalised from the store's named retail-place evidence,https://www.specsavers.com.au/stores/darwinnorth,2026-09-01,nt-hibiscus,Accepted,true
opsm-1580,OPSM,Australia,NT,OPSM Katherine,corridor-au-nt-katherine-katherine-terrace,Katherine Terrace,High Street,Medium,Best-judgement street-address classification; no centre evidence found,https://www.opsm.com.au/en/opsm-au/find-store,2026-09-01,,Accepted,true
specsavers-3318,Specsavers,Australia,NT,Palmerston,place-au-nt-oasis-shopping-centre,Oasis Shopping Village,Shopping Centre,High,Canonicalised from the store's named retail-place evidence,https://www.specsavers.com.au/stores/palmerston,2026-09-01,nt-oasis,Accepted,true
optical-superstore-60382,Optical Superstore,Australia,NT,Gateway S/C,place-au-nt-gateway-shopping-centre,Gateway Shopping Centre,Shopping Centre,High,Canonicalised from the store's named retail-place evidence,https://opticalsuperstore.com.au/find-your-nearest-store/,2026-09-02,nt-gateway,Accepted,true
bupa-optical-4924963,Bupa Optical,Australia,NT,Helen Summers Optometrists Darwin,corridor-au-nt-parap-salonika-street,Salonika Street,High Street,Medium,Numbered street address without a corroborated centre match,https://bupaoptical.bupa.com.au/pages/store/helen-summers-optometrists,2026-09-03,,Accepted,true
opsm-1191,OPSM,Australia,NT,OPSM Palmerston,corridor-au-nt-yarrawonga-roystonea-avenue,Roystonea Avenue,High Street,Medium,Numbered street address without a corroborated centre match,https://www.opsm.com.au/en/opsm-au/find-store,2026-09-01,,Accepted,true
opsm-nz-2955,OPSM,New Zealand,Nelson,OPSM Blenheim,corridor-nz-nelson-blenheim-market-street,Market Street,High Street,Medium,Numbered street address without a corroborated centre match,https://www.opsm.co.nz/find-store,2026-09-01,,Accepted,true
matthews-eyecare-nz-56812204,Matthews Eyecare,New Zealand,Nelson,Matthews Eyecare,place-nz-nelson-buxton-square,Buxton Square,Shopping Centre,High,Canonicalised from the store's named retail-place evidence,https://matthews.co.nz/practices/nelson/,2026-09-03,nelson-buxton-square,Accepted,true
opsm-nz-1643,OPSM,New Zealand,Nelson,OPSM Nelson,corridor-nz-nelson-nelson-trafalgar-street,Trafalgar Street,High Street,Medium,Numbered street address without a corroborated centre match,https://www.opsm.co.nz/find-store,2026-09-01,,Accepted,true
specsavers-nz-3834,Specsavers,New Zealand,Nelson,Nelson CBD,corridor-nz-nelson-nelson-trafalgar-street,Trafalgar Street,High Street,Medium,Numbered street address without a corroborated centre match,https://www.specsavers.co.nz/stores/nelson,2026-09-01,,Accepted,true
opsm-nz-2828,OPSM,New Zealand,Nelson,OPSM Richmond,place-nz-tasman-richmond-mall,Richmond Mall,Shopping Centre,High,Canonicalised from the store's named retail-place evidence,https://www.opsm.co.nz/find-store,2026-09-01,nelson-richmond,Accepted,true
independent-other-optical-osm-ne-node-12381329536,Independent / Other optical,New Zealand,Northland,The Optical Shop,corridor-nz-northland--state-highway-10,State Highway 10,High Street,Medium,Public business reporting identifies this source location at 2052 State Highway 10 Waipapa; it is retained as a street-front historical lead because the retailer's current official directory no longer lists Waipapa,https://www.nzoptics.co.nz/live-articles/concerns-raised-about-the-optical-shop/,2026-09-03,,Accepted,false
independent-other-optical-osm-ne-node-12577152601,Independent / Other optical,New Zealand,Northland,The Optical Shop,corridor-nz-northland--cameron-street,Cameron Street,High Street,High,The retailer's current official directory identifies its Whangarei storefront at 68 Cameron Street,https://theopticalshop.co.nz/locations/,2026-09-03,,Accepted,false
matthews-eyecare-nz-aePVyAsOS-my1Du-ENsu_Q,Matthews Eyecare,New Zealand,Northland,Kerikeri Optometrists,place-nz-northland-john-butler-centre,John Butler Centre,Shopping Centre,High,Canonicalised from the store's named retail-place evidence,https://matthews.co.nz/practices/oamaru-eyecare/,2026-09-03,northland-butler-john,Accepted,true
specsavers-nz-3817,Specsavers,New Zealand,Northland,Kerikeri,corridor-nz-northland-kerikeri-kerikeri-road,Kerikeri Road,High Street,Medium,Numbered street address without a corroborated centre match,https://www.specsavers.co.nz/stores/kerikeri,2026-09-01,,Accepted,true
matthews-eyecare-nz-56793134,Matthews Eyecare,New Zealand,Northland,Matthews & Cook Eyecare,corridor-nz-northland-whangarei-bank-street,Bank Street,High Street,Medium,Numbered street address without a corroborated centre match,https://matthews.co.nz/practices/whangarei/,2026-09-03,,Accepted,true
opsm-nz-1694,OPSM,New Zealand,Northland,OPSM Whangarei,corridor-nz-northland-whangarei-cameron-street,Cameron Street,High Street,Medium,Numbered street address without a corroborated centre match,https://www.opsm.co.nz/find-store,2026-09-01,,Accepted,true
specsavers-nz-3818,Specsavers,New Zealand,Northland,Whangarei,corridor-nz-northland-whangarei-james-street,James Street,High Street,Medium,Numbered street address without a corroborated centre match,https://www.specsavers.co.nz/stores/whangarei,2026-09-01,,Accepted,true
independent-other-optical-osm-ne-node-4777975526,Independent / Other optical,New Zealand,Otago,Central otago optics,,,Uncertain,Uncertain,Location setting needs consultant review,https://www.openstreetmap.org/node/4777975526,2026-09-01,,Needs review,false
independent-other-optical-osm-ne-node-10864300613,Independent / Other optical,New Zealand,Otago,Ocula,,,Uncertain,Uncertain,Location setting needs consultant review,https://www.openstreetmap.org/node/10864300613,2026-09-01,,Needs review,false
independent-other-optical-osm-ne-node-14071539647,Independent / Other optical,New Zealand,Otago,Peter Dick Optometrists,,,Uncertain,Uncertain,Location setting needs consultant review,https://www.openstreetmap.org/node/14071539647,2026-09-01,,Needs review,false
bailey-nelson-nz-optometrist-dunedin,Bailey Nelson,New Zealand,Otago,Bailey Nelson Dunedin,place-nz-otago-meridian-mall,Meridian Mall,Shopping Centre,High,Canonicalised from the store's named retail-place evidence,https://baileynelson.co.nz/pages/optometrist-dunedin,2026-09-01,otago-meridian,Accepted,true
matthews-eyecare-nz-120105905,Matthews Eyecare,New Zealand,Otago,Matthews Eyecare (Formerly Bridgmount & Matthews),corridor-nz-otago-dunedin-king-edward-street-2,King Edward Street,High Street,Medium,Numbered street address without a corroborated centre match,https://matthews.co.nz/practices/dunedin/,2026-09-03,,Accepted,true
opsm-nz-1675,OPSM,New Zealand,Otago,OPSM Dunedin,corridor-nz-otago-dunedin-george-street,George Street,High Street,Medium,Numbered street address without a corroborated centre match,https://www.opsm.co.nz/find-store,2026-09-01,,Accepted,true
specsavers-nz-3838,Specsavers,New Zealand,Otago,Dunedin,corridor-nz-otago-dunedin-george-street,George Street,High Street,Medium,Numbered street address without a corroborated centre match,https://www.specsavers.co.nz/stores/dunedin,2026-09-01,,Accepted,true
specsavers-nz-3872,Specsavers,New Zealand,Otago,South Dunedin,corridor-nz-otago-dunedin-king-edward-street-1,King Edward Street,High Street,Medium,Numbered street address without a corroborated centre match,https://www.specsavers.co.nz/stores/south-dunedin,2026-09-01,,Accepted,true
matthews-eyecare-nz-159009135,Matthews Eyecare,New Zealand,Otago,Oamaru Eyecare,corridor-nz-otago-oamaru-thames-highway,Thames Highway,High Street,Medium,Numbered street address without a corroborated centre match,https://matthews.co.nz/practices/oamaru-eyecare/,2026-09-03,,Accepted,true
opsm-nz-1610,OPSM,New Zealand,Otago,OPSM Queenstown,corridor-nz-otago-queenstown-grant-road,Grant Road,High Street,Medium,Numbered street address without a corroborated centre match,https://www.opsm.co.nz/find-store,2026-09-01,,Accepted,true
specsavers-nz-3856,Specsavers,New Zealand,Otago,Queenstown- Remarkables,place-nz-otago-remarkables-park-town-centre,Remarkables Park Town Centre,Shopping Centre,High,Canonicalised from the store's named retail-place evidence,https://www.specsavers.co.nz/stores/queenstown,2026-09-01,otago-park-remarkables-town,Accepted,true
matthews-eyecare-nz-122878592,Matthews Eyecare,New Zealand,Otago,Matthews Central Vision,corridor-nz-otago-wanaka-cardrona-valley-road,Cardrona Valley Road,High Street,Medium,Numbered street address without a corroborated centre match,https://matthews.co.nz/practices/wanaka-matthews-eyecare/,2026-09-03,,Accepted,true
independent-other-optical-osm-au-node-12785778224,Independent / Other optical,Australia,QLD,20/20 Eyewear,,,Uncertain,Uncertain,Location setting needs consultant review,https://www.openstreetmap.org/node/12785778224,2026-09-01,,Needs review,false
independent-other-optical-osm-au-node-5471854202,Independent / Other optical,Australia,QLD,About Specs,,,Uncertain,Uncertain,Location setting needs consultant review,https://www.openstreetmap.org/node/5471854202,2026-09-01,,Needs review,false
independent-other-optical-osm-au-node-7600973401,Independent / Other optical,Australia,QLD,Absolute Vision Optometrist,,,Uncertain,Uncertain,Location setting needs consultant review,https://www.openstreetmap.org/node/7600973401,2026-09-01,,Needs review,false
independent-other-optical-osm-au-node-2079907028,Independent / Other optical,Australia,QLD,BrightEyes,,,Uncertain,Uncertain,Location setting needs consultant review,https://www.openstreetmap.org/node/2079907028,2026-09-01,,Needs review,false
independent-other-optical-osm-au-node-4772042225,Independent / Other optical,Australia,QLD,BrightEyes,,,Uncertain,Uncertain,Location setting needs consultant review,https://www.openstreetmap.org/node/4772042225,2026-09-01,,Needs review,false
independent-other-optical-osm-au-node-10272461284,Independent / Other optical,Australia,QLD,BrightEyes Sunglasses,,,Uncertain,Uncertain,Location setting needs consultant review,https://www.openstreetmap.org/node/10272461284,2026-09-01,,Needs review,false
independent-other-optical-osm-au-node-3616959074,Independent / Other optical,Australia,QLD,Christensen Harbison,,,Uncertain,Uncertain,Location setting needs consultant review,https://www.openstreetmap.org/node/3616959074,2026-09-01,,Needs review,false
independent-other-optical-osm-au-node-615108303,Independent / Other optical,Australia,QLD,Emphasis on Eyecare,,,Uncertain,Uncertain,Location setting needs consultant review,https://www.openstreetmap.org/node/615108303,2026-09-01,,Needs review,false
independent-other-optical-osm-au-node-11984932693,Independent / Other optical,Australia,QLD,Eye Love,,,Uncertain,Uncertain,Location setting needs consultant review,https://www.openstreetmap.org/node/11984932693,2026-09-01,,Needs review,false
independent-other-optical-osm-au-node-4845383785,Independent / Other optical,Australia,QLD,Eye to Eye,,,Uncertain,Uncertain,Location setting needs consultant review,https://www.openstreetmap.org/node/4845383785,2026-09-01,,Needs review,false
independent-other-optical-osm-au-node-735998260,Independent / Other optical,Australia,QLD,Eyes On U Optical,,,Uncertain,Uncertain,Location setting needs consultant review,https://www.openstreetmap.org/node/735998260,2026-09-01,,Needs review,false
independent-other-optical-osm-au-way-1347944904,Independent / Other optical,Australia,QLD,For Eyes Only,,,Uncertain,Uncertain,Location setting needs consultant review,https://www.openstreetmap.org/way/1347944904,2026-09-01,,Needs review,false
independent-other-optical-osm-au-node-5589514647,Independent / Other optical,Australia,QLD,Greg Bowyer Eyeware,,,Uncertain,Uncertain,Location setting needs consultant review,https://www.openstreetmap.org/node/5589514647,2026-09-01,,Needs review,false
independent-other-optical-osm-au-node-12319824788,Independent / Other optical,Australia,QLD,Image Eyewear,,,Uncertain,Uncertain,Location setting needs consultant review,https://www.openstreetmap.org/node/12319824788,2026-09-01,,Needs review,false
independent-other-optical-osm-au-node-5631549727,Independent / Other optical,Australia,QLD,Knights & Associates Eyecare,,,Uncertain,Uncertain,Location setting needs consultant review,https://www.openstreetmap.org/node/5631549727,2026-09-01,,Needs review,false
independent-other-optical-osm-au-node-7092641917,Independent / Other optical,Australia,QLD,Lense Pro Optometrists,,,Uncertain,Uncertain,Location setting needs consultant review,https://www.openstreetmap.org/node/7092641917,2026-09-01,,Needs review,false
independent-other-optical-osm-au-node-8969261058,Independent / Other optical,Australia,QLD,Morayfield Eyewear,,,Uncertain,Uncertain,Location setting needs consultant review,https://www.openstreetmap.org/node/8969261058,2026-09-01,,Needs review,false
independent-other-optical-osm-au-node-12310587681,Independent / Other optical,Australia,QLD,My2020,,,Uncertain,Uncertain,Location setting needs consultant review,https://www.openstreetmap.org/node/12310587681,2026-09-01,,Needs review,false
independent-other-optical-osm-au-node-3808231195,Independent / Other optical,Australia,QLD,Queensland Eye Specialists,,,Uncertain,Uncertain,Location setting needs consultant review,https://www.openstreetmap.org/node/3808231195,2026-09-01,,Needs review,false
independent-other-optical-osm-au-node-12254014860,Independent / Other optical,Australia,QLD,Sunny Line,,,Uncertain,Uncertain,Location setting needs consultant review,https://www.openstreetmap.org/node/12254014860,2026-09-01,,Needs review,false
independent-other-optical-osm-au-node-9789479039,Independent / Other optical,Australia,QLD,Taylor Eyeware,,,Uncertain,Uncertain,Location setting needs consultant review,https://www.openstreetmap.org/node/9789479039,2026-09-01,,Needs review,false
independent-other-optical-osm-au-node-10272461271,Independent / Other optical,Australia,QLD,Torga Optical,,,Uncertain,Uncertain,Location setting needs consultant review,https://www.openstreetmap.org/node/10272461271,2026-09-01,,Needs review,false
independent-other-optical-osm-au-node-9787115074,Independent / Other optical,Australia,QLD,Vision Precinct,,,Uncertain,Uncertain,Location setting needs consultant review,https://www.openstreetmap.org/node/9787115074,2026-09-01,,Needs review,false
independent-other-optical-osm-au-way-1241866996,Independent / Other optical,Australia,QLD,icontact,,,Uncertain,Uncertain,Location setting needs consultant review,https://www.openstreetmap.org/way/1241866996,2026-09-01,,Needs review,false
optical-superstore-63133,Optical Superstore,Australia,QLD,Inala,place-au-qld-optometrists-inala-plaza,Inala Plaza,Shopping Centre,High,Canonicalised from the store's named retail-place evidence,https://opticalsuperstore.com.au/find-your-nearest-store/,2026-09-02,qld-inala-plaza,Accepted,true
opsm-1161,OPSM,Australia,QLD,OPSM Townsville,corridor-au-qld-aitkenvale-ross-river-road,Ross River Road,High Street,Medium,Numbered street address without a corroborated centre match,https://www.opsm.com.au/en/opsm-au/find-store,2026-09-01,,Accepted,true
optical-superstore-61305,Optical Superstore,Australia,QLD,Townsville – Aitkenvale,corridor-au-qld-aitkenvale-ross-river-road,Ross River Road,High Street,Medium,Numbered street address without a corroborated centre match,https://opticalsuperstore.com.au/find-your-nearest-store/,2026-09-02,,Accepted,true
oscar-wylee-83,Oscar Wylee,Australia,QLD,Townsville,place-au-qld-stockland-townsville,Townsville Shopping Centre,Shopping Centre,High,Canonicalised from the store's named retail-place evidence,https://www.oscarwylee.com.au/locations/locations/optometrist-townsville.html,2026-09-01,qld-stockland-townsville,Accepted,true
specsavers-3499,Specsavers,Australia,QLD,Townsville Aitkenvale,place-au-qld-stockland-townsville,Townsville Shopping Centre,Shopping Centre,High,Canonicalised from the store's named retail-place evidence,https://www.specsavers.com.au/stores/townsvilleaitkenvale,2026-09-01,qld-townsville,Accepted,true
george-matilda-430,George & Matilda,Australia,QLD,George & Matilda Eyecare for Albany Creek Optometrists,place-au-qld-albany-creek-village,Albany Creek Village,Shopping Centre,High,Canonicalised from the store's named retail-place evidence,https://georgeandmatilda.com.au/stores/optometrist-albany-creek-qld/,2026-09-02,qld-albany-creek-village,Accepted,true
chemist-warehouse-optometry-loc_83c238eec174e184d77ea4c8,Chemist Warehouse Optometry,Australia,QLD,Aphrodite Livanes Optometrists,place-au-qld-alexandra-hills-shopping-centre,Alexandra Hills Shopping Centre,Shopping Centre,High,Canonicalised from the store's named retail-place evidence,https://chemistwarehouseoptometry.com.au/pages/store-details/aphrodite-livanes-optometrists,2026-09-03,qld-alexandra-hills,Accepted,true
specsavers-3636,Specsavers,Australia,QLD,Rockhampton Allenstown,place-au-qld-allenstown-square,Allenstown Shopping Centre,Shopping Centre,High,Canonicalised from the store's named retail-place evidence,https://www.specsavers.com.au/stores/rockhamptonallenstown,2026-09-01,qld-allenstown-square,Accepted,true
optical-superstore-60356,Optical Superstore,Australia,QLD,Arana Hills Plaza,place-au-qld-arana-hills-plaza,Arana Hills Plaza,Shopping Centre,High,Canonicalised from the store's named retail-place evidence,https://opticalsuperstore.com.au/find-your-nearest-store/,2026-09-02,qld-arana-hills-plaza,Accepted,true
specsavers-3224,Specsavers,Australia,QLD,Arundel Plaza,place-au-qld-arundel-plaza,Arundel Plaza,Shopping Centre,High,Canonicalised from the store's named retail-place evidence,https://www.specsavers.com.au/stores/arundel,2026-09-01,qld-arundel-plaza,Accepted,true
independent-other-optical-provision-17467,Independent / Other optical,Australia,QLD,Ascot Optical,corridor-au-qld-ascot-racecourse-road,Racecourse Road,High Street,Medium,Numbered street address without a corroborated centre match,https://www.provision.com.au/practice/ascot-optical/,2026-09-02,,Accepted,true
eyecare-plus-2295,Eyecare Plus,Australia,QLD,Eyecare Plus Optometrists Ashgrove,corridor-au-qld-ashgrove-waterworks-road,Waterworks Road,High Street,Medium,Numbered street address without a corroborated centre match,https://www.eyecareplus.com.au/ashgrove/,2026-09-02,,Accepted,true
independent-other-optical-provision-123746,Independent / Other optical,Australia,QLD,Ashgrove Optical,corridor-au-qld-ashgrove-waterworks-road,Waterworks Road,High Street,Medium,Numbered street address without a corroborated centre match,https://www.provision.com.au/practice/optometrist-ashgrove-optical/,2026-09-02,,Accepted,true
george-matilda-436,George & Matilda,Australia,QLD,George & Matilda Eyecare for Aspley Optical,corridor-au-qld-aspley-robinson-road,Robinson Road,High Street,Medium,Best-judgement street-address classification; no centre evidence found,https://georgeandmatilda.com.au/stores/optometrist-aspley-qld/,2026-09-02,,Accepted,true
opsm-2272,OPSM,Australia,QLD,OPSM Aspley,place-au-qld-aspley-hypermarket,Aspley Hypermarket,Shopping Centre,High,The current official Aspley Hypermarket directory lists OPSM,https://www.aspleyhypermarket.com.au/centre-info/directory/,2026-09-03,,Accepted,true
optical-superstore-60461,Optical Superstore,Australia,QLD,Robinson Road Marketplace,place-au-qld-robinson-road-marketplace,Robinson Road Marketplace,Shopping Centre,High,Canonicalised from the store's named retail-place evidence,https://opticalsuperstore.com.au/find-your-nearest-store/,2026-09-02,qld-marketplace-road-robinson,Accepted,true
specsavers-3629,Specsavers,Australia,QLD,Aspley,place-au-qld-aspley-hypermarket,Aspley Hypermarket,Shopping Centre,High,Canonicalised from the store's named retail-place evidence,https://www.specsavers.com.au/stores/aspley,2026-09-01,qld-aspley-hypermarket,Accepted,true
george-matilda-437,George & Matilda,Australia,QLD,George & Matilda Eyecare for Atherton Optometrist,corridor-au-qld-atherton-main-street,Main Street,High Street,Medium,Numbered street address without a corroborated centre match,https://georgeandmatilda.com.au/stores/optometrist-atherton-qld/,2026-09-02,,Accepted,true
independent-other-optical-provision-17524,Independent / Other optical,Australia,QLD,Bryan Stevens Optometrist,corridor-au-qld-atherton-herberton-road,Herberton Road,High Street,Medium,Numbered street address without a corroborated centre match,https://www.provision.com.au/practice/bryan-stevens-optometrist-atherton/,2026-09-02,,Accepted,true
specsavers-3378,Specsavers,Australia,QLD,Bundaberg Sugarland,place-au-qld-sugarland-shoppingtown,Sugarland Plaza,Shopping Centre,High,Canonicalised from the store's named retail-place evidence,https://www.specsavers.com.au/stores/bundabergsugarland,2026-09-01,qld-sugarland,Accepted,true
eyecare-plus-9744,Eyecare Plus,Australia,QLD,Eyecare Plus Optometrists Ayr,corridor-au-qld-ayr-queen-street,Queen Street,High Street,Medium,Numbered street address without a corroborated centre match,https://www.eyecareplus.com.au/ayr/,2026-09-02,,Accepted,true
independent-other-optical-provision-17605,Independent / Other optical,Australia,QLD,Clear Optometry,corridor-au-qld-bargara-bauer-street,Bauer Street,High Street,Medium,Numbered street address without a corroborated centre match,https://www.provision.com.au/practice/clear-optometry/,2026-09-02,,Accepted,true
eyecare-plus-569,Eyecare Plus,Australia,QLD,Eyecare Plus Optometrists Beaudesert,,,Other,High,Official name/address contains a non-centre commercial venue term,https://www.eyecareplus.com.au/beaudesert/,2026-09-02,,Accepted,true
specsavers-3285,Specsavers,Australia,QLD,Beaudesert Central,place-au-qld-beaudesert-central-shopping-centre,Beaudesert Central Shopping Centre,Shopping Centre,High,Canonicalised from the store's named retail-place evidence,https://www.specsavers.com.au/stores/beaudesert,2026-09-01,qld-beaudesert-central,Accepted,true
eyecare-plus-570,Eyecare Plus,Australia,QLD,Eyecare Plus Optometrists Beenleigh,place-au-qld-the-mall,The Mall,Shopping Centre,High,Canonicalised from the store's named retail-place evidence,https://www.eyecareplus.com.au/beenleigh/,2026-09-02,qld-the,Accepted,true
specsavers-3447,Specsavers,Australia,QLD,Beenleigh Marketplace,place-au-qld-beenleigh-marketplace,Beenleigh Marketplace,Shopping Centre,High,Canonicalised from the store's named retail-place evidence,https://www.specsavers.com.au/stores/beenleigh,2026-09-01,qld-beenleigh-marketplace,Accepted,true
specsavers-3207,Specsavers,Australia,QLD,Beerwah Village,place-au-qld-beerwah-village,Beerwah Village,Shopping Centre,High,Canonicalised from the store's named retail-place evidence,https://www.specsavers.com.au/stores/beerwah,2026-09-01,qld-beerwah-village,Accepted,true
eyecare-plus-573,Eyecare Plus,Australia,QLD,Eyecare Plus Optometrists Benowa,place-au-qld-benowa-gardens-s-centre,Benowa Gardens S/Centre,Shopping Centre,High,Canonicalised from the store's named retail-place evidence,https://www.eyecareplus.com.au/benowa/,2026-09-02,qld-benowa-gardens-s,Accepted,true
independent-other-optical-provision-17608,Independent / Other optical,Australia,QLD,Biloela Optical,corridor-au-qld-biloela-gladstone-road,Gladstone Road,High Street,Medium,Numbered street address without a corroborated centre match,https://www.provision.com.au/practice/biloela-optical/,2026-09-02,,Accepted,true
opsm-2982,OPSM,Australia,QLD,OPSM Birtinya,place-au-unknown-stockland-birtinya,Stockland Birtinya,Shopping Centre,High,Official store address matches the authoritative canonical place address,https://www.stockland.com.au/shopping-centres/centres/stockland-birtinya,2026-09-02,,Accepted,true
specsavers-3619,Specsavers,Australia,QLD,Bribie Island,place-au-qld-bribie-island-shopping-centre,Bribie Island Shopping Centre,Shopping Centre,High,Canonicalised from the store's named retail-place evidence,https://www.specsavers.com.au/stores/bribieisland,2026-09-01,qld-bribie-island,Accepted,true
opsm-1065,OPSM,Australia,QLD,OPSM Booval,corridor-au-qld-booval-brisbane-road,Brisbane Road,High Street,Medium,Numbered street address without a corroborated centre match,https://www.opsm.com.au/en/opsm-au/find-store,2026-09-01,,Accepted,true
optical-warehouse-booval-fair,Optical Warehouse,Australia,QLD,Optical Warehouse Booval (incorporating LensPro),place-au-unknown-booval-fair-shopping-centre,Booval Fair,Shopping Centre,High,Canonicalised from the store's named retail-place evidence,https://www.opticalwarehouse.com.au/local_store/booval-fair/,2026-09-03,qld-booval-fair,Accepted,true
independent-other-optical-provision-17627,Independent / Other optical,Australia,QLD,Boyne Optical,place-au-qld-boyne-plaza,Boyne Plaza,Shopping Centre,High,Canonicalised from the store's named retail-place evidence,https://www.provision.com.au/practice/boyne-optical/,2026-09-02,qld-boyne-plaza,Accepted,true
george-matilda-404,George & Matilda,Australia,QLD,George & Matilda Eyecare – Bribie Island,place-au-qld-bribie-island-shopping-centre,Bribie Island Shopping Centre,Shopping Centre,High,Canonicalised from the store's named retail-place evidence,https://georgeandmatilda.com.au/stores/optometrist-bribie-island-qld/,2026-09-02,qld-bribie-island,Accepted,true
bailey-nelson-brisbane-macarthur,Bailey Nelson,Australia,QLD,Bailey Nelson Brisbane MacArthur,place-au-qld-macarthur-central,Macarthur Central,Shopping Centre,High,The current official Bailey Nelson directory explicitly identifies Macarthur Central Shopping Centre,https://baileynelson.com.au/pages/boutiques,2026-09-03,,Accepted,true
dresden-vision-16,Dresden Vision,Australia,QLD,Dresden Vision West End,corridor-au-qld-brisbane-boundary-street,Boundary Street,High Street,Medium,Numbered street address without a corroborated centre match,https://dresden.vision/au/stores/west-end,2026-09-03,,Accepted,true
george-matilda-17218,George & Matilda,Australia,QLD,Eyes on Edward,corridor-au-qld-brisbane-edward-street,Edward Street,High Street,Medium,Numbered street address without a corroborated centre match,https://georgeandmatilda.com.au/stores/optometrist-brisbane-qld/,2026-09-02,,Accepted,true
george-matilda-17212,George & Matilda,Australia,QLD,Optiko – Queen St Mall,place-au-qld-optiko-queen-st-mall,Optiko – Queen St Mall,Shopping Centre,High,Canonicalised from the store's named retail-place evidence,https://georgeandmatilda.com.au/stores/optometrist-brisbane-city-qld/,2026-09-02,qld-optiko-queen-st,Accepted,true
opsm-1513,OPSM,Australia,QLD,OPSM Albert St Brisbane,corridor-au-qld-brisbane-albert-street,Albert Street,High Street,Medium,Numbered street address without a corroborated centre match,https://www.opsm.com.au/en/opsm-au/find-store,2026-09-01,,Accepted,true
opsm-1464,OPSM,Australia,QLD,OPSM Wintergarden,corridor-au-qld-brisbane-queen-street,Queen Street,High Street,Medium,Numbered street address without a corroborated centre match,https://www.opsm.com.au/en/opsm-au/find-store,2026-09-01,,Accepted,true
specsavers-3527,Specsavers,Australia,QLD,Brisbane - Creek Street,corridor-au-qld-brisbane-queen-street-brisbane,Queen Street Brisbane,High Street,Medium,Official address is a Queen Street shop in an office building rather than a shopping centre,https://www.specsavers.com.au/stores/brisbanecbdeast,2026-09-02,,Accepted,true
specsavers-3432,Specsavers,Australia,QLD,Brisbane CBD - Albert St,corridor-au-qld-brisbane-albert-street,Albert Street,High Street,Medium,Numbered street address without a corroborated centre match,https://www.specsavers.com.au/stores/brisbanecbd,2026-09-01,,Accepted,true
bupa-optical-13626244,Bupa Optical,Australia,QLD,Bupa Optical & Hearing Brisbane,corridor-au-qld-brisbane-city-adelaide-street,Adelaide Street,High Street,Medium,Numbered street address without a corroborated centre match,https://bupaoptical.bupa.com.au/pages/store/bupa-optical-adelaide-st-brisbane,2026-09-03,,Accepted,true
oscar-wylee-54,Oscar Wylee,Australia,QLD,Albert St,corridor-au-qld-brisbane-city-queen-street,Queen Street,High Street,Medium,Numbered street address without a corroborated centre match,https://www.oscarwylee.com.au/locations/locations/optometrist-albert-st.html,2026-09-01,,Accepted,true
bailey-nelson-gold-coast,Bailey Nelson,Australia,QLD,Bailey Nelson Gold Coast Pacific Fair,place-au-qld-pacific-fair,Pacific Fair,Shopping Centre,High,Canonicalised from the store's named retail-place evidence,https://baileynelson.com.au/pages/optometrist-gold-coast,2026-09-01,qld-coast-fair-gold-pacific,Accepted,true
bupa-optical-13626273,Bupa Optical,Australia,QLD,Bupa Optical & Hearing Pacific Fair,place-au-qld-pacific-fair,Pacific Fair,Shopping Centre,High,Canonicalised from the store's named retail-place evidence,https://bupaoptical.bupa.com.au/pages/store/bupa-optical-pacific-fair,2026-09-03,qld-fair-pacific,Accepted,true
opsm-1495,OPSM,Australia,QLD,OPSM Pacific Fair,place-au-qld-pacific-fair,Pacific Fair,Shopping Centre,High,Canonicalised from the store's named retail-place evidence,https://www.opsm.com.au/en/opsm-au/find-store,2026-09-01,qld-fair-pacific,Accepted,true
oscar-wylee-58,Oscar Wylee,Australia,QLD,Pacific Fair,place-au-qld-pacific-fair,Pacific Fair,Shopping Centre,High,Canonicalised from the store's named retail-place evidence,https://www.oscarwylee.com.au/locations/locations/optometrist-pacific-fair.html,2026-09-01,qld-fair-pacific,Accepted,true
specsavers-3562,Specsavers,Australia,QLD,Pacific Fair,place-au-qld-pacific-fair,Pacific Fair,Shopping Centre,High,Canonicalised from the store's named retail-place evidence,https://www.specsavers.com.au/stores/broadbeach,2026-09-01,qld-fair-pacific,Accepted,true
george-matilda-17215,George & Matilda,Australia,QLD,Vedelago,corridor-au-qld-browns-plains-browns-plains-road,Browns Plains Road,High Street,Medium,Numbered street address without a corroborated centre match,https://georgeandmatilda.com.au/stores/optometrist-browns-plains-qld/,2026-09-02,,Accepted,true
opsm-1357,OPSM,Australia,QLD,OPSM Browns Plains,place-au-qld-browns-plains-grand-plaza-shopping-centre,Grand Plaza,Shopping Centre,High,Official Grand Plaza directory lists OPSM as a centre tenant,https://www.grandplaza.com.au/shopping,2026-09-03,,Accepted,true
optical-warehouse-browns-plains,Optical Warehouse,Australia,QLD,Optical Warehouse Browns Plains,place-au-qld-grand-plaza-shopping-centre-browns-plains-qld-4118,Grand Plaza Shopping Centre Browns Plains QLD 4118,Shopping Centre,High,Canonicalised from the store's named retail-place evidence,https://www.opticalwarehouse.com.au/local_store/browns-plains/,2026-09-03,qld-4118-browns-grand-plains-plaza-qld,Accepted,true
specsavers-3411,Specsavers,Australia,QLD,Browns Plains -Grand Plaza S/C,place-au-qld-browns-plains-grand-plaza-shopping-centre,Grand Plaza,Shopping Centre,High,Canonicalised from the store's named retail-place evidence,https://www.specsavers.com.au/stores/brownsplains,2026-09-01,qld-browns-grand-plains-plaza,Accepted,true
opsm-7059,OPSM,Australia,QLD,OPSM Kawana Waters,corridor-au-qld-buddina-point-cartwright-drive,Point Cartwright Drive,High Street,Medium,Best-judgement street-address classification; no centre evidence found,https://www.opsm.com.au/en/opsm-au/find-store,2026-09-01,,Accepted,true
oscar-wylee-143,Oscar Wylee,Australia,QLD,Kawana Shoppingworld,place-au-qld-kawana-shoppingworld,Kawana Shoppingworld,Shopping Centre,High,Canonicalised from the store's named retail-place evidence,https://www.oscarwylee.com.au/locations/locations/optometrist-kawana.html,2026-09-01,qld-kawana,Accepted,true
specsavers-3202,Specsavers,Australia,QLD,Kawana Shoppingworld,place-au-qld-kawana-shoppingworld,Kawana Shoppingworld,Shopping Centre,High,Canonicalised from the store's named retail-place evidence,https://www.specsavers.com.au/stores/kawana,2026-09-01,qld-kawana,Accepted,true
eyecare-plus-577,Eyecare Plus,Australia,QLD,Eyecare Plus Optometrists Buderim,corridor-au-qld-buderim-burnett-street,Burnett Street,High Street,Medium,Numbered street address without a corroborated centre match,https://www.eyecareplus.com.au/buderim/,2026-09-02,,Accepted,true
independent-other-optical-provision-123913,Independent / Other optical,Australia,QLD,Eyes on Buderim,corridor-au-qld-buderim-main-street,Main Street,High Street,Medium,Numbered street address without a corroborated centre match,https://www.provision.com.au/practice/eyes-on-buderim/,2026-09-02,,Accepted,true
specsavers-3205,Specsavers,Australia,QLD,Buderim Marketplace,place-au-qld-buderim-marketplace,Buderim Marketplace,Shopping Centre,High,Canonicalised from the store's named retail-place evidence,https://www.specsavers.com.au/stores/buderim,2026-09-01,qld-buderim-marketplace,Accepted,true
george-matilda-17211,George & Matilda,Australia,QLD,Clarity Optometrists,corridor-au-qld-bulimba-oxford-street,Oxford Street,High Street,Medium,Numbered street address without a corroborated centre match,https://georgeandmatilda.com.au/stores/optometrist-bulimba-qld/,2026-09-02,,Accepted,true
independent-other-optical-provision-316341,Independent / Other optical,Australia,QLD,The Oculists,corridor-au-qld-bundaberg-fe-walker-street,Fe Walker Street,High Street,Medium,Numbered street address without a corroborated centre match,https://www.provision.com.au/practice/the-oculists/,2026-09-02,,Accepted,true
opsm-1111,OPSM,Australia,QLD,OPSM Bundaberg Hinkler,corridor-au-qld-bundaberg-maryborough-street,Maryborough Street,High Street,Medium,Numbered street address without a corroborated centre match,https://www.opsm.com.au/en/opsm-au/find-store,2026-09-01,,Accepted,true
opsm-1386,OPSM,Australia,QLD,OPSM Bundaberg Sugarland,place-au-qld-sugarland-shoppingtown,Sugarland Plaza,Shopping Centre,High,The current official OPSM record names Bundaberg Sugarland and gives the centre's Takalvan Street address,https://www.opsm.com.au/en/opsm-au/find-store,2026-09-03,,Accepted,true
independent-other-optical-provision-329067,Independent / Other optical,Australia,QLD,Outlook Optical,corridor-au-qld-bundaberg-central-barolin-street,Barolin Street,High Street,Medium,Numbered street address without a corroborated centre match,https://www.provision.com.au/practice/outlookoptical/,2026-09-02,,Accepted,true
optical-superstore-60452,Optical Superstore,Australia,QLD,Bundaberg,corridor-au-qld-bundaberg-central-bourbong-street,Bourbong Street,High Street,Medium,Numbered street address without a corroborated centre match,https://opticalsuperstore.com.au/find-your-nearest-store/,2026-09-02,,Accepted,true
specsavers-3646,Specsavers,Australia,QLD,Bundaberg Hinkler,corridor-au-qld-bundaberg-central-maryborough-street,Maryborough Street,High Street,Medium,Numbered street address without a corroborated centre match,https://www.specsavers.com.au/stores/bundaberghinkler,2026-09-01,,Accepted,true
bailey-nelson-burleigh-heads,Bailey Nelson,Australia,QLD,Bailey Nelson Burleigh Heads,corridor-au-qld-burleigh-heads-james-street,James Street,High Street,Medium,Numbered street address without a corroborated centre match,https://baileynelson.com.au/pages/optometrist-burleigh-heads,2026-09-01,,Accepted,true
opsm-1085,OPSM,Australia,QLD,OPSM Burleigh Heads,place-au-qld-burleigh-heads-stockland,Stockland Burleigh Heads,Shopping Centre,High,Official store address matches the authoritative canonical place address,https://www.stockland.com.au/shopping-centres/centres/stockland-burleigh-heads,2026-09-02,,Accepted,true
specsavers-3225,Specsavers,Australia,QLD,Burleigh Heads Stockland,place-au-qld-burleigh-heads-stockland,Stockland Burleigh Heads,Shopping Centre,High,Canonicalised from the store's named retail-place evidence,https://www.specsavers.com.au/stores/westburleigh,2026-09-01,qld-burleigh-heads-stockland,Accepted,true
eyecare-plus-5512,Eyecare Plus,Australia,QLD,Eyecare Plus Optometrists Burleigh,place-au-qld-burleigh-heads-stockland,Stockland Burleigh Heads,Shopping Centre,High,Canonicalised from the store's named retail-place evidence,https://www.eyecareplus.com.au/burleigh/,2026-09-02,qld-burleigh-heads-stockland,Accepted,true
independent-other-optical-provision-224010,Independent / Other optical,Australia,QLD,Envision Optical Burleigh Waters,place-au-qld-treetops-plaza,Treetops Plaza,Shopping Centre,High,Canonicalised from the store's named retail-place evidence,https://www.provision.com.au/practice/envision-optical-burleigh-waters/,2026-09-02,qld-plaza-treetops,Accepted,true
independent-other-optical-provision-17564,Independent / Other optical,Australia,QLD,20/20 Eyewear,place-au-qld-burpengary-plaza,Burpengary Plaza,Shopping Centre,High,Canonicalised from the store's named retail-place evidence,https://www.provision.com.au/practice/2020-eyewear-optometrist-burpengary/,2026-09-02,qld-burpengary-plaza,Accepted,true
laubman-pank-cairns-optometrist,Laubman & Pank,Australia,QLD,Laubman & Pank Cairns,place-au-qld-cairns-shopping-centre,Cairns Central,Shopping Centre,High,Canonicalised from the store's named retail-place evidence,https://www.laubmanandpank.com.au/store/cairns-optometrist,2026-09-02,qld-cairns-central,Accepted,true
opsm-1336,OPSM,Australia,QLD,OPSM Cairns Central,place-au-qld-cairns-shopping-centre,Cairns Central,Shopping Centre,High,Official store address matches the authoritative canonical place address,https://cairnscentral.com.au/,2026-09-02,,Accepted,true
opsm-1237,OPSM,Australia,QLD,OPSM Smithfield,place-au-qld-cairns-smithfield-centre,Smithfield Shopping Centre,Shopping Centre,High,The current official Smithfield Shopping Centre directory lists OPSM,https://www.smithfieldcentre.com.au/stores/opsm/,2026-09-03,,Accepted,true
bupa-optical-3870854,Bupa Optical,Australia,QLD,Bupa Optical Cairns,place-au-qld-cairns-shopping-centre,Cairns Central,Shopping Centre,High,Canonicalised from the store's named retail-place evidence,https://bupaoptical.bupa.com.au/pages/store/bupa-optical-cairns,2026-09-03,qld-cairns-central,Accepted,true
george-matilda-17398,George & Matilda,Australia,QLD,George & Matilda Eyecare for Bruce Mellick Optometry,corridor-au-qld-cairns-city-abbott-street,Abbott Street,High Street,Medium,Numbered street address without a corroborated centre match,https://georgeandmatilda.com.au/stores/optometrist-cairns-city-qld/,2026-09-02,,Accepted,true
oscar-wylee-129,Oscar Wylee,Australia,QLD,Cairns Central,place-au-qld-cairns-shopping-centre,Cairns Central,Shopping Centre,High,The current official Cairns Central directory lists Oscar Wylee and the official store address explicitly names Cairns Central,https://cairnscentral.com.au/shop/,2026-09-03,,Accepted,true
specsavers-3223,Specsavers,Australia,QLD,Cairns S/C,place-au-qld-cairns-shopping-centre,Cairns Central,Shopping Centre,High,Canonicalised from the store's named retail-place evidence,https://www.specsavers.com.au/stores/cairns,2026-09-01,qld-cairns,Accepted,true
eyecare-plus-154858,Eyecare Plus,Australia,QLD,Eyecare Plus Caloundra Vision Optometrists,corridor-au-qld-caloundra-bulcock-street,Bulcock Street,High Street,Medium,Numbered street address without a corroborated centre match,https://www.eyecareplus.com.au/caloundra/,2026-09-02,,Accepted,true
opsm-1385,OPSM,Australia,QLD,OPSM Caloundra,place-au-qld-caloundra-shopping-centre,Caloundra Shopping Centre,Shopping Centre,High,The current official OPSM directions page identifies Shop 28B at Stockland Caloundra,https://www.opsm.com.au/webapp/wcs/stores/servlet/StoreDirectionsPrintView?catalogId=11051&desLatitude=-26.80350&desLongitude=153.12480&langId=-1&storeId=10151&storeLocationId=1385,2026-09-03,,Accepted,true
specsavers-3692,Specsavers,Australia,QLD,Caloundra,place-au-qld-caloundra-shopping-centre,Caloundra Shopping Centre,Shopping Centre,High,Canonicalised from the store's named retail-place evidence,https://www.specsavers.com.au/stores/caloundra,2026-09-01,qld-caloundra,Accepted,true
independent-other-optical-provision-124134,Independent / Other optical,Australia,QLD,The Eyewear Shop,place-au-qld-camp-hill-marketplace,Camp Hill Marketplace,Shopping Centre,High,Canonicalised from the store's named retail-place evidence,https://www.provision.com.au/practice/the-eyewear-shop/,2026-09-02,qld-camp-hill-marketplace,Accepted,true
opsm-1264,OPSM,Australia,QLD,OPSM Cannon Hill,place-au-qld-cannon-hill-kmart-plaza,Cannon Hill Kmart Plaza,Shopping Centre,High,The current official Cannon Hill Kmart Plaza directory lists OPSM,https://www.cannonhillkmartplaza.com.au/store-category/eyewear-optometrist/,2026-09-03,,Accepted,true
specsavers-3658,Specsavers,Australia,QLD,Cannon Hill,place-au-qld-cannon-hill-kmart-plaza,Cannon Hill Kmart Plaza,Shopping Centre,High,Canonicalised from the store's named retail-place evidence,https://www.specsavers.com.au/stores/cannonhill,2026-09-01,qld-cannon-hill-kmart-plaza,Accepted,true
george-matilda-412,George & Matilda,Australia,QLD,George & Matilda Eyecare – Cannonvale,place-au-qld-whitsunday-shopping-centre,Whitsunday Shopping Centre,Shopping Centre,High,Canonicalised from the store's named retail-place evidence,https://georgeandmatilda.com.au/stores/optometrist-cannonvale-qld/,2026-09-02,qld-whitsunday,Accepted,true
specsavers-3541,Specsavers,Australia,QLD,Cannonvale,place-au-qld-whitsunday-plaza,Whitsunday Plaza,Shopping Centre,High,Canonicalised from the store's named retail-place evidence,https://www.specsavers.com.au/stores/cannonvale,2026-09-01,qld-plaza-whitsunday,Accepted,true
laubman-pank-capalaba-optometrist,Laubman & Pank,Australia,QLD,Laubman & Pank Capalaba,place-au-qld-capalaba-park-shopping-centre,Capalaba Park Shopping Centre,Shopping Centre,High,Canonicalised from the store's named retail-place evidence,https://www.laubmanandpank.com.au/store/capalaba-optometrist,2026-09-02,qld-capalaba-park,Accepted,true
opsm-1246,OPSM,Australia,QLD,OPSM Capalaba Park,place-au-qld-capalaba-park-shopping-centre,Capalaba Park Shopping Centre,Shopping Centre,High,The current official OPSM record names Capalaba Park and gives its Redland Bay and Mt Cotton Roads address,https://www.opsm.com.au/en/opsm-au/find-store,2026-09-03,,Accepted,true
optical-superstore-60458,Optical Superstore,Australia,QLD,Capalaba,place-au-qld-capalaba-park-shopping-centre,Capalaba Park Shopping Centre,Shopping Centre,High,Canonicalised from the store's named retail-place evidence,https://opticalsuperstore.com.au/find-your-nearest-store/,2026-09-02,qld-capalaba-park,Accepted,true
optical-warehouse-capalaba,Optical Warehouse,Australia,QLD,Optical Warehouse Capalaba,corridor-au-qld-capalaba-old-cleveland-road,Old Cleveland Road,High Street,Medium,Numbered street address without a corroborated centre match,https://www.opticalwarehouse.com.au/local_store/capalaba/,2026-09-03,,Accepted,true
specsavers-3374,Specsavers,Australia,QLD,Capalaba Park S/C,place-au-qld-capalaba-park-shopping-centre,Capalaba Park Shopping Centre,Shopping Centre,High,Canonicalised from the store's named retail-place evidence,https://www.specsavers.com.au/stores/capalaba,2026-09-01,qld-capalaba-park,Accepted,true
bailey-nelson-carindale,Bailey Nelson,Australia,QLD,Bailey Nelson Carindale,place-au-qld-westfield-carindale,Westfield Carindale,Shopping Centre,High,Canonicalised from the store's named retail-place evidence,https://baileynelson.com.au/pages/optometrist-carindale,2026-09-01,qld-carindale,Accepted,true
bupa-optical-13626253,Bupa Optical,Australia,QLD,Bupa Optical & Hearing Carindale,place-au-qld-westfield-carindale,Westfield Carindale,Shopping Centre,High,Bupa's current official store page explicitly states that the practice is located within Westfield Carindale,https://bupaoptical.bupa.com.au/pages/store/bupa-optical-carindale,2026-09-03,qld-westfield,Accepted,true
independent-other-optical-provision-318504,Independent / Other optical,Australia,QLD,Smart Choice Eyewear,place-au-qld-westfield-carindale,Westfield Carindale,Shopping Centre,High,Canonicalised from the store's named retail-place evidence,https://www.provision.com.au/practice/smart-choice-eyewear/,2026-09-02,qld-carindale-westfield,Accepted,true
laubman-pank-carindale-optometrist,Laubman & Pank,Australia,QLD,Laubman & Pank Carindale,place-au-qld-westfield-carindale,Westfield Carindale,Shopping Centre,High,Canonicalised from the store's named retail-place evidence,https://www.laubmanandpank.com.au/store/carindale-optometrist,2026-09-02,qld-carindale,Accepted,true
opsm-1266,OPSM,Australia,QLD,OPSM Carindale,place-au-qld-westfield-carindale,Westfield Carindale,Shopping Centre,High,Canonicalised from the store's named retail-place evidence,https://www.opsm.com.au/en/opsm-au/find-store,2026-09-01,qld-carindale,Accepted,true
oscar-wylee-18,Oscar Wylee,Australia,QLD,Westfield Carindale,place-au-qld-westfield-carindale,Westfield Carindale,Shopping Centre,High,Canonicalised from the store's named retail-place evidence,https://www.oscarwylee.com.au/locations/locations/optometrist-carindale.html,2026-09-01,qld-carindale-westfield,Accepted,true
specsavers-3246,Specsavers,Australia,QLD,Carindale Westfield,place-au-qld-westfield-carindale,Westfield Carindale,Shopping Centre,High,Canonicalised from the store's named retail-place evidence,https://www.specsavers.com.au/stores/carindale,2026-09-01,qld-carindale-westfield,Accepted,true
the-optical-company-carindale-4152,The Optical Company,Australia,QLD,The Optical Company Carindale,place-au-qld-westfield-carindale,Westfield Carindale,Shopping Centre,High,Canonicalised from the store's named retail-place evidence,https://www.opticalco.com.au/locations-listing/,2026-09-03,qld-carindale,Accepted,true
eyecare-plus-588,Eyecare Plus,Australia,QLD,Eyecare Plus Optometrists Charters Towers,corridor-au-qld-charters-towers-gill-street,Gill Street,High Street,Medium,Numbered street address without a corroborated centre match,https://www.eyecareplus.com.au/charterstowers/,2026-09-02,,Accepted,true
bailey-nelson-chermside,Bailey Nelson,Australia,QLD,Bailey Nelson Chermside,place-au-qld-westfield-chermside,Westfield Chermside,Shopping Centre,High,Canonicalised from the store's named retail-place evidence,https://baileynelson.com.au/pages/optometrist-chermside,2026-09-01,qld-chermside,Accepted,true
bupa-optical-13626257,Bupa Optical,Australia,QLD,Bupa Optical & Hearing Chermside,place-au-qld-westfield-chermside,Westfield Chermside,Shopping Centre,High,Bupa's current official address explicitly identifies the Westfield Chermside tenancy,https://bupaoptical.bupa.com.au/pages/store/bupa-optical-chermside,2026-09-03,qld-chermside-westfield,Accepted,true
george-matilda-17221,George & Matilda,Australia,QLD,Dickens & Herd Optometrist,,,Other,High,Official name/address contains a non-centre commercial venue term,https://georgeandmatilda.com.au/stores/optometrist-chermside-qld/,2026-09-02,,Accepted,true
laubman-pank-chermside-optometrist,Laubman & Pank,Australia,QLD,Laubman & Pank Chermside,place-au-qld-westfield-chermside,Westfield Chermside,Shopping Centre,High,Canonicalised from the store's named retail-place evidence,https://www.laubmanandpank.com.au/store/chermside-optometrist,2026-09-02,qld-chermside,Accepted,true
opsm-1346,OPSM,Australia,QLD,OPSM Chermside,place-au-qld-westfield-chermside,Westfield Chermside,Shopping Centre,High,Canonicalised from the store's named retail-place evidence,https://www.opsm.com.au/en/opsm-au/find-store,2026-09-01,qld-chermside,Accepted,true
oscar-wylee-21,Oscar Wylee,Australia,QLD,Westfield Chermside,place-au-qld-westfield-chermside,Westfield Chermside,Shopping Centre,High,Canonicalised from the store's named retail-place evidence,https://www.oscarwylee.com.au/locations/locations/optometrist-chermside.html,2026-09-01,qld-chermside-westfield,Accepted,true
specsavers-3393,Specsavers,Australia,QLD,Chermside Westfield,place-au-qld-westfield-chermside,Westfield Chermside,Shopping Centre,High,Canonicalised from the store's named retail-place evidence,https://www.specsavers.com.au/stores/chermside,2026-09-01,qld-chermside-westfield,Accepted,true
independent-other-optical-provision-229331,Independent / Other optical,Australia,QLD,Eyecare Eyewear Chinchilla,corridor-au-qld-chinchilla-middle-street,Middle Street,High Street,Medium,Numbered street address without a corroborated centre match,https://www.provision.com.au/practice/eyecare-eyewear-chinchilla/,2026-09-02,,Accepted,true
eyecare-plus-627,Eyecare Plus,Australia,QLD,Eyecare Plus Optometrists Karalee,place-au-qld-coles-karalee-shopping-village,Coles Karalee Shopping Village,Shopping Centre,High,Canonicalised from the store's named retail-place evidence,https://www.eyecareplus.com.au/karalee/,2026-09-02,qld-coles-karalee-village,Accepted,true
independent-other-optical-provision-37759,Independent / Other optical,Australia,QLD,Radley Optical,corridor-au-qld-cleveland-bloomfield-street,Bloomfield Street,High Street,Medium,Numbered street address without a corroborated centre match,https://www.provision.com.au/practice/radleyoptical/,2026-09-02,,Accepted,true
opsm-1337,OPSM,Australia,QLD,OPSM Cleveland,place-au-qld-cleveland-shopping-centre,Cleveland Central,Shopping Centre,High,The current official OPSM directory identifies Shop 14 in the shopping centre at 91 Middle Street,https://www.opsm.com.au/find-store/qld/broadbeach,2026-09-03,,Accepted,true
specsavers-3607,Specsavers,Australia,QLD,Cleveland S/C,place-au-qld-cleveland-shopping-centre,Cleveland Central,Shopping Centre,High,Canonicalised from the store's named retail-place evidence,https://www.specsavers.com.au/stores/cleveland,2026-09-01,qld-cleveland,Accepted,true
eyecare-plus-591,Eyecare Plus,Australia,QLD,Eyecare Plus Optometrists Clifton Beach,place-au-qld-clifton-village-shopping-centre,Clifton Village Shopping Centre,Shopping Centre,High,Canonicalised from the store's named retail-place evidence,https://www.eyecareplus.com.au/cliftonbeach/,2026-09-02,qld-clifton-village,Accepted,true
independent-other-optical-provision-17495,Independent / Other optical,Australia,QLD,Bill Evans Optometrists,corridor-au-qld-coolum-beach-birtwill-street,Birtwill Street,High Street,Medium,Numbered street address without a corroborated centre match,https://www.provision.com.au/practice/bill-evans-optometrists/,2026-09-02,,Accepted,true
bailey-nelson-coomera,Bailey Nelson,Australia,QLD,Bailey Nelson Coomera,place-au-qld-westfield-coomera,Westfield Coomera,Shopping Centre,High,The current official Westfield Coomera directory lists Bailey Nelson on Level 1,https://www.westfield.com.au/coomera/store/1vwHFDDK5NldXqPkNaa4wI/bailey-nelson,2026-09-03,,Accepted,true
opsm-2974,OPSM,Australia,QLD,OPSM Coomera,place-au-qld-westfield-coomera,Westfield Coomera,Shopping Centre,High,The current official Westfield OPSM directory lists Coomera,https://www.westfield.com.au/store/5Spq3qZgc0S4cQA8a4Aayy/opsm,2026-09-03,,Accepted,true
oscar-wylee-154,Oscar Wylee,Australia,QLD,Westfield Coomera,place-au-qld-westfield-coomera,Westfield Coomera,Shopping Centre,High,Canonicalised from the store's named retail-place evidence,https://www.oscarwylee.com.au/locations/locations/optometrist-coomera.html,2026-09-01,qld-coomera-westfield,Accepted,true
specsavers-3591,Specsavers,Australia,QLD,Coomera,place-au-qld-westfield-coomera,Westfield Coomera,Shopping Centre,High,Canonicalised from the store's named retail-place evidence,https://www.specsavers.com.au/stores/coomera,2026-09-01,qld-coomera-westfield,Accepted,true
independent-other-optical-provision-17548,Independent / Other optical,Australia,QLD,Optometry @ Cooroy,corridor-au-qld-cooroy-maple-street,Maple Street,High Street,Medium,Numbered street address without a corroborated centre match,https://www.provision.com.au/practice/optometry-cooroy/,2026-09-02,,Accepted,true
independent-other-optical-provision-17480,Independent / Other optical,Australia,QLD,Trevor Williams Optometry,corridor-au-qld-coorparoo-old-cleveland-road,Old Cleveland Road,High Street,Medium,Numbered street address without a corroborated centre match,https://www.provision.com.au/practice/trevor-williams-optometry/,2026-09-02,,Accepted,true
specsavers-3206,Specsavers,Australia,QLD,Currimundi Markets,corridor-au-qld-currimundi-bellara-drive,Bellara Drive,High Street,Medium,Numbered street address without a corroborated centre match,https://www.specsavers.com.au/stores/currimundi,2026-09-01,,Accepted,true
george-matilda-461,George & Matilda,Australia,QLD,George & Matilda Eyecare for John Davies Optometrists,corridor-au-qld-dalby-archibald-street,Archibald Street,High Street,Medium,Numbered street address without a corroborated centre match,https://georgeandmatilda.com.au/stores/optometrist-dalby-qld/,2026-09-02,,Accepted,true
independent-other-optical-provision-229215,Independent / Other optical,Australia,QLD,Eyecare Eyewear Dalby,place-au-qld-dalby-shoppingworld,Dalby Shoppingworld,Shopping Centre,High,Canonicalised from the store's named retail-place evidence,https://www.provision.com.au/practice/eyecare-eyewear/,2026-09-02,qld-dalby,Accepted,true
optical-superstore-60358,Optical Superstore,Australia,QLD,MKT Square S/C – Deception Bay,place-au-qld-mkt-square-shopping-centre-deception-bay,MKT Square Shopping Centre – Deception Bay,Shopping Centre,High,Canonicalised from the store's named retail-place evidence,https://opticalsuperstore.com.au/find-your-nearest-store/,2026-09-02,qld-bay-deception-mkt-square,Accepted,true
opsm-1162,OPSM,Australia,QLD,OPSM Earlville,place-au-qld-earlville-shopping-town,Earlville Shopping Town,Shopping Centre,High,Official store address matches the authoritative canonical place address,https://earlvilleshoppingtown.com.au/,2026-09-02,,Accepted,true
specsavers-3437,Specsavers,Australia,QLD,Cairns Earlville,place-au-qld-earlville-shopping-town,Earlville Shopping Town,Shopping Centre,High,Official Earlville Shopping Town directory lists Specsavers as a tenant,https://earlvilleshoppingtown.com.au/stores/specsavers/,2026-09-02,,Accepted,true
eyecare-plus-129462,Eyecare Plus,Australia,QLD,Eyecare Plus Optometrists East Brisbane | Madonna Rigney,corridor-au-qld-east-brisbane-lytton-road,Lytton Road,High Street,Medium,Numbered street address without a corroborated centre match,https://www.eyecareplus.com.au/eastbrisbane/,2026-09-02,,Accepted,true
opsm-1569,OPSM,Australia,QLD,OPSM Elanora,corridor-au-qld-elanora-kp-mcgrath-drive,Kp Mcgrath Drive,High Street,Medium,Best-judgement street-address classification; no centre evidence found,https://www.opsm.com.au/en/opsm-au/find-store,2026-09-01,,Accepted,true
oscar-wylee-151,Oscar Wylee,Australia,QLD,The Pines Elanora,place-au-qld-the-pines-shopping-centre,The Pines Shopping Centre,Shopping Centre,High,The current Oscar Wylee page explicitly identifies Shop 13 inside The Pines Elanora,https://www.oscarwylee.com.au/locations/locations/optometrist-elanora.html,2026-09-03,,Accepted,true
specsavers-3568,Specsavers,Australia,QLD,Elanora,place-au-qld-the-pines-shopping-centre,The Pines Shopping Centre,Shopping Centre,High,Canonicalised from the store's named retail-place evidence,https://www.specsavers.com.au/stores/elanora,2026-09-01,qld-pines-the,Accepted,true
optical-superstore-61175,Optical Superstore,Australia,QLD,Elanora – The Pines S/C,place-au-qld-the-pines-shopping-centre,The Pines Shopping Centre,Shopping Centre,High,Canonicalised from the store's named retail-place evidence,https://opticalsuperstore.com.au/find-your-nearest-store/,2026-09-02,qld-elanora-pines-the,Accepted,true
independent-other-optical-provision-17658,Independent / Other optical,Australia,QLD,Sankey Fraser Eyecare,place-au-qld-centro-emerald-market-plaza,Centro Emerald Market Plaza,Shopping Centre,High,Canonicalised from the store's named retail-place evidence,https://www.provision.com.au/practice/sankey-fraser-eyecare-2/,2026-09-02,qld-centro-emerald-market-plaza,Accepted,true
specsavers-3545,Specsavers,Australia,QLD,Emerald,corridor-au-qld-emerald-hospital-road,Hospital Road,High Street,Medium,Numbered street address without a corroborated centre match,https://www.specsavers.com.au/stores/emerald,2026-09-01,,Accepted,true
independent-other-optical-provision-84177,Independent / Other optical,Australia,QLD,Fresh Vision Optometrists Everton Park,corridor-au-qld-everton-park-sizer-street,Sizer Street,High Street,Medium,Numbered street address without a corroborated centre match,https://www.provision.com.au/practice/fresh-vision-optometrists/,2026-09-02,,Accepted,true
opsm-7009,OPSM,Australia,QLD,OPSM FAIRFIELD,corridor-au-qld-fairfield-brougham-street,Brougham Street,High Street,Medium,Numbered street address without a corroborated centre match,https://www.opsm.com.au/en/opsm-au/find-store,2026-09-01,,Accepted,true
specsavers-3643,Specsavers,Australia,QLD,Fairfield Gardens,place-au-qld-25-fairfield-gardens-shopping-centre,Fairfield Gardens Shopping Centre,Shopping Centre,High,Canonicalised from the store's named retail-place evidence,https://www.specsavers.com.au/stores/fairfieldgardens,2026-09-01,qld-25-fairfield-gardens,Accepted,true
bailey-nelson-fortitude-valley,Bailey Nelson,Australia,QLD,Bailey Nelson Fortitude Valley,corridor-au-qld-fortitude-valley-james-street,James Street,High Street,Medium,Numbered street address without a corroborated centre match,https://baileynelson.com.au/pages/optometrist-fortitude-valley,2026-09-01,,Accepted,true
george-matilda-17213,George & Matilda,Australia,QLD,Optiko – Fortitude Valley,corridor-au-qld-fortitude-valley-ann-street,Ann Street,High Street,Medium,Numbered street address without a corroborated centre match,https://georgeandmatilda.com.au/stores/optometrist-fortitude-valley-qld/,2026-09-02,,Accepted,true
independent-other-optical-osm-au-node-3006156291,Independent / Other optical,Australia,QLD,Core Optics,corridor-au-qld-fortitude-valley-winn-street,Winn Street,High Street,Medium,Numbered street address without a corroborated centre match,http://www.winnlane.com.au/shop_details/shop/core_optics/section/shop,2026-09-01,,Accepted,true
specsavers-3303,Specsavers,Australia,QLD,Townsville Domain Central,place-au-qld-domain-central,Domain Central,Shopping Centre,High,Official store name and address explicitly identify Domain Central,https://www.specsavers.com.au/stores/townsville,2026-09-02,,Accepted,true
eyecare-plus-605,Eyecare Plus,Australia,QLD,Eyecare Plus Optometrists Gatton,corridor-au-qld-gatton-william-street,William Street,High Street,Medium,Numbered street address without a corroborated centre match,https://www.eyecareplus.com.au/gatton/,2026-09-02,,Accepted,true
independent-other-optical-provision-17449,Independent / Other optical,Australia,QLD,Peter Webster Optometrist,corridor-au-qld-gatton-railway-street,Railway Street,High Street,Medium,Numbered street address without a corroborated centre match,https://www.provision.com.au/practice/peter-webster-optometrist-gatton/,2026-09-02,,Accepted,true
independent-other-optical-provision-17631,Independent / Other optical,Australia,QLD,Gladstone Optical,place-au-qld-gladstone-square-shopping-centre,Gladstone Square Shopping Centre,Shopping Centre,High,Canonicalised from the store's named retail-place evidence,https://www.provision.com.au/practice/optometrist-gladstone-optical/,2026-09-02,qld-gladstone-square,Accepted,true
independent-other-optical-provision-17600,Independent / Other optical,Australia,QLD,Gladstone Vision,place-au-qld-windmill-shopping-centre,Windmill Shopping Centre,Shopping Centre,High,Canonicalised from the store's named retail-place evidence,https://www.provision.com.au/practice/optometrist-gladstone-vision/,2026-09-02,qld-windmill,Accepted,true
opsm-1588,OPSM,Australia,QLD,OPSM Gladstone,place-au-qld-gladstone-centre-plaza,Gladstone Centre Plaza,Shopping Centre,High,The current official Gladstone Centre Plaza directory lists OPSM at Shop 018,https://gladstonecentreplaza.com.au/stores/opsm/,2026-09-03,,Accepted,true
george-matilda-413,George & Matilda,Australia,QLD,George & Matilda Eyecare – Gympie,corridor-au-qld-gympie-barter-street,Barter Street,High Street,Medium,Numbered street address without a corroborated centre match,https://georgeandmatilda.com.au/stores/optometrist-gympie-qld/,2026-09-02,,Accepted,true
independent-other-optical-provision-332038,Independent / Other optical,Australia,QLD,Optometrist in Gympie | Axis Eyecare | ProVision,corridor-au-qld-gympie-mary-street,Mary Street,High Street,Medium,Numbered street address without a corroborated centre match,https://www.provision.com.au/practice/optometrist-gympie-axis-eyecare-provision/,2026-09-02,,Accepted,true
specsavers-3487,Specsavers,Australia,QLD,Gympie Central,corridor-au-qld-gympie-excelsior-road,Excelsior Road,High Street,Medium,Numbered street address without a corroborated centre match,https://www.specsavers.com.au/stores/gympie,2026-09-01,,Accepted,true
opsm-1069,OPSM,Australia,QLD,OPSM Helensvale Westfield,place-au-qld-helensvale-westfield,Westfield Helensvale,Shopping Centre,High,Canonicalised from the store's named retail-place evidence,https://www.opsm.com.au/en/opsm-au/find-store,2026-09-01,qld-helensvale-westfield,Accepted,true
oscar-wylee-44,Oscar Wylee,Australia,QLD,Westfield Helensvale,place-au-qld-helensvale-westfield,Westfield Helensvale,Shopping Centre,High,Canonicalised from the store's named retail-place evidence,https://www.oscarwylee.com.au/locations/locations/optometrist-helensvale.html,2026-09-01,qld-helensvale-westfield,Accepted,true
specsavers-3387,Specsavers,Australia,QLD,Helensvale Westfield,place-au-qld-helensvale-westfield,Westfield Helensvale,Shopping Centre,High,Canonicalised from the store's named retail-place evidence,https://www.specsavers.com.au/stores/helensvale,2026-09-01,qld-helensvale-westfield,Accepted,true
the-optical-company-helensvale-4212,The Optical Company,Australia,QLD,The Optical Company Helensvale,place-au-qld-helensvale-westfield,Westfield Helensvale,Shopping Centre,High,The current official retailer listing places the Helensvale tenancy at 1-29 Millaroo Drive and Scentre identifies that address as Westfield Helensvale,https://www.opticalco.com.au/locations-listing/,2026-09-03,qld-westfield,Accepted,true
opsm-1465,OPSM,Australia,QLD,OPSM Stocklands Hervey Bay,place-au-qld-stocklands-hervey-bay,Stockland Hervey Bay,Shopping Centre,High,Canonicalised from the store's named retail-place evidence,https://www.opsm.com.au/en/opsm-au/find-store,2026-09-01,qld-bay-hervey-stockland,Accepted,true
optical-superstore-60463,Optical Superstore,Australia,QLD,Hervey Bay – Stockland,place-au-qld-stocklands-hervey-bay,Stockland Hervey Bay,Shopping Centre,High,Canonicalised from the store's named retail-place evidence,https://opticalsuperstore.com.au/find-your-nearest-store/,2026-09-02,qld-bay-hervey-stockland,Accepted,true
optical-warehouse-hervey-bay,Optical Warehouse,Australia,QLD,Optical Warehouse Hervey Bay (new location),corridor-au-qld-hervey-bay-boat-harbour-drive,Boat Harbour Drive,High Street,Medium,Best-judgement street-address classification; no centre evidence found,https://www.opticalwarehouse.com.au/local_store/hervey-bay/,2026-09-03,,Accepted,true
independent-other-optical-provision-123617,Independent / Other optical,Australia,QLD,Wise Eyes Optometrists,place-au-qld-highfields-plaza-shopping-centre,Highfields Plaza Shopping Centre,Shopping Centre,High,Canonicalised from the store's named retail-place evidence,https://www.provision.com.au/practice/wise-eyes-optometrists/,2026-09-02,qld-highfields-plaza,Accepted,true
independent-other-optical-provision-94236,Independent / Other optical,Australia,QLD,Hope Island Optical,place-au-qld-hope-island-shopping-centre,Hope Island Shopping Centre,Shopping Centre,High,Canonicalised from the store's named retail-place evidence,https://www.provision.com.au/practice/hope-island-optical/,2026-09-02,qld-hope-island,Accepted,true
optical-superstore-60466,Optical Superstore,Australia,QLD,Townsville – Castletown S/C,place-au-qld-castletown-shoppingworld,Castletown,Shopping Centre,High,Canonicalised from the store's named retail-place evidence,https://opticalsuperstore.com.au/find-your-nearest-store/,2026-09-02,qld-castletown-townsville,Accepted,true
opsm-2958,OPSM,Australia,QLD,OPSM Fairfield Central Townsville,corridor-au-qld-idalia-lakeside-drive,Lakeside Drive,High Street,Medium,Best-judgement street-address classification; no centre evidence found,https://www.opsm.com.au/en/opsm-au/find-store,2026-09-01,,Accepted,true
eyecare-plus-621,Eyecare Plus,Australia,QLD,Eyecare Plus Optometrists Inala,,,Other,High,Official practice page locates the practice inside Dr Le Surgery rather than a retail centre or street-front tenancy,https://www.eyecareplus.com.au/inala/,2026-09-02,,Accepted,true
eyecare-plus-127737,Eyecare Plus,Australia,QLD,Eyecare Plus Optometrists Inala Plaza,place-au-qld-optometrists-inala-plaza,Inala Plaza,Shopping Centre,High,Canonicalised from the store's named retail-place evidence,https://www.eyecareplus.com.au/inalaplaza/,2026-09-02,qld-inala-plaza-town,Accepted,true
1001-optometry-86037479,1001 Optometry,Australia,QLD,1001 Optometry Indooroopilly,place-au-qld-indooroopilly,Indooroopilly Shopping Centre,Shopping Centre,High,Canonicalised from the store's named retail-place evidence,https://1001optometry.com.au/pages/optometrist-indooroopilly-queensland,2026-09-02,qld-indooroopilly,Accepted,true
bailey-nelson-indooroopilly,Bailey Nelson,Australia,QLD,Bailey Nelson Indooroopilly,place-au-qld-indooroopilly,Indooroopilly Shopping Centre,Shopping Centre,High,Canonicalised from the store's named retail-place evidence,https://baileynelson.com.au/pages/optometrist-indooroopilly,2026-09-01,qld-indooroopilly,Accepted,true
bupa-optical-13626263,Bupa Optical,Australia,QLD,Bupa Optical & Hearing Indooroopilly,place-au-qld-indooroopilly,Indooroopilly Shopping Centre,Shopping Centre,High,Bupa's current official store page explicitly identifies the Indooroopilly Shopping Centre tenancy,https://bupaoptical.bupa.com.au/pages/store/bupa-optical-indooroopilly,2026-09-03,qld-indooroopilly,Accepted,true
george-matilda-17214,George & Matilda,Australia,QLD,Insight Optometrist – Indooroopilly,corridor-au-qld-indooroopilly-station-road,Station Road,High Street,Medium,Numbered street address without a corroborated centre match,https://georgeandmatilda.com.au/stores/optometrist-indooroopilly-qld/,2026-09-02,,Accepted,true
laubman-pank-indooroopilly-optometrist,Laubman & Pank,Australia,QLD,Laubman & Pank Indooroopilly,place-au-qld-indooroopilly,Indooroopilly Shopping Centre,Shopping Centre,High,Canonicalised from the store's named retail-place evidence,https://www.laubmanandpank.com.au/store/indooroopilly-optometrist,2026-09-02,qld-indooroopilly,Accepted,true
opsm-1277,OPSM,Australia,QLD,OPSM Indooroopilly,place-au-qld-indooroopilly,Indooroopilly Shopping Centre,Shopping Centre,High,Canonicalised from the store's named retail-place evidence,https://www.opsm.com.au/en/opsm-au/find-store,2026-09-01,qld-indooroopilly,Accepted,true
oscar-wylee-36,Oscar Wylee,Australia,QLD,Indooroopilly Centre,place-au-qld-indooroopilly,Indooroopilly Shopping Centre,Shopping Centre,High,Canonicalised from the store's named retail-place evidence,https://www.oscarwylee.com.au/locations/locations/optometrist-indooroopilly.html,2026-09-01,qld-indooroopilly,Accepted,true
specsavers-3427,Specsavers,Australia,QLD,Indooroopilly S/C,place-au-qld-indooroopilly,Indooroopilly Shopping Centre,Shopping Centre,High,Canonicalised from the store's named retail-place evidence,https://www.specsavers.com.au/stores/indooroopilly,2026-09-01,qld-indooroopilly,Accepted,true
eyecare-plus-623,Eyecare Plus,Australia,QLD,Eyecare Plus Optometrists Innisfail,corridor-au-qld-innisfail-rankin-street,Rankin Street,High Street,Medium,Numbered street address without a corroborated centre match,https://www.eyecareplus.com.au/innisfail/,2026-09-02,,Accepted,true
george-matilda-460,George & Matilda,Australia,QLD,George & Matilda Eyecare for Innisfail Optical,corridor-au-qld-innisfail-rankin-street,Rankin Street,High Street,Medium,Numbered street address without a corroborated centre match,https://georgeandmatilda.com.au/stores/optometrist-innisfail-qld/,2026-09-02,,Accepted,true
opsm-1564,OPSM,Australia,QLD,OPSM Innisfail,corridor-au-qld-innisfail-edith-street,Edith Street,High Street,Medium,Numbered street address without a corroborated centre match,https://www.opsm.com.au/en/opsm-au/find-store,2026-09-01,,Accepted,true
laubman-pank-ipswich-optometrist,Laubman & Pank,Australia,QLD,Laubman & Pank Ipswich,place-au-qld-ipswich-riverlink-shopping-centre,Riverlink Shopping Centre,Shopping Centre,High,Canonicalised from the store's named retail-place evidence,https://www.laubmanandpank.com.au/store/ipswich-optometrist,2026-09-02,qld-riverlink,Accepted,true
specsavers-3362,Specsavers,Australia,QLD,Ipswich Riverlink S/C,place-au-qld-ipswich-riverlink-shopping-centre,Riverlink Shopping Centre,Shopping Centre,High,Canonicalised from the store's named retail-place evidence,https://www.specsavers.com.au/stores/ipswich,2026-09-01,qld-ipswich-riverlink,Accepted,true
independent-other-optical-provision-83366,Independent / Other optical,Australia,QLD,Jimboomba Optometrists,corridor-au-qld-jimboomba-brisbane-street,Brisbane Street,High Street,Medium,Numbered street address without a corroborated centre match,https://www.provision.com.au/practice/jimboomba-optometrists/,2026-09-02,,Accepted,true
eyecare-plus-626,Eyecare Plus,Australia,QLD,Eyecare Plus Optometrists Jindalee,place-au-qld-windermere-village,Windermere Village,Shopping Centre,High,Canonicalised from the store's named retail-place evidence,https://www.eyecareplus.com.au/jindalee/,2026-09-02,qld-village-windermere,Accepted,true
specsavers-3687,Specsavers,Australia,QLD,Toowoomba Plaza,place-au-qld-toowoomba-plaza,Toowoomba Plaza,Shopping Centre,High,Canonicalised from the store's named retail-place evidence,https://www.specsavers.com.au/stores/toowoomba-plaza,2026-09-01,qld-plaza-toowoomba,Accepted,true
george-matilda-411,George & Matilda,Australia,QLD,George & Matilda Eyecare – Kenmore,place-au-qld-kenmore-village-shopping-centre,Kenmore Village Shopping Centre,Shopping Centre,High,Canonicalised from the store's named retail-place evidence,https://georgeandmatilda.com.au/stores/optometrist-kenmore-qld/,2026-09-02,qld-kenmore-village,Accepted,true
independent-other-optical-provision-17684,Independent / Other optical,Australia,QLD,Encompass Eyecare,corridor-au-qld-kenmore-wongabel-street,Wongabel Street,High Street,Medium,Numbered street address without a corroborated centre match,https://www.provision.com.au/practice/encompasseyecare/,2026-09-02,,Accepted,true
independent-other-optical-provision-17687,Independent / Other optical,Australia,QLD,Fitzpatrick Optometrists Kingaroy,corridor-au-qld-kingaroy-kingaroy-street,Kingaroy Street,High Street,Medium,Numbered street address without a corroborated centre match,https://www.provision.com.au/practice/fitzpatrick-optometrists-kingaroy/,2026-09-02,,Accepted,true
opsm-1570,OPSM,Australia,QLD,OPSM Kingaroy,place-au-qld-kingaroy-plaza,Kingaroy Mall,Shopping Centre,High,The current official Kingaroy Mall directory lists OPSM and the former Kingaroy Shoppingworld identity is retained as an alias,https://kingaroyshoppingworld.com.au/store/,2026-09-03,,Accepted,true
specsavers-3603,Specsavers,Australia,QLD,Kingaroy Plaza,place-au-qld-kingaroy-plaza,Kingaroy Mall,Shopping Centre,High,Canonicalised from the store's named retail-place evidence,https://www.specsavers.com.au/stores/kingaroy,2026-09-01,qld-kingaroy-plaza,Accepted,true
opsm-2970,OPSM,Australia,QLD,OPSM Kippa Ring,place-au-qld-peninsula-fair-shopping-centre,Peninsula Fair,Shopping Centre,High,Official store address matches the authoritative canonical place address,https://www.penfair.com.au/,2026-09-03,,Accepted,true
optical-superstore-60362,Optical Superstore,Australia,QLD,Kippa-Ring – Peninsular Fair S/C,place-au-qld-peninsula-fair-shopping-centre,Peninsula Fair,Shopping Centre,High,Canonicalised from the store's named retail-place evidence,https://opticalsuperstore.com.au/find-your-nearest-store/,2026-09-02,qld-fair-kippa-peninsular-ring,Accepted,true
specsavers-3461,Specsavers,Australia,QLD,Kippa-Ring - Peninsula Fair,place-au-qld-peninsula-fair-shopping-centre,Peninsula Fair,Shopping Centre,High,Canonicalised from the store's named retail-place evidence,https://www.specsavers.com.au/stores/kipparing,2026-09-01,qld-fair-peninsula,Accepted,true
opsm-2283,OPSM,Australia,QLD,OPSM Townsville The Willows,place-au-qld-townsville-willows-shopping-centre,Willows Shopping Centre,Shopping Centre,Medium,The current official OPSM record names Townsville The Willows and gives its Thuringowa Drive address,https://www.opsm.com.au/en/opsm-au/find-store,2026-09-03,,Accepted,true
independent-other-optical-provision-17474,Independent / Other optical,Australia,QLD,Stuart Macfarlane Optometrist,place-au-qld-logan-city-centre,Logan City Centre,Shopping Centre,High,Canonicalised from the store's named retail-place evidence,https://www.provision.com.au/practice/stuart-macfarlane-optometrist-logan-central/,2026-09-02,qld-city-logan,Accepted,true
optical-superstore-60505,Optical Superstore,Australia,QLD,Hyperdome S/C,place-au-qld-logan-hyperdome,Hyperdome,Shopping Centre,High,Canonicalised from the store's named retail-place evidence,https://opticalsuperstore.com.au/find-your-nearest-store/,2026-09-02,qld-hyperdome,Accepted,true
oscar-wylee-27,Oscar Wylee,Australia,QLD,Hyperdome Loganholme,place-au-qld-logan-hyperdome,Hyperdome,Shopping Centre,High,Canonicalised from the store's named retail-place evidence,https://www.oscarwylee.com.au/locations/locations/optometrist-loganholme.html,2026-09-01,qld-hyperdome-loganholme,Accepted,true
specsavers-3302,Specsavers,Australia,QLD,Logan Hyperdome,place-au-qld-logan-hyperdome,Hyperdome,Shopping Centre,High,Canonicalised from the store's named retail-place evidence,https://www.specsavers.com.au/stores/loganholme,2026-09-01,qld-hyperdome-logan,Accepted,true
the-optical-company-loganholme-4129,The Optical Company,Australia,QLD,The Optical Company Loganholme,place-au-qld-logan-hyperdome,Hyperdome,Shopping Centre,High,Canonicalised from the store's named retail-place evidence,https://www.opticalco.com.au/locations-listing/,2026-09-03,qld-hyperdome-logan,Accepted,true
specsavers-3653,Specsavers,Australia,QLD,Lutwyche,place-au-qld-homeco-lutwyche,HomeCo Lutwyche,Shopping Centre,High,Official address explicitly names HomeCo Lutwyche,https://www.specsavers.com.au/stores/lutwyche,2026-09-02,,Accepted,true
eyeq-optometrists-mackay,EyeQ Optometrists,Australia,QLD,EyeQ Optometrists Mackay,corridor-au-qld-mackay-gordon-street,Gordon Street,High Street,Medium,Numbered street address without a corroborated centre match,https://www.eyeq.com.au/optometrist/mackay/,2026-09-02,,Accepted,true
independent-other-optical-provision-176491,Independent / Other optical,Australia,QLD,Buck & Todd Optometrists,corridor-au-qld-mackay-alfred-street,Alfred Street,High Street,Medium,Numbered street address without a corroborated centre match,https://www.provision.com.au/practice/buck-todd-optometrists/,2026-09-02,,Accepted,true
laubman-pank-mackay-caneland-optometrist,Laubman & Pank,Australia,QLD,Laubman & Pank Mackay Canelands,place-au-qld-caneland-centre,Caneland Central,Shopping Centre,High,Canonicalised from the store's named retail-place evidence,https://www.laubmanandpank.com.au/store/mackay-caneland-optometrist,2026-09-02,qld-canelands-central,Accepted,true
laubman-pank-mackay-optometrist,Laubman & Pank,Australia,QLD,Laubman & Pank Mackay Sydney Street Markets,corridor-au-qld-mackay-sydney-street,Sydney Street,High Street,Medium,Numbered street address without a corroborated centre match,https://www.laubmanandpank.com.au/store/mackay-optometrist,2026-09-02,,Accepted,true
opsm-1295,OPSM,Australia,QLD,OPSM Mackay,place-au-qld-caneland-centre,Caneland Central,Shopping Centre,High,Official store address matches the authoritative canonical place address,https://www.canelandcentral.com.au/,2026-09-03,,Accepted,true
opsm-2264,OPSM,Australia,QLD,OPSM Mackay Mt Pleasant,place-au-qld-mackay-mt-pleasant-shopping-centre,Mount Pleasant Centre,Shopping Centre,Medium,The current official OPSM record names Mackay Mt Pleasant and gives the centre's Phillip Street and Bucasia Road address,https://www.opsm.com.au/en/opsm-au/find-store,2026-09-03,,Accepted,true
optical-superstore-60690,Optical Superstore,Australia,QLD,Mackay – Canelands S/C,place-au-qld-caneland-centre,Caneland Central,Shopping Centre,High,Canonicalised from the store's named retail-place evidence,https://opticalsuperstore.com.au/find-your-nearest-store/,2026-09-02,qld-canelands-mackay,Accepted,true
oscar-wylee-105,Oscar Wylee,Australia,QLD,Caneland Central Mackay,place-au-qld-caneland-centre,Caneland Central,Shopping Centre,High,Canonicalised from the store's named retail-place evidence,https://www.oscarwylee.com.au/locations/locations/optometrist-mackay.html,2026-09-01,qld-caneland,Accepted,true
specsavers-3404,Specsavers,Australia,QLD,Mackay Canelands S/C,place-au-qld-caneland-centre,Caneland Central,Shopping Centre,High,Canonicalised from the store's named retail-place evidence,https://www.specsavers.com.au/stores/mackaycanelands,2026-09-01,qld-canelands-mackay,Accepted,true
george-matilda-467,George & Matilda,Australia,QLD,George & Matilda Eyecare for Main Beach Optical,corridor-au-qld-main-beach-tedder-avenue,Tedder Avenue,High Street,Medium,Numbered street address without a corroborated centre match,https://georgeandmatilda.com.au/stores/optometrist-main-beach-qld/,2026-09-02,,Accepted,true
independent-other-optical-provision-17571,Independent / Other optical,Australia,QLD,Maleny Optical,place-au-qld-riverside-centre,Riverside Centre,Shopping Centre,High,Canonicalised from the store's named retail-place evidence,https://www.provision.com.au/practice/maleny-optical/,2026-09-02,qld-riverside,Accepted,true
opsm-2968,OPSM,Australia,QLD,OPSM North Lakes,place-au-qld-westfield-north-lakes,Westfield North Lakes,Shopping Centre,High,Official store address matches the authoritative canonical place address,https://www.westfield.com.au/northlakes/,2026-09-03,,Accepted,true
independent-other-optical-provision-17578,Independent / Other optical,Australia,QLD,Eyefix Optometrists,corridor-au-qld-manly-west-burnett-street,Burnett Street,High Street,Medium,Numbered street address without a corroborated centre match,https://www.provision.com.au/practice/eyefix-optometrists/,2026-09-02,,Accepted,true
independent-other-optical-provision-17531,Independent / Other optical,Australia,QLD,Total Optical Pty Ltd,,,Uncertain,Uncertain,Location setting needs consultant review,https://www.provision.com.au/practice/total-optical-pty-ltd/,2026-09-02,,Needs review,true
independent-other-optical-provision-17438,Independent / Other optical,Australia,QLD,Dwyer & Ross Optometrists,corridor-au-qld-margate-oxley-avenue,Oxley Avenue,High Street,Medium,Numbered street address without a corroborated centre match,https://www.provision.com.au/practice/dwyer-ross-optometrists/,2026-09-02,,Accepted,true
bupa-optical-13626269,Bupa Optical,Australia,QLD,Bupa Optical & Hearing Maroochydore,place-au-qld-sunshine-plaza,Sunshine Plaza,Shopping Centre,High,Canonicalised from the store's named retail-place evidence,https://bupaoptical.bupa.com.au/pages/store/bupa-optical-maroochydore,2026-09-03,qld-plaza-sunshine,Accepted,true
george-matilda-17206,George & Matilda,Australia,QLD,Visual Eyes,place-au-qld-sunshine-plaza,Sunshine Plaza,Shopping Centre,High,Canonicalised from the store's named retail-place evidence,https://georgeandmatilda.com.au/stores/optometrist-maroochydore-qld/,2026-09-02,qld-plaza-sunshine,Accepted,true
independent-other-optical-provision-305042,Independent / Other optical,Australia,QLD,Fresh Vision Optometrists Maroochydore,corridor-au-qld-maroochydore-second-avenue,Second Avenue,High Street,Medium,Numbered street address without a corroborated centre match,https://www.provision.com.au/practice/fresh-vision-maroochydore/,2026-09-02,,Accepted,true
independent-other-optical-provision-326585,Independent / Other optical,Australia,QLD,Individual Eyes Optometry,corridor-au-qld-maroochydore-wises-road,Wises Road,High Street,Medium,Numbered street address without a corroborated centre match,https://www.provision.com.au/practice/individual-eyes-optometry/,2026-09-02,,Accepted,true
opsm-1263,OPSM,Australia,QLD,OPSM Maroochydore,place-au-qld-sunshine-plaza,Sunshine Plaza,Shopping Centre,High,The current Sunshine Plaza directory lists OPSM on Level G inside the centre,https://www.sunshineplaza.com/stores/opsm,2026-09-02,,Accepted,true
optical-superstore-60821,Optical Superstore,Australia,QLD,Maroochydore,corridor-au-qld-maroochydore-baden-powell-street,Baden Powell Street,High Street,Medium,Numbered street address without a corroborated centre match,https://opticalsuperstore.com.au/find-your-nearest-store/,2026-09-02,,Accepted,true
optical-warehouse-maroochydore,Optical Warehouse,Australia,QLD,Optical Warehouse Maroochydore,corridor-au-qld-maroochydore-maud-street,Maud Street,High Street,Medium,Numbered street address without a corroborated centre match,https://www.opticalwarehouse.com.au/local_store/maroochydore/,2026-09-03,,Accepted,true
oscar-wylee-51,Oscar Wylee,Australia,QLD,Sunshine Plaza,place-au-qld-sunshine-plaza,Sunshine Plaza,Shopping Centre,High,Canonicalised from the store's named retail-place evidence,https://www.oscarwylee.com.au/locations/locations/optometrist-sunshine-plaza.html,2026-09-01,qld-plaza-sunshine,Accepted,true
specsavers-3201,Specsavers,Australia,QLD,Maroochydore Sunshine Plaza,place-au-qld-sunshine-plaza,Sunshine Plaza,Shopping Centre,High,Canonicalised from the store's named retail-place evidence,https://www.specsavers.com.au/stores/maroochydore,2026-09-01,qld-maroochydore-plaza-sunshine,Accepted,true
opsm-1167,OPSM,Australia,QLD,OPSM Maryborough,corridor-au-qld-maryborough-lennox-street,Lennox Street,High Street,Medium,Numbered street address without a corroborated centre match,https://www.opsm.com.au/en/opsm-au/find-store,2026-09-01,,Accepted,true
optical-warehouse-maryborough,Optical Warehouse,Australia,QLD,Optical Warehouse Maryborough,corridor-au-qld-maryborough-lennox-street,Lennox Street,High Street,Medium,Numbered street address without a corroborated centre match,https://www.opticalwarehouse.com.au/local_store/maryborough/,2026-09-03,,Accepted,true
specsavers-3483,Specsavers,Australia,QLD,Maryborough,place-au-qld-station-square-shopping-centre,Station Square Shopping Centre,Shopping Centre,High,Canonicalised from the store's named retail-place evidence,https://www.specsavers.com.au/stores/maryborough,2026-09-01,qld-square-station,Accepted,true
eyecare-plus-639,Eyecare Plus,Australia,QLD,Eyecare Plus Optometrists Mermaid Beach,corridor-au-qld-mermaid-beach-gold-coast-highway,Gold Coast Highway,High Street,Medium,Numbered street address without a corroborated centre match,https://www.eyecareplus.com.au/mermaidbeach/,2026-09-02,,Accepted,true
optical-superstore-60919,Optical Superstore,Australia,QLD,Q Super Centre,place-au-qld-super-centre,Super Centre,Shopping Centre,High,Canonicalised from the store's named retail-place evidence,https://opticalsuperstore.com.au/find-your-nearest-store/,2026-09-02,qld-super,Accepted,true
eyecare-plus-641,Eyecare Plus,Australia,QLD,Eyecare Plus Optometrists Miami,place-au-qld-miami-one-shopping-centre,Miami One Shopping Centre,Shopping Centre,High,Canonicalised from the store's named retail-place evidence,https://www.eyecareplus.com.au/miami/,2026-09-02,qld-miami-one,Accepted,true
independent-other-optical-provision-34551,Independent / Other optical,Australia,QLD,The Optical Nook,corridor-au-qld-milton-park-road,Park Road,High Street,Medium,Numbered street address without a corroborated centre match,https://www.provision.com.au/practice/optical-nook/,2026-09-02,,Accepted,true
laubman-pank-brookside-optometrist,Laubman & Pank,Australia,QLD,Laubman & Pank Brookside Mitchelton,place-au-qld-brookside-shopping-centre,Brookside Shopping Centre,Shopping Centre,High,Canonicalised from the store's named retail-place evidence,https://www.laubmanandpank.com.au/store/brookside-optometrist,2026-09-02,qld-brookside,Accepted,true
opsm-1119,OPSM,Australia,QLD,OPSM Brookside,place-au-qld-brookside-shopping-centre,Brookside Shopping Centre,Shopping Centre,Medium,The current official OPSM record names Brookside and gives its Osborne and Burwood Roads address,https://www.opsm.com.au/en/opsm-au/find-store,2026-09-03,,Accepted,true
optical-superstore-60450,Optical Superstore,Australia,QLD,Brookside S/C,place-au-qld-brookside-shopping-centre,Brookside Shopping Centre,Shopping Centre,High,Canonicalised from the store's named retail-place evidence,https://opticalsuperstore.com.au/find-your-nearest-store/,2026-09-02,qld-brookside,Accepted,true
oscar-wylee-152,Oscar Wylee,Australia,QLD,Brookside Shopping Centre,place-au-qld-brookside-shopping-centre,Brookside Shopping Centre,Shopping Centre,High,Canonicalised from the store's named retail-place evidence,https://www.oscarwylee.com.au/locations/locations/optometrist-brookside.html,2026-09-01,qld-brookside,Accepted,true
specsavers-3408,Specsavers,Australia,QLD,Brookside S/C,place-au-qld-brookside-shopping-centre,Brookside Shopping Centre,Shopping Centre,High,Canonicalised from the store's named retail-place evidence,https://www.specsavers.com.au/stores/brookside,2026-09-01,qld-brookside,Accepted,true
independent-other-optical-provision-17555,Independent / Other optical,Australia,QLD,David Stephensen Optometrist,corridor-au-qld-moorooka-beaudesert-road,Beaudesert Road,High Street,Medium,Numbered street address without a corroborated centre match,https://www.provision.com.au/practice/david-stephensen-optometrist-moorooka/,2026-09-02,,Accepted,true
laubman-pank-morayfield-optometrist,Laubman & Pank,Australia,QLD,Laubman & Pank Morayfield,place-au-qld-morayfield-shopping-centre,Morayfield Shopping Centre,Shopping Centre,High,Canonicalised from the store's named retail-place evidence,https://www.laubmanandpank.com.au/store/morayfield-optometrist,2026-09-02,qld-morayfield,Accepted,true
opsm-1273,OPSM,Australia,QLD,OPSM Morayfield,corridor-au-qld-morayfield-morayfield-road,Morayfield Road,High Street,Medium,Numbered street address without a corroborated centre match,https://www.opsm.com.au/en/opsm-au/find-store,2026-09-01,,Accepted,true
optical-superstore-61034,Optical Superstore,Australia,QLD,Morayfield S/C,place-au-qld-morayfield-shopping-centre,Morayfield Shopping Centre,Shopping Centre,High,Canonicalised from the store's named retail-place evidence,https://opticalsuperstore.com.au/find-your-nearest-store/,2026-09-02,qld-morayfield,Accepted,true
oscar-wylee-49,Oscar Wylee,Australia,QLD,Morayfield Shopping Centre,place-au-qld-morayfield-shopping-centre,Morayfield Shopping Centre,Shopping Centre,High,Canonicalised from the store's named retail-place evidence,https://www.oscarwylee.com.au/locations/locations/optometrist-morayfield.html,2026-09-01,qld-morayfield,Accepted,true
specsavers-3363,Specsavers,Australia,QLD,Morayfield S/C,place-au-qld-morayfield-shopping-centre,Morayfield Shopping Centre,Shopping Centre,High,Canonicalised from the store's named retail-place evidence,https://www.specsavers.com.au/stores/morayfield,2026-09-01,qld-morayfield,Accepted,true
opsm-2270,OPSM,Australia,QLD,OPSM Mt Gravatt Plaza,place-au-qld-mt-gravatt-plaza,Mt Gravatt Plaza,Shopping Centre,High,Canonicalised from the store's named retail-place evidence,https://www.opsm.com.au/en/opsm-au/find-store,2026-09-01,qld-gravatt-mt-plaza,Accepted,true
opsm-1585,OPSM,Australia,QLD,OPSM Mt Isa,corridor-au-qld-mount-isa-simpson-street,Simpson Street,High Street,Medium,Numbered street address without a corroborated centre match,https://www.opsm.com.au/en/opsm-au/find-store,2026-09-01,,Accepted,true
chemist-warehouse-optometry-loc_a2abf50af420ac2fc7b256a6,Chemist Warehouse Optometry,Australia,QLD,Mt Isa Optical,corridor-au-qld-mount-isa-city-simpson-street,Simpson Street,High Street,Medium,Numbered street address without a corroborated centre match,https://chemistwarehouseoptometry.com.au/pages/store-details/mt-isa-optical,2026-09-03,,Accepted,true
oscar-wylee-153,Oscar Wylee,Australia,QLD,Mt Ommaney,place-au-qld-mt-ommaney-centre,Mt Ommaney Centre,Shopping Centre,High,The current official Mt Ommaney Centre directory lists Oscar Wylee,https://www.mtommaneycentre.com.au/store-category/eyewear-optometrist/,2026-09-03,,Accepted,true
specsavers-3406,Specsavers,Australia,QLD,Mt Ommaney Centre,place-au-qld-mt-ommaney-centre,Mt Ommaney Centre,Shopping Centre,High,Canonicalised from the store's named retail-place evidence,https://www.specsavers.com.au/stores/mtommaney,2026-09-01,qld-mt-ommaney,Accepted,true
optical-superstore-60456,Optical Superstore,Australia,QLD,Cairns – Mt Sheridan,place-au-unknown-mount-sheridan-plaza,Mount Sheridan Plaza,Shopping Centre,High,Official store address matches the authoritative canonical place address,https://mtsheridanplaza.com.au,2026-09-01,,Accepted,true
oscar-wylee-131,Oscar Wylee,Australia,QLD,Capalaba Park,place-au-qld-capalaba-park-shopping-centre,Capalaba Park Shopping Centre,Shopping Centre,High,Canonicalised from the store's named retail-place evidence,https://www.oscarwylee.com.au/locations/locations/optometrist-capalaba.html,2026-09-01,qld-4157-and-bay-capalaba-corner-cotton-mt-park-qld-redland-roads,Accepted,true
optical-superstore-61163,Optical Superstore,Australia,QLD,Mt. Gravatt Plaza,place-au-qld-mt-gravatt-plaza,Mt Gravatt Plaza,Shopping Centre,High,Canonicalised from the store's named retail-place evidence,https://opticalsuperstore.com.au/find-your-nearest-store/,2026-09-02,qld-gravatt-mt-plaza,Accepted,true
the-optical-company-mt-gravatt-4122,The Optical Company,Australia,QLD,The Optical Company Mt Gravatt,,,Other,High,Official name/address contains a non-centre commercial venue term,https://www.opticalco.com.au/locations-listing/,2026-09-03,,Accepted,true
laubman-pank-mt-ommaney-optometrist,Laubman & Pank,Australia,QLD,Laubman & Pank Mt. Ommaney,place-au-qld-mt-ommaney-centre,Mt Ommaney Centre,Shopping Centre,High,Canonicalised from the store's named retail-place evidence,https://www.laubmanandpank.com.au/store/mt-ommaney-optometrist,2026-09-02,qld-mt-ommaney,Accepted,true
opsm-1274,OPSM,Australia,QLD,OPSM Mt Ommaney,corridor-au-qld-mt-ommaney-dandenong-road,Dandenong Road,High Street,Medium,Numbered street address without a corroborated centre match,https://www.opsm.com.au/en/opsm-au/find-store,2026-09-01,,Accepted,true
the-optical-company-mt-ommaney-4074,The Optical Company,Australia,QLD,The Optical Company Mt Ommaney,place-au-qld-mt-ommaney-centre,Mt Ommaney Centre,Shopping Centre,High,Canonicalised from the store's named retail-place evidence,https://www.opticalco.com.au/locations-listing/,2026-09-03,qld-mt-ommaney,Accepted,true
independent-other-optical-provision-17596,Independent / Other optical,Australia,QLD,Alan Ming Optometrist,corridor-au-qld-mudgeeraba-cnr-link-way,CNR Link Way,High Street,Medium,Numbered street address without a corroborated centre match,https://www.provision.com.au/practice/alan-ming-optometrist-mudgeeraba/,2026-09-02,,Accepted,true
independent-other-optical-provision-17488,Independent / Other optical,Australia,QLD,Hammond Optometry,corridor-au-qld-nambour-lowe-street,Lowe Street,High Street,Medium,Numbered street address without a corroborated centre match,https://www.provision.com.au/practice/hammond-optometry-nambour/,2026-09-02,,Accepted,true
independent-other-optical-provision-165486,Independent / Other optical,Australia,QLD,Wilson Family Optometrists,corridor-au-qld-nambour-howard-street,Howard Street,High Street,Medium,Numbered street address without a corroborated centre match,https://www.provision.com.au/practice/wilson-fitzpatrick-family-optometrists-nambour/,2026-09-02,,Accepted,true
specsavers-3203,Specsavers,Australia,QLD,Nambour Plaza,place-au-qld-nambour-plaza,Nambour Plaza,Shopping Centre,High,Canonicalised from the store's named retail-place evidence,https://www.specsavers.com.au/stores/nambour,2026-09-01,qld-nambour-plaza,Accepted,true
independent-other-optical-provision-17503,Independent / Other optical,Australia,QLD,Eyes at Narangba,corridor-au-qld-narangba-main-street,Main Street,High Street,Medium,Numbered street address without a corroborated centre match,https://www.provision.com.au/practice/eyesnarangba/,2026-09-02,,Accepted,true
george-matilda-17220,George & Matilda,Australia,QLD,Rosser Optometry,corridor-au-qld-nerang-new-street,New Street,High Street,Medium,Numbered street address without a corroborated centre match,https://georgeandmatilda.com.au/stores/optometrist-nerang-qld/,2026-09-02,,Accepted,true
specsavers-3628,Specsavers,Australia,QLD,Nerang,place-au-qld-nerang-town-centre,My Centre Nerang,Shopping Centre,High,Canonicalised from the store's named retail-place evidence,https://www.specsavers.com.au/stores/nerang,2026-09-01,qld-nerang-town,Accepted,true
specsavers-3572,Specsavers,Australia,QLD,Toowoomba Clifford Gardens,corridor-au-qld-newtown-james-street,James Street,High Street,Medium,Numbered street address without a corroborated centre match,https://www.specsavers.com.au/stores/toowoombacliffordgardens,2026-09-01,,Accepted,true
independent-other-optical-provision-17558,Independent / Other optical,Australia,QLD,Noosa Optical,corridor-au-qld-noosa-heads-lanyana-way,Lanyana Way,High Street,Medium,Best-judgement street-address classification; no centre evidence found,https://www.provision.com.au/practice/noosa-optical/,2026-09-02,,Accepted,true
george-matilda-414,George & Matilda,Australia,QLD,George & Matilda Eyecare – Noosaville,corridor-au-qld-noosaville-gibson-road,Gibson Road,High Street,Medium,Numbered street address without a corroborated centre match,https://georgeandmatilda.com.au/stores/optometrist-noosaville-qld-george-and-matilda-eyecare/,2026-09-02,,Accepted,true
george-matilda-17219,George & Matilda,Australia,QLD,Options Eyecare – Noosaville,corridor-au-qld-noosaville-thomas-street,Thomas Street,High Street,Medium,Numbered street address without a corroborated centre match,https://georgeandmatilda.com.au/stores/optometrist-noosaville-qld-options-eyecare/,2026-09-02,,Accepted,true
opsm-2998,OPSM,Australia,QLD,OPSM Noosa,place-au-qld-noosa-civic-shopping-centre,Noosa Civic,Shopping Centre,High,The current official OPSM record names Noosa and exactly matches Noosa Civic's 28 Eenie Creek Road address,https://www.opsm.com.au/en/opsm-au/find-store,2026-09-03,,Accepted,true
oscar-wylee-78,Oscar Wylee,Australia,QLD,Noosa Civic,place-au-qld-noosa-civic-shopping-centre,Noosa Civic,Shopping Centre,High,Canonicalised from the store's named retail-place evidence,https://www.oscarwylee.com.au/locations/locations/optometrist-noosa.html,2026-09-01,qld-01c-1050x-28-4566-civic-creek-eenie-noosa-noosaville-qld-rd-tp,Accepted,true
specsavers-3204,Specsavers,Australia,QLD,Noosa,place-au-qld-noosa-civic-shopping-centre,Noosa Civic,Shopping Centre,High,Canonicalised from the store's named retail-place evidence,https://www.specsavers.com.au/stores/noosa,2026-09-01,qld-civic-noosa,Accepted,true
opsm-2978,OPSM,Australia,QLD,OPSM Ipswich,corridor-au-qld-north-ipswich-the-terrace,The Terrace,High Street,Medium,Numbered street address without a corroborated centre match,https://www.opsm.com.au/en/opsm-au/find-store,2026-09-01,,Accepted,true
bailey-nelson-north-lakes,Bailey Nelson,Australia,QLD,Bailey Nelson North Lakes,place-au-qld-westfield-north-lakes,Westfield North Lakes,Shopping Centre,High,The current official Westfield North Lakes directory lists Bailey Nelson,https://www.westfield.com.au/northlakes/browse-stores,2026-09-03,,Accepted,true
george-matilda-473,George & Matilda,Australia,QLD,George & Matilda Eyecare for Medispecs North Lakes,place-au-qld-westfield-north-lakes,Westfield North Lakes,Shopping Centre,High,The current official practice page explicitly states that the practice opened with and trades inside Westfield North Lakes,https://georgeandmatilda.com.au/stores/optometrist-north-lakes-qld/,2026-09-03,qld-westfield,Accepted,true
oscar-wylee-19,Oscar Wylee,Australia,QLD,Westfield North Lakes,place-au-qld-westfield-north-lakes,Westfield North Lakes,Shopping Centre,High,Canonicalised from the store's named retail-place evidence,https://www.oscarwylee.com.au/locations/locations/optometrist-north-lakes.html,2026-09-01,qld-lakes-north-westfield,Accepted,true
specsavers-3305,Specsavers,Australia,QLD,North Lakes Westfield,place-au-qld-westfield-north-lakes,Westfield North Lakes,Shopping Centre,High,Canonicalised from the store's named retail-place evidence,https://www.specsavers.com.au/stores/northlakes,2026-09-01,qld-lakes-north-westfield,Accepted,true
specsavers-3604,Specsavers,Australia,QLD,Mackay Mt Pleasant S/C,place-au-qld-mackay-mt-pleasant-shopping-centre,Mount Pleasant Centre,Shopping Centre,High,Canonicalised from the store's named retail-place evidence,https://www.specsavers.com.au/stores/mackaymtpleasant,2026-09-01,qld-mackay-mt-pleasant,Accepted,true
laubman-pank-rockhampton-optometrist,Laubman & Pank,Australia,QLD,Laubman & Pank Rockhampton,place-au-qld-stockland-rockhampton-shopping-centre,Stockland Rockhampton,Shopping Centre,High,Canonicalised from the store's named retail-place evidence,https://www.laubmanandpank.com.au/store/rockhampton-optometrist,2026-09-02,qld-rockhampton-stockland,Accepted,true
optical-superstore-61167,Optical Superstore,Australia,QLD,Rockhampton – Stockland,place-au-qld-stockland-rockhampton-shopping-centre,Stockland Rockhampton,Shopping Centre,High,Canonicalised from the store's named retail-place evidence,https://opticalsuperstore.com.au/find-your-nearest-store/,2026-09-02,qld-rockhampton-stockland,Accepted,true
independent-other-optical-provision-17516,Independent / Other optical,Australia,QLD,Tamborine Mountain Optometrists,place-au-qld-north-tamborine-shopping-square,North Tamborine Shopping Square,Shopping Centre,High,Canonicalised from the store's named retail-place evidence,https://www.provision.com.au/practice/tamborine-mountain-optometrists/,2026-09-02,qld-north-square-tamborine,Accepted,true
eyecare-plus-657,Eyecare Plus,Australia,QLD,Eyecare Plus Optometrists Nundah,corridor-au-qld-nundah-village-sandgate-road,Sandgate Road,High Street,Medium,Best-judgement street-address classification; no centre evidence found,https://www.eyecareplus.com.au/nundah/,2026-09-02,,Accepted,true
independent-other-optical-provision-17621,Independent / Other optical,Australia,QLD,Vision Potential,corridor-au-qld-ormeau-oppermann-drive,Oppermann Drive,High Street,Medium,Numbered street address without a corroborated centre match,https://www.provision.com.au/practice/vision-potential-optometrist-browns-plains/,2026-09-02,,Accepted,true
eyecare-plus-158346,Eyecare Plus,Australia,QLD,Eyecare Plus Optometrists Paradise Point,corridor-au-qld-paradise-point-bruce-avenue,Bruce Avenue,High Street,Medium,Numbered street address without a corroborated centre match,https://www.eyecareplus.com.au/paradisepoint/,2026-09-02,,Accepted,true
oscar-wylee-91,Oscar Wylee,Australia,QLD,Rockhampton,place-au-qld-stockland-rockhampton-shopping-centre,Stockland Rockhampton,Shopping Centre,High,Canonicalised from the store's named retail-place evidence,https://www.oscarwylee.com.au/locations/locations/optometrist-rockhampton.html,2026-09-01,qld-rockhampton-stockland,Accepted,true
specsavers-3455,Specsavers,Australia,QLD,Rockhampton Stockland,place-au-qld-stockland-rockhampton-shopping-centre,Stockland Rockhampton,Shopping Centre,High,Canonicalised from the store's named retail-place evidence,https://www.specsavers.com.au/stores/rockhamptonnorth,2026-09-01,qld-rockhampton-stockland,Accepted,true
george-matilda-17205,George & Matilda,Australia,QLD,Bay Optics,corridor-au-qld-pialba-main-street,Main Street,High Street,Medium,Numbered street address without a corroborated centre match,https://georgeandmatilda.com.au/stores/optometrist-pialba-qld/,2026-09-02,,Accepted,true
opsm-1299,OPSM,Australia,QLD,OPSM Hervey Bay,corridor-au-qld-pialba-old-maryborough-road,Old Maryborough Road,High Street,Medium,Numbered street address without a corroborated centre match,https://www.opsm.com.au/en/opsm-au/find-store,2026-09-01,,Accepted,true
specsavers-3343,Specsavers,Australia,QLD,Hervey Bay Pialba,place-au-qld-pialba-place,Pialba Place,Shopping Centre,High,Official address explicitly names Pialba Place,https://www.specsavers.com.au/stores/herveybaypialba,2026-09-02,,Accepted,true
bupa-optical-3870881,Bupa Optical,Australia,QLD,Bupa Optical Townsville,place-au-qld-castletown-shoppingworld,Castletown,Shopping Centre,High,Canonicalised from the store's named retail-place evidence,https://bupaoptical.bupa.com.au/pages/store/bupa-optical-townsville,2026-09-03,qld-castletown,Accepted,true
specsavers-3576,Specsavers,Australia,QLD,Townsville Castletown,place-au-qld-castletown-shoppingworld,Castletown,Shopping Centre,High,Canonicalised from the store's named retail-place evidence,https://www.specsavers.com.au/stores/castletown,2026-09-01,qld-castletown,Accepted,true
independent-other-optical-provision-17677,Independent / Other optical,Australia,QLD,Coral Sea Eyecare,corridor-au-qld-port-douglas-port-douglas-retail-core,Port Douglas Retail Core,High Street,Medium,Numbered street address without a corroborated centre match,https://www.provision.com.au/practice/coral-sea-eyecare/,2026-09-02,,Accepted,true
specsavers-3277,Specsavers,Australia,QLD,Redbank Plaza,place-au-qld-redbank-plaza,Redbank Plaza,Shopping Centre,High,Canonicalised from the store's named retail-place evidence,https://www.specsavers.com.au/stores/redbank,2026-09-01,qld-plaza-redbank,Accepted,true
laubman-pank-eyecare-redbank-plains-part-laubmanpank,Laubman & Pank,Australia,QLD,Eyecare Redbank Plains Part of Laubman&Pank,place-au-qld-town-square,Town Square,Shopping Centre,High,Canonicalised from the store's named retail-place evidence,https://www.laubmanandpank.com.au/store/eyecare-redbank-plains-part-laubmanpank,2026-09-02,qld-square-town,Accepted,true
bailey-nelson-robina,Bailey Nelson,Australia,QLD,Bailey Nelson Gold Coast Robina,place-au-qld-robina-town-centre-dr,Robina Town Centre Dr,Shopping Centre,High,Canonicalised from the store's named retail-place evidence,https://baileynelson.com.au/pages/optometrist-robina,2026-09-01,qld-robina-town,Accepted,true
oscar-wylee-81,Oscar Wylee,Australia,QLD,Robina,place-au-qld-robina-town-centre-dr,Robina Town Centre Dr,Shopping Centre,High,Canonicalised from the store's named retail-place evidence,https://www.oscarwylee.com.au/locations/locations/optometrist-robina.html,2026-09-01,qld-dr-robina-town,Accepted,true
specsavers-3381,Specsavers,Australia,QLD,Robina Town Centre - G Level,place-au-qld-robina-town-centre-dr,Robina Town Centre Dr,Shopping Centre,High,Canonicalised from the store's named retail-place evidence,https://www.specsavers.com.au/stores/robina,2026-09-01,qld-robina-town,Accepted,true
the-optical-company-robina-4226,The Optical Company,Australia,QLD,The Optical Company Robina,place-au-qld-robina-town-centre-dr,Robina Town Centre Dr,Shopping Centre,High,Canonicalised from the store's named retail-place evidence,https://www.opticalco.com.au/locations-listing/,2026-09-03,qld-robina-town,Accepted,true
opsm-1322,OPSM,Australia,QLD,OPSM Robina,place-au-qld-robina-town-centre-dr,Robina Town Centre Dr,Shopping Centre,High,Canonicalised from the store's named retail-place evidence,https://www.opsm.com.au/en/opsm-au/find-store,2026-09-01,qld-dr-robina-town,Accepted,true
opsm-1064,OPSM,Australia,QLD,OPSM Rockhampton,corridor-au-qld-rockhampton-bruce-highway,Bruce Highway,High Street,Medium,Numbered street address without a corroborated centre match,https://www.opsm.com.au/en/opsm-au/find-store,2026-09-01,,Accepted,true
independent-other-optical-provision-17661,Independent / Other optical,Australia,QLD,Sankey Fraser Eyecare,place-au-qld-westlands-plaza,Westlands Plaza,Shopping Centre,High,Canonicalised from the store's named retail-place evidence,https://www.provision.com.au/practice/sankey-fraser-eyecare-optometrist-roma/,2026-09-02,qld-plaza-westlands,Accepted,true
george-matilda-17223,George & Matilda,Australia,QLD,Elite Eyecare – Runaway Bay,place-au-qld-runaway-bay-shopping-village,Runaway Bay Centre,Shopping Centre,High,Official store address matches the authoritative canonical place address,https://runawaybaycentre.com.au/,2026-09-02,,Accepted,true
opsm-1076,OPSM,Australia,QLD,OPSM Runaway Bay,place-au-qld-runaway-bay-shopping-village,Runaway Bay Centre,Shopping Centre,High,Official store address matches the authoritative canonical place address,https://runawaybaycentre.com.au/,2026-09-02,,Accepted,true
specsavers-3391,Specsavers,Australia,QLD,Runaway Bay Shopping Village,place-au-qld-runaway-bay-shopping-village,Runaway Bay Centre,Shopping Centre,High,Canonicalised from the store's named retail-place evidence,https://www.specsavers.com.au/stores/runawaybay,2026-09-01,qld-bay-runaway-village,Accepted,true
the-optical-company-runaway-bay-4216,The Optical Company,Australia,QLD,The Optical Company Runaway Bay,place-au-qld-runaway-bay-shopping-village,Runaway Bay Centre,Shopping Centre,High,Canonicalised from the store's named retail-place evidence,https://www.opticalco.com.au/locations-listing/,2026-09-03,qld-bay-runaway,Accepted,true
george-matilda-496,George & Matilda,Australia,QLD,George & Matilda Eyecare for Sanctuary Cove Optical,corridor-au-qld-sanctuary-cove-masthead-way,Masthead Way,High Street,Medium,Best-judgement street-address classification; no centre evidence found,https://georgeandmatilda.com.au/stores/optometrist-sanctuary-cove-qld/,2026-09-02,,Accepted,true
opsm-1562,OPSM,Australia,QLD,OPSM Loganholme,place-au-qld-logan-hyperdome,Hyperdome,Shopping Centre,High,The current Hyperdome directory lists OPSM at Shop 13 inside the centre,https://hyperdomeshopping.com.au/retailer/opsm-hyperdome/,2026-09-02,,Accepted,true
independent-other-optical-provision-17590,Independent / Other optical,Australia,QLD,Focus Optometrists,corridor-au-qld-sherwood-sherwood-road,Sherwood Road,High Street,Medium,Numbered street address without a corroborated centre match,https://www.provision.com.au/practice/focus-optometrists/,2026-09-02,,Accepted,true
independent-other-optical-provision-17587,Independent / Other optical,Australia,QLD,Optikus Optometrists,place-au-qld-chancellor-village-blvd,Chancellor Village Blvd,Shopping Centre,High,Canonicalised from the store's named retail-place evidence,https://www.provision.com.au/practice/optikus-optometrists/,2026-09-02,qld-blvd-chancellor-village,Accepted,true
bupa-optical-3870853,Bupa Optical,Australia,QLD,Bupa Optical Smithfield,place-au-qld-cairns-smithfield-centre,Smithfield Shopping Centre,Shopping Centre,High,Canonicalised from the store's named retail-place evidence,https://bupaoptical.bupa.com.au/pages/store/bupa-optical-smithfield,2026-09-03,qld-smithfield,Accepted,true
specsavers-3304,Specsavers,Australia,QLD,Cairns Smithfield Centre,place-au-qld-cairns-smithfield-centre,Smithfield Shopping Centre,Shopping Centre,High,Canonicalised from the store's named retail-place evidence,https://www.specsavers.com.au/stores/smithfield,2026-09-01,qld-cairns-smithfield,Accepted,true
eyecare-plus-671,Eyecare Plus,Australia,QLD,Eyecare Plus Optometrists Southport,corridor-au-qld-southport-nerang-street,Nerang Street,High Street,Medium,Numbered street address without a corroborated centre match,https://www.eyecareplus.com.au/southport/,2026-09-02,,Accepted,true
eyecare-plus-161115,Eyecare Plus,Australia,QLD,Eyecare Plus Optometrists Southport Park,place-au-qld-southport-park-shopping-centre,Southport Park Shopping Centre,Shopping Centre,High,Canonicalised from the store's named retail-place evidence,https://www.eyecareplus.com.au/southportpark/,2026-09-02,qld-park-southport,Accepted,true
george-matilda-17222,George & Matilda,Australia,QLD,Elite Eyecare – Australia Fair,place-au-qld-australia-fair-shopping-centre,Australia Fair,Shopping Centre,High,Canonicalised from the store's named retail-place evidence,https://georgeandmatilda.com.au/stores/optometrist-southport-qld/,2026-09-02,qld-australia-fair,Accepted,true
independent-other-optical-provision-68307,Independent / Other optical,Australia,QLD,Eyeconic Optometry,place-au-qld-brickworks-centre,Brickworks Centre,Shopping Centre,High,Canonicalised from the store's named retail-place evidence,https://www.provision.com.au/practice/eyeconic-optometry-southport/,2026-09-02,qld-brickworks,Accepted,true
independent-other-optical-osm-au-node-13300409376,Independent / Other optical,Australia,QLD,iKANDi Sunglasses,corridor-au-qld-southport-marine-parade,Marine Parade,High Street,Medium,Numbered street address without a corroborated centre match,https://www.openstreetmap.org/node/13300409376,2026-09-01,,Accepted,false
opsm-1343,OPSM,Australia,QLD,OPSM Southport,place-au-qld-australia-fair-shopping-centre,Australia Fair,Shopping Centre,High,Official store address matches the authoritative canonical place address,https://www.australiafair.com.au/,2026-09-02,,Accepted,true
optical-superstore-61169,Optical Superstore,Australia,QLD,Australia Fair S/C,place-au-qld-australia-fair-shopping-centre,Australia Fair,Shopping Centre,High,Canonicalised from the store's named retail-place evidence,https://opticalsuperstore.com.au/find-your-nearest-store/,2026-09-02,qld-australia-fair,Accepted,true
oscar-wylee-94,Oscar Wylee,Australia,QLD,Australia Fair,place-au-qld-australia-fair-shopping-centre,Australia Fair,Shopping Centre,High,Canonicalised from the store's named retail-place evidence,https://www.oscarwylee.com.au/locations/locations/optometrist-southport.html,2026-09-01,qld-australia-fair,Accepted,true
specsavers-3453,Specsavers,Australia,QLD,Southport - Australia Fair S/C,place-au-qld-australia-fair-shopping-centre,Australia Fair,Shopping Centre,High,Specsavers' current official store page identifies the Australia Fair tenancy and the current Australia Fair directory lists Specsavers,https://www.specsavers.com.au/stores/australiafair,2026-09-03,,Accepted,true
oscar-wylee-93,Oscar Wylee,Australia,QLD,Orion Springfield,place-au-qld-orion-springfield-central,Orion Springfield Central,Shopping Centre,High,Official address matches the Orion Springfield Central tenancy,https://www.oscarwylee.com.au/locations/locations/optometrist-springfield.html,2026-09-02,,Accepted,true
specsavers-3567,Specsavers,Australia,QLD,Springfield,place-au-qld-orion-springfield-central,Orion Springfield Central,Shopping Centre,High,Official address explicitly names Orion Springfield Central,https://www.specsavers.com.au/stores/springfield,2026-09-02,,Accepted,true
opsm-1110,OPSM,Australia,QLD,OPSM Springfield,corridor-au-qld-springfield-lakes-main-street,Main Street,High Street,Medium,Numbered street address without a corroborated centre match,https://www.opsm.com.au/en/opsm-au/find-store,2026-09-01,,Accepted,true
specsavers-3651,Specsavers,Australia,QLD,Springwood,place-au-qld-arndale-shopping-centre,Arndale Shopping Centre,Shopping Centre,High,Canonicalised from the store's named retail-place evidence,https://www.specsavers.com.au/stores/springwood,2026-09-01,qld-arndale,Accepted,true
opsm-7025,OPSM,Australia,QLD,OPSM Stafford,corridor-au-qld-stafford-stafford-road,Stafford Road,High Street,Medium,Numbered street address without a corroborated centre match,https://www.opsm.com.au/en/opsm-au/find-store,2026-09-01,,Accepted,true
optical-warehouse-stafford,Optical Warehouse,Australia,QLD,Optical Warehouse Stafford,place-au-qld-stafford-city-shopping-centre-stafford-qld-4053,Stafford City Shopping Centre Stafford QLD 4053,Shopping Centre,High,Canonicalised from the store's named retail-place evidence,https://www.opticalwarehouse.com.au/local_store/stafford/,2026-09-03,qld-4053-city-qld-stafford,Accepted,true
eyecare-plus-4353,Eyecare Plus,Australia,QLD,Chas Sankey Fraser – Eyecare Plus Optometrists Stanthorpe,corridor-au-qld-stanthorpe-maryland-street,Maryland Street,High Street,Medium,Numbered street address without a corroborated centre match,https://www.eyecareplus.com.au/stanthorpe/,2026-09-02,,Accepted,true
opsm-1436,OPSM,Australia,QLD,OPSM Strathpine,place-au-qld-strathpine-centre,Strathpine Centre,Shopping Centre,High,Canonicalised from the store's named retail-place evidence,https://www.opsm.com.au/en/opsm-au/find-store,2026-09-01,qld-strathpine,Accepted,true
optical-warehouse-strathpine,Optical Warehouse,Australia,QLD,Optical Warehouse Strathpine,corridor-au-qld-strathpine-gympie-road,Gympie Road,High Street,Medium,Numbered street address without a corroborated centre match,https://www.opticalwarehouse.com.au/local_store/strathpine/,2026-09-03,,Accepted,true
oscar-wylee-35,Oscar Wylee,Australia,QLD,Strathpine Centre,place-au-qld-strathpine-centre,Strathpine Centre,Shopping Centre,High,Canonicalised from the store's named retail-place evidence,https://www.oscarwylee.com.au/locations/locations/optometrist-strathpine.html,2026-09-01,qld-strathpine,Accepted,true
specsavers-3389,Specsavers,Australia,QLD,Strathpine Centre,place-au-qld-strathpine-centre,Strathpine Centre,Shopping Centre,High,Canonicalised from the store's named retail-place evidence,https://www.specsavers.com.au/stores/strathpine,2026-09-01,qld-strathpine,Accepted,true
george-matilda-504,George & Matilda,Australia,QLD,George & Matilda Eyecare for Tin Wong Optometrists,place-au-unknown-sunny-park-shopping-centre,Sunny Park Shopping Centre,Shopping Centre,High,Canonicalised from the store's named retail-place evidence,https://georgeandmatilda.com.au/stores/optometrist-sunnybank-qld/,2026-09-02,qld-park-sunny,Accepted,true
opsm-1268,OPSM,Australia,QLD,OPSM Sunnybank,place-au-unknown-sunny-park-shopping-centre,Sunny Park Shopping Centre,Shopping Centre,High,Official store address matches the authoritative canonical place address,https://www.sunnypark.com.au/,2026-09-02,,Accepted,true
specsavers-3479,Specsavers,Australia,QLD,Sunnybank Plaza,place-au-qld-sunnybank-plaza,Sunnybank Plaza,Shopping Centre,High,Canonicalised from the store's named retail-place evidence,https://www.specsavers.com.au/stores/sunnybank,2026-09-01,qld-plaza-sunnybank,Accepted,true
chemist-warehouse-optometry-loc_ab98241db6b00036b9c0eebb,Chemist Warehouse Optometry,Australia,QLD,Tony Collivas Optometrist,place-au-unknown-sunnybank-hills-shoppingtown,Sunnybank Hills Shoppingtown,Shopping Centre,High,Canonicalised from the store's named retail-place evidence,https://chemistwarehouseoptometry.com.au/pages/store-details/tony-collivas-optometrist,2026-09-03,qld-hills-sunnybank,Accepted,true
optical-superstore-61171,Optical Superstore,Australia,QLD,Sunnybank Hills Shoppingtown,place-au-unknown-sunnybank-hills-shoppingtown,Sunnybank Hills Shoppingtown,Shopping Centre,High,Canonicalised from the store's named retail-place evidence,https://opticalsuperstore.com.au/find-your-nearest-store/,2026-09-02,qld-hills-sunnybank,Accepted,true
independent-other-optical-provision-294213,Independent / Other optical,Australia,QLD,Heron Eyecare,corridor-au-qld-toowoomba-margaret-street-1,Margaret Street,High Street,Medium,Numbered street address without a corroborated centre match,https://www.provision.com.au/practice/heron-eyecare/,2026-09-02,,Accepted,true
optical-superstore-61173,Optical Superstore,Australia,QLD,Taigum Square,place-au-qld-taigum-square,Taigum Square,Shopping Centre,High,Canonicalised from the store's named retail-place evidence,https://opticalsuperstore.com.au/find-your-nearest-store/,2026-09-02,qld-square-taigum,Accepted,true
specsavers-3518,Specsavers,Australia,QLD,Taigum Square,place-au-qld-taigum-square,Taigum Square,Shopping Centre,High,Canonicalised from the store's named retail-place evidence,https://www.specsavers.com.au/stores/taigum,2026-09-01,qld-square-taigum,Accepted,true
opsm-1387,OPSM,Australia,QLD,OPSM The Gap,corridor-au-qld-the-gap-waterworks-road,Waterworks Road,High Street,Medium,Numbered street address without a corroborated centre match,https://www.opsm.com.au/en/opsm-au/find-store,2026-09-01,,Accepted,true
specsavers-3476,Specsavers,Australia,QLD,Townsville Willows S/C,place-au-qld-townsville-willows-shopping-centre,Willows Shopping Centre,Shopping Centre,High,Canonicalised from the store's named retail-place evidence,https://www.specsavers.com.au/stores/townsvillewillows,2026-09-01,qld-townsville-willows,Accepted,true
opsm-1565,OPSM,Australia,QLD,OPSM Toowong,place-au-qld-toowong-village,Toowong Village,Shopping Centre,High,Official Toowong Village directory lists OPSM at Gallery Level GA36,https://www.toowongvillage.com.au/stores,2026-09-03,,Accepted,true
specsavers-3566,Specsavers,Australia,QLD,Toowong,place-au-qld-toowong-village,Toowong Village,Shopping Centre,High,Canonicalised from the store's named retail-place evidence,https://www.specsavers.com.au/stores/toowong,2026-09-01,qld-toowong-village,Accepted,true
bailey-nelson-toowoomba,Bailey Nelson,Australia,QLD,Bailey Nelson Toowoomba,place-au-qld-toowoomba-grand-central-shopping-centre,Grand Central Shopping Centre,Shopping Centre,High,The current official Bailey Nelson page explicitly identifies Shop 30 in Grand Central Shopping Centre,https://baileynelson.com.au/pages/optometrist-toowoomba,2026-09-03,,Accepted,true
bupa-optical-13626280,Bupa Optical,Australia,QLD,Bupa Optical & Hearing Toowoomba,place-au-qld-toowoomba-grand-central-shopping-centre,Grand Central Shopping Centre,Shopping Centre,High,Canonicalised from the store's named retail-place evidence,https://bupaoptical.bupa.com.au/pages/store/bupa-optical-toowoomba,2026-09-03,qld-central-grand,Accepted,true
george-matilda-17208,George & Matilda,Australia,QLD,Neilson Eyecare,corridor-au-qld-toowoomba-cnr-cecil-street,Cnr Cecil Street,High Street,Medium,Best-judgement street-address classification; no centre evidence found,https://georgeandmatilda.com.au/stores/optometrist-toowoomba-city-qld/,2026-09-02,,Accepted,true
independent-other-optical-provision-17664,Independent / Other optical,Australia,QLD,Darling Downs Optometrist,corridor-au-qld-toowoomba-ruthven-street,Ruthven Street,High Street,Medium,Numbered street address without a corroborated centre match,https://www.provision.com.au/practice/darling-downs-optometrist-toowoomba/,2026-09-02,,Accepted,true
independent-other-optical-provision-320516,Independent / Other optical,Australia,QLD,LA Optical,corridor-au-qld-toowoomba-margaret-street-2,Margaret Street,High Street,Medium,Numbered street address without a corroborated centre match,https://www.provision.com.au/practice/la-optical/,2026-09-02,,Accepted,true
independent-other-optical-provision-17650,Independent / Other optical,Australia,QLD,Sankey Fraser Eyecare,corridor-au-qld-toowoomba-ruthven-street,Ruthven Street,High Street,Medium,Numbered street address without a corroborated centre match,https://www.provision.com.au/practice/sankey-fraser-eyecare-optometrist-toowoomba/,2026-09-02,,Accepted,true
independent-other-optical-provision-17426,Independent / Other optical,Australia,QLD,Somerville & Merrin Optometrists,corridor-au-qld-toowoomba-hume-street,Hume Street,High Street,Medium,Numbered street address without a corroborated centre match,https://www.provision.com.au/practice/somerville-and-merrin-optometrists-hume-street-toowoomba/,2026-09-02,,Accepted,true
laubman-pank-durkinblack-optometrists-part-laubmanpank-grand-central,Laubman & Pank,Australia,QLD,Durkin&Black Optometrists Part of Laubman&Pank (Grand Central),place-au-qld-toowoomba-grand-central-shopping-centre,Grand Central Shopping Centre,Shopping Centre,High,Canonicalised from the store's named retail-place evidence,https://www.laubmanandpank.com.au/store/durkinblack-optometrists-part-laubmanpank-grand-central,2026-09-02,qld-central-grand,Accepted,true
laubman-pank-toowoomba-clifford-gardens-optometrist,Laubman & Pank,Australia,QLD,Laubman & Pank Toowoomba Clifford Gardens,place-au-qld-clifford-gardens-shopping-centre,Clifford Gardens Shopping Centre,Shopping Centre,High,Canonicalised from the store's named retail-place evidence,https://www.laubmanandpank.com.au/store/toowoomba-clifford-gardens-optometrist,2026-09-02,qld-clifford-gardens,Accepted,true
laubman-pank-toowoomba-optometrist,Laubman & Pank,Australia,QLD,Laubman & Pank Toowoomba Grand Central,place-au-qld-toowoomba-grand-central-shopping-centre,Grand Central Shopping Centre,Shopping Centre,High,Canonicalised from the store's named retail-place evidence,https://www.laubmanandpank.com.au/store/toowoomba-optometrist,2026-09-02,qld-central-grand,Accepted,true
opsm-1339,OPSM,Australia,QLD,OPSM Clifford Gardens,corridor-au-qld-toowoomba-james-street,James Street,High Street,Medium,Numbered street address without a corroborated centre match,https://www.opsm.com.au/en/opsm-au/find-store,2026-09-01,,Accepted,true
opsm-1062,OPSM,Australia,QLD,OPSM Toowoomba,place-au-qld-toowoomba-grand-central-shopping-centre,Grand Central Shopping Centre,Shopping Centre,High,The current official OPSM directory identifies Shop 107 at Grand Central Plaza,https://www.opsm.com.au/find-store/qld/gladstone,2026-09-03,,Accepted,true
specsavers-3416,Specsavers,Australia,QLD,Toowoomba Grand Central S/C,place-au-qld-toowoomba-grand-central-shopping-centre,Grand Central Shopping Centre,Shopping Centre,High,Canonicalised from the store's named retail-place evidence,https://www.specsavers.com.au/stores/toowoombagrand,2026-09-01,qld-central-grand-toowoomba,Accepted,true
optical-superstore-61225,Optical Superstore,Australia,QLD,Toowoomba – Grand Central,place-au-qld-toowoomba-grand-central-shopping-centre,Grand Central Shopping Centre,Shopping Centre,High,The current official retailer directory identifies Shop 2043 at Grand Central Toowoomba,https://opticalsuperstore.com.au/find-your-nearest-store/,2026-09-03,,Accepted,true
oscar-wylee-63,Oscar Wylee,Australia,QLD,Grand Central Toowoomba,place-au-qld-toowoomba-grand-central-shopping-centre,Grand Central Shopping Centre,Shopping Centre,Medium,Canonicalised from the store's named retail-place evidence,https://www.oscarwylee.com.au/locations/locations/optometrist-toowoomba.html,2026-09-01,qld-4350-central-city-grand-margaret-qld-st-toowoomba,Accepted,true
independent-other-optical-provision-17413,Independent / Other optical,Australia,QLD,Somerville & Merrin Optometrists,place-au-qld-the-range-shopping-centre,The Range Shopping Centre,Shopping Centre,High,Canonicalised from the store's named retail-place evidence,https://www.provision.com.au/practice/somerville-and-merrin-optometrists-the-range-toowoomba/,2026-09-02,qld-range-the,Accepted,true
george-matilda-415,George & Matilda,Australia,QLD,George & Matilda Eyecare – Townsville,corridor-au-qld-townsville-ross-river-road,Ross River Road,High Street,Medium,Numbered street address without a corroborated centre match,https://georgeandmatilda.com.au/stores/optometrist-townsville-qld/,2026-09-02,,Accepted,true
opsm-1169,OPSM,Australia,QLD,OPSM Castletown,corridor-au-qld-townsville-kings-road,Kings Road,High Street,Medium,Numbered street address without a corroborated centre match,https://www.opsm.com.au/en/opsm-au/find-store,2026-09-01,,Accepted,true
independent-other-optical-provision-17553,Independent / Other optical,Australia,QLD,My Optometrist,place-au-qld-underwood-marketplace,Underwood Marketplace,Shopping Centre,High,Canonicalised from the store's named retail-place evidence,https://www.provision.com.au/practice/my-optometrist-underwood/,2026-09-02,qld-marketplace-underwood,Accepted,true
bailey-nelson-mt-gravatt,Bailey Nelson,Australia,QLD,Bailey Nelson Mt Gravatt - NEW LOCATION,place-au-qld-mt-gravatt-westfield,Westfield Mt Gravatt,Shopping Centre,High,The current official Westfield Bailey Nelson directory lists Mt Gravatt on Level 1,https://www.westfield.com.au/store/5Z3jNm4wGQ4WcY66gygWky/bailey-nelson,2026-09-03,,Accepted,true
opsm-1262,OPSM,Australia,QLD,OPSM Mt Gravatt Westfield,place-au-qld-mt-gravatt-westfield,Westfield Mt Gravatt,Shopping Centre,High,Canonicalised from the store's named retail-place evidence,https://www.opsm.com.au/en/opsm-au/find-store,2026-09-01,qld-gravatt-mt-westfield,Accepted,true
oscar-wylee-9,Oscar Wylee,Australia,QLD,Westfield Mt Gravatt,place-au-qld-mt-gravatt-westfield,Westfield Mt Gravatt,Shopping Centre,High,Canonicalised from the store's named retail-place evidence,https://www.oscarwylee.com.au/locations/locations/optometrist-mt-gravatt.html,2026-09-01,qld-gravatt-mt-westfield,Accepted,true
specsavers-3248,Specsavers,Australia,QLD,Upper Mt Gravatt Westfield,place-au-qld-mt-gravatt-westfield,Westfield Mt Gravatt,Shopping Centre,High,Canonicalised from the store's named retail-place evidence,https://www.specsavers.com.au/stores/uppermtgravatt,2026-09-01,qld-gravatt-mt-upper-westfield,Accepted,true
bupa-optical-3870877,Bupa Optical,Australia,QLD,Bupa Optical Mt Gravatt,place-au-qld-mt-gravatt-westfield,Westfield Mt Gravatt,Shopping Centre,High,Canonicalised from the store's named retail-place evidence,https://bupaoptical.bupa.com.au/pages/store/bupa-optical-mt-gravatt,2026-09-03,qld-city-garden-westfield,Accepted,true
laubman-pank-garden-city-qld-optometrist,Laubman & Pank,Australia,QLD,Laubman & Pank Garden City Upper Mt Gravatt,place-au-qld-mt-gravatt-westfield,Westfield Mt Gravatt,Shopping Centre,High,Canonicalised from the store's named retail-place evidence,https://www.laubmanandpank.com.au/store/garden-city-qld-optometrist,2026-09-02,qld-city-garden-westfield,Accepted,true
specsavers-3342,Specsavers,Australia,QLD,Hervey Bay Central,place-au-qld-stocklands-hervey-bay,Stockland Hervey Bay,Shopping Centre,High,Canonicalised from the store's named retail-place evidence,https://www.specsavers.com.au/stores/herveybaycentral,2026-09-01,qld-bay-hervey-stockland,Accepted,true
independent-other-optical-provision-17512,Independent / Other optical,Australia,QLD,Harmony Vision Care,corridor-au-qld-varsity-lakes-christine-avenue,Christine Avenue,High Street,Medium,Numbered street address without a corroborated centre match,https://www.provision.com.au/practice/harmony-vision-care/,2026-09-02,,Accepted,true
opsm-1552,OPSM,Australia,QLD,OPSM Victoria Point,place-au-qld-victoria-point-shopping-centre,Victoria Point Shopping Centre,Shopping Centre,High,The current official centre site identifies an active OPSM offer and the official OPSM directory identifies Shop 5 in the centre,https://www.victoriapointshoppingcentre.com.au/,2026-09-03,,Accepted,true
specsavers-3445,Specsavers,Australia,QLD,Victoria Point S/C,place-au-qld-victoria-point-shopping-centre,Victoria Point Shopping Centre,Shopping Centre,High,Canonicalised from the store's named retail-place evidence,https://www.specsavers.com.au/stores/victoriapoint,2026-09-01,qld-point-victoria,Accepted,true
eyecare-plus-688,Eyecare Plus,Australia,QLD,Chas Sankey Fraser – Eyecare Plus Optometrists Warwick,corridor-au-qld-warwick-palmerin-street,Palmerin Street,High Street,Medium,Numbered street address without a corroborated centre match,https://www.eyecareplus.com.au/warwick/,2026-09-02,,Accepted,true
george-matilda-478,George & Matilda,Australia,QLD,George & Matilda Eyecare for My Optical,corridor-au-qld-warwick-grafton-street,Grafton Street,High Street,Medium,Numbered street address without a corroborated centre match,https://georgeandmatilda.com.au/stores/optometrist-warwick-qld/,2026-09-02,,Accepted,true
specsavers-3626,Specsavers,Australia,QLD,Warwick Rose City,place-au-qld-rose-city-shoppingworld,Rose City Shoppingworld,Shopping Centre,High,Canonicalised from the store's named retail-place evidence,https://www.specsavers.com.au/stores/warwickrosecity,2026-09-01,qld-city-rose,Accepted,true
george-matilda-17210,George & Matilda,Australia,QLD,Vision Optics,corridor-au-qld-west-end-vulture-street,Vulture Street,High Street,Medium,Numbered street address without a corroborated centre match,https://georgeandmatilda.com.au/stores/optometrist-west-end-qld/,2026-09-02,,Accepted,true
specsavers-3506,Specsavers,Australia,QLD,Gladstone Centre Plaza,place-au-qld-gladstone-centre-plaza,Gladstone Centre Plaza,Shopping Centre,High,Canonicalised from the store's named retail-place evidence,https://www.specsavers.com.au/stores/gladstone,2026-09-01,qld-gladstone-plaza,Accepted,true
optical-superstore-153567,Optical Superstore,Australia,QLD,Cairns- DFO,corridor-au-qld-westcourt-mulgrave-road,Mulgrave Road,High Street,Medium,Numbered street address without a corroborated centre match,https://opticalsuperstore.com.au/find-your-nearest-store/,2026-09-02,,Accepted,true
laubman-pank-durkinblack-optometrists-part-laubmanpank-wilsonton,Laubman & Pank,Australia,QLD,Durkin&Black Optometrists Part of Laubman&Pank (Wilsonton),corridor-au-qld-wilsonton-bridge-street,Bridge Street,High Street,Medium,Numbered street address without a corroborated centre match,https://www.laubmanandpank.com.au/store/durkinblack-optometrists-part-laubmanpank-wilsonton,2026-09-02,,Accepted,true
independent-other-optical-provision-17700,Independent / Other optical,Australia,QLD,Clacher and Hook Optometrists,corridor-au-qld-wynnum-bay-terrace,Bay Terrace,High Street,Medium,Numbered street address without a corroborated centre match,https://www.provision.com.au/practice/clacher-and-hook-optometrists-wynnum/,2026-09-02,,Accepted,true
independent-other-optical-provision-17614,Independent / Other optical,Australia,QLD,Bayside Optometry,place-au-qld-wynnum-plaza,Wynnum Plaza,Shopping Centre,High,Canonicalised from the store's named retail-place evidence,https://www.provision.com.au/practice/bayside-optometry-wynnum-west/,2026-09-02,qld-plaza-wynnum,Accepted,true
specsavers-3442,Specsavers,Australia,QLD,Wynnum Plaza,place-au-qld-wynnum-plaza,Wynnum Plaza,Shopping Centre,High,Canonicalised from the store's named retail-place evidence,https://www.specsavers.com.au/stores/wynnumwest,2026-09-01,qld-plaza-wynnum,Accepted,true
specsavers-3664,Specsavers,Australia,QLD,Yamanto,place-au-qld-yamanto-central,Yamanto Central,Shopping Centre,High,Official address explicitly names Yamanto Central,https://www.specsavers.com.au/stores/yamanto,2026-09-02,,Accepted,true
opsm-2957,OPSM,Australia,QLD,OPSM Bay Plaza Yeppoon,place-au-qld-bay-plaza-yeppoon,Bay Plaza Yeppoon,Shopping Centre,High,Canonicalised from the store's named retail-place evidence,https://www.opsm.com.au/en/opsm-au/find-store,2026-09-01,qld-bay-plaza-yeppoon,Accepted,true
optical-superstore-60366,Optical Superstore,Australia,QLD,Yeppoon Central S/C,place-au-qld-yeppoon-central-shopping-centre,Yeppoon Central Shopping Centre,Shopping Centre,High,Canonicalised from the store's named retail-place evidence,https://opticalsuperstore.com.au/find-your-nearest-store/,2026-09-02,qld-central-yeppoon,Accepted,true
independent-other-optical-osm-au-node-13067885816,Independent / Other optical,Australia,SA,Aryoo Eyewear,,,Uncertain,Uncertain,Location setting needs consultant review,https://www.aryooeyewear.com.au/,2026-09-01,,Needs review,false
independent-other-optical-osm-au-node-13315387402,Independent / Other optical,Australia,SA,Eyemedics,corridor-au-sa-sa-main-south-road,Main South Road,High Street,Medium,Numbered street address without a corroborated centre match,https://eyemedics.com.au/,2026-09-01,,Accepted,false
independent-other-optical-osm-au-node-2402171927,Independent / Other optical,Australia,SA,Ken Chenery,,,Uncertain,Uncertain,Location setting needs consultant review,https://www.openstreetmap.org/node/2402171927,2026-09-01,,Needs review,false
independent-other-optical-osm-au-node-6389827386,Independent / Other optical,Australia,SA,Opt Shop,place-au-sa-rundle-mall,Rundle Mall,High Street,High,Canonicalised from the store's named retail-place evidence,https://www.openstreetmap.org/node/6389827386,2026-09-01,sa-rundle,Accepted,false
independent-other-optical-osm-au-node-4744133082,Independent / Other optical,Australia,SA,Port Adelaide Eyewear,,,Uncertain,Uncertain,Location setting needs consultant review,https://www.openstreetmap.org/node/4744133082,2026-09-01,,Needs review,false
independent-other-optical-osm-au-way-320606401,Independent / Other optical,Australia,SA,Riverland Optical,corridor-au-sa-sa-east-terrace,East Terrace,High Street,Medium,Numbered street address without a corroborated centre match,https://www.openstreetmap.org/way/320606401,2026-09-01,,Accepted,false
independent-other-optical-osm-au-node-4671719161,Independent / Other optical,Australia,SA,Thomas & Mackay Optometrists,,,Uncertain,Uncertain,Location setting needs consultant review,https://www.openstreetmap.org/node/4671719161,2026-09-01,,Needs review,false
opsm-2961,OPSM,Australia,SA,Vision Hub Aberfoyle Park by OPSM,place-au-sa-the-hub-shopping-centre,The Hub Shopping Centre,Shopping Centre,Medium,Official shop address matches the optical tenancy at The Hub in Aberfoyle Park,https://www.opsm.com.au/en/opsm-au/find-store,2026-09-02,,Accepted,true
bailey-nelson-adelaide-arcade,Bailey Nelson,Australia,SA,Bailey Nelson Adelaide Arcade,place-au-sa-adelaide-arcade,Adelaide Arcade,Shopping Centre,High,Canonicalised from the store's named retail-place evidence,https://baileynelson.com.au/pages/optometrist-adelaide-arcade,2026-09-01,sa-adelaide-arcade,Accepted,true
bupa-optical-3870840,Bupa Optical,Australia,SA,Bupa Optical Adelaide,corridor-au-sa-adelaide-king-william-street,King William Street,High Street,Medium,Numbered street address without a corroborated centre match,https://bupaoptical.bupa.com.au/pages/store/bupa-optical-adelaide,2026-09-03,,Accepted,true
independent-other-optical-provision-326334,Independent / Other optical,Australia,SA,Design Eyewear,corridor-au-sa-adelaide-gawler-place,Gawler Place,High Street,Medium,Numbered street address without a corroborated centre match,https://www.provision.com.au/practice/design-eyewear/,2026-09-02,,Accepted,true
independent-other-optical-provision-17747,Independent / Other optical,Australia,SA,Innovative Eye Care,corridor-au-sa-adelaide-wakefield-street,Wakefield Street,High Street,Medium,Numbered street address without a corroborated centre match,https://www.provision.com.au/practice/innovative-eye-care/,2026-09-02,,Accepted,true
laubman-pank-adelaide-optometrist,Laubman & Pank,Australia,SA,Laubman & Pank Adelaide,place-au-sa-rundle-mall,Rundle Mall,High Street,High,Canonicalised from the store's named retail-place evidence,https://www.laubmanandpank.com.au/store/adelaide-optometrist,2026-09-02,sa-rundle,Accepted,true
opsm-1376,OPSM,Australia,SA,OPSM Adelaide Rundle Mall,place-au-sa-rundle-mall,Rundle Mall,High Street,High,Canonicalised from the store's named retail-place evidence,https://www.opsm.com.au/en/opsm-au/find-store,2026-09-01,sa-adelaide-rundle,Accepted,true
opsm-1050,OPSM,Australia,SA,OPSM Bagot House,corridor-au-sa-adelaide-north-terrace,North Terrace,High Street,Medium,Numbered street address without a corroborated centre match,https://www.opsm.com.au/en/opsm-au/find-store,2026-09-01,,Accepted,true
optical-by-national-pharmacies-adelaide-5000,Optical by National Pharmacies,Australia,SA,Optical by National Pharmacies Adelaide,corridor-au-sa-adelaide-gawler-place,Gawler Place,High Street,Medium,Numbered street address without a corroborated centre match,https://www.nationalpharmacies.com.au/optical-booking/,2026-09-03,,Accepted,true
specsavers-3208,Specsavers,Australia,SA,Adelaide - Rundle Mall,place-au-sa-rundle-mall,Rundle Mall,High Street,High,Canonicalised from the store's named retail-place evidence,https://www.specsavers.com.au/stores/rundlemall,2026-09-01,sa-rundle,Accepted,true
independent-other-optical-provision-121963,Independent / Other optical,Australia,SA,South Coast Optometrists Aldinga,place-au-sa-aldinga-shopping-centre,Aldinga Shopping Centre,Shopping Centre,High,Canonicalised from the store's named retail-place evidence,https://www.provision.com.au/practice/south-coast-optometrists-aldinga/,2026-09-02,sa-aldinga,Accepted,true
opsm-1579,OPSM,Australia,SA,OPSM Berri,corridor-au-sa-berri-denny-street,Denny Street,High Street,Medium,Numbered street address without a corroborated centre match,https://www.opsm.com.au/en/opsm-au/find-store,2026-09-01,,Accepted,true
specsavers-3217,Specsavers,Australia,SA,Berri Riverland Central Plaza,place-au-sa-berri-riverland-central-plaza,Berri Riverland Central Plaza,Shopping Centre,High,Canonicalised from the store's named retail-place evidence,https://www.specsavers.com.au/stores/berri,2026-09-01,sa-berri-central-plaza-riverland,Accepted,true
optical-superstore-60364,Optical Superstore,Australia,SA,Black Forest – South Road,corridor-au-sa-black-forest-south-road,South Road,High Street,Medium,Numbered street address without a corroborated centre match,https://opticalsuperstore.com.au/find-your-nearest-store/,2026-09-02,,Accepted,true
optical-by-national-pharmacies-blackwood-5051,Optical by National Pharmacies,Australia,SA,Optical by National Pharmacies Blackwood,corridor-au-sa-blackwood-main-road,Main Road,High Street,Medium,Numbered street address without a corroborated centre match,https://www.nationalpharmacies.com.au/optical-booking/,2026-09-03,,Accepted,true
optical-by-national-pharmacies-christies-beach-5165,Optical by National Pharmacies,Australia,SA,Optical by National Pharmacies Christies Beach,place-au-sa-christies-beach-shopping-centre,Christies Beach Shopping Centre,Shopping Centre,High,Canonicalised from the store's named retail-place evidence,https://www.nationalpharmacies.com.au/optical-booking/,2026-09-03,sa-beach-christies,Accepted,true
specsavers-3269,Specsavers,Australia,SA,Clare,corridor-au-sa-clare-main-north-road,Main North Road,High Street,Medium,Numbered street address without a corroborated centre match,https://www.specsavers.com.au/stores/clare,2026-09-01,,Accepted,true
bupa-optical-13626258,Bupa Optical,Australia,SA,Bupa Optical & Hearing Colonnades,place-au-sa-colonnades-shopping-centre,Colonnades Shopping Centre,Shopping Centre,High,Canonicalised from the store's named retail-place evidence,https://bupaoptical.bupa.com.au/pages/store/bupa-optical-colonnades,2026-09-03,sa-colonnades,Accepted,true
optical-by-national-pharmacies-cumberland-park-5041,Optical by National Pharmacies,Australia,SA,Optical by National Pharmacies Cumberland Park,corridor-au-sa-cumberland-park-goodwood-road,Goodwood Road,High Street,Medium,Numbered street address without a corroborated centre match,https://www.nationalpharmacies.com.au/optical-booking/,2026-09-03,,Accepted,true
opsm-1572,OPSM,Australia,SA,OPSM Edwardstown,place-au-sa-edwardstown-castle-plaza-shopping-centre,Castle Plaza,Shopping Centre,High,Official store address matches the authoritative canonical place address,https://www.castleplaza.com.au/,2026-09-02,,Accepted,true
specsavers-3369,Specsavers,Australia,SA,Edwardstown Castle Plaza S/C,place-au-sa-edwardstown-castle-plaza-shopping-centre,Castle Plaza,Shopping Centre,High,Canonicalised from the store's named retail-place evidence,https://www.specsavers.com.au/stores/edwardstown,2026-09-01,sa-castle-edwardstown-plaza,Accepted,true
laubman-pank-elizabeth-optometrist,Laubman & Pank,Australia,SA,Laubman & Pank Elizabeth,place-au-sa-elizabeth-shopping-centre,Elizabeth City Centre,Shopping Centre,High,Canonicalised from the store's named retail-place evidence,https://www.laubmanandpank.com.au/store/elizabeth-optometrist,2026-09-02,sa-north,Accepted,true
opsm-1155,OPSM,Australia,SA,OPSM Elizabeth,place-au-sa-elizabeth-shopping-centre,Elizabeth City Centre,Shopping Centre,High,The current Elizabeth City Centre optical-services directory lists OPSM as an active centre tenant,https://www.elizabethcitycentre.com.au/shopping/services/optometrists-health-services,2026-09-02,,Accepted,true
oscar-wylee-113,Oscar Wylee,Australia,SA,Elizabeth City Centre,place-au-sa-elizabeth-shopping-centre,Elizabeth City Centre,Shopping Centre,High,Canonicalised from the store's named retail-place evidence,https://www.oscarwylee.com.au/locations/locations/optometrist-elizabeth.html,2026-09-01,sa-city-elizabeth,Accepted,true
specsavers-3351,Specsavers,Australia,SA,Elizabeth S/C,place-au-sa-elizabeth-shopping-centre,Elizabeth City Centre,Shopping Centre,High,Canonicalised from the store's named retail-place evidence,https://www.specsavers.com.au/stores/elizabeth,2026-09-01,sa-elizabeth,Accepted,true
optical-by-national-pharmacies-findon-5023,Optical by National Pharmacies,Australia,SA,Optical by National Pharmacies Findon,place-au-sa-findon-shopping-centre,Findon Shopping Centre,Shopping Centre,High,Canonicalised from the store's named retail-place evidence,https://www.nationalpharmacies.com.au/optical-booking/,2026-09-03,sa-findon,Accepted,true
opsm-1422,OPSM,Australia,SA,OPSM Firle 2,corridor-au-sa-firle-glynburn-road,Glynburn Road,High Street,Medium,Numbered street address without a corroborated centre match,https://www.opsm.com.au/en/opsm-au/find-store,2026-09-01,,Accepted,true
optical-superstore-61397,Optical Superstore,Australia,SA,Firle Plaza,place-au-sa-firle-plaza,Firle Plaza,Shopping Centre,High,Canonicalised from the store's named retail-place evidence,https://opticalsuperstore.com.au/find-your-nearest-store/,2026-09-02,sa-firle-plaza,Accepted,true
eyecare-plus-606,Eyecare Plus,Australia,SA,Eyecare Plus Optometrists Gawler,corridor-au-sa-gawler-commercial-lane,Commercial Lane,High Street,Medium,Numbered street address without a corroborated centre match,https://www.eyecareplus.com.au/gawler/,2026-09-02,,Accepted,true
opsm-1251,OPSM,Australia,SA,OPSM Gawler,corridor-au-sa-gawler-murray-street,Murray Street,High Street,Medium,Numbered street address without a corroborated centre match,https://www.opsm.com.au/en/opsm-au/find-store,2026-09-01,,Accepted,true
optical-by-national-pharmacies-gawler-5118,Optical by National Pharmacies,Australia,SA,Optical by National Pharmacies Gawler,place-au-sa-gawler-central-shopping-centre,Gawler Central Shopping Centre,Shopping Centre,High,Canonicalised from the store's named retail-place evidence,https://www.nationalpharmacies.com.au/optical-booking/,2026-09-03,sa-central-gawler,Accepted,true
specsavers-3616,Specsavers,Australia,SA,Gawler,corridor-au-sa-gawler-murray-street,Murray Street,High Street,Medium,Numbered street address without a corroborated centre match,https://www.specsavers.com.au/stores/gawler,2026-09-01,,Accepted,true
optical-superstore-61605,Optical Superstore,Australia,SA,Gilles Plains S/C,place-au-sa-gilles-plains-shopping-centre,Gilles Plains Shopping Centre,Shopping Centre,High,Canonicalised from the store's named retail-place evidence,https://opticalsuperstore.com.au/find-your-nearest-store/,2026-09-02,sa-gilles-plains,Accepted,true
independent-other-optical-provision-17714,Independent / Other optical,Australia,SA,HoldfastBay Optometry,corridor-au-sa-glenelg-jetty-road,Jetty Road,High Street,Medium,Numbered street address without a corroborated centre match,https://www.provision.com.au/practice/holdfast-bay-optometry/,2026-09-02,,Accepted,true
opsm-1211,OPSM,Australia,SA,OPSM Glenelg,corridor-au-sa-glenelg-jetty-road,Jetty Road,High Street,Medium,Numbered street address without a corroborated centre match,https://www.opsm.com.au/en/opsm-au/find-store,2026-09-01,,Accepted,true
optical-by-national-pharmacies-glenelg-5045,Optical by National Pharmacies,Australia,SA,Optical by National Pharmacies Glenelg,corridor-au-sa-glenelg-jetty-road,Jetty Road,High Street,Medium,Numbered street address without a corroborated centre match,https://www.nationalpharmacies.com.au/optical-booking/,2026-09-03,,Accepted,true
opsm-1011,OPSM,Australia,SA,OPSM Burnside,corridor-au-sa-glenside-portrush-road,Portrush Road,High Street,Medium,Numbered street address without a corroborated centre match,https://www.opsm.com.au/en/opsm-au/find-store,2026-09-01,,Accepted,true
optical-by-national-pharmacies-glenunga-5064,Optical by National Pharmacies,Australia,SA,Optical by National Pharmacies Glenunga,corridor-au-sa-glenunga-glen-osmond-road,Glen Osmond Road,High Street,Medium,Numbered street address without a corroborated centre match,https://www.nationalpharmacies.com.au/optical-booking/,2026-09-03,,Accepted,true
opsm-1468,OPSM,Australia,SA,OPSM Golden Grove,place-au-sa-the-grove-shopping-centre,The Grove Shopping Centre,Shopping Centre,High,The current official The Grove centre map lists OPSM at Shop 49,https://www.thegrovesa.com.au/visit/the-grove-centre-map/,2026-09-03,,Accepted,true
optical-by-national-pharmacies-golden-grove-5125,Optical by National Pharmacies,Australia,SA,Optical by National Pharmacies Golden Grove,place-au-sa-the-grove-shopping-centre,The Grove Shopping Centre,Shopping Centre,High,Canonicalised from the store's named retail-place evidence,https://www.nationalpharmacies.com.au/optical-booking/,2026-09-03,sa-grove-the,Accepted,true
specsavers-3662,Specsavers,Australia,SA,The Grove Shopping Centre,place-au-sa-the-grove-shopping-centre,The Grove Shopping Centre,Shopping Centre,High,Canonicalised from the store's named retail-place evidence,https://www.specsavers.com.au/stores/goldengrove,2026-09-01,sa-grove-the,Accepted,true
independent-other-optical-provision-17752,Independent / Other optical,Australia,SA,Innovative Eye Care,corridor-au-sa-henley-beach-seaview-road,Seaview Road,High Street,Medium,Numbered street address without a corroborated centre match,https://www.provision.com.au/practice/innovative-eye-care-2/,2026-09-02,,Accepted,true
optical-superstore-61469,Optical Superstore,Australia,SA,Hilton Plaza,place-au-sa-hilton-plaza,Hilton Plaza,Shopping Centre,High,Canonicalised from the store's named retail-place evidence,https://opticalsuperstore.com.au/find-your-nearest-store/,2026-09-02,sa-hilton-plaza,Accepted,true
laubman-pank-ingle-farm-optometrist,Laubman & Pank,Australia,SA,Laubman & Pank Ingle Farm,place-au-sa-ingle-farm-plaza,Ingle Farm Plaza,Shopping Centre,High,Canonicalised from the store's named retail-place evidence,https://www.laubmanandpank.com.au/store/ingle-farm-optometrist,2026-09-02,sa-farm-ingle,Accepted,true
optical-superstore-149814,Optical Superstore,Australia,SA,Ingle Farm,place-au-sa-ingle-farm-plaza,Ingle Farm Plaza,Shopping Centre,High,Canonicalised from the store's named retail-place evidence,https://opticalsuperstore.com.au/find-your-nearest-store/,2026-09-02,sa-farm-ingle-plaza,Accepted,true
specsavers-3514,Specsavers,Australia,SA,Ingle Farm Plaza,place-au-sa-ingle-farm-plaza,Ingle Farm Plaza,Shopping Centre,High,Canonicalised from the store's named retail-place evidence,https://www.specsavers.com.au/stores/inglefarm,2026-09-01,sa-farm-ingle-plaza,Accepted,true
independent-other-optical-osm-au-node-8019782385,Independent / Other optical,Australia,SA,JM Optical,corridor-au-sa-jamestown-ayr-street,Ayr Street,High Street,Medium,Numbered street address without a corroborated centre match,https://www.openstreetmap.org/node/8019782385,2026-09-01,,Accepted,true
specsavers-3273,Specsavers,Australia,SA,Kadina,corridor-au-sa-kadina-hallett-street,Hallett Street,High Street,Medium,Numbered street address without a corroborated centre match,https://www.specsavers.com.au/stores/kadina,2026-09-01,,Accepted,true
independent-other-optical-provision-186387,Independent / Other optical,Australia,SA,Kapunda Optometrists,corridor-au-sa-kapunda-main-street,Main Street,High Street,Medium,Numbered street address without a corroborated centre match,https://www.provision.com.au/practice/kapunda-optometrists/,2026-09-02,,Accepted,true
opsm-1648,OPSM,Australia,SA,OPSM Arndale,corridor-au-sa-kilkenny-torrens-road,Torrens Road,High Street,Medium,Numbered street address without a corroborated centre match,https://www.opsm.com.au/en/opsm-au/find-store,2026-09-01,,Accepted,true
specsavers-3524,Specsavers,Australia,SA,Kilkenny,place-au-sa-arndale-central,Arndale Central,Shopping Centre,High,Official address explicitly names Arndale Central,https://www.specsavers.com.au/stores/kilkenny,2026-09-02,,Accepted,true
george-matilda-450,George & Matilda,Australia,SA,George & Matilda Eyecare for Fleurieu Optometrists,corridor-au-sa-kingscote-franklin-street,Franklin Street,High Street,Medium,Numbered street address without a corroborated centre match,https://georgeandmatilda.com.au/stores/optometrist-kingscote-sa/,2026-09-02,,Accepted,true
optical-by-national-pharmacies-marden-5070,Optical by National Pharmacies,Australia,SA,Optical by National Pharmacies Marden,corridor-au-sa-marden-cnr-lower-portrush-payneham-road,Cnr Lower Portrush & Payneham Road,High Street,Medium,Numbered street address without a corroborated centre match,https://www.nationalpharmacies.com.au/optical-booking/,2026-09-03,,Accepted,true
specsavers-3244,Specsavers,Australia,SA,Marden S/C,place-au-sa-marden-shopping-centre,Marden Shopping Centre,Shopping Centre,High,Canonicalised from the store's named retail-place evidence,https://www.specsavers.com.au/stores/marden,2026-09-01,sa-marden,Accepted,true
optical-by-national-pharmacies-marion-5046,Optical by National Pharmacies,Australia,SA,Optical by National Pharmacies Marion,place-au-sa-westfield-marion,Westfield Marion,Shopping Centre,High,Canonicalised from the store's named retail-place evidence,https://www.nationalpharmacies.com.au/optical-booking/,2026-09-03,sa-marion-westfield,Accepted,true
independent-other-optical-provision-17764,Independent / Other optical,Australia,SA,McLaren Vale Eyecare,corridor-au-sa-mclaren-vale-main-road,Main Road,High Street,Medium,Numbered street address without a corroborated centre match,https://www.provision.com.au/practice/mclaren-vale-eyecare/,2026-09-02,,Accepted,true
bupa-optical-13626279,Bupa Optical,Australia,SA,Bupa Optical & Hearing Tea Tree Plaza,place-au-sa-westfield-tea-tree-plaza,Westfield Tea Tree Plaza,Shopping Centre,High,Bupa's current official store identity and address identify the Westfield Tea Tree Plaza tenancy,https://bupaoptical.bupa.com.au/pages/store/bupa-optical-tea-tree-plaza,2026-09-03,sa-westfield,Accepted,true
laubman-pank-tea-tree-plaza-optometrist,Laubman & Pank,Australia,SA,Laubman & Pank Tea Tree Plaza,place-au-sa-westfield-tea-tree-plaza,Westfield Tea Tree Plaza,Shopping Centre,High,Canonicalised from the store's named retail-place evidence,https://www.laubmanandpank.com.au/store/tea-tree-plaza-optometrist,2026-09-02,sa-plaza-tea-tree,Accepted,true
opsm-1231,OPSM,Australia,SA,OPSM Tea Tree Plaza,place-au-sa-westfield-tea-tree-plaza,Westfield Tea Tree Plaza,Shopping Centre,High,Canonicalised from the store's named retail-place evidence,https://www.opsm.com.au/en/opsm-au/find-store,2026-09-01,sa-plaza-tea-tree,Accepted,true
optical-by-national-pharmacies-modbury-5092,Optical by National Pharmacies,Australia,SA,Optical by National Pharmacies Modbury,corridor-au-sa-modbury-north-east-road,North East Road,High Street,Medium,Numbered street address without a corroborated centre match,https://www.nationalpharmacies.com.au/optical-booking/,2026-09-03,,Accepted,true
oscar-wylee-39,Oscar Wylee,Australia,SA,Westfield Tea Tree Plaza,place-au-sa-westfield-tea-tree-plaza,Westfield Tea Tree Plaza,Shopping Centre,High,Canonicalised from the store's named retail-place evidence,https://www.oscarwylee.com.au/locations/locations/optometrist-tea-tree-plaza.html,2026-09-01,sa-plaza-tea-tree-westfield,Accepted,true
specsavers-3212,Specsavers,Australia,SA,Tea Tree Plaza,place-au-sa-westfield-tea-tree-plaza,Westfield Tea Tree Plaza,Shopping Centre,High,Canonicalised from the store's named retail-place evidence,https://www.specsavers.com.au/stores/teatreeplaza,2026-09-01,sa-plaza-tea-tree,Accepted,true
opsm-2934,OPSM,Australia,SA,OPSM Southgate Square,place-au-sa-southgate-square,Southgate Square,Shopping Centre,High,Canonicalised from the store's named retail-place evidence,https://www.opsm.com.au/en/opsm-au/find-store,2026-09-01,sa-southgate-square,Accepted,true
optical-superstore-61640,Optical Superstore,Australia,SA,Southgate S/C,place-au-sa-southgate-plaza,Southgate Plaza,Shopping Centre,High,Canonicalised from the store's named retail-place evidence,https://opticalsuperstore.com.au/find-your-nearest-store/,2026-09-02,sa-southgate,Accepted,true
specsavers-3509,Specsavers,Australia,SA,Morphett Vale,place-au-sa-southgate-plaza,Southgate Plaza,Shopping Centre,High,Canonicalised from the store's named retail-place evidence,https://www.specsavers.com.au/stores/morphettvale,2026-09-01,sa-plaza-southgate,Accepted,true
opsm-1245,OPSM,Australia,SA,OPSM Mt Barker,corridor-au-sa-mount-barker-mclaren-street,Mclaren Street,High Street,Medium,Numbered street address without a corroborated centre match,https://www.opsm.com.au/en/opsm-au/find-store,2026-09-01,,Accepted,true
specsavers-3458,Specsavers,Australia,SA,Mt Barker Central,place-au-sa-mount-barker-central,Mount Barker Central,Shopping Centre,High,Official address explicitly names Mount Barker Central Shopping Centre,https://www.specsavers.com.au/stores/mtbarker,2026-09-02,,Accepted,true
independent-other-optical-provision-288186,Independent / Other optical,Australia,SA,The Fire Station Optometrists,corridor-au-sa-mount-gambier-sturt-street,Sturt Street,High Street,Medium,Numbered street address without a corroborated centre match,https://www.provision.com.au/practice/the-fire-station-optometrists/,2026-09-02,,Accepted,true
opsm-1584,OPSM,Australia,SA,OPSM Mount Gambier,corridor-au-sa-mount-gambier-helen-street,Helen Street,High Street,Medium,Numbered street address without a corroborated centre match,https://www.opsm.com.au/en/opsm-au/find-store,2026-09-01,,Accepted,true
specsavers-3412,Specsavers,Australia,SA,Mt Gambier,corridor-au-sa-mount-gambier-commercial-street,Commercial Street,High Street,Medium,Best-judgement street-address classification; no centre evidence found,https://www.specsavers.com.au/stores/mtgambier,2026-09-01,,Accepted,true
optical-by-national-pharmacies-mt-barker-5251,Optical by National Pharmacies,Australia,SA,Optical by National Pharmacies Mt Barker,place-au-sa-barker-plaza,Barker Plaza,Shopping Centre,High,Canonicalised from the store's named retail-place evidence,https://www.nationalpharmacies.com.au/optical-booking/,2026-09-03,sa-barker-plaza,Accepted,true
independent-other-optical-provision-17756,Independent / Other optical,Australia,SA,Bridge Eye Care,corridor-au-sa-murray-bridge-bridge-street,Bridge Street,High Street,Medium,Numbered street address without a corroborated centre match,https://www.provision.com.au/practice/bridge-eye-care/,2026-09-02,,Accepted,true
specsavers-3594,Specsavers,Australia,SA,Murray Bridge,place-au-sa-murray-bridge-marketplace,Murray Bridge Marketplace,Shopping Centre,High,Canonicalised from the store's named retail-place evidence,https://www.specsavers.com.au/stores/murraybridge,2026-09-01,sa-bridge-marketplace-murray,Accepted,true
laubman-pank-naracoorte-optometrist,Laubman & Pank,Australia,SA,Laubman & Pank Naracoorte,corridor-au-sa-naracoorte-ormerod-street,Ormerod Street,High Street,Medium,Numbered street address without a corroborated centre match,https://www.laubmanandpank.com.au/store/naracoorte-optometrist,2026-09-02,,Accepted,true
eyeq-optometrists-newton,EyeQ Optometrists,Australia,SA,EyeQ Optometrists Newton,place-au-sa-newton-village-shopping-centre,Newton Village Shopping Centre,Shopping Centre,High,Canonicalised from the store's named retail-place evidence,https://www.eyeq.com.au/optometrist/newton/,2026-09-02,sa-newton-village,Accepted,true
optical-by-national-pharmacies-newton-5074,Optical by National Pharmacies,Australia,SA,Optical by National Pharmacies Newton,corridor-au-sa-newton-gorge-road,Gorge Road,High Street,Medium,Numbered street address without a corroborated centre match,https://www.nationalpharmacies.com.au/optical-booking/,2026-09-03,,Accepted,true
specsavers-3512,Specsavers,Australia,SA,Newton,corridor-au-sa-newton-gorge-road,Gorge Road,High Street,Medium,Numbered street address without a corroborated centre match,https://www.specsavers.com.au/stores/newton,2026-09-01,,Accepted,true
opsm-7071,OPSM,Australia,SA,OPSM Colonnades,corridor-au-sa-noarlunga-beach-road,Beach Road,High Street,Medium,Numbered street address without a corroborated centre match,https://www.opsm.com.au/en/opsm-au/find-store,2026-09-01,,Accepted,true
oscar-wylee-125,Oscar Wylee,Australia,SA,Colonnades,place-au-sa-colonnades-shopping-centre,Colonnades Shopping Centre,Shopping Centre,High,Canonicalised from the store's named retail-place evidence,https://www.oscarwylee.com.au/locations/locations/optometrist-colonnades.html,2026-09-01,sa-colonnades,Accepted,true
specsavers-3376,Specsavers,Australia,SA,Noarlunga Centre,place-au-sa-noarlunga-centre,Noarlunga Centre,Shopping Centre,High,Canonicalised from the store's named retail-place evidence,https://www.specsavers.com.au/stores/noarlunga,2026-09-01,sa-noarlunga,Accepted,true
george-matilda-451,George & Matilda,Australia,SA,George & Matilda Eyecare for Fleurieu Optometrists,corridor-au-sa-normanville-main-south-road,Main South Road,High Street,Medium,Numbered street address without a corroborated centre match,https://georgeandmatilda.com.au/stores/optometrist-normanville-sa/,2026-09-02,,Accepted,true
independent-other-optical-osm-au-node-2415680869,Independent / Other optical,Australia,SA,Optometrists on O'Connell,corridor-au-sa-north-adelaide-o-connell-street,O'Connell Street,High Street,Medium,Numbered street address without a corroborated centre match,https://www.openstreetmap.org/node/2415680869,2026-09-01,,Accepted,true
opsm-1058,OPSM,Australia,SA,OPSM North Adelaide,corridor-au-sa-north-adelaide-o-connell-street,O'Connell Street,High Street,Medium,Numbered street address without a corroborated centre match,https://www.opsm.com.au/en/opsm-au/find-store,2026-09-01,,Accepted,true
optical-by-national-pharmacies-north-adelaide-5006,Optical by National Pharmacies,Australia,SA,Optical by National Pharmacies North Adelaide,corridor-au-sa-north-adelaide-o-connell-street,O'Connell Street,High Street,Medium,Numbered street address without a corroborated centre match,https://www.nationalpharmacies.com.au/optical-booking/,2026-09-03,,Accepted,true
independent-other-optical-provision-283176,Independent / Other optical,Australia,SA,Northgate Eye Care,corridor-au-sa-northgate-fosters-road,Fosters Road,High Street,Medium,Numbered street address without a corroborated centre match,https://www.provision.com.au/practice/northgate-eye-care/,2026-09-02,,Accepted,true
bailey-nelson-norwood,Bailey Nelson,Australia,SA,Bailey Nelson Norwood,corridor-au-sa-norwood-the-parade,The Parade,High Street,Medium,Numbered street address without a corroborated centre match,https://baileynelson.com.au/pages/optometrist-norwood,2026-09-01,,Accepted,true
independent-other-optical-provision-17745,Independent / Other optical,Australia,SA,Thomas and Mackay Optometrists,corridor-au-sa-norwood-the-parade,The Parade,High Street,Medium,Numbered street address without a corroborated centre match,https://www.provision.com.au/practice/thomas-and-mackay-optometrists-norwood/,2026-09-02,,Accepted,true
opsm-2989,OPSM,Australia,SA,OPSM Norwood,corridor-au-sa-norwood-the-parade,The Parade,High Street,Medium,Numbered street address without a corroborated centre match,https://www.opsm.com.au/en/opsm-au/find-store,2026-09-01,,Accepted,true
optical-by-national-pharmacies-norwood-5067,Optical by National Pharmacies,Australia,SA,Optical by National Pharmacies Norwood,corridor-au-sa-norwood-the-parade,The Parade,High Street,Medium,Numbered street address without a corroborated centre match,https://www.nationalpharmacies.com.au/optical-booking/,2026-09-03,,Accepted,true
specsavers-3415,Specsavers,Australia,SA,Norwood Place,place-au-sa-norwood-place,Norwood Place,Shopping Centre,High,Official store name and address explicitly identify Norwood Place,https://www.specsavers.com.au/stores/norwood,2026-09-02,,Accepted,true
independent-other-optical-provision-319410,Independent / Other optical,Australia,SA,Nuriootpa Optometrists,place-au-sa-barossa-central-shopping-centre,Barossa Central Shopping Centre,Shopping Centre,High,Canonicalised from the store's named retail-place evidence,https://www.provision.com.au/practice/nuriootpa-optometrists/,2026-09-02,sa-barossa-central,Accepted,true
specsavers-3271,Specsavers,Australia,SA,Nuriootpa,place-au-sa-the-barossa-co-op-shopping-centre,The Barossa Co-Op Shopping Centre,Shopping Centre,High,Canonicalised from the store's named retail-place evidence,https://www.specsavers.com.au/stores/nuriootpa,2026-09-01,sa-barossa-co-op-the,Accepted,true
independent-other-optical-provision-17712,Independent / Other optical,Australia,SA,Complete Vision Care,corridor-au-sa-o-halloran-hill-main-south-road,Main South Road,High Street,Medium,Numbered street address without a corroborated centre match,https://www.provision.com.au/practice/complete-vision-care-ohalloran-hill/,2026-09-02,,Accepted,true
bailey-nelson-marion,Bailey Nelson,Australia,SA,Bailey Nelson Marion,place-au-sa-westfield-marion,Westfield Marion,Shopping Centre,High,The current Bailey Nelson page identifies its Westfield Marion tenancy at 297 Diagonal Road,https://baileynelson.com.au/pages/optometrist-marion,2026-09-03,,Accepted,true
bupa-optical-13626268,Bupa Optical,Australia,SA,Bupa Optical & Hearing Marion,place-au-sa-westfield-marion,Westfield Marion,Shopping Centre,High,Canonicalised from the store's named retail-place evidence,https://bupaoptical.bupa.com.au/pages/store/bupa-optical-marion,2026-09-03,sa-marion-westfield,Accepted,true
laubman-pank-marion-optometrist,Laubman & Pank,Australia,SA,Laubman & Pank Marion,place-au-sa-westfield-marion,Westfield Marion,Shopping Centre,High,Canonicalised from the store's named retail-place evidence,https://www.laubmanandpank.com.au/store/marion-optometrist,2026-09-02,sa-marion-westfield,Accepted,true
opsm-1254,OPSM,Australia,SA,OPSM Marion,place-au-sa-westfield-marion,Westfield Marion,Shopping Centre,High,The current official OPSM record identifies its Marion store at the Westfield Marion address on Diagonal Road,https://www.opsm.com.au/en/opsm-au/find-store,2026-09-03,,Accepted,true
oscar-wylee-38,Oscar Wylee,Australia,SA,Westfield Marion,place-au-sa-westfield-marion,Westfield Marion,Shopping Centre,High,Canonicalised from the store's named retail-place evidence,https://www.oscarwylee.com.au/locations/locations/optometrist-marion.html,2026-09-01,sa-marion-westfield,Accepted,true
specsavers-3521,Specsavers,Australia,SA,Marion East Westfield Lvl 2,place-au-sa-westfield-marion,Westfield Marion,Shopping Centre,High,Canonicalised from the store's named retail-place evidence,https://www.specsavers.com.au/stores/marioneast,2026-09-01,sa-east-marion-westfield,Accepted,true
specsavers-3209,Specsavers,Australia,SA,Marion West Westfield Lvl 2,place-au-sa-westfield-marion,Westfield Marion,Shopping Centre,High,Canonicalised from the store's named retail-place evidence,https://www.specsavers.com.au/stores/marion,2026-09-01,sa-marion-west-westfield,Accepted,true
opsm-2962,OPSM,Australia,SA,Vision Hub Pasadena by OPSM,place-au-sa-pasadena-green-shopping-centre,Pasadena Green Shopping Centre,Shopping Centre,High,Official store address matches the Pasadena Green tenancy at 20 Five Ash Drive,https://www.opsm.com.au/stores/sa/pasadena/vision-hub-pasadena-by-opsm/2962,2026-09-02,,Accepted,true
bailey-nelson-port-adelaide,Bailey Nelson,Australia,SA,Bailey Nelson Port Adelaide,place-au-sa-port-adelaide-plaza,Port Adelaide Plaza,Shopping Centre,High,The current official Port Adelaide Plaza directory lists Bailey Nelson on Ground Level,https://www.portadelaideplaza.com.au/stores/bailey-nelson,2026-09-03,,Accepted,true
independent-other-optical-provision-17750,Independent / Other optical,Australia,SA,Trinity Eyecare,corridor-au-sa-port-adelaide-college-street,College Street,High Street,Medium,Numbered street address without a corroborated centre match,https://www.provision.com.au/practice/trinity-eyecare/,2026-09-02,,Accepted,true
independent-other-optical-provision-17729,Independent / Other optical,Australia,SA,Gulf & Ranges Optometrists,corridor-au-sa-port-augusta-chapel-street,Chapel Street,High Street,Medium,Numbered street address without a corroborated centre match,https://www.provision.com.au/practice/gulf-and-ranges-optometrists-port-augusta/,2026-09-02,,Accepted,true
independent-other-optical-provision-17721,Independent / Other optical,Australia,SA,Eyre Eye Centre Port Lincoln,corridor-au-sa-port-lincoln-liverpool-street,Liverpool Street,High Street,Medium,Numbered street address without a corroborated centre match,https://www.provision.com.au/practice/eyre-eye-centre-port-lincoln/,2026-09-02,,Accepted,true
opsm-1586,OPSM,Australia,SA,OPSM Port Lincoln,corridor-au-sa-port-lincoln-liverpool-street,Liverpool Street,High Street,Medium,Numbered street address without a corroborated centre match,https://www.opsm.com.au/en/opsm-au/find-store,2026-09-01,,Accepted,true
specsavers-3635,Specsavers,Australia,SA,Port Lincoln,corridor-au-sa-port-lincoln-liverpool-street,Liverpool Street,High Street,Medium,Numbered street address without a corroborated centre match,https://www.specsavers.com.au/stores/portlincoln,2026-09-01,,Accepted,true
specsavers-3283,Specsavers,Australia,SA,Pirie Plaza,place-au-sa-pirie-plaza,Pirie Plaza,Shopping Centre,High,Canonicalised from the store's named retail-place evidence,https://www.specsavers.com.au/stores/portpirie,2026-09-01,sa-pirie-plaza,Accepted,true
opsm-1256,OPSM,Australia,SA,OPSM North Park,corridor-au-sa-prospect-adelaide-main-north-road,Main North Road,High Street,Medium,Numbered street address without a corroborated centre match,https://www.opsm.com.au/en/opsm-au/find-store,2026-09-01,,Accepted,true
oscar-wylee-69,Oscar Wylee,Australia,SA,Rundle Mall,place-au-sa-rundle-mall,Rundle Mall,High Street,High,Canonicalised from the store's named retail-place evidence,https://www.oscarwylee.com.au/locations/locations/optometrist-rundle-mall.html,2026-09-01,sa-rundle,Accepted,true
opsm-1066,OPSM,Australia,SA,OPSM Salisbury,corridor-au-sa-salisbury-john-street,John Street,High Street,Medium,Numbered street address without a corroborated centre match,https://www.opsm.com.au/en/opsm-au/find-store,2026-09-01,,Accepted,true
specsavers-3214,Specsavers,Australia,SA,Parabanks Centre,place-au-sa-parabanks-centre,Parabanks Centre,Shopping Centre,High,Canonicalised from the store's named retail-place evidence,https://www.specsavers.com.au/stores/parabanks,2026-09-01,sa-parabanks,Accepted,true
optical-superstore-60360,Optical Superstore,Australia,SA,Hollywood Plaza,place-au-sa-hollywood-plaza,Hollywood Plaza,Shopping Centre,High,Canonicalised from the store's named retail-place evidence,https://opticalsuperstore.com.au/find-your-nearest-store/,2026-09-02,sa-hollywood-plaza,Accepted,true
specsavers-3213,Specsavers,Australia,SA,Hollywood S/C,place-au-sa-hollywood-plaza,Hollywood Plaza,Shopping Centre,High,Canonicalised from the store's named retail-place evidence,https://www.specsavers.com.au/stores/hollywood,2026-09-01,sa-hollywood,Accepted,true
optical-superstore-61635,Optical Superstore,Australia,SA,Marion,corridor-au-sa-seacombe-gardens-sturt-road,Sturt Road,High Street,Medium,Numbered street address without a corroborated centre match,https://opticalsuperstore.com.au/find-your-nearest-store/,2026-09-02,,Accepted,true
independent-other-optical-provision-106970,Independent / Other optical,Australia,SA,South Coast Optometrists Seaford,place-au-sa-seaford-shopping-centre,Seaford Shopping Centre,Shopping Centre,High,Canonicalised from the store's named retail-place evidence,https://www.provision.com.au/practice/south-coast-optometrists/,2026-09-02,sa-seaford,Accepted,true
opsm-1514,OPSM,Australia,SA,OPSM Seaford,corridor-au-sa-seaford-commercial-road,Commercial Road,High Street,Medium,Best-judgement street-address classification; no centre evidence found,https://www.opsm.com.au/en/opsm-au/find-store,2026-09-01,,Accepted,true
specsavers-3642,Specsavers,Australia,SA,Seaford,place-au-sa-seaford-central,Seaford Central,Shopping Centre,High,Official address explicitly names Seaford Central,https://www.specsavers.com.au/stores/seaford,2026-09-02,,Accepted,true
specsavers-3211,Specsavers,Australia,SA,Sefton Plaza S/C,place-au-sa-sefton-plaza-shopping-centre,Sefton Plaza Shopping Centre,Shopping Centre,High,Canonicalised from the store's named retail-place evidence,https://www.specsavers.com.au/stores/seftonpark,2026-09-01,sa-plaza-sefton,Accepted,true
specsavers-3215,Specsavers,Australia,SA,Munno Para S/C,place-au-sa-munno-para-shopping-centre,Munno Para Shopping Centre,Shopping Centre,High,Canonicalised from the store's named retail-place evidence,https://www.specsavers.com.au/stores/munnopara,2026-09-01,sa-munno-para,Accepted,true
opsm-1289,OPSM,Australia,SA,OPSM Mitcham,place-au-sa-mitcham-shopping-centre,Mitcham Square,Shopping Centre,High,The current official OPSM record names Mitcham and exactly matches Mitcham Square's 119 Belair Road address,https://www.opsm.com.au/en/opsm-au/find-store,2026-09-03,,Accepted,true
optical-superstore-61637,Optical Superstore,Australia,SA,Mitcham Square,place-au-sa-mitcham-shopping-centre,Mitcham Square,Shopping Centre,High,Canonicalised from the store's named retail-place evidence,https://opticalsuperstore.com.au/find-your-nearest-store/,2026-09-02,sa-mitcham-square,Accepted,true
specsavers-3627,Specsavers,Australia,SA,Mitcham,place-au-sa-mitcham-shopping-centre,Mitcham Square,Shopping Centre,High,Canonicalised from the store's named retail-place evidence,https://www.specsavers.com.au/stores/mitcham,2026-09-01,sa-mitcham,Accepted,true
opsm-2930,OPSM,Australia,SA,OPSM Brickworks,place-au-sa-brickworks-marketplace,Brickworks Marketplace,Shopping Centre,Medium,The current official OPSM record names Brickworks and gives its South Road and Ashwin Parade address,https://www.opsm.com.au/en/opsm-au/find-store,2026-09-03,,Accepted,true
optical-by-national-pharmacies-torrensville-5031,Optical by National Pharmacies,Australia,SA,Optical by National Pharmacies Torrensville,corridor-au-sa-torrensville-henley-beach-road,Henley Beach Road,High Street,Medium,Numbered street address without a corroborated centre match,https://www.nationalpharmacies.com.au/optical-booking/,2026-09-03,,Accepted,true
specsavers-3569,Specsavers,Australia,SA,Brickworks Marketplace,place-au-sa-brickworks-marketplace,Brickworks Marketplace,Shopping Centre,High,Canonicalised from the store's named retail-place evidence,https://www.specsavers.com.au/stores/thebarton,2026-09-01,sa-brickworks-marketplace,Accepted,true
bupa-optical-13626281,Bupa Optical,Australia,SA,Bupa Optical & Hearing Unley,place-au-sa-unley-shopping-centre,Unley Shopping Centre,Shopping Centre,High,Canonicalised from the store's named retail-place evidence,https://bupaoptical.bupa.com.au/pages/store/bupa-optical-unley,2026-09-03,sa-unley,Accepted,true
independent-other-optical-provision-17765,Independent / Other optical,Australia,SA,See Optometry,corridor-au-sa-victor-harbor-hindmarsh-road,Hindmarsh Road,High Street,Medium,Numbered street address without a corroborated centre match,https://www.provision.com.au/practice/see-optometry/,2026-09-02,,Accepted,true
independent-other-optical-provision-131737,Independent / Other optical,Australia,SA,Victor Eye Centre,corridor-au-sa-victor-harbor-seaview-road,Seaview Road,High Street,Medium,Numbered street address without a corroborated centre match,https://www.provision.com.au/practice/victor-eye-centre/,2026-09-02,,Accepted,true
opsm-7082,OPSM,Australia,SA,OPSM Victor Harbor,corridor-au-sa-victor-harbor-torrens-street,Torrens Street,High Street,Medium,Numbered street address without a corroborated centre match,https://www.opsm.com.au/en/opsm-au/find-store,2026-09-01,,Accepted,true
optical-by-national-pharmacies-victor-harbor-5211,Optical by National Pharmacies,Australia,SA,Optical by National Pharmacies Victor Harbor,corridor-au-sa-victor-harbor-torrens-street,Torrens Street,High Street,Medium,Numbered street address without a corroborated centre match,https://www.nationalpharmacies.com.au/optical-booking/,2026-09-03,,Accepted,true
specsavers-3573,Specsavers,Australia,SA,Victor Central,place-au-sa-victor-central,Victor Central,Shopping Centre,High,Official store name and address explicitly identify Victor Central,https://www.specsavers.com.au/stores/victor-harbor,2026-09-02,,Accepted,true
bupa-optical-13626285,Bupa Optical,Australia,SA,Bupa Optical & Hearing Westlakes,place-au-sa-westfield-west-lakes,Westfield West Lakes,Shopping Centre,High,Canonicalised from the store's named retail-place evidence,https://bupaoptical.bupa.com.au/pages/store/bupa-optical-westlakes,2026-09-03,sa-lakes-west-westfield,Accepted,true
opsm-1081,OPSM,Australia,SA,OPSM West Lakes,place-au-sa-westfield-west-lakes,Westfield West Lakes,Shopping Centre,High,Canonicalised from the store's named retail-place evidence,https://www.opsm.com.au/en/opsm-au/find-store,2026-09-01,sa-blvd-lakes-west,Accepted,true
optical-superstore-63129,Optical Superstore,Australia,SA,Westlakes S/C,place-au-sa-westlakes-shopping-centre,Westlakes Shopping Centre,Shopping Centre,High,Canonicalised from the store's named retail-place evidence,https://opticalsuperstore.com.au/find-your-nearest-store/,2026-09-02,sa-westlakes,Accepted,true
optical-by-national-pharmacies-west-lakes-5021,Optical by National Pharmacies,Australia,SA,Optical by National Pharmacies West Lakes,corridor-au-sa-west-lakes-brebner-drive,Brebner Drive,High Street,Medium,Numbered street address without a corroborated centre match,https://www.nationalpharmacies.com.au/optical-booking/,2026-09-03,,Accepted,true
oscar-wylee-146,Oscar Wylee,Australia,SA,West Lakes,place-au-sa-westfield-west-lakes,Westfield West Lakes,Shopping Centre,High,Canonicalised from the store's named retail-place evidence,https://www.oscarwylee.com.au/locations/locations/optometrist-west-lakes.html,2026-09-01,sa-lakes-west-westfield,Accepted,true
specsavers-3375,Specsavers,Australia,SA,West Lakes Westfield,place-au-sa-westfield-west-lakes,Westfield West Lakes,Shopping Centre,High,Canonicalised from the store's named retail-place evidence,https://www.specsavers.com.au/stores/westlakes,2026-09-01,sa-lakes-west-westfield,Accepted,true
opsm-1583,OPSM,Australia,SA,OPSM Whyalla,place-au-sa-whyalla-westland-shopping-centre,Westland Whyalla,Shopping Centre,High,The current South Australian government provider directory identifies OPSM at Shop 41 Westland Shopping Centre,https://www.sa.gov.au/topics/care-and-support/concessions/health-concessions/glassessa/optometrists,2026-09-03,,Accepted,true
specsavers-3388,Specsavers,Australia,SA,Whyalla Westland S/C,place-au-sa-whyalla-westland-shopping-centre,Westland Whyalla,Shopping Centre,High,Canonicalised from the store's named retail-place evidence,https://www.specsavers.com.au/stores/whyalla,2026-09-01,sa-westland-whyalla,Accepted,true
independent-other-optical-provision-17759,Independent / Other optical,Australia,SA,Eyre Eye Centre Whyalla,corridor-au-sa-whyalla-playford-elliott-street,Elliott Street,High Street,Medium,Numbered street address without a corroborated centre match,https://www.provision.com.au/practice/eyre-eye-centre-whyalla/,2026-09-02,,Accepted,true
opsm-1573,OPSM,Australia,SA,OPSM Woodcroft,corridor-au-sa-woodcroft-cnr-bains-panalatinga-road,Cnr Bains & Panalatinga Road,High Street,Medium,Numbered street address without a corroborated centre match,https://www.opsm.com.au/en/opsm-au/find-store,2026-09-01,,Accepted,true
independent-other-optical-osm-ne-node-5248095657,Independent / Other optical,New Zealand,Southland,Martin+Lobb,corridor-nz-southland-invercargil-don-street,Don Street,High Street,Medium,Numbered street address without a corroborated centre match,https://www.openstreetmap.org/node/5248095657,2026-09-01,,Accepted,false
matthews-eyecare-nz-156549769,Matthews Eyecare,New Zealand,Southland,Matthews Eyecare Southland,place-nz-southland-southland,Southland,Shopping Centre,High,Canonicalised from the store's named retail-place evidence,https://matthews.co.nz/practices/invercargill/,2026-09-03,southland-southland,Accepted,true
opsm-nz-2910,OPSM,New Zealand,Southland,OPSM Invercargill,corridor-nz-southland-invercargill-esk-street,Esk Street,High Street,Medium,Numbered street address without a corroborated centre match,https://www.opsm.co.nz/find-store,2026-09-01,,Accepted,true
specsavers-nz-3835,Specsavers,New Zealand,Southland,Invercargill,corridor-nz-southland-invercargill-kelvin-street,Kelvin Street,High Street,Medium,Numbered street address without a corroborated centre match,https://www.specsavers.co.nz/stores/invercargill,2026-09-01,,Accepted,true
matthews-eyecare-nz-156549757,Matthews Eyecare,New Zealand,Southland,Southland Eyecare,corridor-nz-southland-te-anau-luxmore-drive,Luxmore Drive,High Street,Medium,Numbered street address without a corroborated centre match,https://matthews.co.nz/practices/te-anau-southland-eyecare/,2026-09-03,,Accepted,true
independent-other-optical-osm-ne-node-5625853837,Independent / Other optical,New Zealand,Southland,Southland Eye Specialists,corridor-nz-southland-windsor-windsor-street,Windsor Street,High Street,Medium,Numbered street address without a corroborated centre match,https://www.openstreetmap.org/node/5625853837,2026-09-01,,Accepted,false
independent-other-optical-osm-au-node-2597738483,Independent / Other optical,Australia,TAS,Davis Eye Care,,,Uncertain,Uncertain,Location setting needs consultant review,https://www.openstreetmap.org/node/2597738483,2026-09-01,,Needs review,false
independent-other-optical-osm-au-node-9988342653,Independent / Other optical,Australia,TAS,Davis Eyecare,,,Uncertain,Uncertain,Location setting needs consultant review,https://www.openstreetmap.org/node/9988342653,2026-09-01,,Needs review,false
independent-other-optical-osm-au-node-2678282621,Independent / Other optical,Australia,TAS,Eyelines,,,Uncertain,Uncertain,Location setting needs consultant review,https://www.openstreetmap.org/node/2678282621,2026-09-01,,Needs review,false
independent-other-optical-osm-au-node-9882917847,Independent / Other optical,Australia,TAS,Optometry Tasmania,,,Uncertain,Uncertain,Location setting needs consultant review,https://www.openstreetmap.org/node/9882917847,2026-09-01,,Needs review,false
independent-other-optical-osm-au-node-2376749009,Independent / Other optical,Australia,TAS,Optomeyes,,,Uncertain,Uncertain,Location setting needs consultant review,https://www.openstreetmap.org/node/2376749009,2026-09-01,,Needs review,false
independent-other-optical-osm-au-node-3148788170,Independent / Other optical,Australia,TAS,Optomeyes,,,Uncertain,Uncertain,Location setting needs consultant review,https://www.openstreetmap.org/node/3148788170,2026-09-01,,Needs review,false
george-matilda-391,George & Matilda,Australia,TAS,Eyelines Optometrists,corridor-au-tas-burnie-mount-street,Mount Street,High Street,Medium,Numbered street address without a corroborated centre match,https://georgeandmatilda.com.au/stores/optometrist-burnie-tas/,2026-09-02,,Accepted,true
independent-other-optical-provision-331879,Independent / Other optical,Australia,TAS,Optometrist in Burnie | Chris Dobson Optometrists | ProVision,corridor-au-tas-burnie-wilmot-street,Wilmot Street,High Street,Medium,Numbered street address without a corroborated centre match,https://www.provision.com.au/practice/optometrist-burnie-chris-dobson-optometrists-provision/,2026-09-02,,Accepted,true
opsm-2287,OPSM,Australia,TAS,OPSM Burnie,corridor-au-tas-burnie-mount-street,Mount Street,High Street,Medium,Numbered street address without a corroborated centre match,https://www.opsm.com.au/en/opsm-au/find-store,2026-09-01,,Accepted,true
specsavers-3543,Specsavers,Australia,TAS,Burnie,corridor-au-tas-burnie-wilson-street,Wilson Street,High Street,Medium,Numbered street address without a corroborated centre match,https://www.specsavers.com.au/stores/burnie,2026-09-01,,Accepted,true
independent-other-optical-provision-17915,Independent / Other optical,Australia,TAS,Total Eyecare Claremont,place-au-tas-claremont-plaza,Claremont Plaza,Shopping Centre,High,Canonicalised from the store's named retail-place evidence,https://www.provision.com.au/practice/total-eyecare-claremont/,2026-09-02,tas-claremont-plaza,Accepted,true
george-matilda-17203,George & Matilda,Australia,TAS,Devonport Eyecare,corridor-au-tas-devonport-stewart-street,Stewart Street,High Street,Medium,Numbered street address without a corroborated centre match,https://georgeandmatilda.com.au/stores/optometrist-devonport-tas-devonport-eyecare/,2026-09-02,,Accepted,true
george-matilda-392,George & Matilda,Australia,TAS,Eyelines Optometrists,corridor-au-tas-devonport-rooke-street,Rooke Street,High Street,Medium,Numbered street address without a corroborated centre match,https://georgeandmatilda.com.au/stores/optometrist-devonport-tas-eyelines/,2026-09-02,,Accepted,true
opsm-2294,OPSM,Australia,TAS,OPSM Devonport,corridor-au-tas-devonport-rooke-street,Rooke Street,High Street,Medium,Numbered street address without a corroborated centre match,https://www.opsm.com.au/en/opsm-au/find-store,2026-09-01,,Accepted,true
specsavers-3585,Specsavers,Australia,TAS,Devonport,corridor-au-tas-devonport-rooke-street,Rooke Street,High Street,Medium,Numbered street address without a corroborated centre match,https://www.specsavers.com.au/stores/devonport,2026-09-01,,Accepted,true
george-matilda-393,George & Matilda,Australia,TAS,Eyelines Optometrists,corridor-au-tas-george-town-macquarie-street,Macquarie Street,High Street,Medium,Numbered street address without a corroborated centre match,https://georgeandmatilda.com.au/stores/optometrist-george-town-tas/,2026-09-02,,Accepted,true
george-matilda-394,George & Matilda,Australia,TAS,Eyelines Optometrists,corridor-au-tas-glenorchy-main-road,Main Road,High Street,Medium,Numbered street address without a corroborated centre match,https://georgeandmatilda.com.au/stores/optometrist-glenorchy-tas/,2026-09-02,,Accepted,true
independent-other-optical-provision-17866,Independent / Other optical,Australia,TAS,Glenorchy Eyecare,corridor-au-tas-glenorchy-main-road,Main Road,High Street,Medium,Numbered street address without a corroborated centre match,https://www.provision.com.au/practice/glenorchy-eyecare/,2026-09-02,,Accepted,true
opsm-1662,OPSM,Australia,TAS,OPSM Glenorchy,corridor-au-tas-glenorchy-main-road,Main Road,High Street,Medium,Numbered street address without a corroborated centre match,https://www.opsm.com.au/en/opsm-au/find-store,2026-09-01,,Accepted,true
specsavers-3515,Specsavers,Australia,TAS,Glenorchy,place-au-tas-northgate-shopping-centre,Northgate Shopping Centre,Shopping Centre,High,Canonicalised from the store's named retail-place evidence,https://www.specsavers.com.au/stores/glenorchy,2026-09-01,tas-northgate,Accepted,true
bailey-nelson-hobart,Bailey Nelson,Australia,TAS,Bailey Nelson Hobart,corridor-au-tas-hobart-murray-street,Murray Street,High Street,Medium,Numbered street address without a corroborated centre match,https://baileynelson.com.au/pages/optometrist-hobart,2026-09-01,,Accepted,true
bupa-optical-13626262,Bupa Optical,Australia,TAS,Bupa Optical & Hearing Hobart,corridor-au-tas-hobart-liverpool-street,Liverpool Street,High Street,Medium,Numbered street address without a corroborated centre match,https://bupaoptical.bupa.com.au/pages/store/bupa-optical-hobart,2026-09-03,,Accepted,true
george-matilda-395,George & Matilda,Australia,TAS,Eyelines Optometrists Hobart,corridor-au-tas-hobart-liverpool-street,Liverpool Street,High Street,Medium,Numbered street address without a corroborated centre match,https://georgeandmatilda.com.au/stores/optometrist-hobart-tas/,2026-09-02,,Accepted,true
independent-other-optical-provision-17858,Independent / Other optical,Australia,TAS,Total Eyecare Hobart,corridor-au-tas-hobart-macquarie-street,Macquarie Street,High Street,Medium,Numbered street address without a corroborated centre match,https://www.provision.com.au/practice/total-eyecare-hobart-optometrist/,2026-09-02,,Accepted,true
opsm-2293,OPSM,Australia,TAS,OPSM Hobart Collins St,corridor-au-tas-hobart-collins-street,Collins Street,High Street,Medium,Numbered street address without a corroborated centre match,https://www.opsm.com.au/en/opsm-au/find-store,2026-09-01,,Accepted,true
oscar-wylee-56,Oscar Wylee,Australia,TAS,Cat & Fiddle Arcade Hobart,place-au-tas-the-cat-fiddle-arcade,The Cat & Fiddle Arcade,Shopping Centre,High,Canonicalised from the store's named retail-place evidence,https://www.oscarwylee.com.au/locations/locations/optometrist-hobart.html,2026-09-01,tas-and-arcade-cat-fiddle-hobart,Accepted,true
specsavers-3495,Specsavers,Australia,TAS,Hobart,place-au-tas-the-cat-fiddle-arcade,The Cat & Fiddle Arcade,Shopping Centre,High,Canonicalised from the store's named retail-place evidence,https://www.specsavers.com.au/stores/hobart,2026-09-01,tas-and-arcade-cat-fiddle-the,Accepted,true
independent-other-optical-provision-17894,Independent / Other optical,Australia,TAS,Total Eyecare Howrah,place-au-tas-shoreline-shopping-centre,Shoreline Shopping Centre,Shopping Centre,High,Canonicalised from the store's named retail-place evidence,https://www.provision.com.au/practice/total-eyecare-howrah/,2026-09-02,tas-shoreline,Accepted,true
george-matilda-396,George & Matilda,Australia,TAS,Eyelines Optometrists,corridor-au-tas-huonville-main-road,Main Road,High Street,Medium,Numbered street address without a corroborated centre match,https://georgeandmatilda.com.au/stores/optometrist-huonville-tas/,2026-09-02,,Accepted,true
independent-other-optical-provision-17887,Independent / Other optical,Australia,TAS,Total Eyecare Huonville,corridor-au-tas-huonville-main-street,Main Street,High Street,Medium,Numbered street address without a corroborated centre match,https://www.provision.com.au/practice/total-eyecare-huonville/,2026-09-02,,Accepted,true
george-matilda-397,George & Matilda,Australia,TAS,Eyelines Optometrists,corridor-au-tas-kings-meadows-hobart-road,Hobart Road,High Street,Medium,Numbered street address without a corroborated centre match,https://georgeandmatilda.com.au/stores/optometrist-kings-meadows-tas/,2026-09-02,,Accepted,true
opsm-1666,OPSM,Australia,TAS,OPSM Kingsmeadow,corridor-au-tas-kings-meadows-hobart-road,Hobart Road,High Street,Medium,Numbered street address without a corroborated centre match,https://www.opsm.com.au/en/opsm-au/find-store,2026-09-01,,Accepted,true
specsavers-3641,Specsavers,Australia,TAS,Kings Meadows,place-au-tas-meadow-mews-plaza,Meadow Mews Plaza,Shopping Centre,High,Canonicalised from the store's named retail-place evidence,https://www.specsavers.com.au/stores/kingsmeadows,2026-09-01,tas-meadow-mews-plaza,Accepted,true
george-matilda-398,George & Matilda,Australia,TAS,Eyelines Optometrists,place-au-tas-kingston-town-shopping-centre,Kingston Town Shopping Centre,Shopping Centre,High,Canonicalised from the store's named retail-place evidence,https://georgeandmatilda.com.au/stores/optometrist-kingston-tas/,2026-09-02,tas-kingston-town,Accepted,true
independent-other-optical-provision-17880,Independent / Other optical,Australia,TAS,Total Eyecare Kingston,place-au-tas-channel-court-shopping-centre,Channel Court Shopping Centre,Shopping Centre,High,Canonicalised from the store's named retail-place evidence,https://www.provision.com.au/practice/total-eyecare-kingston/,2026-09-02,tas-channel-court,Accepted,true
opsm-2292,OPSM,Australia,TAS,OPSM Kingston,place-au-tas-kingston-plaza,Kingston Plaza,Shopping Centre,High,Canonicalised from the store's named retail-place evidence,https://www.opsm.com.au/en/opsm-au/find-store,2026-09-01,tas-kingston-plaza,Accepted,true
specsavers-3547,Specsavers,Australia,TAS,Kingston,corridor-au-tas-kingston-channel-highway,Channel Highway,High Street,Medium,Numbered street address without a corroborated centre match,https://www.specsavers.com.au/stores/kingston,2026-09-01,,Accepted,true
george-matilda-17204,George & Matilda,Australia,TAS,Vivid Optical,corridor-au-tas-launceston-york-street,York Street,High Street,Medium,Numbered street address without a corroborated centre match,https://georgeandmatilda.com.au/stores/optometrist-launceston-tas/,2026-09-02,,Accepted,true
opsm-2291,OPSM,Australia,TAS,OPSM Launceston,corridor-au-tas-launceston-brisbane-street,Brisbane Street,High Street,Medium,Numbered street address without a corroborated centre match,https://www.opsm.com.au/en/opsm-au/find-store,2026-09-01,,Accepted,true
oscar-wylee-110,Oscar Wylee,Australia,TAS,Launceston,corridor-au-tas-launceston-brisbane-street,Brisbane Street,High Street,High,Official store page describes a Brisbane Street CBD shop opposite Quadrant Mall,https://www.oscarwylee.com.au/locations/locations/optometrist-launceston.html,2026-09-02,,Accepted,true
specsavers-3325,Specsavers,Australia,TAS,Launceston,corridor-au-tas-launceston-brisbane-street,Brisbane Street,High Street,Medium,Numbered street address without a corroborated centre match,https://www.specsavers.com.au/stores/launceston,2026-09-01,,Accepted,true
george-matilda-400,George & Matilda,Australia,TAS,Eyelines Optometrists,place-au-tas-legana-grove-shopping-centre,Legana Grove Shopping Centre,Shopping Centre,High,Canonicalised from the store's named retail-place evidence,https://georgeandmatilda.com.au/stores/optometrist-legana-tas/,2026-09-02,tas-grove-legana,Accepted,true
opsm-2290,OPSM,Australia,TAS,OPSM Moonah,corridor-au-tas-moonah-main-road,Main Road,High Street,Medium,Numbered street address without a corroborated centre match,https://www.opsm.com.au/en/opsm-au/find-store,2026-09-01,,Accepted,true
independent-other-optical-provision-17901,Independent / Other optical,Australia,TAS,Total Eyecare New Norfolk,corridor-au-tas-new-norfolk-high-street,High Street,High Street,Medium,Numbered street address without a corroborated centre match,https://www.provision.com.au/practice/total-eyecare-new-norfolk/,2026-09-02,,Accepted,true
george-matilda-401,George & Matilda,Australia,TAS,Eyelines Optometrists,place-au-tas-prospect-vale-market-place,Prospect Vale Market Place,Shopping Centre,High,Canonicalised from the store's named retail-place evidence,https://georgeandmatilda.com.au/stores/optometrist-prospect-tas/,2026-09-02,tas-market-place-prospect-vale,Accepted,true
george-matilda-402,George & Matilda,Australia,TAS,Eyelines Optometrists,corridor-au-tas-rosny-bayfield-street,Bayfield Street,High Street,Medium,Numbered street address without a corroborated centre match,https://georgeandmatilda.com.au/stores/optometrist-rosny-tas/,2026-09-02,,Accepted,true
opsm-2289,OPSM,Australia,TAS,OPSM Rosny,corridor-au-tas-rosny-bayfield-street,Bayfield Street,High Street,Medium,Numbered street address without a corroborated centre match,https://www.opsm.com.au/en/opsm-au/find-store,2026-09-01,,Accepted,true
specsavers-3421,Specsavers,Australia,TAS,Rosny Park Eastlands S/C,place-au-tas-hobart-eastlands,Eastlands,Shopping Centre,High,Canonicalised from the store's named retail-place evidence,https://www.specsavers.com.au/stores/rosnypark,2026-09-01,tas-eastlands-park-rosny,Accepted,true
bailey-nelson-hobart-eastlands,Bailey Nelson,Australia,TAS,Bailey Nelson Hobart Eastlands,place-au-tas-hobart-eastlands,Eastlands,Shopping Centre,High,Canonicalised from the store's named retail-place evidence,https://baileynelson.com.au/pages/optometrist-hobart-eastlands,2026-09-01,tas-eastlands-hobart,Accepted,true
independent-other-optical-provision-17873,Independent / Other optical,Australia,TAS,Total Eyecare Sandy Bay,,,Uncertain,Uncertain,Location setting needs consultant review,https://www.provision.com.au/practice/total-eyecare-sandy-bay/,2026-09-02,,Needs review,true
george-matilda-403,George & Matilda,Australia,TAS,Eyelines Optometrists,place-au-tas-gateway-shopping-centre,Gateway Shopping Centre,Shopping Centre,High,Canonicalised from the store's named retail-place evidence,https://georgeandmatilda.com.au/stores/optometrist-sorell-tas/,2026-09-02,tas-gateway,Accepted,true
independent-other-optical-provision-17922,Independent / Other optical,Australia,TAS,Total Eyecare Sorell,place-au-tas-sorell-plaza,Sorell Plaza,Shopping Centre,High,Canonicalised from the store's named retail-place evidence,https://www.provision.com.au/practice/total-eyecare-sorell/,2026-09-02,tas-plaza-sorell,Accepted,true
independent-other-optical-provision-17868,Independent / Other optical,Australia,TAS,Ian Liley Optometrist,corridor-au-tas-ulverstone-king-edward-street,King Edward Street,High Street,Medium,Numbered street address without a corroborated centre match,https://www.provision.com.au/practice/ian-liley-optometrist/,2026-09-02,,Accepted,true
opsm-2288,OPSM,Australia,TAS,OPSM Wynyard,corridor-au-tas-wynyard-goldie-street,Goldie Street,High Street,Medium,Numbered street address without a corroborated centre match,https://www.opsm.com.au/en/opsm-au/find-store,2026-09-01,,Accepted,true
independent-other-optical-osm-ne-node-4584902658,Independent / Other optical,New Zealand,Taranaki,Taranaki Eye Centre,,,Uncertain,Uncertain,Location setting needs consultant review,https://www.openstreetmap.org/node/4584902658,2026-09-01,,Needs review,false
independent-other-optical-osm-ne-node-4584902719,Independent / Other optical,New Zealand,Taranaki,Vivian Optometrists,,,Uncertain,Uncertain,Location setting needs consultant review,https://www.openstreetmap.org/node/4584902719,2026-09-01,,Needs review,false
matthews-eyecare-nz-120000624,Matthews Eyecare,New Zealand,Taranaki,Matthews Eyecare,corridor-nz-taranaki-new-plymouth-devon-street,Devon Street,High Street,Medium,Numbered street address without a corroborated centre match,https://matthews.co.nz/practices/new-plymouth/,2026-09-03,,Accepted,true
opsm-nz-1676,OPSM,New Zealand,Taranaki,OPSM New Plymouth,corridor-nz-taranaki-new-plymouth-gill-street,Gill Street,High Street,Medium,Numbered street address without a corroborated centre match,https://www.opsm.co.nz/find-store,2026-09-01,,Accepted,true
specsavers-nz-3831,Specsavers,New Zealand,Taranaki,New Plymouth,corridor-nz-taranaki-new-plymouth-devon-street,Devon Street,High Street,Medium,Numbered street address without a corroborated centre match,https://www.specsavers.co.nz/stores/newplymouth,2026-09-01,,Accepted,true
matthews-eyecare-nz-dQJmHt3lRpeh9JOwudbWyA,Matthews Eyecare,New Zealand,Taranaki,Matthews Eyecare,corridor-nz-taranaki-opunake-napier-street,Napier Street,High Street,Medium,Numbered street address without a corroborated centre match,https://matthews.co.nz/practices/opunake/,2026-09-03,,Accepted,true
independent-other-optical-osm-ne-node-6914314185,Independent / Other optical,New Zealand,Tasman,Harrington Eyecare,corridor-nz-tasman-tasman-queen-street,Queen Street,High Street,Medium,Numbered street address without a corroborated centre match,https://www.openstreetmap.org/node/6914314185,2026-09-01,,Accepted,false
matthews-eyecare-nz-120106031,Matthews Eyecare,New Zealand,Tasman,Matthews Eyecare,corridor-nz-tasman-motueka-high-street,High Street,High Street,Medium,Numbered street address without a corroborated centre match,https://matthews.co.nz/practices/motueka/,2026-09-03,,Accepted,true
matthews-eyecare-nz-120105925,Matthews Eyecare,New Zealand,Tasman,Matthews Eyecare,place-nz-tasman-sundial-square,Sundial Square,Shopping Centre,High,Canonicalised from the store's named retail-place evidence,https://matthews.co.nz/practices/richmond/,2026-09-03,tasman-square-sundial,Accepted,true
specsavers-nz-3805,Specsavers,New Zealand,Tasman,Richmond Mall,place-nz-tasman-richmond-mall,Richmond Mall,Shopping Centre,High,Canonicalised from the store's named retail-place evidence,https://www.specsavers.co.nz/stores/richmond,2026-09-01,tasman-richmond,Accepted,true
matthews-eyecare-nz-D6EWCffaT2yKNB0WG7FXqg,Matthews Eyecare,New Zealand,Tasman,Tākaka - Matthews Eyecare,,,Other,High,Official practice page describes this as an appointment-only service at Golden Bay Community Health,https://matthews.co.nz/practices/takaka/,2026-09-03,,Accepted,true
independent-other-optical-osm-au-node-10774441654,Independent / Other optical,Australia,VIC,Akers Eyewear,corridor-au-vic-vic-murray-street-1,Murray Street,High Street,Medium,Numbered street address without a corroborated centre match,https://www.openstreetmap.org/node/10774441654,2026-09-01,,Accepted,false
independent-other-optical-osm-au-node-4066348933,Independent / Other optical,Australia,VIC,Amca,,,Uncertain,Uncertain,Location setting needs consultant review,https://www.openstreetmap.org/node/4066348933,2026-09-01,,Needs review,false
independent-other-optical-osm-au-node-6457257749,Independent / Other optical,Australia,VIC,Blue Frog Optics,,,Uncertain,Uncertain,Location setting needs consultant review,https://www.openstreetmap.org/node/6457257749,2026-09-01,,Needs review,false
independent-other-optical-osm-au-node-2310667483,Independent / Other optical,Australia,VIC,Bollé Factory Outlet,corridor-au-vic-vic-wellington-street,Wellington Street,High Street,Medium,Numbered street address without a corroborated centre match,https://www.openstreetmap.org/node/2310667483,2026-09-01,,Accepted,false
independent-other-optical-osm-au-node-5152973323,Independent / Other optical,Australia,VIC,Boroondara Eye Care,,,Uncertain,Uncertain,Location setting needs consultant review,https://www.openstreetmap.org/node/5152973323,2026-09-01,,Needs review,false
independent-other-optical-osm-au-way-1031903263,Independent / Other optical,Australia,VIC,Brighton Eyewear,corridor-au-vic-vic-church-street,Church Street,High Street,Medium,Numbered street address without a corroborated centre match,https://www.openstreetmap.org/way/1031903263,2026-09-01,,Accepted,false
independent-other-optical-osm-au-node-3953229690,Independent / Other optical,Australia,VIC,Campbellfield Eyecare,place-au-vic-campbellfield-plaza,Campbellfield Plaza,Shopping Centre,Medium,The public ACCC provider filing identifies Campbellfield Eyecare at 1C Campbellfield Plaza; current centre and health-service records corroborate the property identity but indicate the trading name may have changed,https://www.accc.gov.au/system/files/public-registers/documents/D12%2B175884.pdf,2026-09-03,,Accepted,false
independent-other-optical-osm-au-node-11145701652,Independent / Other optical,Australia,VIC,Care4eyes,,,Uncertain,Uncertain,Location setting needs consultant review,https://www.openstreetmap.org/node/11145701652,2026-09-01,,Needs review,false
independent-other-optical-osm-au-node-4060966864,Independent / Other optical,Australia,VIC,Collin & kirk,,,Uncertain,Uncertain,Location setting needs consultant review,https://www.openstreetmap.org/node/4060966864,2026-09-01,,Needs review,false
independent-other-optical-osm-au-node-12418114627,Independent / Other optical,Australia,VIC,Complete Optical,corridor-au-vic-vic-manningham-road,Manningham Road,High Street,Medium,Numbered street address without a corroborated centre match,https://www.openstreetmap.org/node/12418114627,2026-09-01,,Accepted,false
independent-other-optical-osm-au-way-637166859,Independent / Other optical,Australia,VIC,Cranbourne Vision Care,place-au-vic-cranbourne-park-shopping-centre-sp107,Cranbourne Park,Shopping Centre,High,Official store address matches the authoritative canonical place address,https://www.cranbournepark.com.au/,2026-09-02,,Accepted,false
independent-other-optical-osm-au-node-5402564830,Independent / Other optical,Australia,VIC,Dream Eyes,,,Uncertain,Uncertain,Location setting needs consultant review,https://www.openstreetmap.org/node/5402564830,2026-09-01,,Needs review,false
independent-other-optical-osm-au-node-1077951944,Independent / Other optical,Australia,VIC,Dresden Optics,corridor-au-vic-vic-smith-street,Smith Street,High Street,Medium,Numbered street address without a corroborated centre match,https://dresden.com.au/,2026-09-01,,Accepted,false
independent-other-optical-osm-au-node-10814212736,Independent / Other optical,Australia,VIC,Eltham Optical,,,Uncertain,Uncertain,Location setting needs consultant review,https://www.openstreetmap.org/node/10814212736,2026-09-01,,Needs review,false
independent-other-optical-osm-au-node-5341866324,Independent / Other optical,Australia,VIC,Evergreen Optical,,,Uncertain,Uncertain,Location setting needs consultant review,https://www.openstreetmap.org/node/5341866324,2026-09-01,,Needs review,false
independent-other-optical-osm-au-way-636860762,Independent / Other optical,Australia,VIC,Eye & I,corridor-au-vic-vic-nicholson-street,Nicholson Street,High Street,Medium,Numbered street address without a corroborated centre match,https://www.openstreetmap.org/way/636860762,2026-09-01,,Accepted,false
independent-other-optical-osm-au-way-865564237,Independent / Other optical,Australia,VIC,Eye Gallery,corridor-au-vic-vic-malop-street,Malop Street,High Street,Medium,Numbered street address without a corroborated centre match,https://eyegallery.net.au,2026-09-01,,Accepted,false
independent-other-optical-osm-au-node-5999588645,Independent / Other optical,Australia,VIC,Eye Max Optical,corridor-au-vic-vic-hopkins-street,Hopkins Street,High Street,Medium,Numbered street address without a corroborated centre match,https://www.openstreetmap.org/node/5999588645,2026-09-01,,Accepted,false
independent-other-optical-osm-au-way-537154052,Independent / Other optical,Australia,VIC,Eye Society,,,Uncertain,Uncertain,Location setting needs consultant review,https://www.openstreetmap.org/way/537154052,2026-09-01,,Needs review,false
independent-other-optical-osm-au-node-5242024739,Independent / Other optical,Australia,VIC,Eyeline Optical,,,Uncertain,Uncertain,Location setting needs consultant review,https://www.openstreetmap.org/node/5242024739,2026-09-01,,Needs review,false
independent-other-optical-osm-au-node-6699795803,Independent / Other optical,Australia,VIC,Eyes On,,,Uncertain,Uncertain,Location setting needs consultant review,https://www.openstreetmap.org/node/6699795803,2026-09-01,,Needs review,false
independent-other-optical-osm-au-node-678347804,Independent / Other optical,Australia,VIC,Eyetech Optometrists,corridor-au-vic-vic-grattan-street,Grattan Street,High Street,Medium,Numbered street address without a corroborated centre match,https://www.openstreetmap.org/node/678347804,2026-09-01,,Accepted,false
independent-other-optical-osm-au-way-266738149,Independent / Other optical,Australia,VIC,Eyewear on Pako,corridor-au-vic-vic-pakington-street-2,Pakington Street,High Street,Medium,Numbered street address without a corroborated centre match,https://eyewearonpako.com.au,2026-09-01,,Accepted,false
independent-other-optical-osm-au-node-11699205333,Independent / Other optical,Australia,VIC,Eyeworks Castlemaine,,,Uncertain,Uncertain,Location setting needs consultant review,https://www.openstreetmap.org/node/11699205333,2026-09-01,,Needs review,false
independent-other-optical-osm-au-way-150873536,Independent / Other optical,Australia,VIC,Fairbanks Eye Gallery,corridor-au-vic-vic-sturt-street,Sturt Street,High Street,Medium,Numbered street address without a corroborated centre match,https://www.openstreetmap.org/way/150873536,2026-09-01,,Accepted,false
independent-other-optical-osm-au-node-6033561738,Independent / Other optical,Australia,VIC,Felix Optometrist,,,Uncertain,Uncertain,Location setting needs consultant review,https://www.openstreetmap.org/node/6033561738,2026-09-01,,Needs review,false
independent-other-optical-osm-au-node-10711723865,Independent / Other optical,Australia,VIC,GMHBA Health Insurance & Eye Care,,,Uncertain,Uncertain,Location setting needs consultant review,https://www.openstreetmap.org/node/10711723865,2026-09-01,,Needs review,false
independent-other-optical-osm-au-node-13794345661,Independent / Other optical,Australia,VIC,Henderson Optical,place-au-vic-the-strand-melbourne,The Strand Melbourne,Shopping Centre,High,The retailer's current official contact page identifies Shop T11-14 inside The Strand Melbourne at 250 Elizabeth Street,https://hendersonsoptical.com.au/contact/,2026-09-03,,Accepted,false
independent-other-optical-osm-au-node-4064596156,Independent / Other optical,Australia,VIC,Ivanhoe Optical,,,Uncertain,Uncertain,Location setting needs consultant review,https://www.openstreetmap.org/node/4064596156,2026-09-01,,Needs review,false
independent-other-optical-osm-au-node-13451811746,Independent / Other optical,Australia,VIC,J F Optical,,,Uncertain,Uncertain,Location setting needs consultant review,https://www.openstreetmap.org/node/13451811746,2026-09-01,,Needs review,false
independent-other-optical-osm-au-node-4249862349,Independent / Other optical,Australia,VIC,JD Wilson Optometrist,corridor-au-vic-vic-burwood-highway,Burwood Highway,High Street,Medium,Numbered street address without a corroborated centre match,https://www.openstreetmap.org/node/4249862349,2026-09-01,,Accepted,false
independent-other-optical-osm-au-node-4437613792,Independent / Other optical,Australia,VIC,Kevin Paisley,corridor-au-vic-vic-sturt-street,Sturt Street,High Street,Medium,Numbered street address without a corroborated centre match,http://www.kevinpaisleyfashioneyewear.com.au/,2026-09-01,,Accepted,false
independent-other-optical-osm-au-node-2722788714,Independent / Other optical,Australia,VIC,Kevin Paisley Optometrist,,,Uncertain,Uncertain,Location setting needs consultant review,https://kevinpaisley.com.au,2026-09-01,,Needs review,false
independent-other-optical-osm-au-node-11388464351,Independent / Other optical,Australia,VIC,Kevin Paisley Optometrists,,,Uncertain,Uncertain,Location setting needs consultant review,https://www.openstreetmap.org/node/11388464351,2026-09-01,,Needs review,false
independent-other-optical-osm-au-node-11247726506,Independent / Other optical,Australia,VIC,Kevin Paisley Optometrists Geelong,,,Uncertain,Uncertain,Location setting needs consultant review,https://kevinpaisley.com.au/geelong,2026-09-01,,Needs review,false
independent-other-optical-osm-au-node-635642145,Independent / Other optical,Australia,VIC,Kingsway Optical,,,Uncertain,Uncertain,Location setting needs consultant review,https://www.openstreetmap.org/node/635642145,2026-09-01,,Needs review,false
independent-other-optical-osm-au-way-151049106,Independent / Other optical,Australia,VIC,Lake Eyewear,corridor-au-vic-vic-howitt-street,Howitt Street,High Street,Medium,Numbered street address without a corroborated centre match,https://www.openstreetmap.org/way/151049106,2026-09-01,,Accepted,false
independent-other-optical-osm-au-node-12133147777,Independent / Other optical,Australia,VIC,Lenswap,,,Uncertain,Uncertain,Location setting needs consultant review,https://www.openstreetmap.org/node/12133147777,2026-09-01,,Needs review,false
independent-other-optical-osm-au-node-6018880082,Independent / Other optical,Australia,VIC,Love Optical,corridor-au-vic-vic-huntingdale-road,Huntingdale Road,High Street,Medium,Numbered street address without a corroborated centre match,https://www.openstreetmap.org/node/6018880082,2026-09-01,,Accepted,false
independent-other-optical-osm-au-node-6004987383,Independent / Other optical,Australia,VIC,M&M Optix,,,Uncertain,Uncertain,Location setting needs consultant review,https://www.openstreetmap.org/node/6004987383,2026-09-01,,Needs review,false
independent-other-optical-osm-au-node-2322537658,Independent / Other optical,Australia,VIC,Melbourne Optical Centre,place-au-vic-the-strand-melbourne,The Strand Melbourne,Shopping Centre,High,Official store address matches the authoritative canonical place address,https://hendersonsoptical.com.au/contact/,2026-09-03,,Accepted,false
independent-other-optical-osm-au-node-3761152258,Independent / Other optical,Australia,VIC,Merringtons Optometrists,,,Uncertain,Uncertain,Location setting needs consultant review,https://www.openstreetmap.org/node/3761152258,2026-09-01,,Needs review,false
independent-other-optical-osm-au-node-6457257754,Independent / Other optical,Australia,VIC,Mildura Optical,,,Uncertain,Uncertain,Location setting needs consultant review,https://www.openstreetmap.org/node/6457257754,2026-09-01,,Needs review,false
independent-other-optical-osm-au-way-643816858,Independent / Other optical,Australia,VIC,Millennium Optical,corridor-au-vic-vic-nepean-highway,Nepean Highway,High Street,Medium,Numbered street address without a corroborated centre match,https://www.openstreetmap.org/way/643816858,2026-09-01,,Accepted,false
independent-other-optical-osm-au-node-5298765143,Independent / Other optical,Australia,VIC,Modern Eyecare,,,Uncertain,Uncertain,Location setting needs consultant review,https://www.openstreetmap.org/node/5298765143,2026-09-01,,Needs review,false
independent-other-optical-osm-au-node-3416932972,Independent / Other optical,Australia,VIC,Monash Eyecare,,,Uncertain,Uncertain,Location setting needs consultant review,https://www.openstreetmap.org/node/3416932972,2026-09-01,,Needs review,false
independent-other-optical-osm-au-way-1343917840,Independent / Other optical,Australia,VIC,Mornington Specialist Eye Clinic,corridor-au-vic-vic-tanti-avenue,Tanti Avenue,High Street,Medium,Numbered street address without a corroborated centre match,https://www.openstreetmap.org/way/1343917840,2026-09-01,,Accepted,false
independent-other-optical-osm-au-node-12483858291,Independent / Other optical,Australia,VIC,Mujosh,place-au-vic-the-strand-melbourne,The Strand Melbourne,Shopping Centre,High,Official store address matches the authoritative canonical place address,https://hendersonsoptical.com.au/contact/,2026-09-03,,Accepted,false
independent-other-optical-osm-au-way-616285448,Independent / Other optical,Australia,VIC,Myspecs,corridor-au-vic-vic-hampshire-road,Hampshire Road,High Street,Medium,Numbered street address without a corroborated centre match,https://www.openstreetmap.org/way/616285448,2026-09-01,,Accepted,false
independent-other-optical-osm-au-way-834134252,Independent / Other optical,Australia,VIC,New Vision Eyewear,corridor-au-vic-vic-malop-street,Malop Street,High Street,Medium,Numbered street address without a corroborated centre match,https://newvisioneyewear.com.au,2026-09-01,,Accepted,false
independent-other-optical-osm-au-node-5213706373,Independent / Other optical,Australia,VIC,Nghệ Quang,,,Uncertain,Uncertain,Location setting needs consultant review,https://www.openstreetmap.org/node/5213706373,2026-09-01,,Needs review,false
independent-other-optical-osm-au-way-538981057,Independent / Other optical,Australia,VIC,Noble Optical,corridor-au-vic-vic-leonard-avenue,Leonard Avenue,High Street,Medium,Numbered street address without a corroborated centre match,https://www.openstreetmap.org/way/538981057,2026-09-01,,Accepted,false
independent-other-optical-osm-au-node-11005509356,Independent / Other optical,Australia,VIC,Northcote Optical,corridor-au-vic-vic-high-street,High Street,High Street,Medium,Numbered street address without a corroborated centre match,https://northcoteoptical.com.au/,2026-09-01,,Accepted,false
independent-other-optical-osm-au-way-1155178989,Independent / Other optical,Australia,VIC,O'Donnell Optical,corridor-au-vic-vic-chapel-street,Chapel Street,High Street,Medium,Numbered street address without a corroborated centre match,https://www.openstreetmap.org/way/1155178989,2026-09-01,,Accepted,false
independent-other-optical-osm-au-node-1789722880,Independent / Other optical,Australia,VIC,Oakleigh Eye Centre,corridor-au-vic-vic-warrigal-road,Warrigal Road,High Street,Medium,Numbered street address without a corroborated centre match,https://www.openstreetmap.org/node/1789722880,2026-09-01,,Accepted,false
independent-other-optical-osm-au-node-2296927160,Independent / Other optical,Australia,VIC,Optical Royale Optometrist,,,Uncertain,Uncertain,Location setting needs consultant review,https://www.opticalroyale.com.au,2026-09-01,,Needs review,false
independent-other-optical-osm-au-node-3403667607,Independent / Other optical,Australia,VIC,Optometrist,place-au-vic-campbellfield-plaza,Campbellfield Plaza,Shopping Centre,High,Official store address matches the authoritative canonical place address,https://www.accc.gov.au/system/files/public-registers/documents/D12%2B175884.pdf,2026-09-03,,Accepted,false
independent-other-optical-osm-au-node-4041048209,Independent / Other optical,Australia,VIC,Optometrist,,,Uncertain,Uncertain,Location setting needs consultant review,https://www.openstreetmap.org/node/4041048209,2026-09-01,,Needs review,false
independent-other-optical-osm-au-node-5227802671,Independent / Other optical,Australia,VIC,Optometrist,,,Uncertain,Uncertain,Location setting needs consultant review,https://www.openstreetmap.org/node/5227802671,2026-09-01,,Needs review,false
independent-other-optical-osm-au-way-641539883,Independent / Other optical,Australia,VIC,Optometrist,place-au-vic-centre-road,Centre Road,Shopping Centre,High,Canonicalised from the store's named retail-place evidence,https://www.openstreetmap.org/way/641539883,2026-09-01,vic-road,Accepted,false
independent-other-optical-osm-au-way-638735468,Independent / Other optical,Australia,VIC,Ottica,corridor-au-vic-vic-huntingdale-road,Huntingdale Road,High Street,Medium,Numbered street address without a corroborated centre match,https://www.openstreetmap.org/way/638735468,2026-09-01,,Accepted,false
independent-other-optical-osm-au-way-1235646811,Independent / Other optical,Australia,VIC,Otway Optical,corridor-au-vic-vic-murray-street-2,Murray Street,High Street,Medium,Numbered street address without a corroborated centre match,https://otwayoptical.com.au,2026-09-01,,Accepted,false
independent-other-optical-osm-au-node-12747696201,Independent / Other optical,Australia,VIC,OzScopes,corridor-au-vic-vic-research-drive,Research Drive,High Street,Medium,Numbered street address without a corroborated centre match,https://www.openstreetmap.org/node/12747696201,2026-09-01,,Accepted,false
independent-other-optical-osm-au-node-584400749,Independent / Other optical,Australia,VIC,South Melbourne Optical,corridor-au-vic-vic-clarendon-street,Clarendon Street,High Street,Medium,Numbered street address without a corroborated centre match,https://www.openstreetmap.org/node/584400749,2026-09-01,,Accepted,false
independent-other-optical-osm-au-node-11404319140,Independent / Other optical,Australia,VIC,Specs,corridor-au-vic-vic-high-street,High Street,High Street,Medium,Numbered street address without a corroborated centre match,https://www.specsoptical.com.au/,2026-09-01,,Accepted,false
independent-other-optical-osm-au-node-6059974385,Independent / Other optical,Australia,VIC,Spectacle Warehouse,,,Uncertain,Uncertain,Location setting needs consultant review,https://www.openstreetmap.org/node/6059974385,2026-09-01,,Needs review,false
independent-other-optical-osm-au-way-151241624,Independent / Other optical,Australia,VIC,Sturt Optical,corridor-au-vic-vic-sturt-street,Sturt Street,High Street,Medium,Numbered street address without a corroborated centre match,https://www.sturtoptical.com/,2026-09-01,,Accepted,false
independent-other-optical-osm-au-node-10222713631,Independent / Other optical,Australia,VIC,The Spectacle Site,,,Uncertain,Uncertain,Location setting needs consultant review,https://www.openstreetmap.org/node/10222713631,2026-09-01,,Needs review,false
independent-other-optical-osm-au-node-13208045227,Independent / Other optical,Australia,VIC,Thrifty Eyewear,corridor-au-vic-vic-cunninghame-street,Cunninghame Street,High Street,Medium,Numbered street address without a corroborated centre match,https://www.thriftyseyewear.com.au/,2026-09-01,,Accepted,false
independent-other-optical-osm-au-way-1424420428,Independent / Other optical,Australia,VIC,Two Faces,corridor-au-vic-vic-anderson-street,Anderson Street,High Street,Medium,Numbered street address without a corroborated centre match,https://twofaces.com.au/,2026-09-01,,Accepted,false
independent-other-optical-osm-au-node-3597692807,Independent / Other optical,Australia,VIC,Vainer Optical,,,Uncertain,Uncertain,Location setting needs consultant review,https://www.openstreetmap.org/node/3597692807,2026-09-01,,Needs review,false
independent-other-optical-osm-au-node-5980632192,Independent / Other optical,Australia,VIC,Value Spectacles,corridor-au-vic-vic-main-road,Main Road,High Street,Medium,Numbered street address without a corroborated centre match,https://www.openstreetmap.org/node/5980632192,2026-09-01,,Accepted,false
independent-other-optical-osm-au-node-4636803851,Independent / Other optical,Australia,VIC,Vision @ Broadway,,,Uncertain,Uncertain,Location setting needs consultant review,https://www.openstreetmap.org/node/4636803851,2026-09-01,,Needs review,false
independent-other-optical-osm-au-node-2470687143,Independent / Other optical,Australia,VIC,VisionPro,corridor-au-vic-vic-hopkins-street,Hopkins Street,High Street,Medium,Numbered street address without a corroborated centre match,https://www.openstreetmap.org/node/2470687143,2026-09-01,,Accepted,false
independent-other-optical-osm-au-node-6829200458,Independent / Other optical,Australia,VIC,Wangaratta Eyecare,,,Uncertain,Uncertain,Location setting needs consultant review,https://www.openstreetmap.org/node/6829200458,2026-09-01,,Needs review,false
independent-other-optical-osm-au-node-5142353150,Independent / Other optical,Australia,VIC,Whitehorse Optical Centre,corridor-au-vic-vic-whitehorse-road,Whitehorse Road,High Street,Medium,Numbered street address without a corroborated centre match,https://www.openstreetmap.org/node/5142353150,2026-09-01,,Accepted,false
independent-other-optical-osm-au-node-11594502110,Independent / Other optical,Australia,VIC,Winks Eyecare,corridor-au-vic-vic-pakington-street-1,Pakington Street,High Street,Medium,Numbered street address without a corroborated centre match,https://winkseyecare.com.au,2026-09-01,,Accepted,false
independent-other-optical-osm-au-node-6033469826,Independent / Other optical,Australia,VIC,Y Si Nhan Khoa,,,Uncertain,Uncertain,Location setting needs consultant review,https://www.openstreetmap.org/node/6033469826,2026-09-01,,Needs review,false
independent-other-optical-osm-au-node-1633680952,Independent / Other optical,Australia,VIC,eyes2port Optometrists,corridor-au-vic-vic-bay-street,Bay Street,High Street,Medium,Numbered street address without a corroborated centre match,https://www.eyes2port.com.au/,2026-09-01,,Accepted,false
independent-other-optical-osm-au-node-8613859112,Independent / Other optical,Australia,VIC,i-care Optometrists,corridor-au-vic-vic-main-street,Main Street,High Street,Medium,Numbered street address without a corroborated centre match,https://www.i-care.com.au/,2026-09-01,,Accepted,false
independent-other-optical-osm-au-node-5195526355,Independent / Other optical,Australia,VIC,iConVision,,,Uncertain,Uncertain,Location setting needs consultant review,https://www.openstreetmap.org/node/5195526355,2026-09-01,,Needs review,false
independent-other-optical-osm-au-node-6017200194,Independent / Other optical,Australia,VIC,iLook Optical,,,Uncertain,Uncertain,Location setting needs consultant review,https://www.openstreetmap.org/node/6017200194,2026-09-01,,Needs review,false
opsm-1488,OPSM,Australia,VIC,OPSM Airport West,place-au-vic-westfield-airport-west,Westfield Airport West,Shopping Centre,High,The current official Westfield OPSM directory lists Airport West,https://www.westfield.com.au/store/5Spq3qZgc0S4cQA8a4Aayy/opsm,2026-09-03,,Accepted,true
oscar-wylee-62,Oscar Wylee,Australia,VIC,Westfield Airport West,place-au-vic-westfield-airport-west,Westfield Airport West,Shopping Centre,High,Canonicalised from the store's named retail-place evidence,https://www.oscarwylee.com.au/locations/locations/optometrist-airport-west.html,2026-09-01,vic-airport-west-westfield,Accepted,true
specsavers-3431,Specsavers,Australia,VIC,Airport West Westfield,place-au-vic-westfield-airport-west,Westfield Airport West,Shopping Centre,High,Canonicalised from the store's named retail-place evidence,https://www.specsavers.com.au/stores/airportwest,2026-09-01,vic-airport-west-westfield,Accepted,true
eyecare-plus-561,Eyecare Plus,Australia,VIC,Altona Optical Eyecare Plus Optometrists (Pier St),corridor-au-vic-altona-pier-street,Pier Street,High Street,Medium,Numbered street address without a corroborated centre match,https://www.eyecareplus.com.au/altonaoptical/,2026-09-02,,Accepted,true
eyecare-plus-562,Eyecare Plus,Australia,VIC,Eyecare Plus Optometrists Altona (Railway St),corridor-au-vic-altona-railway-street,Railway Street,High Street,Medium,Numbered street address without a corroborated centre match,https://www.eyecareplus.com.au/altona/,2026-09-02,,Accepted,true
opsm-1428,OPSM,Australia,VIC,OPSM Altona Gate,place-au-vic-altona-gate-shopping-centre,Altona Gate,Shopping Centre,High,Official store address matches the authoritative canonical place address,https://www.altonagate.com.au/,2026-09-02,,Accepted,true
specsavers-3258,Specsavers,Australia,VIC,Altona Meadows Central Square,place-au-vic-altona-meadows-central-square,Altona Meadows Central Square,Shopping Centre,High,Canonicalised from the store's named retail-place evidence,https://www.specsavers.com.au/stores/altonameadows,2026-09-01,vic-altona-central-meadows-square,Accepted,true
eyeq-optometrists-altona,EyeQ Optometrists,Australia,VIC,EyeQ Optometrists Altona,place-au-vic-millers-junction-village,Millers Junction Village,Shopping Centre,High,Canonicalised from the store's named retail-place evidence,https://www.eyeq.com.au/optometrist/altona/,2026-09-02,vic-junction-millers-village,Accepted,true
specsavers-3457,Specsavers,Australia,VIC,Altona Gate S/C,place-au-vic-altona-gate-shopping-centre,Altona Gate,Shopping Centre,High,Canonicalised from the store's named retail-place evidence,https://www.specsavers.com.au/stores/altonanorth,2026-09-01,vic-altona-gate,Accepted,true
independent-other-optical-provision-318897,Independent / Other optical,Australia,VIC,Spectacle Hub Optometrists,corridor-au-vic-armstrong-creek-surf-coast-highway,Surf Coast Highway,High Street,Medium,Numbered street address without a corroborated centre match,https://www.provision.com.au/practice/spectacle-hub-optometrists/,2026-09-02,,Accepted,true
independent-other-optical-provision-34292,Independent / Other optical,Australia,VIC,Ashburton Eyecare,corridor-au-vic-ashburton-high-street,High Street,High Street,Medium,Numbered street address without a corroborated centre match,https://www.provision.com.au/practice/ashburton-eyecare/,2026-09-02,,Accepted,true
independent-other-optical-provision-313354,Independent / Other optical,Australia,VIC,Optical World Ashburton,corridor-au-vic-ashburton-high-street,High Street,High Street,Medium,Numbered street address without a corroborated centre match,https://www.provision.com.au/practice/optical-world-ashburton/,2026-09-02,,Accepted,true
george-matilda-440,George & Matilda,Australia,VIC,George & Matilda Eyecare – Bacchus Marsh,corridor-au-vic-bacchus-marsh-grant-street,Grant Street,High Street,Medium,Numbered street address without a corroborated centre match,https://georgeandmatilda.com.au/stores/optometrist-bacchus-marsh-vic/,2026-09-02,,Accepted,true
specsavers-3602,Specsavers,Australia,VIC,Bacchus Marsh,place-au-vic-the-village-bacchus-marsh-shopping-centre,The Village Bacchus Marsh Shopping Centre,Shopping Centre,High,Canonicalised from the store's named retail-place evidence,https://www.specsavers.com.au/stores/bacchusmarsh,2026-09-01,vic-bacchus-marsh-the-village,Accepted,true
eyecare-plus-565,Eyecare Plus,Australia,VIC,Eyecare Plus Optometrists Bairnsdale,corridor-au-vic-bairnsdale-service-street,Service Street,High Street,Medium,Numbered street address without a corroborated centre match,https://www.eyecareplus.com.au/bairnsdale/,2026-09-02,,Accepted,true
opsm-2914,OPSM,Australia,VIC,OPSM Bairnsdale,corridor-au-vic-bairnsdale-nicholson-street,Nicholson Street,High Street,Medium,Numbered street address without a corroborated centre match,https://www.opsm.com.au/en/opsm-au/find-store,2026-09-01,,Accepted,true
specsavers-3564,Specsavers,Australia,VIC,Bairnsdale,corridor-au-vic-bairnsdale-bailey-street,Bailey Street,High Street,Medium,Numbered street address without a corroborated centre match,https://www.specsavers.com.au/stores/bairnsdale,2026-09-01,,Accepted,true
opsm-1057,OPSM,Australia,VIC,OPSM Ballarat,corridor-au-vic-ballarat-armstrong-street,Armstrong Street,High Street,Medium,Best-judgement street-address classification; no centre evidence found,https://www.opsm.com.au/en/opsm-au/find-store,2026-09-01,,Accepted,true
opsm-2261,OPSM,Australia,VIC,OPSM Ballarat Bridge Mall,place-au-vic-ballarat-bridge-mall,Bridge Mall,High Street,High,Canonicalised from the store's named retail-place evidence,https://www.opsm.com.au/en/opsm-au/find-store,2026-09-01,vic-ballarat-bridge,Accepted,true
specsavers-3396,Specsavers,Australia,VIC,Ballarat Bridge Mall,place-au-vic-ballarat-bridge-mall,Bridge Mall,High Street,High,Canonicalised from the store's named retail-place evidence,https://www.specsavers.com.au/stores/ballarat,2026-09-01,vic-ballarat-bridge,Accepted,true
george-matilda-462,George & Matilda,Australia,VIC,George & Matilda Eyecare for Joyce Optometrists,corridor-au-vic-balwyn-whitehorse-road,Whitehorse Road,High Street,Medium,Numbered street address without a corroborated centre match,https://georgeandmatilda.com.au/stores/optometrist-balwyn-vic/,2026-09-02,,Accepted,true
eyecare-plus-566,Eyecare Plus,Australia,VIC,Eyecare Plus Optometrists Balwyn East,corridor-au-vic-balwyn-east-belmore-road,Belmore Road,High Street,Medium,Numbered street address without a corroborated centre match,https://www.eyecareplus.com.au/balwyn/,2026-09-02,,Accepted,true
independent-other-optical-provision-327464,Independent / Other optical,Australia,VIC,Richard Lindsay & Associates,corridor-au-vic-balwyn-north-ellsa-street,Ellsa Street,High Street,Medium,Numbered street address without a corroborated centre match,https://www.provision.com.au/practice/richard-lindsay-associates/,2026-09-02,,Accepted,true
independent-other-optical-osm-au-way-266678041,Independent / Other optical,Australia,VIC,Robinson Family Optometrists,corridor-au-vic-belmont-high-street,High Street,High Street,Medium,Numbered street address without a corroborated centre match,https://www.openstreetmap.org/way/266678041,2026-09-01,,Accepted,true
specsavers-3275,Specsavers,Australia,VIC,Belmont S/C - Geelong,place-au-vic-belmont-shopping-centre,Belmont Shopping Centre,Shopping Centre,High,Canonicalised from the store's named retail-place evidence,https://www.specsavers.com.au/stores/belmont,2026-09-01,vic-belmont,Accepted,true
specsavers-3291,Specsavers,Australia,VIC,Benalla,corridor-au-vic-benalla-bridge-street,Bridge Street,High Street,Medium,Numbered street address without a corroborated centre match,https://www.specsavers.com.au/stores/benalla,2026-09-01,,Accepted,true
eyecare-plus-572,Eyecare Plus,Australia,VIC,Eyecare Plus Optometrists Bendigo,corridor-au-vic-bendigo-hargreaves-street,Hargreaves Street,High Street,Medium,Numbered street address without a corroborated centre match,https://www.eyecareplus.com.au/bendigo/,2026-09-02,,Accepted,true
independent-other-optical-osm-au-node-7824897822,Independent / Other optical,Australia,VIC,Cartwright & Associates Optometrists,corridor-au-vic-bendigo-killians-walk,Killians Walk,High Street,Medium,Numbered street address without a corroborated centre match,http://www.cartwrighteyecare.com.au/,2026-09-01,,Accepted,true
independent-other-optical-provision-17134,Independent / Other optical,Australia,VIC,Wills Street Eyecare,corridor-au-vic-bendigo-wills-street,Wills Street,High Street,Medium,Numbered street address without a corroborated centre match,https://www.provision.com.au/practice/wills-street-eyecare-optometrist-bendigo/,2026-09-02,,Accepted,true
opsm-1037,OPSM,Australia,VIC,OPSM Bendigo Marketplace,place-au-vic-bendigo-marketplace,Bendigo Marketplace,Shopping Centre,High,Canonicalised from the store's named retail-place evidence,https://www.opsm.com.au/en/opsm-au/find-store,2026-09-01,vic-bendigo-marketplace,Accepted,true
opsm-7008,OPSM,Australia,VIC,QUEEN ST BENDIGO,corridor-au-vic-bendigo-queen-street,Queen Street,High Street,Medium,Numbered street address without a corroborated centre match,https://www.opsm.com.au/en/opsm-au/find-store,2026-09-01,,Accepted,true
oscar-wylee-109,Oscar Wylee,Australia,VIC,Bendigo Marketplace,place-au-vic-bendigo-marketplace,Bendigo Marketplace,Shopping Centre,High,Canonicalised from the store's named retail-place evidence,https://www.oscarwylee.com.au/locations/locations/optometrist-bendigo.html,2026-09-01,vic-bendigo-marketplace,Accepted,true
specsavers-3322,Specsavers,Australia,VIC,Bendigo Marketplace,place-au-vic-bendigo-marketplace,Bendigo Marketplace,Shopping Centre,High,Canonicalised from the store's named retail-place evidence,https://www.specsavers.com.au/stores/bendigo,2026-09-01,vic-bendigo-marketplace,Accepted,true
independent-other-optical-provision-17060,Independent / Other optical,Australia,VIC,Family Eyecare,place-au-vic-centre-road,Centre Road,Shopping Centre,High,Canonicalised from the store's named retail-place evidence,https://www.provision.com.au/practice/family-eyecare/,2026-09-02,vic-road,Accepted,true
opsm-1134,OPSM,Australia,VIC,OPSM Bentleigh,place-au-vic-centre-rd,Centre Rd,Shopping Centre,High,Canonicalised from the store's named retail-place evidence,https://www.opsm.com.au/en/opsm-au/find-store,2026-09-01,vic-rd,Accepted,true
specsavers-3282,Specsavers,Australia,VIC,Bentleigh,place-au-vic-centre-road,Centre Road,Shopping Centre,High,Canonicalised from the store's named retail-place evidence,https://www.specsavers.com.au/stores/bentleigh,2026-09-01,vic-road,Accepted,true
bailey-nelson-berwick,Bailey Nelson,Australia,VIC,"Bailey Nelson Berwick, Melbourne",corridor-au-vic-berwick-high-street,High Street,High Street,Medium,Numbered street address without a corroborated centre match,https://baileynelson.com.au/pages/optometrist-berwick,2026-09-01,,Accepted,true
independent-other-optical-provision-17293,Independent / Other optical,Australia,VIC,Eden Rise Optical,place-au-vic-eden-rise-shopping-centre,Eden Rise Shopping Centre,Shopping Centre,High,Canonicalised from the store's named retail-place evidence,https://www.provision.com.au/practice/eden-rise-optical/,2026-09-02,vic-eden-rise,Accepted,true
opsm-7046,OPSM,Australia,VIC,OPSM Berwick,corridor-au-vic-berwick-high-street,High Street,High Street,Medium,Numbered street address without a corroborated centre match,https://www.opsm.com.au/en/opsm-au/find-store,2026-09-01,,Accepted,true
specsavers-3474,Specsavers,Australia,VIC,Berwick Eden Rise S/C,place-au-vic-berwick-eden-rise-shopping-centre,Berwick Eden Rise Shopping Centre,Shopping Centre,High,Canonicalised from the store's named retail-place evidence,https://www.specsavers.com.au/stores/berwick,2026-09-01,vic-berwick-eden-rise,Accepted,true
eyecare-plus-574,Eyecare Plus,Australia,VIC,Eyecare Plus Optometrists Blackburn,place-au-vic-blackburn-square,Blackburn Square,Shopping Centre,High,Canonicalised from the store's named retail-place evidence,https://www.eyecareplus.com.au/blackburn/,2026-09-02,vic-blackburn-formerly-north-square,Accepted,true
eyecare-plus-161060,Eyecare Plus,Australia,VIC,Eyecare Plus Optometrists Boronia (Weisz Family Optical),corridor-au-vic-boronia-dorset-road,Dorset Road,High Street,Medium,Numbered street address without a corroborated centre match,https://www.eyecareplus.com.au/boronia/,2026-09-02,,Accepted,true
1001-optometry-7240046,1001 Optometry,Australia,VIC,1001 Optometry Box Hill,corridor-au-vic-box-hill-main-street,Main Street,High Street,Medium,Numbered street address without a corroborated centre match,https://1001-optical.myshopify.com/pages/box-hill-optometrist,2026-09-02,,Accepted,true
specsavers-3525,Specsavers,Australia,VIC,Box Hill Central North,place-au-vic-box-hill-central-south,Box Hill Central South,Shopping Centre,Medium,Current official address explicitly places the store in Box Hill Central South despite the retained North label,https://www.specsavers.com.au/stores/boxhill,2026-09-02,,Accepted,true
independent-other-optical-provision-17335,Independent / Other optical,Australia,VIC,My Optometrist,place-au-vic-central-west-shopping-centre,Central West Shopping Centre,Shopping Centre,High,Canonicalised from the store's named retail-place evidence,https://www.provision.com.au/practice/my-optometrist-footscray/,2026-09-02,vic-central-west,Accepted,true
bailey-nelson-brighton,Bailey Nelson,Australia,VIC,Bailey Nelson Brighton,corridor-au-vic-brighton-church-street,Church Street,High Street,Medium,Numbered street address without a corroborated centre match,https://baileynelson.com.au/pages/optometrist-brighton,2026-09-01,,Accepted,true
independent-other-optical-provision-17171,Independent / Other optical,Australia,VIC,Bayside Eyecare,corridor-au-vic-brighton-martin-street,Martin Street,High Street,Medium,Numbered street address without a corroborated centre match,https://www.provision.com.au/practice/bayside-eyecare/,2026-09-02,,Accepted,true
independent-other-optical-provision-17405,Independent / Other optical,Australia,VIC,Eyes On Brighton,corridor-au-vic-brighton-church-street,Church Street,High Street,Medium,Numbered street address without a corroborated centre match,https://www.provision.com.au/practice/eyes-on-brighton/,2026-09-02,,Accepted,true
opsm-7075,OPSM,Australia,VIC,OPSM Middle Brighton,corridor-au-vic-brighton-church-street,Church Street,High Street,Medium,Best-judgement street-address classification; no centre evidence found,https://www.opsm.com.au/en/opsm-au/find-store,2026-09-01,,Accepted,true
specsavers-3557,Specsavers,Australia,VIC,Brighton Optometrists and Audiologists,corridor-au-vic-brighton-church-street,Church Street,High Street,Medium,Numbered street address without a corroborated centre match,https://www.specsavers.com.au/stores/brighton,2026-09-01,,Accepted,true
oscar-wylee-121,Oscar Wylee,Australia,VIC,Broadmeadows Central,place-au-vic-broadmeadows-shopping-centre,Broadmeadows Central,Shopping Centre,High,The current official Broadmeadows Central directory lists Oscar Wylee,https://www.broadmeadowscentral.com.au/stores/oscar-wylee,2026-09-03,,Accepted,true
specsavers-3295,Specsavers,Australia,VIC,Broadmeadows S/C,place-au-vic-broadmeadows-shopping-centre,Broadmeadows Central,Shopping Centre,High,Canonicalised from the store's named retail-place evidence,https://www.specsavers.com.au/stores/broadmeadows,2026-09-01,vic-broadmeadows,Accepted,true
bailey-nelson-brunswick,Bailey Nelson,Australia,VIC,Bailey Nelson Brunswick,corridor-au-vic-brunswick-sydney-road,Sydney Road,High Street,Medium,Numbered street address without a corroborated centre match,https://baileynelson.com.au/pages/optometrist-brunswick,2026-09-01,,Accepted,true
opsm-1482,OPSM,Australia,VIC,OPSM Brunswick,corridor-au-vic-brunswick-barkly-street,Barkly Street,High Street,Medium,Numbered street address without a corroborated centre match,https://www.opsm.com.au/en/opsm-au/find-store,2026-09-01,,Accepted,true
specsavers-3449,Specsavers,Australia,VIC,Brunswick,place-au-vic-barkly-square,Barkly Square,Shopping Centre,Medium,Official address matches the Barkly Square tenancy at 90-106 Sydney Road,https://www.specsavers.com.au/stores/brunswick,2026-09-02,,Accepted,true
independent-other-optical-provision-56715,Independent / Other optical,Australia,VIC,Bulleen Eyecare,place-au-vic-bulleen-plaza-shopping-centre,Bulleen Plaza Shopping Centre,Shopping Centre,High,Canonicalised from the store's named retail-place evidence,https://www.provision.com.au/practice/bulleen-eyecare/,2026-09-02,vic-bulleen-plaza,Accepted,true
eyecare-plus-578,Eyecare Plus,Australia,VIC,Eyecare Plus Optometrists Bundoora,corridor-au-vic-bundoora-plenty-road,Plenty Road,High Street,Medium,Numbered street address without a corroborated centre match,https://www.eyecareplus.com.au/bundoora/,2026-09-02,,Accepted,true
independent-other-optical-provision-17341,Independent / Other optical,Australia,VIC,My Optometrist,corridor-au-vic-burwood-east-burwood-highway,Burwood Highway,High Street,Medium,Numbered street address without a corroborated centre match,https://www.provision.com.au/practice/my-optometrist-2/,2026-09-02,,Accepted,true
independent-other-optical-provision-17065,Independent / Other optical,Australia,VIC,Spectacles PLUS Optometrists,place-au-vic-burwood-heights-shopping-ctr,Burwood Heights Shopping Ctr,Shopping Centre,High,Canonicalised from the store's named retail-place evidence,https://www.provision.com.au/practice/spectacles-plus-optometrists/,2026-09-02,vic-burwood-ctr-heights,Accepted,true
bailey-nelson-camberwell,Bailey Nelson,Australia,VIC,Bailey Nelson Camberwell,corridor-au-vic-camberwell-burke-road,Burke Road,High Street,High,The official store address is a numbered Burke Road shopfront and does not identify Camberwell Arcade,https://baileynelson.com.au/pages/optometrist-camberwell,2026-09-03,,Accepted,true
bupa-optical-13626252,Bupa Optical,Australia,VIC,Bupa Optical & Hearing Camberwell,place-au-vic-camberwell-arcade,Camberwell Arcade,Shopping Centre,High,Canonicalised from the store's named retail-place evidence,https://bupaoptical.bupa.com.au/pages/store/bupa-optical-camberwell,2026-09-03,vic-arcade-camberwell,Accepted,true
eyeq-optometrists-burwood,EyeQ Optometrists,Australia,VIC,EyeQ Optometrists Burwood,place-au-vic-toorak-road-burwood-village,Toorak Road (Burwood Village),Shopping Centre,High,Canonicalised from the store's named retail-place evidence,https://www.eyeq.com.au/optometrist/burwood/,2026-09-02,vic-burwood-road-toorak-village,Accepted,true
eyeq-optometrists-camberwell,EyeQ Optometrists,Australia,VIC,EyeQ Optometrists Camberwell,corridor-au-vic-camberwell-burke-road,Burke Road,High Street,Medium,Numbered street address without a corroborated centre match,https://www.eyeq.com.au/optometrist/camberwell/,2026-09-02,,Accepted,true
specsavers-3358,Specsavers,Australia,VIC,Camberwell,corridor-au-vic-camberwell-burke-road,Burke Road,High Street,High,The official store address is a numbered Burke Road shopfront and does not identify Camberwell Arcade,https://www.specsavers.com.au/stores/camberwell,2026-09-03,,Accepted,true
independent-other-optical-provision-91990,Independent / Other optical,Australia,VIC,Penry Routson Optometrists Camperdown,corridor-au-vic-camperdown-manifold-street,Manifold Street,High Street,Medium,Numbered street address without a corroborated centre match,https://www.provision.com.au/practice/penry-routson-optometrists-camperdown/,2026-09-02,,Accepted,true
independent-other-optical-provision-17089,Independent / Other optical,Australia,VIC,Canterbury Eyecare,corridor-au-vic-canterbury-maling-road,Maling Road,High Street,Medium,Numbered street address without a corroborated centre match,https://www.provision.com.au/practice/canterbury-eyecare/,2026-09-02,,Accepted,true
independent-other-optical-provision-17326,Independent / Other optical,Australia,VIC,Eyetech Optometrists,corridor-au-vic-carlton-lygon-street,Lygon Street,High Street,Medium,Numbered street address without a corroborated centre match,https://www.provision.com.au/practice/eyetech-optometrists-carlton/,2026-09-02,,Accepted,true
independent-other-optical-provision-17190,Independent / Other optical,Australia,VIC,EYEdentity Carnegie,corridor-au-vic-carnegie-koornang-road,Koornang Road,High Street,Medium,Numbered street address without a corroborated centre match,https://www.provision.com.au/practice/eyedentity-carnegie/,2026-09-02,,Accepted,true
independent-other-optical-provision-17010,Independent / Other optical,Australia,VIC,Vision on Koornang,corridor-au-vic-carnegie-koornang-road,Koornang Road,High Street,Medium,Numbered street address without a corroborated centre match,https://www.provision.com.au/practice/vision-on-koornang/,2026-09-02,,Accepted,true
independent-other-optical-provision-186700,Independent / Other optical,Australia,VIC,Spectacle Hub – Caroline Springs,corridor-au-vic-caroline-springs-lake-street,Lake Street,High Street,Medium,Numbered street address without a corroborated centre match,https://www.provision.com.au/practice/spectacle-hub-caroline-springs/,2026-09-02,,Accepted,true
specsavers-3648,Specsavers,Australia,VIC,Caroline Springs,place-au-vic-caroline-springs-square,Caroline Springs Square,Shopping Centre,High,Canonicalised from the store's named retail-place evidence,https://www.specsavers.com.au/stores/carolinesprings,2026-09-01,vic-caroline-springs-square,Accepted,true
independent-other-optical-provision-17312,Independent / Other optical,Australia,VIC,Carrum Downs Eyecare,place-au-vic-carrum-downs-shop-centre,Carrum Downs Shop Centre,Shopping Centre,High,Canonicalised from the store's named retail-place evidence,https://www.provision.com.au/practice/carrum-downs-eyecare/,2026-09-02,vic-carrum-downs,Accepted,true
independent-other-optical-provision-60518,Independent / Other optical,Australia,VIC,Glenn Howell Optometrist,corridor-au-vic-casterton-henty-street,Henty Street,High Street,Medium,Numbered street address without a corroborated centre match,https://www.provision.com.au/practice/glenn-howell-optometrist-2/,2026-09-02,,Accepted,true
bailey-nelson-chadstone,Bailey Nelson,Australia,VIC,Bailey Nelson Chadstone,place-au-vic-chadstone-shopping-centre,Chadstone Shopping Centre,Shopping Centre,High,Canonicalised from the store's named retail-place evidence,https://baileynelson.com.au/pages/optometrist-chadstone,2026-09-01,vic-chadstone,Accepted,true
opsm-1410,OPSM,Australia,VIC,OPSM Chadstone,place-au-vic-chadstone-shopping-centre,Chadstone Shopping Centre,Shopping Centre,High,Canonicalised from the store's named retail-place evidence,https://www.opsm.com.au/en/opsm-au/find-store,2026-09-01,vic-chadstone,Accepted,true
oscar-wylee-14,Oscar Wylee,Australia,VIC,Chadstone Shopping Centre,place-au-vic-chadstone-shopping-centre,Chadstone Shopping Centre,Shopping Centre,High,Canonicalised from the store's named retail-place evidence,https://www.oscarwylee.com.au/locations/locations/optometrist-chadstone.html,2026-09-01,vic-chadstone,Accepted,true
specsavers-3444,Specsavers,Australia,VIC,Chadstone S/C,place-au-vic-chadstone-shopping-centre,Chadstone Shopping Centre,Shopping Centre,High,Canonicalised from the store's named retail-place evidence,https://www.specsavers.com.au/stores/chadstone,2026-09-01,vic-chadstone,Accepted,true
bailey-nelson-southland,Bailey Nelson,Australia,VIC,Bailey Nelson Southland,place-au-vic-westfield-southland,Westfield Southland,Shopping Centre,High,Canonicalised from the store's named retail-place evidence,https://baileynelson.com.au/pages/optometrist-southland,2026-09-01,vic-southland,Accepted,true
bupa-optical-13626278,Bupa Optical,Australia,VIC,Bupa Optical & Hearing Southland,place-au-vic-westfield-southland,Westfield Southland,Shopping Centre,High,Bupa's current official address and store identity identify the Westfield Southland tenancy,https://bupaoptical.bupa.com.au/pages/store/bupa-optical-southland,2026-09-03,vic-westfield,Accepted,true
eyecare-plus-589,Eyecare Plus,Australia,VIC,Eyecare Plus Optometrists Cheltenham,corridor-au-vic-cheltenham-centre-dandenong-road,Centre Dandenong Road,High Street,Medium,Numbered street address without a corroborated centre match,https://www.eyecareplus.com.au/cheltenham/,2026-09-02,,Accepted,true
opsm-1407,OPSM,Australia,VIC,OPSM Southland,place-au-vic-westfield-southland,Westfield Southland,Shopping Centre,High,Canonicalised from the store's named retail-place evidence,https://www.opsm.com.au/en/opsm-au/find-store,2026-09-01,vic-southland,Accepted,true
oscar-wylee-57,Oscar Wylee,Australia,VIC,Westfield Southland,place-au-vic-westfield-southland,Westfield Southland,Shopping Centre,High,Canonicalised from the store's named retail-place evidence,https://www.oscarwylee.com.au/locations/locations/optometrist-southland.html,2026-09-01,vic-southland-westfield,Accepted,true
specsavers-3218,Specsavers,Australia,VIC,Southland Westfield Lvl 1,place-au-vic-westfield-southland,Westfield Southland,Shopping Centre,High,Canonicalised from the store's named retail-place evidence,https://www.specsavers.com.au/stores/cheltenhamwest,2026-09-01,vic-southland-westfield,Accepted,true
specsavers-3272,Specsavers,Australia,VIC,Southland Westfield Lvl 3,place-au-vic-westfield-southland,Westfield Southland,Shopping Centre,High,Canonicalised from the store's named retail-place evidence,https://www.specsavers.com.au/stores/cheltenhameast,2026-09-01,vic-southland-westfield,Accepted,true
opsm-1649,OPSM,Australia,VIC,OPSM Chirnside Park,place-au-vic-chirnside-park-shopping-centre,Chirnside Park Shopping Centre,Shopping Centre,High,The current official Chirnside Park directory lists OPSM on the ground floor,https://www.chirnsidepark.com.au/stores-services/opsm,2026-09-03,,Accepted,true
oscar-wylee-29,Oscar Wylee,Australia,VIC,Chirnside Park,place-au-vic-chirnside-park-shopping-centre,Chirnside Park Shopping Centre,Shopping Centre,High,Official store name and address explicitly identify Chirnside Park Shopping Centre,https://www.oscarwylee.com.au/locations/locations/optometrist-chirnside-park.html,2026-09-02,,Accepted,true
specsavers-3401,Specsavers,Australia,VIC,Chirnside Park S/C,place-au-vic-chirnside-park-shopping-centre,Chirnside Park Shopping Centre,Shopping Centre,High,Canonicalised from the store's named retail-place evidence,https://www.specsavers.com.au/stores/chirnsidepark,2026-09-01,vic-chirnside-park,Accepted,true
opsm-1043,OPSM,Australia,VIC,OPSM Camberwell,corridor-au-vic-camberwell-burke-road,Burke Road,High Street,High,The official store address is a numbered Burke Road shopfront and does not identify Camberwell Arcade,https://www.opsm.com.au/stores/vic/camberwell/opsm-camberwell/1043,2026-09-03,,Accepted,true
independent-other-optical-provision-17007,Independent / Other optical,Australia,VIC,ProVision Optometry Clayton,corridor-au-vic-clayton-clayton-road,Clayton Road,High Street,Medium,Numbered street address without a corroborated centre match,https://www.provision.com.au/practice/provision-optometry-clayton/,2026-09-02,,Accepted,true
eyecare-plus-592,Eyecare Plus,Australia,VIC,Eyecare Plus Optometrists Clifton Hill,corridor-au-vic-clifton-hill-queens-parade,Queens Parade,High Street,Medium,Numbered street address without a corroborated centre match,https://www.eyecareplus.com.au/cliftonhill/,2026-09-02,,Accepted,true
independent-other-optical-provision-341179,Independent / Other optical,Australia,VIC,Clyde North Eyecare,place-au-vic-ramlegh-springs-village,Ramlegh Springs Village,Shopping Centre,High,Canonicalised from the store's named retail-place evidence,https://www.provision.com.au/practice/clyde-north-eyecare/,2026-09-02,vic-ramlegh-springs-village,Accepted,true
opsm-2254,OPSM,Australia,VIC,OPSM Cobram,corridor-au-vic-cobram-william-street,William Street,High Street,Medium,Numbered street address without a corroborated centre match,https://www.opsm.com.au/en/opsm-au/find-store,2026-09-01,,Accepted,true
independent-other-optical-provision-36798,Independent / Other optical,Australia,VIC,Bell Optometrists,place-au-vic-walkers-arcade,Walkers Arcade,Shopping Centre,High,Canonicalised from the store's named retail-place evidence,https://www.provision.com.au/practice/bell-optometrists/,2026-09-02,vic-arcade-walkers,Accepted,true
opsm-1144,OPSM,Australia,VIC,OPSM Coburg,corridor-au-vic-coburg-waterfield-street,Waterfield Street,High Street,Medium,Numbered street address without a corroborated centre match,https://www.opsm.com.au/en/opsm-au/find-store,2026-09-01,,Accepted,true
independent-other-optical-provision-134130,Independent / Other optical,Australia,VIC,InFocus Optical,place-au-vic-coburg-north-village,Coburg North Village,Shopping Centre,High,Canonicalised from the store's named retail-place evidence,https://www.provision.com.au/practice/infocus-optical/,2026-09-02,vic-coburg-north-village,Accepted,true
specsavers-3294,Specsavers,Australia,VIC,Colac,corridor-au-vic-colac-gellibrand-street,Gellibrand Street,High Street,Medium,Numbered street address without a corroborated centre match,https://www.specsavers.com.au/stores/colac,2026-09-01,,Accepted,true
independent-other-optical-provision-17186,Independent / Other optical,Australia,VIC,I-care @ Collingwood,corridor-au-vic-collingwood-smith-street,Smith Street,High Street,Medium,Numbered street address without a corroborated centre match,https://www.provision.com.au/practice/i-care-collingwood/,2026-09-02,,Accepted,true
independent-other-optical-osm-au-node-615137311,Independent / Other optical,Australia,VIC,Ispex Funky Spex,corridor-au-vic-collingwood-johnston-street,Johnston Street,High Street,Medium,Numbered street address without a corroborated centre match,https://www.openstreetmap.org/node/615137311,2026-09-01,,Accepted,true
opsm-1291,OPSM,Australia,VIC,OPSM Corio Village,place-au-vic-corio-village,Corio Village,Shopping Centre,High,Canonicalised from the store's named retail-place evidence,https://www.opsm.com.au/en/opsm-au/find-store,2026-09-01,vic-corio-village,Accepted,true
specsavers-3262,Specsavers,Australia,VIC,Corio Central,place-au-vic-corio-village,Corio Village,Shopping Centre,High,The current official Specsavers page identifies the store at the Corio Village address under its Corio Central trading name,https://www.specsavers.com.au/stores/corio,2026-09-03,,Accepted,true
independent-other-optical-provision-186737,Independent / Other optical,Australia,VIC,Spectacle Hub – Craigieburn,corridor-au-vic-craigieburn-craigieburn-road,Craigieburn Road,High Street,Medium,Numbered street address without a corroborated centre match,https://www.provision.com.au/practice/spectacle-hub-craigieburn/,2026-09-02,,Accepted,true
opsm-2282,OPSM,Australia,VIC,OPSM Craigieburn,place-au-vic-craigieburn-central,Craigieburn Central,Shopping Centre,High,Official store address matches the authoritative canonical place address,https://www.oscarwylee.com.au/locations/locations/optometrist-craigieburn.html,2026-09-02,,Accepted,true
oscar-wylee-138,Oscar Wylee,Australia,VIC,Craigieburn Central,place-au-vic-craigieburn-central,Craigieburn Central,Shopping Centre,High,Official store name and address explicitly identify Craigieburn Central,https://www.oscarwylee.com.au/locations/locations/optometrist-craigieburn.html,2026-09-02,,Accepted,true
specsavers-3533,Specsavers,Australia,VIC,Craigieburn,corridor-au-vic-craigieburn-craigieburn-road,Craigieburn Road,High Street,Medium,Numbered street address without a corroborated centre match,https://www.specsavers.com.au/stores/craigieburn,2026-09-01,,Accepted,true
eyecare-plus-595,Eyecare Plus,Australia,VIC,Eyecare Plus Optometrists Cranbourne,corridor-au-vic-cranbourne-lamb-street,Lamb Street,High Street,Medium,Numbered street address without a corroborated centre match,https://www.eyecareplus.com.au/cranbourne/,2026-09-02,,Accepted,true
opsm-1290,OPSM,Australia,VIC,OPSM Cranbourne,place-au-vic-cranbourne-park-shopping-centre-sp107,Cranbourne Park,Shopping Centre,High,The current Cranbourne Park optical-services directory lists OPSM as an active centre tenant,https://www.cranbournepark.com.au/shopping/services/optometrists-health-services,2026-09-02,,Accepted,true
oscar-wylee-86,Oscar Wylee,Australia,VIC,Cranbourne Park,place-au-vic-cranbourne-park-shopping-centre-sp107,Cranbourne Park,Shopping Centre,High,Canonicalised from the store's named retail-place evidence,https://www.oscarwylee.com.au/locations/locations/optometrist-cranbourne-park.html,2026-09-01,vic-cranbourne-park-sp107,Accepted,true
specsavers-3425,Specsavers,Australia,VIC,Cranbourne Park,place-au-vic-cranbourne-park-shopping-centre-sp107,Cranbourne Park,Shopping Centre,High,Canonicalised from the store's named retail-place evidence,https://www.specsavers.com.au/stores/cranbourne,2026-09-01,vic-cranbourne-park,Accepted,true
eyeq-optometrists-croydon,EyeQ Optometrists,Australia,VIC,EyeQ Optometrists Croydon,place-au-unknown-croydon-central,Croydon Central,Shopping Centre,High,Official store address matches the authoritative canonical place address,https://www.croydoncentral.com.au/,2026-09-02,,Accepted,true
independent-other-optical-provision-17118,Independent / Other optical,Australia,VIC,Harris Blake and Parsons Optometrists,corridor-au-vic-croydon-main-street,Main Street,High Street,Medium,Numbered street address without a corroborated centre match,https://www.provision.com.au/practice/harris-blake-parsons-optometrists-2/,2026-09-02,,Accepted,true
opsm-2999,OPSM,Australia,VIC,OPSM Croydon,corridor-au-vic-croydon-main-street,Main Street,High Street,Medium,Numbered street address without a corroborated centre match,https://www.opsm.com.au/en/opsm-au/find-store,2026-09-01,,Accepted,true
specsavers-3667,Specsavers,Australia,VIC,Croydon,corridor-au-vic-croydon-main-street-croydon,Main Street Croydon,High Street,High,Official address and the Croydon Main Street precinct directory identify a street-front tenancy,https://www.specsavers.com.au/stores/croydon,2026-09-02,,Accepted,true
independent-other-optical-provision-140532,Independent / Other optical,Australia,VIC,Spectacle Hub Curlewis,place-au-vic-woolworths-curlewis-town-centre,Woolworths Curlewis Town Centre,Shopping Centre,High,Canonicalised from the store's named retail-place evidence,https://www.provision.com.au/practice/spectacle-hub-curlewis/,2026-09-02,vic-curlewis-town-woolworths,Accepted,true
independent-other-optical-provision-138586,Independent / Other optical,Australia,VIC,Clear Vision Optical,corridor-au-vic-dallas-blair-street,Blair Street,High Street,Medium,Numbered street address without a corroborated centre match,https://www.provision.com.au/practice/clear-vision-optical/,2026-09-02,,Accepted,true
independent-other-optical-provision-16983,Independent / Other optical,Australia,VIC,The Eye Collective by Russo Optometry,corridor-au-vic-dandenong-lonsdale-street,Lonsdale Street,High Street,Medium,Numbered street address without a corroborated centre match,https://www.provision.com.au/practice/the-eye-collective-dandenong/,2026-09-02,,Accepted,true
opsm-1486,OPSM,Australia,VIC,OPSM Dandenong,place-au-vic-dandenong-square,Dandenong Square,Shopping Centre,High,Canonicalised from the store's named retail-place evidence,https://www.opsm.com.au/en/opsm-au/find-store,2026-09-01,vic-dandenong-square,Accepted,true
specsavers-3352,Specsavers,Australia,VIC,Dandenong,place-au-vic-dandenong-square,Dandenong Square,Shopping Centre,High,Canonicalised from the store's named retail-place evidence,https://www.specsavers.com.au/stores/dandenong,2026-09-01,vic-dandenong-square,Accepted,true
george-matilda-441,George & Matilda,Australia,VIC,George & Matilda Eyecare – Daylesford,corridor-au-vic-daylesford-vincent-street,Vincent Street,High Street,Medium,Numbered street address without a corroborated centre match,https://georgeandmatilda.com.au/stores/optometrist-daylesford-vic/,2026-09-02,,Accepted,true
opsm-1312,OPSM,Australia,VIC,OPSM Brimbank,corridor-au-vic-deer-park-station-road,Station Road,High Street,Medium,Numbered street address without a corroborated centre match,https://www.opsm.com.au/en/opsm-au/find-store,2026-09-01,,Accepted,true
specsavers-3256,Specsavers,Australia,VIC,Deer Park - Brimbank Central S/C,place-au-vic-brimbank-central,Brimbank Central,Shopping Centre,High,Official store name and address explicitly identify Brimbank Central,https://www.specsavers.com.au/stores/deerpark,2026-09-02,,Accepted,true
independent-other-optical-provision-70300,Independent / Other optical,Australia,VIC,Diamond Valley Optical,place-au-vic-diamond-creek-plaza,Diamond Creek Plaza,Shopping Centre,High,Canonicalised from the store's named retail-place evidence,https://www.provision.com.au/practice/diamond-valley-optical-2/,2026-09-02,vic-creek-diamond-plaza,Accepted,true
independent-other-optical-provision-17376,Independent / Other optical,Australia,VIC,Insightful Eye Care – Dingley Eye Centre,corridor-au-vic-dingley-village-centre-dandenong-road,Centre Dandenong Road,High Street,Medium,Numbered street address without a corroborated centre match,https://www.provision.com.au/practice/dingley-eye-centre/,2026-09-02,,Accepted,true
independent-other-optical-provision-17352,Independent / Other optical,Australia,VIC,Docklands Eyecare,corridor-au-vic-docklands-bourke-street,Bourke Street,High Street,Medium,Numbered street address without a corroborated centre match,https://www.provision.com.au/practice/docklands-eyecare/,2026-09-02,,Accepted,true
independent-other-optical-provision-123978,Independent / Other optical,Australia,VIC,Eyes on Collins Street,corridor-au-vic-docklands-collins-street,Collins Street,High Street,Medium,Numbered street address without a corroborated centre match,https://www.provision.com.au/practice/eyes-on-collins-street/,2026-09-02,,Accepted,true
1001-optometry-7240047,1001 Optometry,Australia,VIC,1001 Optometry Doncaster,place-au-vic-westfield-doncaster,Westfield Doncaster,Shopping Centre,High,Canonicalised from the store's named retail-place evidence,https://1001-optical.myshopify.com/pages/doncaster-optometrist-westfield,2026-09-02,vic-619-cnr-doncaster-road-westfield-williamsons,Accepted,true
bailey-nelson-doncaster,Bailey Nelson,Australia,VIC,Bailey Nelson Doncaster,place-au-vic-westfield-doncaster,Westfield Doncaster,Shopping Centre,High,The current official Westfield Doncaster directory lists Bailey Nelson on Ground Level,https://www.westfield.com.au/doncaster/store/4gAd12Yjfi6c2gaaAE2GsK/bailey-nelson,2026-09-03,,Accepted,true
bupa-optical-13626259,Bupa Optical,Australia,VIC,Bupa Optical & Hearing Doncaster,place-au-vic-westfield-doncaster,Westfield Doncaster,Shopping Centre,High,Canonicalised from the store's named retail-place evidence,https://bupaoptical.bupa.com.au/pages/store/bupa-optical-doncaster,2026-09-03,vic-doncaster-westfield,Accepted,true
opsm-1214,OPSM,Australia,VIC,OPSM Doncaster,place-au-vic-westfield-doncaster,Westfield Doncaster,Shopping Centre,High,The current official Westfield OPSM directory lists Doncaster,https://www.westfield.com.au/store/5Spq3qZgc0S4cQA8a4Aayy/opsm,2026-09-03,,Accepted,true
oscar-wylee-33,Oscar Wylee,Australia,VIC,Westfield Doncaster,place-au-vic-westfield-doncaster,Westfield Doncaster,Shopping Centre,High,Canonicalised from the store's named retail-place evidence,https://www.oscarwylee.com.au/locations/locations/optometrist-doncaster.html,2026-09-01,vic-doncaster-westfield,Accepted,true
specsavers-3552,Specsavers,Australia,VIC,Doncaster,place-au-vic-westfield-doncaster,Westfield Doncaster,Shopping Centre,High,Canonicalised from the store's named retail-place evidence,https://www.specsavers.com.au/stores/doncaster,2026-09-01,vic-doncaster-westfield,Accepted,true
independent-other-optical-provision-17370,Independent / Other optical,Australia,VIC,Donvale Optical,place-au-vic-tunstall-square,Tunstall Square,Shopping Centre,High,Canonicalised from the store's named retail-place evidence,https://www.provision.com.au/practice/donvale-optical/,2026-09-02,vic-square-tunstall,Accepted,true
independent-other-optical-provision-85955,Independent / Other optical,Australia,VIC,Optical In Sight,corridor-au-vic-doncaster-east-doncaster-road,Doncaster Road,High Street,Medium,Numbered street address without a corroborated centre match,https://www.provision.com.au/practice/optical-in-sight/,2026-09-02,,Accepted,true
specsavers-3407,Specsavers,Australia,VIC,Doncaster East The Pines S/C,place-au-vic-doncaster-east-the-pines-shopping-centre,Doncaster East The Pines Shopping Centre,Shopping Centre,High,Canonicalised from the store's named retail-place evidence,https://www.specsavers.com.au/stores/doncastereast,2026-09-01,vic-doncaster-east-pines-the,Accepted,true
independent-other-optical-provision-68886,Independent / Other optical,Australia,VIC,Focus on Laurimar,place-au-vic-laurimar-shopping-centre,Laurimar Shopping Centre,Shopping Centre,High,Canonicalised from the store's named retail-place evidence,https://www.provision.com.au/practice/focus-on-laurimar/,2026-09-02,vic-laurimar,Accepted,true
independent-other-optical-provision-98971,Independent / Other optical,Australia,VIC,L&F Eyecare Drouin,corridor-au-vic-drouin-princes-way,Princes Way,High Street,Medium,Best-judgement street-address classification; no centre evidence found,https://www.provision.com.au/practice/l-f-drouin/,2026-09-02,,Accepted,true
independent-other-optical-provision-17079,Independent / Other optical,Australia,VIC,Horsfalls Optometrists Echuca,corridor-au-vic-echuca-hare-street,Hare Street,High Street,Medium,Numbered street address without a corroborated centre match,https://www.provision.com.au/practice/horsfalls-optometrists-echuca/,2026-09-02,,Accepted,true
specsavers-3595,Specsavers,Australia,VIC,Echuca,corridor-au-vic-echuca-hare-street,Hare Street,High Street,Medium,Numbered street address without a corroborated centre match,https://www.specsavers.com.au/stores/echuca,2026-09-01,,Accepted,true
independent-other-optical-provision-17147,Independent / Other optical,Australia,VIC,EYEdentity Elsternwick,corridor-au-vic-elsternwick-glenhuntly-road,Glenhuntly Road,High Street,Medium,Numbered street address without a corroborated centre match,https://www.provision.com.au/practice/eyedentity-elsternwick/,2026-09-02,,Accepted,true
independent-other-optical-provision-313171,Independent / Other optical,Australia,VIC,Optical World Elsternwick,corridor-au-vic-elsternwick-glen-huntly-road,Glen Huntly Road,High Street,Medium,Numbered street address without a corroborated centre match,https://www.provision.com.au/practice/optical-world-elsternwick/,2026-09-02,,Accepted,true
opsm-1156,OPSM,Australia,VIC,OPSM Elsternwick,corridor-au-vic-elsternwick-glen-huntly-road,Glen Huntly Road,High Street,Medium,Numbered street address without a corroborated centre match,https://www.opsm.com.au/en/opsm-au/find-store,2026-09-01,,Accepted,true
specsavers-3621,Specsavers,Australia,VIC,Elsternwick,corridor-au-vic-elsternwick-glenhuntly-road,Glenhuntly Road,High Street,Medium,Numbered street address without a corroborated centre match,https://www.specsavers.com.au/stores/elsternwick,2026-09-01,,Accepted,true
eyecare-plus-602,Eyecare Plus,Australia,VIC,Eyecare Plus Optometrists Eltham,corridor-au-vic-eltham-luck-street,Luck Street,High Street,Medium,Numbered street address without a corroborated centre match,https://www.eyecareplus.com.au/eltham/,2026-09-02,,Accepted,true
independent-other-optical-provision-17329,Independent / Other optical,Australia,VIC,Eltham Eyecare,corridor-au-vic-eltham-main-road,Main Road,High Street,Medium,Numbered street address without a corroborated centre match,https://www.provision.com.au/practice/optometrist-eltham-eyecare/,2026-09-02,,Accepted,true
specsavers-3671,Specsavers,Australia,VIC,Eltham,corridor-au-vic-eltham-main-road,Main Road,High Street,Medium,Numbered street address without a corroborated centre match,https://www.specsavers.com.au/stores/eltham,2026-09-01,,Accepted,true
specsavers-3484,Specsavers,Australia,VIC,Endeavour Hills S/C,place-au-vic-endeavour-hills-shopping-centre,Endeavour Hills Shopping Centre,Shopping Centre,High,Canonicalised from the store's named retail-place evidence,https://www.specsavers.com.au/stores/endeavourhills,2026-09-01,vic-endeavour-hills,Accepted,true
independent-other-optical-provision-94903,Independent / Other optical,Australia,VIC,Acuity Eyecare Epping,,,Other,High,Official name/address contains a non-centre commercial venue term,https://www.provision.com.au/practice/acuity-eyecare-epping-optometrist/,2026-09-02,,Accepted,true
independent-other-optical-provision-135023,Independent / Other optical,Australia,VIC,De Santis Vision Consultants,corridor-au-vic-epping-dalton-road,Dalton Road,High Street,Medium,Numbered street address without a corroborated centre match,https://www.provision.com.au/practice/desantis-vision-consultants-optometrist-epping/,2026-09-02,,Accepted,true
opsm-1032,OPSM,Australia,VIC,OPSM Pacific Epping,corridor-au-vic-epping-cooper-street,Cooper Street,High Street,Medium,Numbered street address without a corroborated centre match,https://www.opsm.com.au/en/opsm-au/find-store,2026-09-01,,Accepted,true
oscar-wylee-32,Oscar Wylee,Australia,VIC,Pacific Epping,place-au-vic-pacific-epping,Pacific Epping,Shopping Centre,High,Official store name and address explicitly identify Pacific Epping,https://www.oscarwylee.com.au/locations/locations/optometrist-epping.html,2026-09-02,,Accepted,true
specsavers-3353,Specsavers,Australia,VIC,Pacific Epping,place-au-vic-pacific-epping,Pacific Epping,Shopping Centre,High,Official address explicitly names Pacific Epping,https://www.specsavers.com.au/stores/epping,2026-09-02,,Accepted,true
george-matilda-507,George & Matilda,Australia,VIC,George & Matilda Eyecare for Wood & Associates Optometrists,corridor-au-vic-essendon-rose-street,Rose Street,High Street,Medium,Numbered street address without a corroborated centre match,https://georgeandmatilda.com.au/stores/optometrist-essendon-vic/,2026-09-02,,Accepted,true
independent-other-optical-osm-au-way-1280774120,Independent / Other optical,Australia,VIC,Mountain Gate Optometrist,corridor-au-vic-ferntree-gully-ferntree-gully-road,Ferntree Gully Road,High Street,Medium,Numbered street address without a corroborated centre match,https://www.openstreetmap.org/way/1280774120,2026-09-01,,Accepted,true
bailey-nelson-fitzroy,Bailey Nelson,Australia,VIC,Bailey Nelson Fitzroy,corridor-au-vic-fitzroy-gertrude-street,Gertrude Street,High Street,Medium,Numbered street address without a corroborated centre match,https://baileynelson.com.au/pages/optometrist-fitzroy,2026-09-01,,Accepted,true
independent-other-optical-provision-17164,Independent / Other optical,Australia,VIC,Fitzroy North Eye Centre,corridor-au-vic-fitzroy-north-nicholson-street,Nicholson Street,High Street,Medium,Numbered street address without a corroborated centre match,https://www.provision.com.au/practice/fitzroy-north-eye-centre/,2026-09-02,,Accepted,true
independent-other-optical-provision-17346,Independent / Other optical,Australia,VIC,My Optometrist,corridor-au-vic-forest-hill-canterbury-road,Canterbury Road,High Street,Medium,Numbered street address without a corroborated centre match,https://www.provision.com.au/practice/my-optometrist-3/,2026-09-02,,Accepted,true
opsm-1487,OPSM,Australia,VIC,OPSM Forest Hill Chase,place-au-vic-forest-hill-chase,Forest Hill Chase,Shopping Centre,High,Canonicalised from the store's named retail-place evidence,https://www.opsm.com.au/en/opsm-au/find-store,2026-09-01,vic-chase-forest-hill,Accepted,true
oscar-wylee-102,Oscar Wylee,Australia,VIC,Forest Hill Chase,place-au-vic-forest-hill-chase,Forest Hill Chase,Shopping Centre,High,Canonicalised from the store's named retail-place evidence,https://www.oscarwylee.com.au/locations/locations/optometrist-forest-hill.html,2026-09-01,vic-chase-forest-hill,Accepted,true
specsavers-3338,Specsavers,Australia,VIC,Forest Hill Chase,place-au-vic-forest-hill-chase,Forest Hill Chase,Shopping Centre,High,Canonicalised from the store's named retail-place evidence,https://www.specsavers.com.au/stores/foresthill,2026-09-01,vic-chase-forest-hill,Accepted,true
bailey-nelson-bayside-frankston,Bailey Nelson,Australia,VIC,Bailey Nelson Frankston,place-au-vic-frankston-bayside-centre,Bayside,Shopping Centre,High,The current Bayside directory lists Bailey Nelson as an active centre tenant,https://www.baysidesc.com.au/stores/bailey-nelson,2026-09-02,,Accepted,true
george-matilda-453,George & Matilda,Australia,VIC,George & Matilda Eyecare for Frankston Optometrist,corridor-au-vic-frankston-young-street,Young Street,High Street,Medium,Numbered street address without a corroborated centre match,https://georgeandmatilda.com.au/stores/optometrist-frankston-vic/,2026-09-02,,Accepted,true
opsm-1087,OPSM,Australia,VIC,OPSM Frankston,place-au-vic-frankston-bayside-centre,Bayside,Shopping Centre,High,The current Bayside directory lists OPSM as an active centre tenant and its published phone matches the OPSM store record,https://www.baysidesc.com.au/stores/opsm,2026-09-02,,Accepted,true
oscar-wylee-150,Oscar Wylee,Australia,VIC,Frankston Bayside Centre,place-au-vic-frankston-bayside-centre,Bayside,Shopping Centre,High,Canonicalised from the store's named retail-place evidence,https://www.oscarwylee.com.au/locations/locations/optometrist-frankston.html,2026-09-01,vic-bayside-frankston,Accepted,true
specsavers-3221,Specsavers,Australia,VIC,Frankston,corridor-au-vic-frankston-wells-street,Wells Street,High Street,Medium,Numbered street address without a corroborated centre match,https://www.specsavers.com.au/stores/frankston,2026-09-01,,Accepted,true
specsavers-3565,Specsavers,Australia,VIC,Frankston Bayside,place-au-vic-frankston-bayside-centre,Bayside,Shopping Centre,High,Canonicalised from the store's named retail-place evidence,https://www.specsavers.com.au/stores/frankstonbayside,2026-09-01,vic-bayside,Accepted,true
specsavers-3414,Specsavers,Australia,VIC,Karingal Hub,corridor-au-vic-frankston-cranbourne-road,Cranbourne Road,High Street,Medium,Numbered street address without a corroborated centre match,https://www.specsavers.com.au/stores/karingal,2026-09-01,,Accepted,true
opsm-1485,OPSM,Australia,VIC,OPSM Geelong,place-au-vic-westfield-geelong,Westfield Geelong,Shopping Centre,High,The current official Westfield OPSM directory lists Geelong,https://www.westfield.com.au/store/5Spq3qZgc0S4cQA8a4Aayy/opsm,2026-09-03,,Accepted,true
oscar-wylee-50,Oscar Wylee,Australia,VIC,Westfield Geelong,place-au-vic-westfield-geelong,Westfield Geelong,Shopping Centre,High,Canonicalised from the store's named retail-place evidence,https://www.oscarwylee.com.au/locations/locations/optometrist-geelong.html,2026-09-01,vic-geelong-westfield,Accepted,true
specsavers-3293,Specsavers,Australia,VIC,Geelong Ryrie Street,corridor-au-vic-geelong-ryrie-street,Ryrie Street,High Street,Medium,Numbered street address without a corroborated centre match,https://www.specsavers.com.au/stores/geelongryrie,2026-09-01,,Accepted,true
specsavers-3314,Specsavers,Australia,VIC,Geelong Westfield,place-au-vic-westfield-geelong,Westfield Geelong,Shopping Centre,High,Canonicalised from the store's named retail-place evidence,https://www.specsavers.com.au/stores/geelongbaycity,2026-09-01,vic-geelong-westfield,Accepted,true
bupa-optical-17654193,Bupa Optical,Australia,VIC,Bupa Optical Geelong,corridor-au-vic-geelong-west-pakington-street,Pakington Street,High Street,Medium,Numbered street address without a corroborated centre match,https://bupaoptical.bupa.com.au/pages/store/bupa-optical-geelong,2026-09-03,,Accepted,true
independent-other-optical-provision-343558,Independent / Other optical,Australia,VIC,Geelong Eye Health,corridor-au-vic-geelong-west-pakington-street,Pakington Street,High Street,Medium,Numbered street address without a corroborated centre match,https://www.provision.com.au/practice/geelong-eye-health/,2026-09-02,,Accepted,true
eyecare-plus-607,Eyecare Plus,Australia,VIC,Eyecare Plus Optometrists Gladstone Park,place-au-vic-gladstone-park-shopping-centre,Gladstone Park Shopping Centre,Shopping Centre,High,Canonicalised from the store's named retail-place evidence,https://www.eyecareplus.com.au/gladstonepark/,2026-09-02,vic-gladstone-park,Accepted,true
bailey-nelson-glen-waverley,Bailey Nelson,Australia,VIC,Bailey Nelson Glen Waverley,place-au-vic-the-glen,The Glen,Shopping Centre,High,The current official The Glen directory lists Bailey Nelson at the centre,https://www.theglen.com.au/shopping/services/optometrists-health-services,2026-09-03,,Accepted,true
opsm-1152,OPSM,Australia,VIC,OPSM Glen Waverley,place-au-vic-the-glen,The Glen,Shopping Centre,High,The current official The Glen directory lists OPSM,https://www.theglen.com.au/stores/opsm,2026-09-03,,Accepted,true
oscar-wylee-147,Oscar Wylee,Australia,VIC,The Glen,place-au-vic-the-glen,The Glen,Shopping Centre,High,Canonicalised from the store's named retail-place evidence,https://www.oscarwylee.com.au/locations/locations/optometrist-glen-waverley.html,2026-09-01,vic-glen-the,Accepted,true
specsavers-3259,Specsavers,Australia,VIC,The Glen,place-au-vic-the-glen,The Glen,Shopping Centre,High,Canonicalised from the store's named retail-place evidence,https://www.specsavers.com.au/stores/theglen,2026-09-01,vic-glen-the,Accepted,true
independent-other-optical-provision-17035,Independent / Other optical,Australia,VIC,Leverett and Kindler Optometrists,corridor-au-vic-greensborough-main-street,Main Street,High Street,Medium,Numbered street address without a corroborated centre match,https://www.provision.com.au/practice/leverett-and-kindler-optometrists/,2026-09-02,,Accepted,true
opsm-1157,OPSM,Australia,VIC,OPSM Greensborough,place-au-vic-greensborough-plaza,Greensborough Plaza,Shopping Centre,High,The current official Greensborough Plaza directory lists OPSM on Level 2,https://www.greensboroughplaza.com.au/store/opsm/,2026-09-03,,Accepted,true
oscar-wylee-140,Oscar Wylee,Australia,VIC,Greensborough Plaza,place-au-vic-greensborough-plaza,Greensborough Plaza,Shopping Centre,High,Canonicalised from the store's named retail-place evidence,https://www.oscarwylee.com.au/locations/locations/optometrist-greensborough.html,2026-09-01,vic-greensborough-plaza,Accepted,true
specsavers-3426,Specsavers,Australia,VIC,Greensborough Plaza,place-au-vic-greensborough-plaza,Greensborough Plaza,Shopping Centre,High,Canonicalised from the store's named retail-place evidence,https://www.specsavers.com.au/stores/greensborough,2026-09-01,vic-greensborough-plaza,Accepted,true
independent-other-optical-provision-300779,Independent / Other optical,Australia,VIC,iOptical,place-au-vic-greenvale-shopping-centre,Greenvale Shopping Centre,Shopping Centre,High,Canonicalised from the store's named retail-place evidence,https://www.provision.com.au/practice/ioptical/,2026-09-02,vic-greenvale,Accepted,true
independent-other-optical-provision-17142,Independent / Other optical,Australia,VIC,Glenn Howell Optometrist,corridor-au-vic-hamilton-gray-street,Gray Street,High Street,Medium,Numbered street address without a corroborated centre match,https://www.provision.com.au/practice/glenn-howell-optometrist/,2026-09-02,,Accepted,true
specsavers-3694,Specsavers,Australia,VIC,Hamilton (VIC),corridor-au-vic-hamilton-gray-street,Gray Street,High Street,Medium,Numbered street address without a corroborated centre match,https://www.specsavers.com.au/stores/hamilton,2026-09-01,,Accepted,true
independent-other-optical-provision-17273,Independent / Other optical,Australia,VIC,"Hampton Eyecare (Previously Guttridge, Douglas & Wells Optometrists)",corridor-au-vic-hampton-hampton-street,Hampton Street,High Street,Medium,Numbered street address without a corroborated centre match,https://www.provision.com.au/practice/optometrist-hampton-eyecare/,2026-09-02,,Accepted,true
specsavers-3691,Specsavers,Australia,VIC,Hastings,corridor-au-vic-hastings-victoria-street,Victoria Street,High Street,Medium,Numbered street address without a corroborated centre match,https://www.specsavers.com.au/stores/hastings,2026-09-01,,Accepted,true
independent-other-optical-provision-17032,Independent / Other optical,Australia,VIC,C Werner & Co,corridor-au-vic-hawksburn-malvern-road,Malvern Road,High Street,Medium,Numbered street address without a corroborated centre match,https://www.provision.com.au/practice/c-werner-co/,2026-09-02,,Accepted,true
independent-other-optical-provision-17000,Independent / Other optical,Australia,VIC,Pezzimenti Nixon Optometrists,corridor-au-vic-hawthorn-glenferrie-road,Glenferrie Road,High Street,Medium,Numbered street address without a corroborated centre match,https://www.provision.com.au/practice/pezzimenti-nixon-optometrists/,2026-09-02,,Accepted,true
opsm-1507,OPSM,Australia,VIC,OPSM Eye Hub,corridor-au-vic-hawthorn-burwood-road,Burwood Road,High Street,Medium,Numbered street address without a corroborated centre match,https://www.opsm.com.au/en/opsm-au/find-store,2026-09-01,,Accepted,true
independent-other-optical-provision-17177,Independent / Other optical,Australia,VIC,Dry Eye Centre,corridor-au-vic-heathmont-canterbury-road,Canterbury Road,High Street,Medium,Numbered street address without a corroborated centre match,https://www.provision.com.au/practice/dry-eye-centre/,2026-09-02,,Accepted,true
eyecare-plus-619,Eyecare Plus,Australia,VIC,Eyecare Plus Optometrists Heidelberg,corridor-au-vic-heidelberg-burgundy-street,Burgundy Street,High Street,Medium,Numbered street address without a corroborated centre match,https://www.eyecareplus.com.au/heidelberg/,2026-09-02,,Accepted,true
independent-other-optical-provision-17025,Independent / Other optical,Australia,VIC,Warringal Optometrists,corridor-au-vic-heidelberg-burgundy-street,Burgundy Street,High Street,High,The current official practice page gives the numbered street-front address at 67 Burgundy Street and does not identify a shopping-centre tenancy; the Warringal practice name is not centre evidence,https://www.provision.com.au/practice/warringal-optometrists/,2026-09-03,,Accepted,true
specsavers-3477,Specsavers,Australia,VIC,Heidelberg Warringal S/C,place-au-vic-heidelberg-warringal-shopping-centre,Heidelberg Warringal Shopping Centre,Shopping Centre,High,Canonicalised from the store's named retail-place evidence,https://www.specsavers.com.au/stores/heidelberg,2026-09-01,vic-heidelberg-warringal,Accepted,true
oscar-wylee-11,Oscar Wylee,Australia,VIC,Highpoint Shopping Centre,place-au-vic-highpoint-shopping-centre,Highpoint Shopping Centre,Shopping Centre,High,Canonicalised from the store's named retail-place evidence,https://www.oscarwylee.com.au/locations/locations/optometrist-highpoint.html,2026-09-01,vic-highpoint,Accepted,true
specsavers-3326,Specsavers,Australia,VIC,Horsham,corridor-au-vic-horsham-firebrace-street,Firebrace Street,High Street,Medium,Numbered street address without a corroborated centre match,https://www.specsavers.com.au/stores/horsham,2026-09-01,,Accepted,true
opsm-1089,OPSM,Australia,VIC,OPSM Ivanhoe,corridor-au-vic-ivanhoe-livingstone-street,Livingstone Street,High Street,Medium,Numbered street address without a corroborated centre match,https://www.opsm.com.au/en/opsm-au/find-store,2026-09-01,,Accepted,true
specsavers-3289,Specsavers,Australia,VIC,Kangaroo Flat Lansell Plaza,place-au-vic-kangaroo-flat-lansell-plaza,Kangaroo Flat Lansell Plaza,Shopping Centre,High,Canonicalised from the store's named retail-place evidence,https://www.specsavers.com.au/stores/kangarooflat,2026-09-01,vic-flat-kangaroo-lansell-plaza,Accepted,true
independent-other-optical-provision-17281,Independent / Other optical,Australia,VIC,Wicks Eyecare,corridor-au-vic-keilor-old-calder-highway,Old Calder Highway,High Street,Medium,Numbered street address without a corroborated centre match,https://www.provision.com.au/practice/wicks-eyecare/,2026-09-02,,Accepted,true
specsavers-3257,Specsavers,Australia,VIC,Keilor Downs S/C,place-au-vic-keilor-downs-shopping-centre,Keilor Downs Shopping Centre,Shopping Centre,High,Canonicalised from the store's named retail-place evidence,https://www.specsavers.com.au/stores/keilordowns,2026-09-01,vic-downs-keilor,Accepted,true
independent-other-optical-osm-au-node-1072618097,Independent / Other optical,Australia,VIC,Kensington Eyecare,corridor-au-vic-kensington-macaulay-road,Macaulay Road,High Street,Medium,Numbered street address without a corroborated centre match,https://www.openstreetmap.org/node/1072618097,2026-09-01,,Accepted,true
independent-other-optical-provision-188786,Independent / Other optical,Australia,VIC,Kerang Optical,corridor-au-vic-kerang-victoria-street,Victoria Street,High Street,Medium,Numbered street address without a corroborated centre match,https://www.provision.com.au/practice/kerang-optical/,2026-09-02,,Accepted,true
eyecare-plus-629,Eyecare Plus,Australia,VIC,Eyecare Plus Optometrists Kew,corridor-au-vic-kew-high-street,High Street,High Street,Medium,Numbered street address without a corroborated centre match,https://www.eyecareplus.com.au/kew/,2026-09-02,,Accepted,true
independent-other-optical-provision-17286,Independent / Other optical,Australia,VIC,Kew Junction Optical Clinic,corridor-au-vic-kew-cotham-road,Cotham Road,High Street,Medium,Numbered street address without a corroborated centre match,https://www.provision.com.au/practice/kew-junction-optical-clinic/,2026-09-02,,Accepted,true
independent-other-optical-provision-17220,Independent / Other optical,Australia,VIC,Bill Cutler Optometrists,corridor-au-vic-kew-east-high-street,High Street,High Street,Medium,Numbered street address without a corroborated centre match,https://www.provision.com.au/practice/bill-cutler-optometrists/,2026-09-02,,Accepted,true
opsm-1078,OPSM,Australia,VIC,OPSM Parkmore,place-au-vic-keysborough-parkmore-shopping-centre,Parkmore Shopping Centre,Shopping Centre,High,The current official OPSM record names Parkmore and exactly matches its 317 Cheltenham Road address,https://www.opsm.com.au/en/opsm-au/find-store,2026-09-03,,Accepted,true
specsavers-3278,Specsavers,Australia,VIC,Keysborough Parkmore S/C,place-au-vic-keysborough-parkmore-shopping-centre,Parkmore Shopping Centre,Shopping Centre,High,Canonicalised from the store's named retail-place evidence,https://www.specsavers.com.au/stores/keysborough,2026-09-01,vic-keysborough-parkmore,Accepted,true
george-matilda-457,George & Matilda,Australia,VIC,George & Matilda Eyecare for Ian Wood Optometrist,corridor-au-vic-kilmore-sydney-street,Sydney Street,High Street,Medium,Numbered street address without a corroborated centre match,https://georgeandmatilda.com.au/stores/optometrist-kilmore-vic/,2026-09-02,,Accepted,true
independent-other-optical-provision-17084,Independent / Other optical,Australia,VIC,Horsfalls Optometrists Kyabram,corridor-au-vic-kyabram-allan-street,Allan Street,High Street,Medium,Numbered street address without a corroborated centre match,https://www.provision.com.au/practice/horsfalls-optometrists-2/,2026-09-02,,Accepted,true
independent-other-optical-provision-17318,Independent / Other optical,Australia,VIC,Vision One Eyecare,place-au-unknown-the-gateway-shopping-centre,The Gateway Shopping Centre,Shopping Centre,High,Canonicalised from the store's named retail-place evidence,https://www.provision.com.au/practice/vision-one-eyecare-langwarrin/,2026-09-02,vic-gateway-village,Accepted,true
independent-other-optical-provision-323052,Independent / Other optical,Australia,VIC,New Vision Eyewear Lara,place-au-vic-the-centreway,The Centreway,Shopping Centre,High,Canonicalised from the store's named retail-place evidence,https://www.provision.com.au/practice/new-vision-eyewear-lara/,2026-09-02,vic-centreway-the,Accepted,true
independent-other-optical-provision-17391,Independent / Other optical,Australia,VIC,Leongatha Optometrists,corridor-au-vic-leongatha-bair-street,Bair Street,High Street,Medium,Numbered street address without a corroborated centre match,https://www.provision.com.au/practice/leongatha-optometrists/,2026-09-02,,Accepted,true
specsavers-3645,Specsavers,Australia,VIC,Leopold,place-au-vic-gateway-plaza,Gateway Plaza,Shopping Centre,High,Canonicalised from the store's named retail-place evidence,https://www.specsavers.com.au/stores/leopold,2026-09-01,vic-gateway-plaza,Accepted,true
independent-other-optical-provision-17201,Independent / Other optical,Australia,VIC,I-care @ Lilydale,corridor-au-vic-lilydale-main-street,Main Street,High Street,Medium,Numbered street address without a corroborated centre match,https://www.provision.com.au/practice/i-care-lilydale-optometrist/,2026-09-02,,Accepted,true
specsavers-3534,Specsavers,Australia,VIC,Lilydale,corridor-au-vic-lilydale-hutchinson-street,Hutchinson Street,High Street,Medium,Numbered street address without a corroborated centre match,https://www.specsavers.com.au/stores/lilydale,2026-09-01,,Accepted,true
independent-other-optical-osm-au-node-5430747734,Independent / Other optical,Australia,VIC,EyeQ Optometrists,place-au-vic-coltman-plaza,Coltman Plaza,Shopping Centre,High,Canonicalised from the store's named retail-place evidence,https://www.eyeq.com.au/optometrists/ballarat/,2026-09-01,vic-coltman-plaza,Accepted,true
independent-other-optical-provision-129212,Independent / Other optical,Australia,VIC,Maffra Vision Care,corridor-au-vic-maffra-johnson-street,Johnson Street,High Street,Medium,Numbered street address without a corroborated centre match,https://www.provision.com.au/practice/maffra-vision-care/,2026-09-02,,Accepted,true
bailey-nelson-malvern,Bailey Nelson,Australia,VIC,Bailey Nelson Malvern,corridor-au-vic-malvern-glenferrie-road,Glenferrie Road,High Street,Medium,Numbered street address without a corroborated centre match,https://baileynelson.com.au/pages/optometrist-malvern,2026-09-01,,Accepted,true
opsm-7076,OPSM,Australia,VIC,OPSM Malvern,corridor-au-vic-malvern-wattletree-road,Wattletree Road,High Street,Medium,Numbered street address without a corroborated centre match,https://www.opsm.com.au/en/opsm-au/find-store,2026-09-01,,Accepted,true
specsavers-3252,Specsavers,Australia,VIC,Malvern,corridor-au-vic-malvern-glenferrie-road,Glenferrie Road,High Street,Medium,Numbered street address without a corroborated centre match,https://www.specsavers.com.au/stores/malvern,2026-09-01,,Accepted,true
independent-other-optical-provision-60270,Independent / Other optical,Australia,VIC,Central Park Optical,corridor-au-vic-malvern-east-wattletree-road,Wattletree Road,High Street,Medium,Numbered street address without a corroborated centre match,https://www.provision.com.au/practice/central-park-optical/,2026-09-02,,Accepted,true
independent-other-optical-provision-192115,Independent / Other optical,Australia,VIC,Mansfield Optical,corridor-au-vic-mansfield-high-street,High Street,High Street,Medium,Numbered street address without a corroborated centre match,https://www.provision.com.au/practice/mansfield-optical/,2026-09-02,,Accepted,true
bailey-nelson-highpoint,Bailey Nelson,Australia,VIC,Bailey Nelson Highpoint,place-au-vic-highpoint-shopping-centre,Highpoint Shopping Centre,Shopping Centre,High,Canonicalised from the store's named retail-place evidence,https://baileynelson.com.au/pages/optometrist-highpoint,2026-09-01,vic-highpoint,Accepted,true
bupa-optical-3870845,Bupa Optical,Australia,VIC,Bupa Optical Highpoint,place-au-vic-highpoint-shopping-centre,Highpoint Shopping Centre,Shopping Centre,High,Canonicalised from the store's named retail-place evidence,https://bupaoptical.bupa.com.au/pages/store/bupa-optical-highpoint,2026-09-03,vic-highpoint,Accepted,true
opsm-1478,OPSM,Australia,VIC,OPSM Highpoint,place-au-vic-highpoint-shopping-centre,Highpoint Shopping Centre,Shopping Centre,High,Canonicalised from the store's named retail-place evidence,https://www.opsm.com.au/en/opsm-au/find-store,2026-09-01,vic-highpoint,Accepted,true
specsavers-3372,Specsavers,Australia,VIC,Highpoint S/C,place-au-vic-highpoint-shopping-centre,Highpoint Shopping Centre,Shopping Centre,High,Canonicalised from the store's named retail-place evidence,https://www.specsavers.com.au/stores/highpoint,2026-09-01,vic-highpoint,Accepted,true
independent-other-optical-provision-17097,Independent / Other optical,Australia,VIC,David Hare Optometrist,corridor-au-vic-maryborough-high-street,High Street,High Street,Medium,Numbered street address without a corroborated centre match,https://www.provision.com.au/practice/david-hare-optometrist/,2026-09-02,,Accepted,true
1001-optometry-7298798,1001 Optometry,Australia,VIC,1001 Optometry Melbourne - Emporium,place-au-vic-emporium-shopping-centre,Emporium Shopping Centre,Shopping Centre,High,The current retailer page identifies Shop 3-034 inside Emporium Melbourne,https://1001-optical.myshopify.com/pages/optometrist-in-melbourne,2026-09-03,,Accepted,true
bailey-nelson-flinders-lane-melbourne,Bailey Nelson,Australia,VIC,Bailey Nelson Flinders Lane,corridor-au-vic-melbourne-flinders-lane,Flinders Lane,High Street,Medium,Numbered street address without a corroborated centre match,https://baileynelson.com.au/pages/optometrist-flinders-lane-melbourne,2026-09-01,,Accepted,true
bailey-nelson-melbourne-cbd,Bailey Nelson,Australia,VIC,Bailey Nelson Melbourne Central,place-au-vic-melbourne-central-shopping-centre,Melbourne Central,Shopping Centre,High,The current Bailey Nelson page identifies its Melbourne Central tenancy at 211 La Trobe Street,https://baileynelson.com.au/pages/optometrist-melbourne-cbd,2026-09-03,,Accepted,true
bupa-optical-35589156,Bupa Optical,Australia,VIC,Bupa Optical & Hearing Melbourne Emporium,place-au-vic-emporium-shopping-centre,Emporium Shopping Centre,Shopping Centre,High,Canonicalised from the store's named retail-place evidence,https://bupaoptical.bupa.com.au/pages/store/bupa-optical-hearing-melbourne-emporium,2026-09-03,vic-emporium,Accepted,true
dresden-vision-6,Dresden Vision,Australia,VIC,Dresden Vision Fitzroy,corridor-au-vic-melbourne-smith-street,Smith Street,High Street,Medium,Numbered street address without a corroborated centre match,https://dresden.vision/au/stores/fitzroy,2026-09-03,,Accepted,true
dresden-vision-34,Dresden Vision,Australia,VIC,Dresden Vision Geelong,corridor-au-vic-melbourne-pakington-street,Pakington Street,High Street,Medium,Numbered street address without a corroborated centre match,https://dresden.vision/au/stores/geelong,2026-09-03,,Accepted,true
independent-other-optical-provision-17305,Independent / Other optical,Australia,VIC,3004 Eyecare,corridor-au-vic-melbourne-st-kilda-road,St Kilda Road,High Street,Medium,Numbered street address without a corroborated centre match,https://www.provision.com.au/practice/3004-eyecare/,2026-09-02,,Accepted,true
independent-other-optical-provision-17397,Independent / Other optical,Australia,VIC,Collins Street Optometrists,corridor-au-vic-melbourne-collins-street,Collins Street,High Street,Medium,Numbered street address without a corroborated centre match,https://www.provision.com.au/practice/collins-street-optometrists-melbourne-cbd/,2026-09-02,,Accepted,true
independent-other-optical-provision-38984,Independent / Other optical,Australia,VIC,Eyes On Queen Street,corridor-au-vic-melbourne-queen-street,Queen Street,High Street,Medium,Numbered street address without a corroborated centre match,https://www.provision.com.au/practice/eyes-on-queen-street-optometrist-melbourne-cbd/,2026-09-02,,Accepted,true
opsm-1589,OPSM,Australia,VIC,OPSM 233 Collins St,corridor-au-vic-melbourne-collins-street,Collins Street,High Street,Medium,Numbered street address without a corroborated centre match,https://www.opsm.com.au/en/opsm-au/find-store,2026-09-01,,Accepted,true
opsm-1472,OPSM,Australia,VIC,OPSM Bourke Street,corridor-au-vic-melbourne-bourke-street,Bourke Street,High Street,Medium,Numbered street address without a corroborated centre match,https://www.opsm.com.au/en/opsm-au/find-store,2026-09-01,,Accepted,true
opsm-1030,OPSM,Australia,VIC,OPSM Collins Place,corridor-au-vic-melbourne-collins-street,Collins Street,High Street,Medium,Numbered street address without a corroborated centre match,https://www.opsm.com.au/en/opsm-au/find-store,2026-09-01,,Accepted,true
opsm-1091,OPSM,Australia,VIC,OPSM Melbourne Central,place-au-vic-melbourne-central-shopping-centre,Melbourne Central,Shopping Centre,High,The current Melbourne Central directory identifies OPSM as an in-centre tenant at 211 La Trobe Street,https://www.melbournecentral.com.au/stores-services/opsm,2026-09-03,,Accepted,true
oscar-wylee-6,Oscar Wylee,Australia,VIC,Melbourne Central,place-au-vic-melbourne-central-shopping-centre,Melbourne Central,Shopping Centre,High,Canonicalised from the store's named retail-place evidence,https://www.oscarwylee.com.au/locations/locations/optometrist-melbourne-central.html,2026-09-01,vic-central-ground-level-melbourne,Accepted,true
specsavers-3548,Specsavers,Australia,VIC,Melbourne CBD - Collins St,corridor-au-vic-melbourne-collins-street,Collins Street,High Street,Medium,Numbered street address without a corroborated centre match,https://www.specsavers.com.au/stores/melbournecbdwest,2026-09-01,,Accepted,true
specsavers-3241,Specsavers,Australia,VIC,Melbourne CBD - Lt Collins St,corridor-au-vic-melbourne-little-collins-street,Little Collins Street,High Street,Medium,Numbered street address without a corroborated centre match,https://www.specsavers.com.au/stores/littlecollins,2026-09-01,,Accepted,true
specsavers-3397,Specsavers,Australia,VIC,Melbourne Central S/C - CBD,place-au-vic-melbourne-central-shopping-centre,Melbourne Central,Shopping Centre,High,Canonicalised from the store's named retail-place evidence,https://www.specsavers.com.au/stores/melbournecentral,2026-09-01,vic-central-melbourne,Accepted,true
the-optical-company-melbourne-cbd-3000,The Optical Company,Australia,VIC,The Optical Company Melbourne CBD,corridor-au-vic-melbourne-cbd-elizabeth-street,Elizabeth Street,High Street,Medium,Numbered street address without a corroborated centre match,https://www.opticalco.com.au/locations-listing/,2026-09-03,,Accepted,true
independent-other-optical-provision-149771,Independent / Other optical,Australia,VIC,Melton Optical Services,corridor-au-vic-melton-alexandra-street,Alexandra Street,High Street,Medium,Numbered street address without a corroborated centre match,https://www.provision.com.au/practice/optometrist-melton-optical/,2026-09-02,,Accepted,true
opsm-2352,OPSM,Australia,VIC,OPSM MELTON,corridor-au-vic-melton-cnr-high-coburn-road,Cnr High & Coburn Road,High Street,Medium,Numbered street address without a corroborated centre match,https://www.opsm.com.au/en/opsm-au/find-store,2026-09-01,,Accepted,true
oscar-wylee-119,Oscar Wylee,Australia,VIC,Melton Woodgrove,place-au-vic-woodgrove-shopping-centre,Woodgrove Shopping Centre,Shopping Centre,High,Canonicalised from the store's named retail-place evidence,https://www.oscarwylee.com.au/locations/locations/optometrist-melton.html,2026-09-01,vic-woodgrove,Accepted,true
specsavers-3463,Specsavers,Australia,VIC,Melton - Woodgrove S/C,place-au-vic-woodgrove-shopping-centre,Woodgrove Shopping Centre,Shopping Centre,High,Canonicalised from the store's named retail-place evidence,https://www.specsavers.com.au/stores/melton,2026-09-01,vic-woodgrove,Accepted,true
oscar-wylee-126,Oscar Wylee,Australia,VIC,Mildura Central,place-au-vic-mildura-central,Mildura Central,Shopping Centre,High,Official store name and address explicitly identify Mildura Central,https://www.oscarwylee.com.au/locations/locations/optometrist-mildura.html,2026-09-02,,Accepted,true
specsavers-3508,Specsavers,Australia,VIC,Mildura Central,corridor-au-vic-mildura-street-deakin-avenue,Street & Deakin Avenue,High Street,Medium,Numbered street address without a corroborated centre match,https://www.specsavers.com.au/stores/mildura,2026-09-01,,Accepted,true
eyecare-plus-642,Eyecare Plus,Australia,VIC,Eyecare Plus Optometrists Mill Park,place-au-vic-mill-park-plaza,Mill Park Plaza,Shopping Centre,High,Canonicalised from the store's named retail-place evidence,https://www.eyecareplus.com.au/millpark/,2026-09-02,vic-mill-park-plaza,Accepted,true
independent-other-optical-provision-49127,Independent / Other optical,Australia,VIC,Vision North Eyecare – Mill Park,place-au-vic-the-stables-shopping-centre,The Stables Shopping Centre,Shopping Centre,High,Canonicalised from the store's named retail-place evidence,https://www.provision.com.au/practice/vision-north-mill-park/,2026-09-02,vic-stables-the,Accepted,true
opsm-1506,OPSM,Australia,VIC,OPSM Plenty Valley,place-au-vic-plenty-valley-westfield,Plenty Valley Westfield,Shopping Centre,High,The current official OPSM record names Plenty Valley and gives the Westfield Plenty Valley address at 415 McDonalds Road,https://www.opsm.com.au/en/opsm-au/find-store,2026-09-03,,Accepted,true
oscar-wylee-107,Oscar Wylee,Australia,VIC,Plenty Valley,place-au-vic-plenty-valley-westfield,Plenty Valley Westfield,Shopping Centre,High,The current Oscar Wylee page identifies the Level 1 tenancy at Westfield Plenty Valley,https://www.oscarwylee.com.au/locations/locations/optometrist-plenty-valley.html,2026-09-03,,Accepted,true
specsavers-3264,Specsavers,Australia,VIC,Plenty Valley Westfield,place-au-vic-plenty-valley-westfield,Plenty Valley Westfield,Shopping Centre,High,Canonicalised from the store's named retail-place evidence,https://www.specsavers.com.au/stores/millpark,2026-09-01,vic-plenty-valley-westfield,Accepted,true
eyecare-plus-643,Eyecare Plus,Australia,VIC,Eyecare Plus Optometrists Mitcham,corridor-au-vic-mitcham-mitcham-road,Mitcham Road,High Street,Medium,Numbered street address without a corroborated centre match,https://www.eyecareplus.com.au/mitcham/,2026-09-02,,Accepted,true
independent-other-optical-provision-99369,Independent / Other optical,Australia,VIC,L&F Eyecare Moe,corridor-au-vic-moe-anzac-street,Anzac Street,High Street,Medium,Numbered street address without a corroborated centre match,https://www.provision.com.au/practice/l-f-moe/,2026-09-02,,Accepted,true
independent-other-optical-provision-57298,Independent / Other optical,Australia,VIC,Yarra Ranges Optical,corridor-au-vic-monbulk-main-road,Main Road,High Street,Medium,Numbered street address without a corroborated centre match,https://www.provision.com.au/practice/yarra-ranges-optical-optometrist-monbulk/,2026-09-02,,Accepted,true
bailey-nelson-moonee-ponds,Bailey Nelson,Australia,VIC,Bailey Nelson Moonee Ponds,corridor-au-vic-moonee-ponds-puckle-street,Puckle Street,High Street,Medium,Numbered street address without a corroborated centre match,https://baileynelson.com.au/pages/optometrist-moonee-ponds,2026-09-01,,Accepted,true
george-matilda-491,George & Matilda,Australia,VIC,George & Matilda Eyecare for Ponds Optometrists,corridor-au-vic-moonee-ponds-puckle-street,Puckle Street,High Street,Medium,Numbered street address without a corroborated centre match,https://georgeandmatilda.com.au/stores/optometrist-moonee-ponds-vic/,2026-09-02,,Accepted,true
opsm-7081,OPSM,Australia,VIC,OPSM Moonee Ponds,corridor-au-vic-moonee-ponds-puckle-street,Puckle Street,High Street,Medium,Numbered street address without a corroborated centre match,https://www.opsm.com.au/en/opsm-au/find-store,2026-09-01,,Accepted,true
oscar-wylee-64,Oscar Wylee,Australia,VIC,Moonee Ponds,place-au-vic-moonee-ponds-central,Moonee Ponds Central,Shopping Centre,High,Official address explicitly names Moonee Ponds Central,https://www.oscarwylee.com.au/locations/locations/optometrist-moonee-ponds.html,2026-09-02,,Accepted,true
specsavers-3522,Specsavers,Australia,VIC,Moonee Ponds,corridor-au-vic-moonee-ponds-hall-street,Hall Street,High Street,Medium,Numbered street address without a corroborated centre match,https://www.specsavers.com.au/stores/mooneeponds,2026-09-01,,Accepted,true
independent-other-optical-osm-au-node-2124843984,Independent / Other optical,Australia,VIC,Mordialloc Optical,corridor-au-vic-mordialloc-main-street,Main Street,High Street,Medium,Numbered street address without a corroborated centre match,https://www.mordiallocoptical.com.au/,2026-09-01,,Accepted,true
bailey-nelson-mornington,Bailey Nelson,Australia,VIC,Bailey Nelson Mornington,corridor-au-vic-mornington-main-street,Main Street,High Street,Medium,Numbered street address without a corroborated centre match,https://baileynelson.com.au/pages/optometrist-mornington,2026-09-01,,Accepted,true
bupa-optical-8139006,Bupa Optical,Australia,VIC,Bupa Optical Mornington,corridor-au-vic-mornington-main-street,Main Street,High Street,Medium,Numbered street address without a corroborated centre match,https://bupaoptical.bupa.com.au/pages/store/bupa-optical-mornington,2026-09-03,,Accepted,true
independent-other-optical-provision-66541,Independent / Other optical,Australia,VIC,20/20 Sight & Style,corridor-au-vic-mornington-main-street,Main Street,High Street,Medium,Numbered street address without a corroborated centre match,https://www.provision.com.au/practice/2020-sight-style-optometrist-mornington/,2026-09-02,,Accepted,true
opsm-1148,OPSM,Australia,VIC,OPSM Mornington,place-au-vic-mornington-central,Mornington Central,Shopping Centre,High,Official store address matches the authoritative canonical place address,https://www.oscarwylee.com.au/locations/locations/optometrist-mornington.html,2026-09-02,,Accepted,true
oscar-wylee-95,Oscar Wylee,Australia,VIC,Mornington Central,place-au-vic-mornington-central,Mornington Central,Shopping Centre,High,Official store name and address explicitly identify Mornington Central,https://www.oscarwylee.com.au/locations/locations/optometrist-mornington.html,2026-09-02,,Accepted,true
specsavers-3222,Specsavers,Australia,VIC,Mornington,corridor-au-vic-mornington-main-street,Main Street,High Street,Medium,Numbered street address without a corroborated centre match,https://www.specsavers.com.au/stores/mornington,2026-09-01,,Accepted,true
opsm-1145,OPSM,Australia,VIC,OPSM Morwell,place-au-vic-mid-valley-shopping-centre,Mid Valley Shopping Centre,Shopping Centre,High,The current official Mid Valley directory lists OPSM at the Centre Valley Road and Princes Drive property,https://www.midvalleyshoppingcentre.com.au/stores/,2026-09-03,,Accepted,true
specsavers-3639,Specsavers,Australia,VIC,Morwell,place-au-vic-mid-valley-shopping-centre,Mid Valley Shopping Centre,Shopping Centre,High,Canonicalised from the store's named retail-place evidence,https://www.specsavers.com.au/stores/morwell,2026-09-01,vic-mid-valley,Accepted,true
optical-superstore-62033,Optical Superstore,Australia,VIC,Mt Eliza Way,corridor-au-vic-mount-eliza-mount-eliza-way,Mount Eliza Way,High Street,Medium,Best-judgement street-address classification; no centre evidence found,https://opticalsuperstore.com.au/find-your-nearest-store/,2026-09-02,,Accepted,true
george-matilda-477,George & Matilda,Australia,VIC,George & Matilda Eyecare for Mount Martha Optical,corridor-au-vic-mount-martha-watson-road,Watson Road,High Street,Medium,Numbered street address without a corroborated centre match,https://georgeandmatilda.com.au/stores/optometrist-mount-martha-vic/,2026-09-02,,Accepted,true
independent-other-optical-provision-16976,Independent / Other optical,Australia,VIC,Lewis & McConnell Optometrist,corridor-au-vic-mount-waverley-hamilton-place,Hamilton Place,High Street,Medium,Numbered street address without a corroborated centre match,https://www.provision.com.au/practice/lewis-mcconnell-optometrist/,2026-09-02,,Accepted,true
eyecare-plus-650,Eyecare Plus,Australia,VIC,Eyecare Plus Optometrists Mulgrave,corridor-au-vic-mulgrave-police-road,Police Road,High Street,Medium,Numbered street address without a corroborated centre match,https://www.eyecareplus.com.au/mulgrave/,2026-09-02,,Accepted,true
opsm-1242,OPSM,Australia,VIC,OPSM Waverley Gardens,place-au-vic-waverley-gardens-shopping-centre,Waverley Gardens Shopping Centre,Shopping Centre,High,The current official Waverley Gardens site identifies active OPSM centre offers and the official OPSM listing uses the same centre address,https://waverleygardens.com.au/special-offers/,2026-09-03,,Accepted,true
optical-superstore-62163,Optical Superstore,Australia,VIC,Waverley Gardens S/C,place-au-vic-waverley-gardens-shopping-centre,Waverley Gardens Shopping Centre,Shopping Centre,High,Canonicalised from the store's named retail-place evidence,https://opticalsuperstore.com.au/find-your-nearest-store/,2026-09-02,vic-gardens-waverley,Accepted,true
specsavers-3279,Specsavers,Australia,VIC,Mulgrave - Waverley Gardens,place-au-vic-waverley-gardens-shopping-centre,Waverley Gardens Shopping Centre,Shopping Centre,High,Canonicalised from the store's named retail-place evidence,https://www.specsavers.com.au/stores/mulgrave,2026-09-01,vic-gardens-waverley,Accepted,true
opsm-1360,OPSM,Australia,VIC,OPSM Fountain Gate Level 1,place-au-vic-westfield-fountain-gate,Westfield Fountain Gate,Shopping Centre,High,Official store name and Fountain Gate address match the Westfield tenancy,https://www.opsm.com.au/en/opsm-au/find-store,2026-09-02,,Accepted,true
oscar-wylee-31,Oscar Wylee,Australia,VIC,Westfield Fountain Gate,place-au-vic-westfield-fountain-gate,Westfield Fountain Gate,Shopping Centre,High,Canonicalised from the store's named retail-place evidence,https://www.oscarwylee.com.au/locations/locations/optometrist-fountain-gate.html,2026-09-01,vic-fountain-gate-westfield,Accepted,true
specsavers-3623,Specsavers,Australia,VIC,Casey Central,place-au-vic-casey-central-shopping-centre,Casey Central Shopping Centre,Shopping Centre,High,Canonicalised from the store's named retail-place evidence,https://www.specsavers.com.au/stores/caseycentral,2026-09-01,vic-casey-central,Accepted,true
specsavers-3286,Specsavers,Australia,VIC,Fountain Gate Westfield Lvl 1,place-au-vic-westfield-fountain-gate,Westfield Fountain Gate,Shopping Centre,High,Canonicalised from the store's named retail-place evidence,https://www.specsavers.com.au/stores/fountaingate,2026-09-01,vic-fountain-gate-westfield,Accepted,true
specsavers-3507,Specsavers,Australia,VIC,Fountain Gate Westfield Lvl 2,place-au-vic-westfield-fountain-gate,Westfield Fountain Gate,Shopping Centre,High,Canonicalised from the store's named retail-place evidence,https://www.specsavers.com.au/stores/fountaingateeast,2026-09-01,vic-fountain-gate-westfield,Accepted,true
independent-other-optical-provision-17395,Independent / Other optical,Australia,VIC,Casey Optometrist,place-au-vic-casey-central-shopping-centre,Casey Central Shopping Centre,Shopping Centre,High,The current ProVision practice page identifies Shop 105 Casey Central,https://www.provision.com.au/practice/casey-optometrist/,2026-09-03,,Accepted,true
eyecare-plus-160475,Eyecare Plus,Australia,VIC,Eyecare Plus Optometrists Newport – The Eye Lab,corridor-au-vic-newport-melbourne-road,Melbourne Road,High Street,Medium,Numbered street address without a corroborated centre match,https://www.eyecareplus.com.au/newport/,2026-09-02,,Accepted,true
bailey-nelson-geelong,Bailey Nelson,Australia,VIC,Bailey Nelson Geelong,corridor-au-vic-newtown-pakington-street,Pakington Street,High Street,Medium,Numbered street address without a corroborated centre match,https://baileynelson.com.au/pages/optometrist-geelong,2026-09-01,,Accepted,true
specsavers-3654,Specsavers,Australia,VIC,Blackburn North,place-au-vic-blackburn-square,Blackburn Square,Shopping Centre,High,Canonicalised from the store's named retail-place evidence,https://www.specsavers.com.au/stores/blackburnnorth,2026-09-01,vic-blackburn-square,Accepted,true
independent-other-optical-provision-17208,Independent / Other optical,Australia,VIC,Carlton Eyecare Consultants,corridor-au-vic-north-carlton-nicholson-street,Nicholson Street,High Street,Medium,Numbered street address without a corroborated centre match,https://www.provision.com.au/practice/carlton-eyecare-consultants/,2026-09-02,,Accepted,true
independent-other-optical-osm-au-node-4740799236,Independent / Other optical,Australia,VIC,Andrew Harris Optometrist,corridor-au-vic-north-melbourne-errol-street,Errol Street,High Street,Medium,Numbered street address without a corroborated centre match,https://www.openstreetmap.org/node/4740799236,2026-09-01,,Accepted,true
opsm-1286,OPSM,Australia,VIC,OPSM Northcote,place-au-vic-northcote-plaza,Northcote Plaza,Shopping Centre,High,The current official Northcote Plaza directory lists OPSM at GZ32A,https://northcoteplaza.com/opsm/,2026-09-03,,Accepted,true
specsavers-3551,Specsavers,Australia,VIC,Northcote,place-au-vic-northcote-plaza,Northcote Plaza,Shopping Centre,High,Canonicalised from the store's named retail-place evidence,https://www.specsavers.com.au/stores/northcote,2026-09-01,vic-northcote-plaza,Accepted,true
bupa-optical-13626255,Bupa Optical,Australia,VIC,Bupa Optical Oakleigh,corridor-au-vic-oakleigh-hanover-street,Hanover Street,High Street,Medium,Numbered street address without a corroborated centre match,https://bupaoptical.bupa.com.au/pages/store/bupa-optical-oakleigh,2026-09-03,,Accepted,true
george-matilda-492,George & Matilda,Australia,VIC,George & Matilda Eyecare for Prime Vision,corridor-au-vic-oakleigh-portman-street,Portman Street,High Street,Medium,Numbered street address without a corroborated centre match,https://georgeandmatilda.com.au/stores/optometrist-oakleigh-vic/,2026-09-02,,Accepted,true
independent-other-optical-provision-36724,Independent / Other optical,Australia,VIC,Eye Advice,corridor-au-vic-oakleigh-warrigal-road,Warrigal Road,High Street,Medium,Numbered street address without a corroborated centre match,https://www.provision.com.au/practice/eye-advice/,2026-09-02,,Accepted,true
independent-other-optical-osm-au-node-1789722881,Independent / Other optical,Australia,VIC,Warrigal Road Eyecare Clinic,corridor-au-vic-oakleigh-warrigal-road,Warrigal Road,High Street,Medium,Numbered street address without a corroborated centre match,https://www.openstreetmap.org/node/1789722881,2026-09-01,,Accepted,true
specsavers-3601,Specsavers,Australia,VIC,Oakleigh Central,corridor-au-vic-oakleigh-hanover-street,Hanover Street,High Street,Medium,Numbered street address without a corroborated centre match,https://www.specsavers.com.au/stores/oakleigh,2026-09-01,,Accepted,true
independent-other-optical-provision-17290,Independent / Other optical,Australia,VIC,Pakenham Optical,corridor-au-vic-pakenham-main-street,Main Street,High Street,Medium,Numbered street address without a corroborated centre match,https://www.provision.com.au/practice/optometrist-pakenham-optical/,2026-09-02,,Accepted,true
opsm-7012,OPSM,Australia,VIC,OPSM PAKENHAM,corridor-au-vic-pakenham-pakenham-retail-core,Pakenham Retail Core,High Street,Medium,Numbered street address without a corroborated centre match,https://www.opsm.com.au/en/opsm-au/find-store,2026-09-01,,Accepted,true
specsavers-3491,Specsavers,Australia,VIC,Pakenham,place-au-vic-pakenham-central-marketplace,Pakenham Marketplace,Shopping Centre,High,Canonicalised from the store's named retail-place evidence,https://www.specsavers.com.au/stores/pakenham,2026-09-01,vic-central-marketplace-pakenham,Accepted,true
independent-other-optical-provision-186553,Independent / Other optical,Australia,VIC,Lakeview Eyecare,place-au-vic-lakeview-shopping-centre,Lakeview Shopping Centre,Shopping Centre,High,Canonicalised from the store's named retail-place evidence,https://www.provision.com.au/practice/lakeview-eyecare/,2026-09-02,vic-lakeview,Accepted,true
independent-other-optical-provision-17193,Independent / Other optical,Australia,VIC,Sanctuary Lakes Eyecare,place-au-vic-sanctuary-lakes-shopping-ctr,Sanctuary Lakes Shopping Ctr,Shopping Centre,High,Canonicalised from the store's named retail-place evidence,https://www.provision.com.au/practice/sanctuary-lakes-eyecare/,2026-09-02,vic-ctr-lakes-sanctuary,Accepted,true
specsavers-3571,Specsavers,Australia,VIC,Point Cook Town Centre,place-au-vic-point-cook-town-centre,Stockland Point Cook,Shopping Centre,High,Canonicalised from the store's named retail-place evidence,https://www.specsavers.com.au/stores/point-cook,2026-09-01,vic-cook-point-town,Accepted,true
independent-other-optical-provision-17199,Independent / Other optical,Australia,VIC,Alfred Nott Optometrists,corridor-au-vic-port-melbourne-bay-street,Bay Street,High Street,Medium,Numbered street address without a corroborated centre match,https://www.provision.com.au/practice/alfred-nott-optometrists-port-melbourne/,2026-09-02,,Accepted,true
independent-other-optical-provision-34385,Independent / Other optical,Australia,VIC,Portland Eyecare,corridor-au-vic-portland-percy-street,Percy Street,High Street,Medium,Numbered street address without a corroborated centre match,https://www.provision.com.au/practice/optometrist-portland-eyecare/,2026-09-02,,Accepted,true
specsavers-3478,Specsavers,Australia,VIC,Prahran - Pran Central S/C,place-au-vic-pran-central-shopping-centre,Pran Central Shopping Centre,Shopping Centre,High,Canonicalised from the store's named retail-place evidence,https://www.specsavers.com.au/stores/prahran,2026-09-01,vic-central-pran,Accepted,true
bailey-nelson-northland,Bailey Nelson,Australia,VIC,Bailey Nelson Northland,place-au-vic-northland,Northland,Shopping Centre,High,Canonicalised from the store's named retail-place evidence,https://baileynelson.com.au/pages/optometrist-northland,2026-09-01,vic-northland,Accepted,true
independent-other-optical-provision-17161,Independent / Other optical,Australia,VIC,Preston Eyecare,corridor-au-vic-preston-high-street,High Street,High Street,Medium,Numbered street address without a corroborated centre match,https://www.provision.com.au/practice/preston-eyecare/,2026-09-02,,Accepted,true
independent-other-optical-osm-au-node-5674121273,Independent / Other optical,Australia,VIC,Spectacles Galore,corridor-au-vic-preston-high-street,High Street,High Street,Medium,Numbered street address without a corroborated centre match,https://www.openstreetmap.org/node/5674121273,2026-09-01,,Accepted,true
opsm-1419,OPSM,Australia,VIC,OPSM Northland,place-au-vic-northland,Northland,Shopping Centre,High,Canonicalised from the store's named retail-place evidence,https://www.opsm.com.au/en/opsm-au/find-store,2026-09-01,vic-northland,Accepted,true
oscar-wylee-26,Oscar Wylee,Australia,VIC,Northland Shopping Centre,place-au-vic-northland,Northland,Shopping Centre,High,Canonicalised from the store's named retail-place evidence,https://www.oscarwylee.com.au/locations/locations/optometrist-northland.html,2026-09-01,vic-northland,Accepted,true
specsavers-3306,Specsavers,Australia,VIC,Preston - Northland S/C,place-au-vic-northland,Northland,Shopping Centre,High,Canonicalised from the store's named retail-place evidence,https://www.specsavers.com.au/stores/preston,2026-09-01,vic-northland,Accepted,true
independent-other-optical-provision-304140,Independent / Other optical,Australia,VIC,Reservoir Spectacle Shop,corridor-au-vic-reservoir-edwardes-street,Edwardes Street,High Street,Medium,Numbered street address without a corroborated centre match,https://www.provision.com.au/practice/reservoir-spectacle-shop/,2026-09-02,,Accepted,true
independent-other-optical-provision-49367,Independent / Other optical,Australia,VIC,Vision North Eyecare – Reservoir,,,Uncertain,Uncertain,Location setting needs consultant review,https://www.provision.com.au/practice/vision-north-reservoir/,2026-09-02,,Needs review,true
specsavers-3679,Specsavers,Australia,VIC,Reservoir,place-au-vic-summerhill-shopping-centre,Summerhill Shopping Centre,Shopping Centre,High,Canonicalised from the store's named retail-place evidence,https://www.specsavers.com.au/stores/reservoir,2026-09-01,vic-summerhill,Accepted,true
bailey-nelson-richmond,Bailey Nelson,Australia,VIC,Bailey Nelson Richmond,corridor-au-vic-richmond-swan-street,Swan Street,High Street,Medium,Numbered street address without a corroborated centre match,https://baileynelson.com.au/pages/optometrist-richmond,2026-09-01,,Accepted,true
independent-other-optical-provision-17153,Independent / Other optical,Australia,VIC,Eyes Optometrists Richmond,corridor-au-vic-richmond-swan-street,Swan Street,High Street,Medium,Numbered street address without a corroborated centre match,https://www.provision.com.au/practice/eyes-optometrists-richmond/,2026-09-02,,Accepted,true
independent-other-optical-provision-17100,Independent / Other optical,Australia,VIC,Harmony Eye Care,corridor-au-vic-richmond-victoria-street,Victoria Street,High Street,Medium,Numbered street address without a corroborated centre match,https://www.provision.com.au/practice/harmony-eye-care-optometrist-richmond/,2026-09-02,,Accepted,true
independent-other-optical-provision-178816,Independent / Other optical,Australia,VIC,Insightful Eye Care – Swan St Eye Centre,corridor-au-vic-richmond-swan-street,Swan Street,High Street,Medium,Numbered street address without a corroborated centre match,https://www.provision.com.au/practice/insightful-eye-care-swan-street-eye-centre/,2026-09-02,,Accepted,true
opsm-1341,OPSM,Australia,VIC,OPSM Victoria Gardens,place-au-vic-victoria-gardens-shopping-centre,Victoria Gardens Shopping Centre,Shopping Centre,High,The current official OPSM record names Victoria Gardens and gives its Victoria and Burnley Streets address,https://www.opsm.com.au/en/opsm-au/find-store,2026-09-03,,Accepted,true
oscar-wylee-89,Oscar Wylee,Australia,VIC,Victoria Gardens,place-au-vic-victoria-gardens-shopping-centre,Victoria Gardens Shopping Centre,Shopping Centre,High,Canonicalised from the store's named retail-place evidence,https://www.oscarwylee.com.au/locations/locations/optometrist-victoria-gardens.html,2026-09-01,vic-gardens-victoria,Accepted,true
specsavers-3448,Specsavers,Australia,VIC,Richmond Victoria Gardens S/C,place-au-vic-victoria-gardens-shopping-centre,Victoria Gardens Shopping Centre,Shopping Centre,High,Canonicalised from the store's named retail-place evidence,https://www.specsavers.com.au/stores/victoriagardens,2026-09-01,vic-gardens-richmond-victoria,Accepted,true
bailey-nelson-eastland-shopping-centre,Bailey Nelson,Australia,VIC,Bailey Nelson Eastland - New Location,place-au-vic-eastland,Eastland,Shopping Centre,High,Canonicalised from the store's named retail-place evidence,https://baileynelson.com.au/pages/optometrist-eastland-shopping-centre,2026-09-01,vic-eastland,Accepted,true
independent-other-optical-provision-17111,Independent / Other optical,Australia,VIC,Harris Blake and Parsons Optometrists,place-au-vic-eastland,Eastland,Shopping Centre,High,Canonicalised from the store's named retail-place evidence,https://www.provision.com.au/practice/harris-blake-parsons-optometrists/,2026-09-02,vic-eastland,Accepted,true
independent-other-optical-osm-au-way-1006690639,Independent / Other optical,Australia,VIC,Ringwood Eye Specialists,corridor-au-vic-ringwood-warrandyte-road,Warrandyte Road,High Street,Medium,Numbered street address without a corroborated centre match,https://www.ringwoodeyespecialists.com.au/,2026-09-01,,Accepted,true
independent-other-optical-osm-au-way-1499394103,Independent / Other optical,Australia,VIC,Ringwood Optical,corridor-au-vic-ringwood-maroondah-highway,Maroondah Highway,High Street,Medium,Numbered street address without a corroborated centre match,http://ringwoodoptical.com.au/,2026-09-01,,Accepted,true
independent-other-optical-osm-au-node-13731460457,Independent / Other optical,Australia,VIC,Vic Eye and Retina Specialists,corridor-au-vic-ringwood-maroondah-highway,Maroondah Highway,High Street,Medium,Numbered street address without a corroborated centre match,https://viceye.au/,2026-09-01,,Accepted,true
opsm-1149,OPSM,Australia,VIC,OPSM Ringwood,corridor-au-vic-ringwood-maroondah-highway,Maroondah Highway,High Street,Medium,Numbered street address without a corroborated centre match,https://www.opsm.com.au/en/opsm-au/find-store,2026-09-01,,Accepted,true
oscar-wylee-45,Oscar Wylee,Australia,VIC,Eastland Shopping Centre,place-au-vic-eastland,Eastland,Shopping Centre,High,Canonicalised from the store's named retail-place evidence,https://www.oscarwylee.com.au/locations/locations/optometrist-eastland.html,2026-09-01,vic-eastland,Accepted,true
specsavers-3261,Specsavers,Australia,VIC,Ringwood - Eastland S/C,place-au-vic-eastland,Eastland,Shopping Centre,High,Canonicalised from the store's named retail-place evidence,https://www.specsavers.com.au/stores/ringwood,2026-09-01,vic-eastland,Accepted,true
independent-other-optical-provision-88678,Independent / Other optical,Australia,VIC,A+ Optometry,corridor-au-vic-ringwood-north-warrandyte-road,Warrandyte Road,High Street,Medium,Numbered street address without a corroborated centre match,https://www.provision.com.au/practice/a-optometry/,2026-09-02,,Accepted,true
independent-other-optical-provision-89543,Independent / Other optical,Australia,VIC,Nepean Optical,corridor-au-vic-rosebud-point-nepean-road,Point Nepean Road,High Street,Medium,Numbered street address without a corroborated centre match,https://www.provision.com.au/practice/nepean-optical/,2026-09-02,,Accepted,true
opsm-2932,OPSM,Australia,VIC,OPSM Rosebud,place-au-vic-rosebud-plaza-shopping-centre,Rosebud Plaza,Shopping Centre,High,The current official Rosebud Plaza directory lists OPSM at Shop 45,https://rosebudplaza.com.au/store/opsm/,2026-09-03,,Accepted,true
specsavers-3354,Specsavers,Australia,VIC,Rosebud Plaza S/C,place-au-vic-rosebud-plaza-shopping-centre,Rosebud Plaza,Shopping Centre,High,Canonicalised from the store's named retail-place evidence,https://www.specsavers.com.au/stores/rosebud,2026-09-01,vic-plaza-rosebud,Accepted,true
eyeq-optometrists-rowville,EyeQ Optometrists,Australia,VIC,EyeQ Optometrists Rowville,place-au-vic-wellington-village-shopping-centre,Wellington Village Shopping Centre,Shopping Centre,High,Canonicalised from the store's named retail-place evidence,https://www.eyeq.com.au/optometrist/rowville/,2026-09-02,vic-village-wellington,Accepted,true
independent-other-optical-provision-17267,Independent / Other optical,Australia,VIC,Rowville Eyecare,corridor-au-vic-rowville-fulham-road,Fulham Road,High Street,Medium,Numbered street address without a corroborated centre match,https://www.provision.com.au/practice/rowville-eyecare/,2026-09-02,,Accepted,true
specsavers-3230,Specsavers,Australia,VIC,Rowville - Stud Park S/C,place-au-vic-stud-park-shopping-centre,Stud Park Shopping Centre,Shopping Centre,High,Canonicalised from the store's named retail-place evidence,https://www.specsavers.com.au/stores/rowville,2026-09-01,vic-park-stud,Accepted,true
independent-other-optical-provision-94979,Independent / Other optical,Australia,VIC,Acuity Eyecare Sale,corridor-au-vic-sale-raymond-street,Raymond Street,High Street,Medium,Numbered street address without a corroborated centre match,https://www.provision.com.au/practice/acuity-eyecare-sale/,2026-09-02,,Accepted,true
specsavers-3251,Specsavers,Australia,VIC,Sale,corridor-au-vic-sale-cunninghame-street,Cunninghame Street,High Street,Medium,Numbered street address without a corroborated centre match,https://www.specsavers.com.au/stores/sale,2026-09-01,,Accepted,true
eyeq-optometrists-seymour,EyeQ Optometrists,Australia,VIC,EyeQ Optometrists Seymour,place-au-vic-the-mall,The Mall,Shopping Centre,High,Canonicalised from the store's named retail-place evidence,https://www.eyeq.com.au/optometrist/seymour/,2026-09-02,vic-the,Accepted,true
independent-other-optical-provision-17129,Independent / Other optical,Australia,VIC,Graham Hill Eyecare,corridor-au-vic-shepparton-nixon-street,Nixon Street,High Street,Medium,Numbered street address without a corroborated centre match,https://www.provision.com.au/practice/graham-hill-eyecare-optometrist-shepparton/,2026-09-02,,Accepted,true
opsm-1046,OPSM,Australia,VIC,OPSM Shepparton,corridor-au-vic-shepparton-maude-street,Maude Street,High Street,Medium,Numbered street address without a corroborated centre match,https://www.opsm.com.au/en/opsm-au/find-store,2026-09-01,,Accepted,true
oscar-wylee-116,Oscar Wylee,Australia,VIC,Shepparton Marketplace,place-au-vic-shepparton-marketplace,Shepparton Marketplace,Shopping Centre,High,Canonicalised from the store's named retail-place evidence,https://www.oscarwylee.com.au/locations/locations/optometrist-shepparton.html,2026-09-01,vic-marketplace-shepparton,Accepted,true
specsavers-3292,Specsavers,Australia,VIC,Shepparton Marketplace,place-au-vic-shepparton-marketplace,Shepparton Marketplace,Shopping Centre,High,Canonicalised from the store's named retail-place evidence,https://www.specsavers.com.au/stores/shepparton,2026-09-01,vic-marketplace-shepparton,Accepted,true
specsavers-3669,Specsavers,Australia,VIC,Shepparton Maude Street,corridor-au-vic-shepparton-maude-street,Maude Street,High Street,Medium,Numbered street address without a corroborated centre match,https://www.specsavers.com.au/stores/shepparton-maude-street,2026-09-01,,Accepted,true
independent-other-optical-osm-au-node-2262243662,Independent / Other optical,Australia,VIC,Bellocchio Eyewear,corridor-au-vic-south-melbourne-clarendon-street,Clarendon Street,High Street,Medium,Numbered street address without a corroborated centre match,https://www.bellocchio.com.au/,2026-09-01,,Accepted,true
specsavers-3631,Specsavers,Australia,VIC,South Melbourne,corridor-au-vic-south-melbourne-clarendon-street,Clarendon Street,High Street,Medium,Numbered street address without a corroborated centre match,https://www.specsavers.com.au/stores/southmelbourne,2026-09-01,,Accepted,true
bailey-nelson-chapel-st-melbourne,Bailey Nelson,Australia,VIC,Bailey Nelson South Yarra,corridor-au-vic-south-yarra-chapel-street,Chapel Street,High Street,Medium,Numbered street address without a corroborated centre match,https://baileynelson.com.au/pages/optometrist-chapel-st-melbourne,2026-09-01,,Accepted,true
independent-other-optical-provision-17259,Independent / Other optical,Australia,VIC,Eyes Optometrists South Yarra,corridor-au-vic-south-yarra-toorak-road,Toorak Road,High Street,Medium,Numbered street address without a corroborated centre match,https://www.provision.com.au/practice/eyes-optometrists-south-yarra/,2026-09-02,,Accepted,true
independent-other-optical-provision-36913,Independent / Other optical,Australia,VIC,Eyeworks,corridor-au-vic-south-yarra-chapel-street,Chapel Street,High Street,Medium,Numbered street address without a corroborated centre match,https://www.provision.com.au/practice/eyeworks/,2026-09-02,,Accepted,true
independent-other-optical-provision-17296,Independent / Other optical,Australia,VIC,Visual Q Eyecare,corridor-au-vic-south-yarra-toorak-road,Toorak Road,High Street,Medium,Numbered street address without a corroborated centre match,https://www.provision.com.au/practice/visual-q-eyecare/,2026-09-02,,Accepted,true
opsm-7077,OPSM,Australia,VIC,OPSM South Yarra,corridor-au-vic-south-yarra-toorak-road,Toorak Road,High Street,Medium,Numbered street address without a corroborated centre match,https://www.opsm.com.au/en/opsm-au/find-store,2026-09-01,,Accepted,true
oscar-wylee-15,Oscar Wylee,Australia,VIC,Chapel St,corridor-au-vic-south-yarra-chapel-street,Chapel Street,High Street,Medium,Numbered street address without a corroborated centre match,https://www.oscarwylee.com.au/locations/locations/optometrist-chapel-st.html,2026-09-01,,Accepted,true
eyecare-plus-672,Eyecare Plus,Australia,VIC,Eyecare Plus Optometrists Springvale,corridor-au-vic-springvale-buckingham-avenue,Buckingham Avenue,High Street,Medium,Numbered street address without a corroborated centre match,https://www.eyecareplus.com.au/springvale/,2026-09-02,,Accepted,true
independent-other-optical-provision-185277,Independent / Other optical,Australia,VIC,Crystal Eyecare Optometrists,corridor-au-vic-springvale-springvale-road,Springvale Road,High Street,Medium,Numbered street address without a corroborated centre match,https://www.provision.com.au/practice/crystal-eyecare-optometrists/,2026-09-02,,Accepted,true
independent-other-optical-osm-au-way-634192128,Independent / Other optical,Australia,VIC,1st Choice Vision,corridor-au-vic-st-albans-alfrieda-street,Alfrieda Street,High Street,Medium,Numbered street address without a corroborated centre match,https://www.openstreetmap.org/way/634192128,2026-09-01,,Accepted,true
independent-other-optical-osm-au-way-634766999,Independent / Other optical,Australia,VIC,Vision Pro,corridor-au-vic-st-albans-main-road,Main Road,High Street,Medium,Numbered street address without a corroborated centre match,https://www.openstreetmap.org/way/634766999,2026-09-01,,Accepted,true
bailey-nelson-st-kilda,Bailey Nelson,Australia,VIC,Bailey Nelson St Kilda,corridor-au-vic-st-kilda-acland-street,Acland Street,High Street,Medium,Numbered street address without a corroborated centre match,https://baileynelson.com.au/pages/optometrist-st-kilda,2026-09-01,,Accepted,true
independent-other-optical-provision-17030,Independent / Other optical,Australia,VIC,St Kilda Eyecare,corridor-au-vic-st-kilda-acland-street,Acland Street,High Street,Medium,Numbered street address without a corroborated centre match,https://www.provision.com.au/practice/st-kilda-eyecare/,2026-09-02,,Accepted,true
specsavers-3327,Specsavers,Australia,VIC,Stawell,corridor-au-vic-stawell-main-street,Main Street,High Street,Medium,Numbered street address without a corroborated centre match,https://www.specsavers.com.au/stores/stawell,2026-09-01,,Accepted,true
independent-other-optical-provision-241483,Independent / Other optical,Australia,VIC,Sunbury Eye and Vision,corridor-au-vic-sunbury-o-shanassy-street,O'Shanassy Street,High Street,Medium,Numbered street address without a corroborated centre match,https://www.provision.com.au/practice/sunbury-eye-and-vision/,2026-09-02,,Accepted,true
independent-other-optical-provision-17076,Independent / Other optical,Australia,VIC,eyeclarity,place-au-vic-sunbury-square-shopping-centre,Sunbury Square Shopping Centre,Shopping Centre,High,Canonicalised from the store's named retail-place evidence,https://www.provision.com.au/practice/eye-clarity-optometrist-sunbury/,2026-09-02,vic-square-sunbury,Accepted,true
opsm-4710,OPSM,Australia,VIC,OPSM Sunbury,place-au-vic-sunbury-square-shopping-centre,Sunbury Square Shopping Centre,Shopping Centre,High,Canonicalised from the store's named retail-place evidence,https://www.opsm.com.au/en/opsm-au/find-store,2026-09-01,vic-evans-square-street-sunbury,Accepted,true
specsavers-3242,Specsavers,Australia,VIC,Sunbury,corridor-au-vic-sunbury-evans-street,Evans Street,High Street,Medium,Numbered street address without a corroborated centre match,https://www.specsavers.com.au/stores/sunbury,2026-09-01,,Accepted,true
independent-other-optical-osm-au-way-230865348,Independent / Other optical,Australia,VIC,Optic 2000,corridor-au-vic-sunshine-dickson-street,Dickson Street,High Street,Medium,Numbered street address without a corroborated centre match,https://www.openstreetmap.org/way/230865348,2026-09-01,,Accepted,true
specsavers-3536,Specsavers,Australia,VIC,Sunshine,place-au-vic-sunshine-marketplace,Sunshine Marketplace,Shopping Centre,High,Canonicalised from the store's named retail-place evidence,https://www.specsavers.com.au/stores/sunshine,2026-09-01,vic-marketplace-sunshine,Accepted,true
independent-other-optical-provision-146908,Independent / Other optical,Australia,VIC,Modern Eyecare Sunshine,corridor-au-vic-sunshine-north-ballarat-road,Ballarat Road,High Street,Medium,Numbered street address without a corroborated centre match,https://www.provision.com.au/practice/modern-eyecare-sunshine-optometrist/,2026-09-02,,Accepted,true
independent-other-optical-provision-170939,Independent / Other optical,Australia,VIC,In2Eyes Optometry,corridor-au-vic-surrey-hills-whitehorse-road,Whitehorse Road,High Street,Medium,Numbered street address without a corroborated centre match,https://www.provision.com.au/practice/in2eyes/,2026-09-02,,Accepted,true
independent-other-optical-provision-334313,Independent / Other optical,Australia,VIC,Surrey Hills Eyecare,corridor-au-vic-surrey-hills-union-road,Union Road,High Street,Medium,Numbered street address without a corroborated centre match,https://www.provision.com.au/practice/surrey-hills-eyecare/,2026-09-02,,Accepted,true
independent-other-optical-provision-185432,Independent / Other optical,Australia,VIC,Swan Hill Optical,corridor-au-vic-swan-hill-campbell-street,Campbell Street,High Street,Medium,Numbered street address without a corroborated centre match,https://www.provision.com.au/practice/swan-hill-optical/,2026-09-02,,Accepted,true
specsavers-3683,Specsavers,Australia,VIC,Swan Hill,corridor-au-vic-swan-hill-campbell-street,Campbell Street,High Street,Medium,Numbered street address without a corroborated centre match,https://www.specsavers.com.au/stores/swan-hill,2026-09-01,,Accepted,true
opsm-1131,OPSM,Australia,VIC,OPSM Sydenham,corridor-au-vic-sydenham-melton-highway,Melton Highway,High Street,Medium,Numbered street address without a corroborated centre match,https://www.opsm.com.au/en/opsm-au/find-store,2026-09-01,,Accepted,true
specsavers-3268,Specsavers,Australia,VIC,Wyndham Village S/C,place-au-vic-wyndham-village-shopping-centre,Wyndham Village Shopping Centre,Shopping Centre,High,Canonicalised from the store's named retail-place evidence,https://www.specsavers.com.au/stores/wyndhamvillage,2026-09-01,vic-village-wyndham,Accepted,true
oscar-wylee-92,Oscar Wylee,Australia,VIC,Watergardens,place-au-vic-watergardens-town-centre,Watergardens Town Centre,Shopping Centre,High,Canonicalised from the store's named retail-place evidence,https://www.oscarwylee.com.au/locations/locations/optometrist-watergardens.html,2026-09-01,vic-watergardens,Accepted,true
specsavers-3311,Specsavers,Australia,VIC,Watergardens Town Centre,place-au-vic-watergardens-town-centre,Watergardens Town Centre,Shopping Centre,High,Canonicalised from the store's named retail-place evidence,https://www.specsavers.com.au/stores/taylorslakes,2026-09-01,vic-town-watergardens,Accepted,true
independent-other-optical-provision-94852,Independent / Other optical,Australia,VIC,Acuity Eyecare Doncaster,,,Other,High,Official name/address contains a non-centre commercial venue term,https://www.provision.com.au/practice/acuity-eyecare-doncaster/,2026-09-02,,Accepted,true
independent-other-optical-osm-au-way-612405905,Independent / Other optical,Australia,VIC,Collin & Kirk,corridor-au-vic-thornbury-high-street,High Street,High Street,Medium,Numbered street address without a corroborated centre match,https://collinandkirk.com.au/,2026-09-01,,Accepted,true
george-matilda-448,George & Matilda,Australia,VIC,George & Matilda Eyecare for Eyescan,corridor-au-vic-toorak-toorak-road,Toorak Road,High Street,Medium,Numbered street address without a corroborated centre match,https://georgeandmatilda.com.au/stores/optometrist-toorak-vic/,2026-09-02,,Accepted,true
independent-other-optical-provision-336794,Independent / Other optical,Australia,VIC,Loom Optical,corridor-au-vic-torquay-zeally-bay-road,Zeally Bay Road,High Street,Medium,Numbered street address without a corroborated centre match,https://www.provision.com.au/practice/loom-optical/,2026-09-02,,Accepted,true
specsavers-3661,Specsavers,Australia,VIC,Torquay,corridor-au-vic-torquay-gilbert-street,Gilbert Street,High Street,Medium,Numbered street address without a corroborated centre match,https://www.specsavers.com.au/stores/torquay,2026-09-01,,Accepted,true
independent-other-optical-provision-16989,Independent / Other optical,Australia,VIC,Kay Street Eyecare,corridor-au-vic-traralgon-kay-street,Kay Street,High Street,Medium,Numbered street address without a corroborated centre match,https://www.provision.com.au/practice/kay-street-eyecare/,2026-09-02,,Accepted,true
opsm-1302,OPSM,Australia,VIC,OPSM Traralgon,corridor-au-vic-traralgon-franklin-street,Franklin Street,High Street,Medium,Numbered street address without a corroborated centre match,https://www.opsm.com.au/en/opsm-au/find-store,2026-09-01,,Accepted,true
oscar-wylee-103,Oscar Wylee,Australia,VIC,Traralgon,corridor-au-vic-traralgon-franklin-street,Franklin Street,High Street,Medium,Numbered street address without a corroborated centre match,https://www.oscarwylee.com.au/locations/locations/optometrist-traralgon.html,2026-09-01,,Accepted,true
specsavers-3503,Specsavers,Australia,VIC,Traralgon,corridor-au-vic-traralgon-seymour-street,Seymour Street,High Street,Medium,Numbered street address without a corroborated centre match,https://www.specsavers.com.au/stores/traralgon,2026-09-01,,Accepted,true
eyecare-plus-161803,Eyecare Plus,Australia,VIC,Eyecare Plus Optometrists Tullamarine- Optical Avenue,place-au-vic-gladstone-park-shopping-centre,Gladstone Park Shopping Centre,Shopping Centre,High,Canonicalised from the store's named retail-place evidence,https://www.eyecareplus.com.au/tullamarine/,2026-09-02,vic-gladstone-park,Accepted,true
independent-other-optical-provision-95044,Independent / Other optical,Australia,VIC,Acuity Eyecare Wallan,place-au-vic-wellington-square-shopping-centre,Wellington Square Shopping Centre,Shopping Centre,High,Canonicalised from the store's named retail-place evidence,https://www.provision.com.au/practice/acuity-eyecare-wallan-optometrist/,2026-09-02,vic-square-wellington,Accepted,true
independent-other-optical-provision-180067,Independent / Other optical,Australia,VIC,Holloway Vision,corridor-au-vic-wangaratta-reid-street,Reid Street,High Street,Medium,Numbered street address without a corroborated centre match,https://www.provision.com.au/practice/holloway-vision/,2026-09-02,,Accepted,true
opsm-1040,OPSM,Australia,VIC,OPSM Wangaratta,corridor-au-vic-wangaratta-murphy-street,Murphy Street,High Street,Medium,Numbered street address without a corroborated centre match,https://www.opsm.com.au/en/opsm-au/find-store,2026-09-01,,Accepted,true
specsavers-3596,Specsavers,Australia,VIC,Wangaratta,corridor-au-vic-wangaratta-reid-street,Reid Street,High Street,Medium,Numbered street address without a corroborated centre match,https://www.specsavers.com.au/stores/wangaratta,2026-09-01,,Accepted,true
opsm-1467,OPSM,Australia,VIC,OPSM Knox City,place-au-vic-westfield-knox-shopping-centre,Westfield Knox Shopping Centre,Shopping Centre,High,The current official OPSM record names Knox City and gives the Westfield Knox address on Burwood Highway,https://www.opsm.com.au/en/opsm-au/find-store,2026-09-03,,Accepted,true
bupa-optical-13626264,Bupa Optical,Australia,VIC,Bupa Optical & Hearing Knox City,place-au-vic-westfield-knox-shopping-centre,Westfield Knox Shopping Centre,Shopping Centre,High,Canonicalised from the store's named retail-place evidence,https://bupaoptical.bupa.com.au/pages/store/bupa-optical-knox-city,2026-09-03,vic-knox-westfield,Accepted,true
optical-superstore-61932,Optical Superstore,Australia,VIC,Knox City S/C,place-au-vic-westfield-knox-shopping-centre,Westfield Knox Shopping Centre,Shopping Centre,High,Canonicalised from the store's named retail-place evidence,https://opticalsuperstore.com.au/find-your-nearest-store/,2026-09-02,vic-city-knox,Accepted,true
oscar-wylee-30,Oscar Wylee,Australia,VIC,Westfield Knox,place-au-vic-westfield-knox-shopping-centre,Westfield Knox Shopping Centre,Shopping Centre,High,Canonicalised from the store's named retail-place evidence,https://www.oscarwylee.com.au/locations/locations/optometrist-knox.html,2026-09-01,vic-knox-westfield,Accepted,true
specsavers-3263,Specsavers,Australia,VIC,Knox City S/C,place-au-vic-westfield-knox-shopping-centre,Westfield Knox Shopping Centre,Shopping Centre,High,Canonicalised from the store's named retail-place evidence,https://www.specsavers.com.au/stores/knox,2026-09-01,vic-city-knox,Accepted,true
independent-other-optical-provision-99263,Independent / Other optical,Australia,VIC,L&F Eyecare Warragul,corridor-au-vic-warragul-barkly-street,Barkly Street,High Street,Medium,Numbered street address without a corroborated centre match,https://www.provision.com.au/practice/l-f-warragul/,2026-09-02,,Accepted,true
specsavers-3467,Specsavers,Australia,VIC,Warragul,corridor-au-vic-warragul-smith-street,Smith Street,High Street,Medium,Numbered street address without a corroborated centre match,https://www.specsavers.com.au/stores/warragul,2026-09-01,,Accepted,true
independent-other-optical-provision-37146,Independent / Other optical,Australia,VIC,Eyes On Warrandyte,place-au-vic-goldfields-plaza,Goldfields Plaza,Shopping Centre,High,Canonicalised from the store's named retail-place evidence,https://www.provision.com.au/practice/eyes-on-warrandyte/,2026-09-02,vic-goldfields-plaza,Accepted,true
independent-other-optical-provision-89646,Independent / Other optical,Australia,VIC,Penry Routson Optometrists Warrnambool,corridor-au-vic-warrnambool-lava-street,Lava Street,High Street,Medium,Numbered street address without a corroborated centre match,https://www.provision.com.au/practice/penry-routson-optometrists-warrnambool/,2026-09-02,,Accepted,true
independent-other-optical-provision-34462,Independent / Other optical,Australia,VIC,Warrnambool Eyecare,corridor-au-vic-warrnambool-liebig-street,Liebig Street,High Street,Medium,Numbered street address without a corroborated centre match,https://www.provision.com.au/practice/optometrist-warrnambool-eyecare/,2026-09-02,,Accepted,true
opsm-1136,OPSM,Australia,VIC,OPSM Warrnambool,corridor-au-vic-warrnambool-liebig-street,Liebig Street,High Street,Medium,Numbered street address without a corroborated centre match,https://www.opsm.com.au/en/opsm-au/find-store,2026-09-01,,Accepted,true
specsavers-3297,Specsavers,Australia,VIC,Warrnambool,corridor-au-vic-warrnambool-liebig-street,Liebig Street,High Street,Medium,Numbered street address without a corroborated centre match,https://www.specsavers.com.au/stores/warrnambool,2026-09-01,,Accepted,true
independent-other-optical-provision-17223,Independent / Other optical,Australia,VIC,Watsonia Optical,corridor-au-vic-watsonia-watsonia-road,Watsonia Road,High Street,Medium,Numbered street address without a corroborated centre match,https://www.provision.com.au/practice/watsonia-optical/,2026-09-02,,Accepted,true
opsm-7064,OPSM,Australia,VIC,OPSM Waurn Ponds,corridor-au-vic-waurn-ponds-pioneer-road,Pioneer Road,High Street,Medium,Numbered street address without a corroborated centre match,https://www.opsm.com.au/en/opsm-au/find-store,2026-09-01,,Accepted,true
specsavers-3288,Specsavers,Australia,VIC,Waurn Ponds S/C,place-au-vic-waurn-ponds-shopping-centre,Waurn Ponds Shopping Centre,Shopping Centre,High,Canonicalised from the store's named retail-place evidence,https://www.specsavers.com.au/stores/waurnponds,2026-09-01,vic-ponds-waurn,Accepted,true
george-matilda-442,George & Matilda,Australia,VIC,George & Matilda Eyecare – Wendouree,corridor-au-vic-wendouree-howitt-street,Howitt Street,High Street,Medium,Numbered street address without a corroborated centre match,https://georgeandmatilda.com.au/stores/optometrist-wendouree-vic/,2026-09-02,,Accepted,true
opsm-7014,OPSM,Australia,VIC,OPSM Wendouree,corridor-au-vic-wendouree-gillies-street,Gillies Street,High Street,Medium,Numbered street address without a corroborated centre match,https://www.opsm.com.au/en/opsm-au/find-store,2026-09-01,,Accepted,true
specsavers-3582,Specsavers,Australia,VIC,Wendouree Stockland,place-au-vic-wendouree-stockland,Stockland Wendouree,Shopping Centre,High,Canonicalised from the store's named retail-place evidence,https://www.specsavers.com.au/stores/wendouree,2026-09-01,vic-stockland-wendouree,Accepted,true
bupa-optical-13626284,Bupa Optical,Australia,VIC,Bupa Optical & Hearing Werribee,place-au-vic-werribee-plaza,Pacific Werribee,Shopping Centre,High,Canonicalised from the store's named retail-place evidence,https://bupaoptical.bupa.com.au/pages/store/bupa-optical-werribee,2026-09-03,vic-pacific-werribee,Accepted,true
eyecare-plus-2894,Eyecare Plus,Australia,VIC,Eyecare Plus Optometrists Werribee,corridor-au-vic-werribee-watton-street,Watton Street,High Street,Medium,Numbered street address without a corroborated centre match,https://www.eyecareplus.com.au/werribee/,2026-09-02,,Accepted,true
independent-other-optical-provision-17179,Independent / Other optical,Australia,VIC,Insight Vision Care,corridor-au-vic-werribee-watton-street,Watton Street,High Street,Medium,Numbered street address without a corroborated centre match,https://www.provision.com.au/practice/insight-vision-care-optometrist-werribee/,2026-09-02,,Accepted,true
opsm-1655,OPSM,Australia,VIC,OPSM Werribee Plaza,place-au-vic-werribee-plaza,Pacific Werribee,Shopping Centre,High,Canonicalised from the store's named retail-place evidence,https://www.opsm.com.au/en/opsm-au/find-store,2026-09-01,vic-plaza-werribee,Accepted,true
oscar-wylee-22,Oscar Wylee,Australia,VIC,Pacific Werribee,place-au-vic-werribee-plaza,Pacific Werribee,Shopping Centre,High,Official store name and address explicitly identify Pacific Werribee,https://www.oscarwylee.com.au/locations/locations/optometrist-werribee.html,2026-09-02,,Accepted,true
specsavers-3267,Specsavers,Australia,VIC,Werribee Pacific,place-au-vic-werribee-plaza,Pacific Werribee,Shopping Centre,High,Official store name and address explicitly identify Pacific Werribee,https://www.specsavers.com.au/stores/werribee,2026-09-02,,Accepted,true
independent-other-optical-provision-17198,Independent / Other optical,Australia,VIC,Alfred Nott Optometrists,place-au-vic-wheelers-hill-business-centre,Wheelers Hill Business Centre,Shopping Centre,High,Canonicalised from the store's named retail-place evidence,https://www.provision.com.au/practice/alfred-nott-optometrists/,2026-09-02,vic-business-hill-wheelers,Accepted,true
specsavers-3281,Specsavers,Australia,VIC,Wheelers Hill - Brandon Park,corridor-au-vic-wheelers-hill-brandon-park-drive,Brandon Park Drive,High Street,Medium,Numbered street address without a corroborated centre match,https://www.specsavers.com.au/stores/wheelershill,2026-09-01,,Accepted,true
opsm-1170,OPSM,Australia,VIC,OPSM Whittlesea,corridor-au-vic-whittlesea-church-street,Church Street,High Street,Medium,Numbered street address without a corroborated centre match,https://www.opsm.com.au/en/opsm-au/find-store,2026-09-01,,Accepted,true
bailey-nelson-williamstown,Bailey Nelson,Australia,VIC,Bailey Nelson Williamstown,corridor-au-vic-williamstown-ferguson-street,Ferguson Street,High Street,Medium,Numbered street address without a corroborated centre match,https://baileynelson.com.au/pages/optometrist-williamstown,2026-09-01,,Accepted,true
independent-other-optical-provision-179109,Independent / Other optical,Australia,VIC,Eye Philosophy,corridor-au-vic-williamstown-douglas-parade,Douglas Parade,High Street,Medium,Numbered street address without a corroborated centre match,https://www.provision.com.au/practice/brazionis-eyecare/,2026-09-02,,Accepted,true
independent-other-optical-provision-17054,Independent / Other optical,Australia,VIC,Fitzgerald Optometry,corridor-au-vic-williamstown-douglas-parade,Douglas Parade,High Street,Medium,Numbered street address without a corroborated centre match,https://www.provision.com.au/practice/fitzgerald-optometry/,2026-09-02,,Accepted,true
george-matilda-486,George & Matilda,Australia,VIC,George & Matilda Eyecare for Peachey Optometry,corridor-au-vic-wodonga-hume-street,Hume Street,High Street,Medium,Numbered street address without a corroborated centre match,https://georgeandmatilda.com.au/stores/optometrist-wodonga-vic/,2026-09-02,,Accepted,true
independent-other-optical-provision-17241,Independent / Other optical,Australia,VIC,Wodonga Eyecare,corridor-au-vic-wodonga-beechworth-road,Beechworth Road,High Street,Medium,Numbered street address without a corroborated centre match,https://www.provision.com.au/practice/wodonga-eyecare/,2026-09-02,,Accepted,true
opsm-2267,OPSM,Australia,VIC,OPSM WODONGA,corridor-au-vic-wodonga-high-street,High Street,High Street,Medium,Numbered street address without a corroborated centre match,https://www.opsm.com.au/en/opsm-au/find-store,2026-09-01,,Accepted,true
specsavers-3422,Specsavers,Australia,VIC,Wodonga Plaza,place-au-vic-wodonga-plaza,Wodonga Plaza,Shopping Centre,High,Canonicalised from the store's named retail-place evidence,https://www.specsavers.com.au/stores/wodonga,2026-09-01,vic-plaza-wodonga,Accepted,true
independent-other-optical-provision-17214,Independent / Other optical,Australia,VIC,Eyes and Optics by Malcolm Gin,corridor-au-vic-wonthaggi-graham-street,Graham Street,High Street,Medium,Numbered street address without a corroborated centre match,https://www.provision.com.au/practice/eyes-and-optics-by-malcolm-gin-optometrist-wonthaggi/,2026-09-02,,Accepted,true
independent-other-optical-provision-17104,Independent / Other optical,Australia,VIC,Kaye McCraw Optometrist,corridor-au-vic-wonthaggi-graham-street,Graham Street,High Street,Medium,Numbered street address without a corroborated centre match,https://www.provision.com.au/practice/kayemccraw/,2026-09-02,,Accepted,true
specsavers-3609,Specsavers,Australia,VIC,Wonthaggi,corridor-au-vic-wonthaggi-graham-street,Graham Street,High Street,Medium,Numbered street address without a corroborated centre match,https://www.specsavers.com.au/stores/wonthaggi,2026-09-01,,Accepted,true
independent-other-optical-provision-61077,Independent / Other optical,Australia,VIC,Yarra Junction Optical,corridor-au-vic-yarra-junction-warburton-highway,Warburton Highway,High Street,Medium,Numbered street address without a corroborated centre match,https://www.provision.com.au/practice/yarra-junction-optical/,2026-09-02,,Accepted,true
independent-other-optical-osm-au-node-11840846378,Independent / Other optical,Australia,WA,August Eyewear & Eyecare Specialists,corridor-au-wa-wa-king-street,King Street,High Street,Medium,Numbered street address without a corroborated centre match,https://www.openstreetmap.org/node/11840846378,2026-09-01,,Accepted,false
independent-other-optical-osm-au-node-12522399957,Independent / Other optical,Australia,WA,B N Optometry,,,Uncertain,Uncertain,Location setting needs consultant review,https://www.openstreetmap.org/node/12522399957,2026-09-01,,Needs review,false
independent-other-optical-osm-au-node-11391637426,Independent / Other optical,Australia,WA,Eye Junction,,,Uncertain,Uncertain,Location setting needs consultant review,https://www.openstreetmap.org/node/11391637426,2026-09-01,,Needs review,false
independent-other-optical-osm-au-node-11932057273,Independent / Other optical,Australia,WA,Friendlies Eyecare,,,Uncertain,Uncertain,Location setting needs consultant review,https://www.openstreetmap.org/node/11932057273,2026-09-01,,Needs review,false
independent-other-optical-osm-au-node-4569988319,Independent / Other optical,Australia,WA,Insight Eye Clinic,,,Uncertain,Uncertain,Location setting needs consultant review,https://www.openstreetmap.org/node/4569988319,2026-09-01,,Needs review,false
independent-other-optical-osm-au-node-12841444736,Independent / Other optical,Australia,WA,Looks Optique,corridor-au-wa-wa-forrest-walk,Forrest Walk,High Street,Medium,Numbered street address without a corroborated centre match,https://www.openstreetmap.org/node/12841444736,2026-09-01,,Accepted,false
independent-other-optical-osm-au-node-10107385752,Independent / Other optical,Australia,WA,Naked Specs,corridor-au-wa-wa-south-terrace,South Terrace,High Street,Medium,Numbered street address without a corroborated centre match,https://www.openstreetmap.org/node/10107385752,2026-09-01,,Accepted,false
independent-other-optical-osm-au-node-9722108317,Independent / Other optical,Australia,WA,Sigo+,,,Uncertain,Uncertain,Location setting needs consultant review,https://www.openstreetmap.org/node/9722108317,2026-09-01,,Needs review,false
independent-other-optical-osm-au-node-12818357495,Independent / Other optical,Australia,WA,SpecialEyes Optical,,,Uncertain,Uncertain,Location setting needs consultant review,https://www.openstreetmap.org/node/12818357495,2026-09-01,,Needs review,false
independent-other-optical-osm-au-node-9778461017,Independent / Other optical,Australia,WA,Specs Plus,,,Uncertain,Uncertain,Location setting needs consultant review,https://www.openstreetmap.org/node/9778461017,2026-09-01,,Needs review,false
independent-other-optical-osm-au-node-9928510956,Independent / Other optical,Australia,WA,Specs Plus,corridor-au-wa-wa-rokeby-road,Rokeby Road,High Street,Medium,Numbered street address without a corroborated centre match,https://www.openstreetmap.org/node/9928510956,2026-09-01,,Accepted,false
independent-other-optical-osm-au-node-4197216402,Independent / Other optical,Australia,WA,SpexDesign,,,Uncertain,Uncertain,Location setting needs consultant review,https://www.openstreetmap.org/node/4197216402,2026-09-01,,Needs review,false
independent-other-optical-osm-au-node-11397913900,Independent / Other optical,Australia,WA,Vision West,,,Uncertain,Uncertain,Location setting needs consultant review,https://www.openstreetmap.org/node/11397913900,2026-09-01,,Needs review,false
independent-other-optical-provision-17782,Independent / Other optical,Australia,WA,Alison Steer Optometrist,corridor-au-wa-albany-aberdeen-street,Aberdeen Street,High Street,Medium,Numbered street address without a corroborated centre match,https://www.provision.com.au/practice/alison-steer-optometrist/,2026-09-02,,Accepted,true
independent-other-optical-provision-17814,Independent / Other optical,Australia,WA,Focus Optical,corridor-au-wa-albany-lockyer-avenue,Lockyer Avenue,High Street,Medium,Numbered street address without a corroborated centre match,https://www.provision.com.au/practice/focus-optical/,2026-09-02,,Accepted,true
laubman-pank-albany-optometrist,Laubman & Pank,Australia,WA,Laubman & Pank Albany,place-au-wa-albany-plaza,Albany Plaza,Shopping Centre,High,Canonicalised from the store's named retail-place evidence,https://www.laubmanandpank.com.au/store/albany-optometrist,2026-09-02,wa-albany-plaza,Accepted,true
opsm-1195,OPSM,Australia,WA,OPSM Albany,corridor-au-wa-albany-york-street,York Street,High Street,Medium,Numbered street address without a corroborated centre match,https://www.opsm.com.au/en/opsm-au/find-store,2026-09-01,,Accepted,true
specsavers-3577,Specsavers,Australia,WA,Albany,corridor-au-wa-albany-york-street,York Street,High Street,Medium,Numbered street address without a corroborated centre match,https://www.specsavers.com.au/stores/albany,2026-09-01,,Accepted,true
independent-other-optical-provision-17826,Independent / Other optical,Australia,WA,Glory Eyecare Optometrists,place-au-wa-alexander-heights-shopping-centre,Alexander Heights Shopping Centre,Shopping Centre,High,Canonicalised from the store's named retail-place evidence,https://www.provision.com.au/practice/glory-eyecare-optometrists/,2026-09-02,wa-alexander-heights,Accepted,true
independent-other-optical-osm-au-node-7069706341,Independent / Other optical,Australia,WA,Specialeyes,corridor-au-wa-applecross-ardross-street,Ardross Street,High Street,Medium,Numbered street address without a corroborated centre match,https://www.openstreetmap.org/node/7069706341,2026-09-01,,Accepted,true
independent-other-optical-provision-103193,Independent / Other optical,Australia,WA,Spectacular Optics,corridor-au-wa-applecross-ardross-street,Ardross Street,High Street,Medium,Numbered street address without a corroborated centre match,https://www.provision.com.au/practice/spectacular-optics/,2026-09-02,,Accepted,true
independent-other-optical-osm-au-node-2393656997,Independent / Other optical,Australia,WA,Applecross Eye Clinic,corridor-au-wa-ardross-simpson-street,Simpson Street,High Street,Medium,Numbered street address without a corroborated centre match,https://www.openstreetmap.org/node/2393656997,2026-09-01,,Accepted,true
laubman-pank-armadale-optometrist,Laubman & Pank,Australia,WA,Laubman & Pank Armadale,place-au-wa-armadale-shopping-centre,Armadale Shopping Centre,Shopping Centre,High,Canonicalised from the store's named retail-place evidence,https://www.laubmanandpank.com.au/store/armadale-optometrist,2026-09-02,wa-armadale,Accepted,true
opsm-1306,OPSM,Australia,WA,OPSM Armadale,corridor-au-wa-armadale-jull-street,Jull Street,High Street,Medium,Numbered street address without a corroborated centre match,https://www.opsm.com.au/en/opsm-au/find-store,2026-09-01,,Accepted,true
specsavers-3236,Specsavers,Australia,WA,Armadale,place-au-wa-armadale-central,Armadale Central,Shopping Centre,Medium,Official address matches the Armadale Central tenancy on Orchard Avenue,https://www.specsavers.com.au/stores/armadale,2026-09-02,,Accepted,true
opsm-1515,OPSM,Australia,WA,OPSM Baldivis,corridor-au-wa-baldivis-settlers-avenue,Settlers Avenue,High Street,Medium,Numbered street address without a corroborated centre match,https://www.opsm.com.au/en/opsm-au/find-store,2026-09-01,,Accepted,true
specsavers-3555,Specsavers,Australia,WA,Baldivis,place-au-wa-stockland-baldivis,Stockland Baldivis,Shopping Centre,High,Canonicalised from the store's named retail-place evidence,https://www.specsavers.com.au/stores/baldivis,2026-09-01,wa-baldivis-stockland,Accepted,true
independent-other-optical-provision-17795,Independent / Other optical,Australia,WA,Bassendean Optical,place-au-wa-bassendean-village,Bassendean Village,Shopping Centre,High,Canonicalised from the store's named retail-place evidence,https://www.provision.com.au/practice/bassendean-optical/,2026-09-02,wa-bassendean-village,Accepted,true
independent-other-optical-provision-68777,Independent / Other optical,Australia,WA,Melville Optical Clinic,place-au-wa-melville-plaza-shopping-centre,Melville Plaza Shopping Centre,Shopping Centre,High,Canonicalised from the store's named retail-place evidence,https://www.provision.com.au/practice/melville-optical-clinic/,2026-09-02,wa-melville-plaza,Accepted,true
bailey-nelson-booragoon,Bailey Nelson,Australia,WA,Bailey Nelson Booragoon,place-au-wa-westfield-booragoon,Westfield Booragoon,Shopping Centre,High,Canonicalised from the store's named retail-place evidence,https://baileynelson.com.au/pages/optometrist-booragoon,2026-09-01,wa-westfield-booragoon,Accepted,true
laubman-pank-garden-city-booragoon-optometrist,Laubman & Pank,Australia,WA,Laubman & Pank Booragoon,place-au-wa-garden-city-shopping-centre,Garden City Shopping Centre,Shopping Centre,High,Canonicalised from the store's named retail-place evidence,https://www.laubmanandpank.com.au/store/garden-city-booragoon-optometrist,2026-09-02,wa-city-garden,Accepted,true
opsm-1442,OPSM,Australia,WA,OPSM Garden City Booragoon,place-au-wa-westfield-booragoon,Westfield Booragoon,Shopping Centre,High,Canonicalised from the store's named retail-place evidence,https://www.opsm.com.au/en/opsm-au/find-store,2026-09-01,wa-westfield-booragoon,Accepted,true
optical-superstore-62295,Optical Superstore,Australia,WA,The Gateway Business Centre,place-au-wa-the-gateway-business-centre,The Gateway Business Centre,Shopping Centre,High,Canonicalised from the store's named retail-place evidence,https://opticalsuperstore.com.au/find-your-nearest-store/,2026-09-02,wa-business-gateway-the,Accepted,true
oscar-wylee-71,Oscar Wylee,Australia,WA,Westfield Booragoon,place-au-wa-westfield-booragoon,Westfield Booragoon,Shopping Centre,High,Canonicalised from the store's named retail-place evidence,https://www.oscarwylee.com.au/locations/locations/optometrist-booragoon.html,2026-09-01,wa-booragoon-westfield,Accepted,true
specsavers-3429,Specsavers,Australia,WA,Booragoon Westfield,place-au-wa-westfield-booragoon,Westfield Booragoon,Shopping Centre,High,Canonicalised from the store's named retail-place evidence,https://www.specsavers.com.au/stores/booragoon,2026-09-01,wa-westfield-booragoon,Accepted,true
opsm-1027,OPSM,Australia,WA,OPSM Broome,corridor-au-wa-broome-frederick-street,Frederick Street,High Street,Medium,Numbered street address without a corroborated centre match,https://www.opsm.com.au/en/opsm-au/find-store,2026-09-01,,Accepted,true
opsm-1516,OPSM,Australia,WA,OPSM Bull Creek,corridor-au-wa-bull-creek-benningfield-road,Benningfield Road,High Street,Medium,Numbered street address without a corroborated centre match,https://www.opsm.com.au/en/opsm-au/find-store,2026-09-01,,Accepted,true
independent-other-optical-provision-17819,Independent / Other optical,Australia,WA,EyesWest,corridor-au-wa-bunbury-victoria-street,Victoria Street,High Street,Medium,Numbered street address without a corroborated centre match,https://www.provision.com.au/practice/eyeswest/,2026-09-02,,Accepted,true
laubman-pank-bunbury-optometrist,Laubman & Pank,Australia,WA,Laubman & Pank Bunbury,place-au-wa-centrepoint-shopping-centre,Centrepoint Shopping Centre,Shopping Centre,High,Canonicalised from the store's named retail-place evidence,https://www.laubmanandpank.com.au/store/bunbury-optometrist,2026-09-02,wa-centrepoint,Accepted,true
opsm-1382,OPSM,Australia,WA,OPSM Bunbury Centrepoint,place-au-wa-bunbury-centrepoint,Centuria Bunbury Centrepoint,Shopping Centre,High,Canonicalised from the store's named retail-place evidence,https://www.opsm.com.au/en/opsm-au/find-store,2026-09-01,wa-bunbury-centrepoint,Accepted,true
opsm-1283,OPSM,Australia,WA,OPSM Bunbury Forum,place-au-wa-bunbury-forum,Bunbury Forum,Shopping Centre,High,Canonicalised from the store's named retail-place evidence,https://www.opsm.com.au/en/opsm-au/find-store,2026-09-01,wa-bunbury-forum,Accepted,true
specsavers-3441,Specsavers,Australia,WA,Bunbury Centrepoint S/C,place-au-wa-bunbury-centrepoint,Centuria Bunbury Centrepoint,Shopping Centre,High,Canonicalised from the store's named retail-place evidence,https://www.specsavers.com.au/stores/bunbury,2026-09-01,wa-bunbury-centrepoint,Accepted,true
independent-other-optical-provision-292345,Independent / Other optical,Australia,WA,Mr B the Optometrist,corridor-au-wa-busselton-prince-street,Prince Street,High Street,Medium,Numbered street address without a corroborated centre match,https://www.provision.com.au/practice/mr-b-the-optometrist/,2026-09-02,,Accepted,true
opsm-1197,OPSM,Australia,WA,OPSM Busselton,corridor-au-wa-busselton-prince-street,Prince Street,High Street,Medium,Numbered street address without a corroborated centre match,https://www.opsm.com.au/en/opsm-au/find-store,2026-09-01,,Accepted,true
opsm-4610,OPSM,Australia,WA,OPSM Busselton Central,corridor-au-wa-busselton-prince-street,Prince Street,High Street,Medium,Numbered street address without a corroborated centre match,https://www.opsm.com.au/en/opsm-au/find-store,2026-09-01,,Accepted,true
specsavers-3226,Specsavers,Australia,WA,Busselton,corridor-au-wa-busselton-prince-street,Prince Street,High Street,Medium,Numbered street address without a corroborated centre match,https://www.specsavers.com.au/stores/busselton,2026-09-01,,Accepted,true
specsavers-3665,Specsavers,Australia,WA,Butler,corridor-au-wa-butler-butler-boulevard,Butler Boulevard,High Street,Medium,Numbered street address without a corroborated centre match,https://www.specsavers.com.au/stores/butler,2026-09-01,,Accepted,true
opsm-1395,OPSM,Australia,WA,OPSM Livingston,place-au-wa-livingston-marketplace,Livingston Marketplace,Shopping Centre,Medium,The current official OPSM record names Livingston and gives the centre's Ranford and Nicholson Roads address,https://www.opsm.com.au/en/opsm-au/find-store,2026-09-03,,Accepted,true
specsavers-3366,Specsavers,Australia,WA,Livingston Marketplace,place-au-wa-livingston-marketplace,Livingston Marketplace,Shopping Centre,High,Canonicalised from the store's named retail-place evidence,https://www.specsavers.com.au/stores/livingston,2026-09-01,wa-livingston-marketplace,Accepted,true
bailey-nelson-carousel,Bailey Nelson,Australia,WA,Bailey Nelson Carousel - NEW LOCATION,place-au-wa-westfield-carousel,Westfield Carousel,Shopping Centre,High,Canonicalised from the store's named retail-place evidence,https://baileynelson.com.au/pages/optometrist-carousel,2026-09-01,wa-carousel,Accepted,true
laubman-pank-carousel-optometrist,Laubman & Pank,Australia,WA,Laubman & Pank Carousel Cannington,place-au-wa-westfield-carousel,Westfield Carousel,Shopping Centre,High,Canonicalised from the store's named retail-place evidence,https://www.laubmanandpank.com.au/store/carousel-optometrist,2026-09-02,wa-cannington-carousel,Accepted,true
opsm-1366,OPSM,Australia,WA,OPSM Carousel,place-au-wa-westfield-carousel,Westfield Carousel,Shopping Centre,High,Canonicalised from the store's named retail-place evidence,https://www.opsm.com.au/en/opsm-au/find-store,2026-09-01,wa-carousel,Accepted,true
oscar-wylee-61,Oscar Wylee,Australia,WA,Westfield Carousel,place-au-wa-westfield-carousel,Westfield Carousel,Shopping Centre,High,Canonicalised from the store's named retail-place evidence,https://www.oscarwylee.com.au/locations/locations/optometrist-carousel.html,2026-09-01,wa-carousel-westfield,Accepted,true
specsavers-3349,Specsavers,Australia,WA,Carousel Westfield,place-au-wa-westfield-carousel,Westfield Carousel,Shopping Centre,High,Canonicalised from the store's named retail-place evidence,https://www.specsavers.com.au/stores/carousel,2026-09-01,wa-carousel-westfield,Accepted,true
bailey-nelson-claremont,Bailey Nelson,Australia,WA,Bailey Nelson Claremont,place-au-wa-claremont-quarter,Claremont Quarter,Shopping Centre,High,The current official Claremont Quarter directory lists Bailey Nelson at Level 1 T126,https://claremontquarter.com.au/store-listings/bailey-nelson/,2026-09-03,,Accepted,true
opsm-1418,OPSM,Australia,WA,OPSM CLAREMONT,place-au-wa-claremont-quarter,Claremont Quarter,Shopping Centre,High,Official store address matches the authoritative canonical place address,https://claremontquarter.com.au/,2026-09-03,,Accepted,true
oscar-wylee-118,Oscar Wylee,Australia,WA,Claremont Quarter,corridor-au-wa-claremont-bay-view-terrace,Bay View Terrace,High Street,Medium,Numbered street address without a corroborated centre match,https://www.oscarwylee.com.au/locations/locations/optometrist-claremont.html,2026-09-01,,Accepted,true
laubman-pank-clarkson-optometrist,Laubman & Pank,Australia,WA,Laubman & Pank Clarkson,place-au-wa-clarkson-ocean-keys-shopping-centre,Ocean Keys Shopping Centre,Shopping Centre,High,Canonicalised from the store's named retail-place evidence,https://www.laubmanandpank.com.au/store/clarkson-optometrist,2026-09-02,wa-keys-ocean,Accepted,true
opsm-1059,OPSM,Australia,WA,OPSM Ocean Keys,place-au-wa-clarkson-ocean-keys-shopping-centre,Ocean Keys Shopping Centre,Shopping Centre,Medium,The current official OPSM record names Ocean Keys and gives its Ocean Keys Boulevard address,https://www.opsm.com.au/en/opsm-au/find-store,2026-09-03,,Accepted,true
specsavers-3287,Specsavers,Australia,WA,Clarkson Ocean Keys S/C,place-au-wa-clarkson-ocean-keys-shopping-centre,Ocean Keys Shopping Centre,Shopping Centre,High,Canonicalised from the store's named retail-place evidence,https://www.specsavers.com.au/stores/clarkson,2026-09-01,wa-clarkson-keys-ocean,Accepted,true
laubman-pank-belmont-optometrist,Laubman & Pank,Australia,WA,Laubman & Pank Belmont,place-au-wa-belmont-forum,Belmont Forum Shopping Centre,Shopping Centre,High,Canonicalised from the store's named retail-place evidence,https://www.laubmanandpank.com.au/store/belmont-optometrist,2026-09-02,wa-belmont-forum,Accepted,true
opsm-7047,OPSM,Australia,WA,OPSM Belmont Forum,place-au-wa-belmont-forum,Belmont Forum Shopping Centre,Shopping Centre,High,Canonicalised from the store's named retail-place evidence,https://www.opsm.com.au/en/opsm-au/find-store,2026-09-01,wa-belmont-forum,Accepted,true
specsavers-3249,Specsavers,Australia,WA,Belmont Forum,place-au-wa-belmont-forum,Belmont Forum Shopping Centre,Shopping Centre,High,Canonicalised from the store's named retail-place evidence,https://www.specsavers.com.au/stores/belmontforum,2026-09-01,wa-belmont-forum,Accepted,true
opsm-1561,OPSM,Australia,WA,OPSM Collie,corridor-au-wa-collie-forrest-street,Forrest Street,High Street,Medium,Numbered street address without a corroborated centre match,https://www.opsm.com.au/en/opsm-au/find-store,2026-09-01,,Accepted,true
opsm-2985,OPSM,Australia,WA,OPSM Cottesloe,corridor-au-wa-cottesloe-napoleon-street,Napoleon Street,High Street,Medium,Numbered street address without a corroborated centre match,https://www.opsm.com.au/en/opsm-au/find-store,2026-09-01,,Accepted,true
george-matilda-446,George & Matilda,Australia,WA,George & Matilda Eyecare for Eyes On Optometrists,corridor-au-wa-currambine-marmion-avenue,Marmion Avenue,High Street,Medium,Numbered street address without a corroborated centre match,https://georgeandmatilda.com.au/stores/optometrist-currambine-wa/,2026-09-02,,Accepted,true
specsavers-3688,Specsavers,Australia,WA,Currambine,corridor-au-wa-currambine-marmion-avenue,Marmion Avenue,High Street,Medium,Numbered street address without a corroborated centre match,https://www.specsavers.com.au/stores/currambine,2026-09-01,,Accepted,true
opsm-1571,OPSM,Australia,WA,OPSM Dianella,corridor-au-wa-dianella-cnr-alexander-drive,Cnr Alexander Drive,High Street,Medium,Best-judgement street-address classification; no centre evidence found,https://www.opsm.com.au/en/opsm-au/find-store,2026-09-01,,Accepted,true
george-matilda-447,George & Matilda,Australia,WA,George & Matilda Eyecare for Eyes On Optometrists,place-au-wa-duncraig-shopping-centre,Duncraig Shopping Centre,Shopping Centre,High,Canonicalised from the store's named retail-place evidence,https://georgeandmatilda.com.au/stores/optometrist-duncraig-wa/,2026-09-02,wa-duncraig,Accepted,true
independent-other-optical-provision-326246,Independent / Other optical,Australia,WA,Mr B The Optometrist,corridor-au-wa-dunsborough-dunn-bay-road,Dunn Bay Road,High Street,Medium,Numbered street address without a corroborated centre match,https://www.provision.com.au/practice/mr-b-the-optometrist-3/,2026-09-02,,Accepted,true
specsavers-3452,Specsavers,Australia,WA,Eaton Fair S/C,place-au-wa-eaton-fair-shopping-centre,Eaton Fair Shopping Centre,Shopping Centre,High,Canonicalised from the store's named retail-place evidence,https://www.specsavers.com.au/stores/eaton,2026-09-01,wa-eaton-fair,Accepted,true
oscar-wylee-149,Oscar Wylee,Australia,WA,Westfield Innaloo,place-au-wa-westfield-innaloo,Westfield Innaloo,Shopping Centre,High,Canonicalised from the store's named retail-place evidence,https://www.oscarwylee.com.au/locations/locations/optometrist-innaloo.html,2026-09-01,wa-innaloo-westfield,Accepted,true
opsm-1557,OPSM,Australia,WA,OPSM Ellenbrook,corridor-au-wa-ellenbrook-cnr-main-street,Cnr Main Street,High Street,Medium,Best-judgement street-address classification; no centre evidence found,https://www.opsm.com.au/en/opsm-au/find-store,2026-09-01,,Accepted,true
oscar-wylee-148,Oscar Wylee,Australia,WA,Ellenbrook Central,place-au-wa-ellenbrook-central,Ellenbrook Central,Shopping Centre,High,Official store name and address explicitly identify Ellenbrook Central,https://www.oscarwylee.com.au/locations/locations/optometrist-ellenbrook.html,2026-09-02,,Accepted,true
specsavers-3486,Specsavers,Australia,WA,Ellenbrook Central,corridor-au-wa-ellenbrook-cnr-the-promenade-pinaster-parade,Cnr The Promenade & Pinaster Parade,High Street,Medium,Best-judgement street-address classification; no centre evidence found,https://www.specsavers.com.au/stores/ellenbrook,2026-09-01,,Accepted,true
opsm-1567,OPSM,Australia,WA,OPSM Esperance,corridor-au-wa-esperance-forrest-road,Forrest Road,High Street,Medium,Numbered street address without a corroborated centre match,https://www.opsm.com.au/en/opsm-au/find-store,2026-09-01,,Accepted,true
opsm-1112,OPSM,Australia,WA,OPSM Floreat,place-au-wa-floreat-forum,Floreat Forum,Shopping Centre,High,Official Floreat Forum directory lists OPSM as a tenant,https://www.floreatforum.com.au/store/opsm/,2026-09-02,,Accepted,true
bailey-nelson-fremantle,Bailey Nelson,Australia,WA,Bailey Nelson Fremantle,corridor-au-wa-fremantle-market-street,Market Street,High Street,Medium,Numbered street address without a corroborated centre match,https://baileynelson.com.au/pages/optometrist-fremantle,2026-09-01,,Accepted,true
opsm-1083,OPSM,Australia,WA,OPSM Fremantle,corridor-au-wa-fremantle-market-street,Market Street,High Street,Medium,Numbered street address without a corroborated centre match,https://www.opsm.com.au/en/opsm-au/find-store,2026-09-01,,Accepted,true
specsavers-3424,Specsavers,Australia,WA,Fremantle,place-au-wa-manning-arcade,Manning Arcade,Shopping Centre,High,Canonicalised from the store's named retail-place evidence,https://www.specsavers.com.au/stores/fremantle,2026-09-01,wa-arcade-manning,Accepted,true
independent-other-optical-provision-17774,Independent / Other optical,Australia,WA,Kevin Hackett Optometrist,place-au-wa-northgate-shopping-centre,Northgate Shopping Centre,Shopping Centre,High,Canonicalised from the store's named retail-place evidence,https://www.provision.com.au/practice/kevin-hackett-optometrist/,2026-09-02,wa-northgate,Accepted,true
independent-other-optical-provision-17791,Independent / Other optical,Australia,WA,Midwest Optical,corridor-au-wa-geraldton-marine-terrace,Marine Terrace,High Street,Medium,Numbered street address without a corroborated centre match,https://www.provision.com.au/practice/midwest-optical/,2026-09-02,,Accepted,true
opsm-1354,OPSM,Australia,WA,OPSM Geraldton,corridor-au-wa-geraldton-chapman-road,Chapman Road,High Street,Medium,Numbered street address without a corroborated centre match,https://www.opsm.com.au/en/opsm-au/find-store,2026-09-01,,Accepted,true
specsavers-3535,Specsavers,Australia,WA,Geraldton,place-au-wa-stirlings-central,Stirlings Central,Shopping Centre,High,Official address explicitly names Stirlings Central,https://www.specsavers.com.au/stores/geraldton,2026-09-02,,Accepted,true
eyecare-plus-608,Eyecare Plus,Australia,WA,Eyecare Plus Optometrists Glen Forrest (Mundaring WA),corridor-au-wa-glen-forrest-hardey-road,Hardey Road,High Street,Medium,Numbered street address without a corroborated centre match,https://www.eyecareplus.com.au/glenforrest/,2026-09-02,,Accepted,true
george-matilda-439,George & Matilda,Australia,WA,George & Matilda Eyecare for Curtis Optometrists,corridor-au-wa-greenwood-coolibah-drive,Coolibah Drive,High Street,Medium,Best-judgement street-address classification; no centre evidence found,https://georgeandmatilda.com.au/stores/optometrist-greenwood-wa/,2026-09-02,,Accepted,true
specsavers-3579,Specsavers,Australia,WA,Halls Head,place-au-wa-halls-head-central,Halls Head Central,Shopping Centre,High,Official address explicitly names Halls Head Central,https://www.specsavers.com.au/stores/hallshead,2026-09-02,,Accepted,true
specsavers-3649,Specsavers,Australia,WA,Harrisdale,place-au-wa-harrisdale-stockland-shopping-centre,Stockland Harrisdale,Shopping Centre,High,Canonicalised from the store's named retail-place evidence,https://www.specsavers.com.au/stores/harrisdale,2026-09-01,wa-harrisdale-stockland,Accepted,true
independent-other-optical-provision-17852,Independent / Other optical,Australia,WA,Eyecare Optometrists,corridor-au-wa-hillarys-banks-avenue,Banks Avenue,High Street,Medium,Numbered street address without a corroborated centre match,https://www.provision.com.au/practice/eyecare-optometrists/,2026-09-02,,Accepted,true
opsm-1447,OPSM,Australia,WA,OPSM Whitford City,place-au-wa-westfield-whitford-city,Westfield Whitford City,Shopping Centre,High,The current official OPSM record names Whitford City and gives the centre's Whitfords and Marmion Avenues address,https://www.opsm.com.au/en/opsm-au/find-store,2026-09-03,,Accepted,true
oscar-wylee-111,Oscar Wylee,Australia,WA,Westfield Whitford City,place-au-wa-westfield-whitford-city,Westfield Whitford City,Shopping Centre,High,Canonicalised from the store's named retail-place evidence,https://www.oscarwylee.com.au/locations/locations/optometrist-whitford-city.html,2026-09-01,wa-city-westfield-whitford,Accepted,true
specsavers-3364,Specsavers,Australia,WA,Whitford Westfield City,place-au-wa-westfield-whitford-city,Westfield Whitford City,Shopping Centre,High,Canonicalised from the store's named retail-place evidence,https://www.specsavers.com.au/stores/whitford,2026-09-01,wa-city-westfield-whitford,Accepted,true
independent-other-optical-provision-17843,Independent / Other optical,Australia,WA,Cooper and Lourie Family Optometrists,place-au-wa-westfield-innaloo,Westfield Innaloo,Shopping Centre,High,Canonicalised from the store's named retail-place evidence,https://www.provision.com.au/practice/cooper-and-lourie-family-optometrists-2/,2026-09-02,wa-innaloo-westfield,Accepted,true
opsm-1361,OPSM,Australia,WA,OPSM Innaloo,place-au-wa-westfield-innaloo,Westfield Innaloo,Shopping Centre,High,The current official Westfield OPSM directory lists Innaloo,https://www.westfield.com.au/store/5Spq3qZgc0S4cQA8a4Aayy/opsm,2026-09-03,,Accepted,true
specsavers-3473,Specsavers,Australia,WA,Innaloo Westfield,place-au-wa-westfield-innaloo,Westfield Innaloo,Shopping Centre,High,Canonicalised from the store's named retail-place evidence,https://www.specsavers.com.au/stores/innaloo,2026-09-01,wa-innaloo-westfield,Accepted,true
bailey-nelson-joondalup,Bailey Nelson,Australia,WA,Bailey Nelson Joondalup,place-au-wa-joondalup-lakeside-s-city,Lakeside Joondalup,Shopping Centre,High,The current official Lakeside Joondalup directory lists Bailey Nelson on Ground Level,https://www.lakesidejoondalup.com.au/shopping,2026-09-03,,Accepted,true
bupa-optical-29430212,Bupa Optical,Australia,WA,Bupa Optical & Hearing Joondalup,place-au-wa-joondalup-lakeside-s-city,Lakeside Joondalup,Shopping Centre,High,Canonicalised from the store's named retail-place evidence,https://bupaoptical.bupa.com.au/pages/store/bupa-optical-joondalup,2026-09-03,wa-lakeside,Accepted,true
laubman-pank-joondalup-optometrist,Laubman & Pank,Australia,WA,Laubman & Pank Joondalup,place-au-wa-joondalup-lakeside-s-city,Lakeside Joondalup,Shopping Centre,High,Canonicalised from the store's named retail-place evidence,https://www.laubmanandpank.com.au/store/joondalup-optometrist,2026-09-02,wa-lakeside,Accepted,true
opsm-1404,OPSM,Australia,WA,OPSM Joondalup,place-au-wa-joondalup-lakeside-s-city,Lakeside Joondalup,Shopping Centre,High,Official store address matches the authoritative canonical place address,https://www.lakesidejoondalup.com.au/,2026-09-02,,Accepted,true
oscar-wylee-60,Oscar Wylee,Australia,WA,Lakeside Joondalup,place-au-wa-joondalup-lakeside-s-city,Lakeside Joondalup,Shopping Centre,High,Official address identifies the Lakeside Shopping City tenancy at Joondalup,https://www.oscarwylee.com.au/locations/locations/optometrist-joondalup.html,2026-09-02,,Accepted,true
specsavers-3247,Specsavers,Australia,WA,Joondalup Lakeside S/City,place-au-wa-joondalup-lakeside-s-city,Lakeside Joondalup,Shopping Centre,High,Canonicalised from the store's named retail-place evidence,https://www.specsavers.com.au/stores/joondalup,2026-09-01,wa-city-joondalup-lakeside-s,Accepted,true
opsm-7011,OPSM,Australia,WA,OPSM KALAMUNDA,corridor-au-wa-kalamunda-railway-road,Railway Road,High Street,Medium,Numbered street address without a corroborated centre match,https://www.opsm.com.au/en/opsm-au/find-store,2026-09-01,,Accepted,true
specsavers-3237,Specsavers,Australia,WA,Kalamunda Central,corridor-au-wa-kalamunda-railway-road,Railway Road,High Street,Medium,Numbered street address without a corroborated centre match,https://www.specsavers.com.au/stores/kalamunda,2026-09-01,,Accepted,true
george-matilda-506,George & Matilda,Australia,WA,George & Matilda Eyecare for West Specs,corridor-au-wa-kalgoorlie-hannan-street,Hannan Street,High Street,Medium,Numbered street address without a corroborated centre match,https://georgeandmatilda.com.au/stores/optometrist-kalgoorlie-wa/,2026-09-02,,Accepted,true
opsm-1007,OPSM,Australia,WA,OPSM Kalgoorlie,corridor-au-wa-kalgoorlie-hannan-street,Hannan Street,High Street,Medium,Numbered street address without a corroborated centre match,https://www.opsm.com.au/en/opsm-au/find-store,2026-09-01,,Accepted,true
specsavers-3493,Specsavers,Australia,WA,Kalgoorlie Woolworths Centre,place-au-wa-kalgoorlie-woolworths-centre,Kalgoorlie Woolworths Centre,Shopping Centre,High,Canonicalised from the store's named retail-place evidence,https://www.specsavers.com.au/stores/kalgoorlie,2026-09-01,wa-kalgoorlie-woolworths,Accepted,true
specsavers-3231,Specsavers,Australia,WA,Waterford Village Green,place-au-wa-waterford-village-green,Waterford Village Green,Shopping Centre,High,Canonicalised from the store's named retail-place evidence,https://www.specsavers.com.au/stores/waterford,2026-09-01,wa-green-village-waterford,Accepted,true
opsm-1233,OPSM,Australia,WA,OPSM Karratha,place-au-wa-karratha-city-plaza,Karratha City Plaza,Shopping Centre,High,The current official Karratha City Plaza directory lists OPSM at Shop SP046,https://karrathacityplaza.com.au/stores/opsm/,2026-09-03,,Accepted,true
specsavers-3686,Specsavers,Australia,WA,Karratha,place-au-wa-karratha-city-plaza,Karratha City Plaza,Shopping Centre,High,Canonicalised from the store's named retail-place evidence,https://www.specsavers.com.au/stores/karratha,2026-09-01,wa-city-karratha-plaza,Accepted,true
eyeq-optometrists-karrinyup,EyeQ Optometrists,Australia,WA,EyeQ Optometrists Karrinyup,place-au-wa-karrinyup-shopping-centre,Karrinyup Shopping Centre,Shopping Centre,High,Canonicalised from the store's named retail-place evidence,https://www.eyeq.com.au/optometrist/karrinyup/,2026-09-02,wa-karrinyup,Accepted,true
independent-other-optical-osm-au-node-11396192032,Independent / Other optical,Australia,WA,Options Optometrist Karrinyup,place-au-wa-karrinyup-shopping-centre,Karrinyup Shopping Centre,Shopping Centre,High,The current official Karrinyup directory lists Options Optometrists on the ground floor,https://www.karrinyupcentre.com.au/stores-services/options-optometrists-karrinyup,2026-09-03,,Accepted,true
laubman-pank-karrinyup-optometrist,Laubman & Pank,Australia,WA,Laubman & Pank Karrinyup,place-au-wa-karrinyup-shopping-centre,Karrinyup Shopping Centre,Shopping Centre,High,Canonicalised from the store's named retail-place evidence,https://www.laubmanandpank.com.au/store/karrinyup-optometrist,2026-09-02,wa-karrinyup,Accepted,true
opsm-1370,OPSM,Australia,WA,OPSM Karrinyup,place-au-wa-karrinyup-shopping-centre,Karrinyup Shopping Centre,Shopping Centre,High,The current official Karrinyup directory lists OPSM on the ground floor,https://www.karrinyupcentre.com.au/stores-services/opsm,2026-09-03,,Accepted,true
oscar-wylee-134,Oscar Wylee,Australia,WA,Karrinyup,place-au-wa-karrinyup-shopping-centre,Karrinyup Shopping Centre,Shopping Centre,High,Canonicalised from the store's named retail-place evidence,https://www.oscarwylee.com.au/locations/locations/optometrist-karrinyup.html,2026-09-01,wa-karrinyup,Accepted,true
specsavers-3436,Specsavers,Australia,WA,Karrinyup S/C,place-au-wa-karrinyup-shopping-centre,Karrinyup Shopping Centre,Shopping Centre,High,Canonicalised from the store's named retail-place evidence,https://www.specsavers.com.au/stores/karrinyup,2026-09-01,wa-karrinyup,Accepted,true
independent-other-optical-provision-43639,Independent / Other optical,Australia,WA,Family Eye Care Katanning,corridor-au-wa-katanning-clive-street,Clive Street,High Street,Medium,Numbered street address without a corroborated centre match,https://www.provision.com.au/practice/family-eyecare-katanning/,2026-09-02,,Accepted,true
opsm-4636,OPSM,Australia,WA,OPSM Kwinana,place-au-wa-kwinana-marketplace,Kwinana Marketplace,Shopping Centre,High,Official store address matches the authoritative canonical place address,https://regiongroup.au/portfolio/,2026-09-02,,Accepted,true
specsavers-3615,Specsavers,Australia,WA,Kwinana,place-au-wa-kwinana-marketplace,Kwinana Marketplace,Shopping Centre,High,Canonicalised from the store's named retail-place evidence,https://www.specsavers.com.au/stores/kwinana,2026-09-01,wa-kwinana-marketplace,Accepted,true
specsavers-3676,Specsavers,Australia,WA,Lakelands,place-au-wa-lakelands-shopping-centre,Lakelands Shopping Centre,Shopping Centre,High,Canonicalised from the store's named retail-place evidence,https://www.specsavers.com.au/stores/lakelands,2026-09-01,wa-lakelands,Accepted,true
independent-other-optical-provision-17855,Independent / Other optical,Australia,WA,Bullseye Optometry Clinic – Leederville,corridor-au-wa-leederville-oxford-street,Oxford Street,High Street,Medium,Numbered street address without a corroborated centre match,https://www.provision.com.au/practice/bullseye-optometry-leederville/,2026-09-02,,Accepted,true
independent-other-optical-provision-335282,Independent / Other optical,Australia,WA,EyeSense Vision Optometrists,corridor-au-wa-leederville-newcastle-street,Newcastle Street,High Street,Medium,Numbered street address without a corroborated centre match,https://www.provision.com.au/practice/eyesense-vision-optometrists/,2026-09-02,,Accepted,true
independent-other-optical-provision-17772,Independent / Other optical,Australia,WA,Bullseye Optometry Clinic – Leeming,corridor-au-wa-leeming-calley-drive,Calley Drive,High Street,Medium,Numbered street address without a corroborated centre match,https://www.provision.com.au/practice/bullseye-optometry-leeming/,2026-09-02,,Accepted,true
independent-other-optical-provision-124069,Independent / Other optical,Australia,WA,I-Vision Optometrists,place-au-wa-leeming-shopping-forum,Leeming Shopping Forum,Shopping Centre,High,Canonicalised from the store's named retail-place evidence,https://www.provision.com.au/practice/i-vision-optometrists/,2026-09-02,wa-forum-leeming,Accepted,true
opsm-1427,OPSM,Australia,WA,OPSM Maddington,place-au-wa-maddington-centro-shopping-centre,Maddington Central,Shopping Centre,High,The current official Maddington Central directory lists OPSM,https://maddingtoncentral.com.au/stores/opsm/,2026-09-03,,Accepted,true
specsavers-3433,Specsavers,Australia,WA,Maddington Centro S/C,place-au-wa-maddington-centro-shopping-centre,Maddington Central,Shopping Centre,High,Canonicalised from the store's named retail-place evidence,https://www.specsavers.com.au/stores/maddington,2026-09-01,wa-centro-maddington,Accepted,true
specsavers-3451,Specsavers,Australia,WA,Madeley Kingsway City S/C,place-au-wa-madeley-kingsway-city-shopping-centre,Madeley Kingsway City Shopping Centre,Shopping Centre,High,Canonicalised from the store's named retail-place evidence,https://www.specsavers.com.au/stores/madeley,2026-09-01,wa-city-kingsway-madeley,Accepted,true
laubman-pank-mandurah-optometrist,Laubman & Pank,Australia,WA,Laubman & Pank Mandurah,place-au-wa-mandurah-forum,Mandurah Forum,Shopping Centre,High,Canonicalised from the store's named retail-place evidence,https://www.laubmanandpank.com.au/store/mandurah-optometrist,2026-09-02,wa-forum-mandurah,Accepted,true
opsm-1517,OPSM,Australia,WA,OPSM Halls Head,corridor-au-wa-mandurah-guava-way,Guava Way,High Street,Medium,Best-judgement street-address classification; no centre evidence found,https://www.opsm.com.au/en/opsm-au/find-store,2026-09-01,,Accepted,true
opsm-1405,OPSM,Australia,WA,OPSM Mandurah Forum,place-au-wa-mandurah-forum,Mandurah Forum,Shopping Centre,High,Canonicalised from the store's named retail-place evidence,https://www.opsm.com.au/en/opsm-au/find-store,2026-09-01,wa-forum-mandurah,Accepted,true
oscar-wylee-114,Oscar Wylee,Australia,WA,Mandurah Forum,place-au-wa-mandurah-forum,Mandurah Forum,Shopping Centre,High,Canonicalised from the store's named retail-place evidence,https://www.oscarwylee.com.au/locations/locations/optometrist-mandurah.html,2026-09-01,wa-forum-mandurah,Accepted,true
specsavers-3553,Specsavers,Australia,WA,Mandurah Forum,place-au-wa-mandurah-forum,Mandurah Forum,Shopping Centre,High,Canonicalised from the store's named retail-place evidence,https://www.specsavers.com.au/stores/mandurahforum,2026-09-01,wa-forum-mandurah,Accepted,true
independent-other-optical-osm-au-node-4061035335,Independent / Other optical,Australia,WA,Birte Venske Optometrist,corridor-au-wa-manjimup-rose-street,Rose Street,High Street,Medium,Numbered street address without a corroborated centre match,https://www.openstreetmap.org/node/4061035335,2026-09-01,,Accepted,true
specsavers-3227,Specsavers,Australia,WA,Manjimup,corridor-au-wa-manjimup-giblett-street,Giblett Street,High Street,Medium,Numbered street address without a corroborated centre match,https://www.specsavers.com.au/stores/manjimup,2026-09-01,,Accepted,true
opsm-1115,OPSM,Australia,WA,OPSM Margaret River,corridor-au-wa-margaret-river-bussell-highway,Bussell Highway,High Street,Medium,Numbered street address without a corroborated centre match,https://www.opsm.com.au/en/opsm-au/find-store,2026-09-01,,Accepted,true
independent-other-optical-provision-297355,Independent / Other optical,Australia,WA,Optomize Optometrists,place-au-wa-meadow-springs-shopping-centre,Meadow Springs Shopping Centre,Shopping Centre,High,Canonicalised from the store's named retail-place evidence,https://www.provision.com.au/practice/optomize-optometrists/,2026-09-02,wa-meadow-springs,Accepted,true
laubman-pank-midland-gate-optometrist,Laubman & Pank,Australia,WA,Laubman & Pank Midland Gate,place-au-wa-midland-gate-shopping-centre,Midland Gate,Shopping Centre,High,Canonicalised from the store's named retail-place evidence,https://www.laubmanandpank.com.au/store/midland-gate-optometrist,2026-09-02,wa-gate-midland,Accepted,true
opsm-1281,OPSM,Australia,WA,OPSM Midland Gate,place-au-wa-midland-gate-shopping-centre,Midland Gate,Shopping Centre,High,The current official OPSM record names Midland Gate and exactly matches its 274 Great Eastern Highway address,https://www.opsm.com.au/en/opsm-au/find-store,2026-09-03,,Accepted,true
oscar-wylee-76,Oscar Wylee,Australia,WA,Midland Gate,place-au-wa-midland-gate-shopping-centre,Midland Gate,Shopping Centre,High,Canonicalised from the store's named retail-place evidence,https://www.oscarwylee.com.au/locations/locations/optometrist-midland-gate.html,2026-09-01,wa-gate-midland,Accepted,true
specsavers-3238,Specsavers,Australia,WA,Midland - The Crescent,corridor-au-wa-midland-the-crescent,The Crescent,High Street,Medium,Best-judgement street-address classification; no centre evidence found,https://www.specsavers.com.au/stores/midland,2026-09-01,,Accepted,true
specsavers-3504,Specsavers,Australia,WA,Midland Gate S/C,place-au-wa-midland-gate-shopping-centre,Midland Gate,Shopping Centre,High,Canonicalised from the store's named retail-place evidence,https://www.specsavers.com.au/stores/midlandgate,2026-09-01,wa-gate-midland,Accepted,true
opsm-2280,OPSM,Australia,WA,OPSM Mirrabooka,place-au-wa-mirrabooka-square-shopping-centre,The Square Mirrabooka,Shopping Centre,High,Official store address matches the authoritative canonical place address,https://www.thesquaremirrabooka.com.au/,2026-09-02,,Accepted,true
specsavers-3365,Specsavers,Australia,WA,Mirrabooka Square S/C,place-au-wa-mirrabooka-square-shopping-centre,The Square Mirrabooka,Shopping Centre,High,Canonicalised from the store's named retail-place evidence,https://www.specsavers.com.au/stores/mirrabooka,2026-09-01,wa-mirrabooka-square,Accepted,true
laubman-pank-morley-optometrist,Laubman & Pank,Australia,WA,Laubman & Pank Morley,place-au-wa-morley-gateway-shopping-centre,Morley Gateway Shopping Centre,Shopping Centre,High,Canonicalised from the store's named retail-place evidence,https://www.laubmanandpank.com.au/store/morley-optometrist,2026-09-02,wa-gateway-morley,Accepted,true
opsm-1198,OPSM,Australia,WA,OPSM Morley Galleria,place-au-wa-morley-galleria,Galleria,Shopping Centre,High,Canonicalised from the store's named retail-place evidence,https://www.opsm.com.au/en/opsm-au/find-store,2026-09-01,wa-galleria-morley,Accepted,true
optical-superstore-153507,Optical Superstore,Australia,WA,Morley Collier Rd,corridor-au-wa-morley-collier-road,Collier Road,High Street,Medium,Numbered street address without a corroborated centre match,https://opticalsuperstore.com.au/find-your-nearest-store/,2026-09-02,,Accepted,true
oscar-wylee-77,Oscar Wylee,Australia,WA,Galleria Shopping Centre,place-au-wa-morley-galleria,Galleria,Shopping Centre,High,Canonicalised from the store's named retail-place evidence,https://www.oscarwylee.com.au/locations/locations/optometrist-morley-galleria.html,2026-09-01,wa-galleria,Accepted,true
specsavers-3554,Specsavers,Australia,WA,Morley Galleria Ground Floor,place-au-wa-morley-galleria,Galleria,Shopping Centre,High,Canonicalised from the store's named retail-place evidence,https://www.specsavers.com.au/stores/morleysouth,2026-09-01,wa-floor-galleria-ground-morley,Accepted,true
opsm-1425,OPSM,Australia,WA,OPSM Mt Hawthorn,corridor-au-wa-mount-hawthorn-scarborough-beach-road,Scarborough Beach Road,High Street,Medium,Numbered street address without a corroborated centre match,https://www.opsm.com.au/en/opsm-au/find-store,2026-09-01,,Accepted,true
independent-other-optical-provision-346487,Independent / Other optical,Australia,WA,Mundaring Spectacle Maker,corridor-au-wa-mundaring-nichol-street,Nichol Street,High Street,Medium,Numbered street address without a corroborated centre match,https://www.provision.com.au/practice/mundaring-spectacle-maker/,2026-09-02,,Accepted,true
independent-other-optical-provision-43509,Independent / Other optical,Australia,WA,Family Eye Care Narrogin,corridor-au-wa-narrogin-federal-street,Federal Street,High Street,Medium,Numbered street address without a corroborated centre match,https://www.provision.com.au/practice/family-eyecare-narrogin/,2026-09-02,,Accepted,true
george-matilda-479,George & Matilda,Australia,WA,George & Matilda Eyecare for Opticentre,corridor-au-wa-nedlands-hampden-road,Hampden Road,High Street,Medium,Numbered street address without a corroborated centre match,https://georgeandmatilda.com.au/stores/optometrist-nedlands-wa/,2026-09-02,,Accepted,true
independent-other-optical-provision-17838,Independent / Other optical,Australia,WA,Cooper and Lourie Family Optometrists,place-au-wa-broadway-fair-shopping-centre,Broadway Fair Shopping Centre,Shopping Centre,High,Canonicalised from the store's named retail-place evidence,https://www.provision.com.au/practice/cooper-and-lourie-family-optometrists/,2026-09-02,wa-broadway-fair,Accepted,true
independent-other-optical-provision-185529,Independent / Other optical,Australia,WA,E Eye Place,corridor-au-wa-north-coogee-calypso-parade,Calypso Parade,High Street,Medium,Numbered street address without a corroborated centre match,https://www.provision.com.au/practice/e-eye-place/,2026-09-02,,Accepted,true
independent-other-optical-provision-245703,Independent / Other optical,Australia,WA,Monocle Optometry,corridor-au-wa-north-fremantle-queen-victoria-street,Queen Victoria Street,High Street,Medium,Numbered street address without a corroborated centre match,https://www.provision.com.au/practice/monocle-optometry/,2026-09-02,,Accepted,true
opsm-1365,OPSM,Australia,WA,OPSM Northam,place-au-wa-northam-boulevard-shopping-centre,Northam Boulevard,Shopping Centre,High,The current official OPSM address exactly matches the official Northam Boulevard address at 171 Fitzgerald Street,https://www.northamboulevard.com.au/centre-info/,2026-09-03,,Accepted,true
specsavers-3617,Specsavers,Australia,WA,Northam,place-au-wa-northam-boulevard-shopping-centre,Northam Boulevard,Shopping Centre,High,Canonicalised from the store's named retail-place evidence,https://www.specsavers.com.au/stores/northam,2026-09-01,wa-boulevard-northam,Accepted,true
independent-other-optical-provision-17798,Independent / Other optical,Australia,WA,Eye5 Optometrists,corridor-au-wa-osborne-park-main-street,Main Street,High Street,Medium,Numbered street address without a corroborated centre match,https://www.provision.com.au/practice/eye5-optometrists/,2026-09-02,,Accepted,true
independent-other-optical-provision-17831,Independent / Other optical,Australia,WA,Eyeconik Optometrists,corridor-au-wa-osborne-park-main-street,Main Street,High Street,Medium,Numbered street address without a corroborated centre match,https://www.provision.com.au/practice/eyeconik-optometrists/,2026-09-02,,Accepted,true
bailey-nelson-state-buildings-perth,Bailey Nelson,Australia,WA,Bailey Nelson State Buildings Perth CBD,corridor-au-wa-perth-george-s-terrace,George's Terrace,High Street,Medium,Numbered street address without a corroborated centre match,https://baileynelson.com.au/pages/optometrist-state-buildings-perth,2026-09-01,,Accepted,true
bupa-optical-3870836,Bupa Optical,Australia,WA,Bupa Optical Perth,corridor-au-wa-perth-saint-georges-terrace,Saint Georges Terrace,High Street,Medium,Numbered street address without a corroborated centre match,https://bupaoptical.bupa.com.au/pages/store/bupa-optical-perth,2026-09-03,,Accepted,true
opsm-1082,OPSM,Australia,WA,OPSM Perth Hay St,corridor-au-wa-perth-hay-street,Hay Street,High Street,Medium,Numbered street address without a corroborated centre match,https://www.opsm.com.au/en/opsm-au/find-store,2026-09-01,,Accepted,true
specsavers-3239,Specsavers,Australia,WA,Perth CBD - Cloisters,place-au-wa-cloisters-square,Cloisters Square,Shopping Centre,High,Canonicalised from the store's named retail-place evidence,https://www.specsavers.com.au/stores/perthterrace,2026-09-01,wa-cloisters-square,Accepted,true
specsavers-3481,Specsavers,Australia,WA,Perth CBD - Murray St Mall,place-au-wa-murray-st-mall,Murray St Mall,Shopping Centre,High,Canonicalised from the store's named retail-place evidence,https://www.specsavers.com.au/stores/perthmurraystmall,2026-09-01,wa-murray-st,Accepted,true
opsm-1369,OPSM,Australia,WA,OPSM Riverton,place-au-wa-riverton-stockland,Riverton Forum,Shopping Centre,High,The current official Riverton Forum directory lists OPSM at Shop 23,https://rivertonforum.com.au/store/opsm/,2026-09-03,,Accepted,true
specsavers-3443,Specsavers,Australia,WA,Riverton Stockland,place-au-wa-riverton-stockland,Riverton Forum,Shopping Centre,High,Canonicalised from the store's named retail-place evidence,https://www.specsavers.com.au/stores/riverton,2026-09-01,wa-riverton-stockland,Accepted,true
laubman-pank-rockingham-city-optometrist,Laubman & Pank,Australia,WA,Laubman & Pank Rockingham,place-au-wa-rockingham-centre,Rockingham Centre,Shopping Centre,High,Canonicalised from the store's named retail-place evidence,https://www.laubmanandpank.com.au/store/rockingham-city-optometrist,2026-09-02,wa-rockingham,Accepted,true
opsm-1285,OPSM,Australia,WA,OPSM Rockingham,corridor-au-wa-rockingham-council-avenue,Council Avenue,High Street,Medium,Numbered street address without a corroborated centre match,https://www.opsm.com.au/en/opsm-au/find-store,2026-09-01,,Accepted,true
oscar-wylee-112,Oscar Wylee,Australia,WA,Rockingham Centre,place-au-wa-rockingham-centre,Rockingham Centre,Shopping Centre,High,Canonicalised from the store's named retail-place evidence,https://www.oscarwylee.com.au/locations/locations/optometrist-rockingham.html,2026-09-01,wa-rockingham,Accepted,true
specsavers-3228,Specsavers,Australia,WA,Rockingham S/C,place-au-wa-rockingham-centre,Rockingham Centre,Shopping Centre,High,Canonicalised from the store's named retail-place evidence,https://www.specsavers.com.au/stores/rockingham,2026-09-01,wa-rockingham,Accepted,true
opsm-2933,OPSM,Australia,WA,OPSM Secret Harbour,corridor-au-wa-secret-harbour-secret-harbour-boulevard,Secret Harbour Boulevard,High Street,Medium,Best-judgement street-address classification; no centre evidence found,https://www.opsm.com.au/en/opsm-au/find-store,2026-09-01,,Accepted,true
independent-other-optical-provision-287413,Independent / Other optical,Australia,WA,E Eye Place Newing & Co,corridor-au-wa-shelley-robbins-place,Robbins Place,High Street,Medium,Numbered street address without a corroborated centre match,https://www.provision.com.au/practice/e-eye-place-newing-co/,2026-09-02,,Accepted,true
opsm-1042,OPSM,Australia,WA,OPSM South Hedland,corridor-au-wa-south-hedland-throssel-road,Throssel Road,High Street,Medium,Numbered street address without a corroborated centre match,https://www.opsm.com.au/en/opsm-au/find-store,2026-09-01,,Accepted,true
opsm-2354,OPSM,Australia,WA,OPSM South Perth,corridor-au-wa-south-perth-angelo-street,Angelo Street,High Street,Medium,Numbered street address without a corroborated centre match,https://www.opsm.com.au/en/opsm-au/find-store,2026-09-01,,Accepted,true
opsm-1426,OPSM,Australia,WA,OPSM Phoenix,place-au-wa-phoenix-shopping-centre,Phoenix Shopping Centre,Shopping Centre,High,Official store address matches the authoritative canonical place address,https://www.specsavers.com.au/stores/spearwood,2026-09-02,,Accepted,true
specsavers-3464,Specsavers,Australia,WA,Spearwood - Phoenix S/C,place-au-wa-phoenix-shopping-centre,Phoenix Shopping Centre,Shopping Centre,High,Official store label and address identify the Phoenix shopping-centre tenancy,https://www.specsavers.com.au/stores/spearwood,2026-09-02,,Accepted,true
eyeq-optometrists-subiaco,EyeQ Optometrists,Australia,WA,EyeQ Optometrists Subiaco,corridor-au-wa-subiaco-rokeby-road,Rokeby Road,High Street,Medium,Numbered street address without a corroborated centre match,https://www.eyeq.com.au/optometrist/subiaco/,2026-09-02,,Accepted,true
opsm-1288,OPSM,Australia,WA,OPSM Subiaco,corridor-au-wa-subiaco-rokeby-road,Rokeby Road,High Street,Medium,Numbered street address without a corroborated centre match,https://www.opsm.com.au/en/opsm-au/find-store,2026-09-01,,Accepted,true
specsavers-3644,Specsavers,Australia,WA,Subiaco,corridor-au-wa-subiaco-rokeby-road,Rokeby Road,High Street,Medium,Official address is in the Rogerson Building on Rokeby Road with no centre tenancy identified,https://www.specsavers.com.au/stores/subiaco,2026-09-02,,Accepted,true
laubman-pank-cockburn-optometrist,Laubman & Pank,Australia,WA,Laubman & Pank Cockburn Gateways,place-au-wa-gateways-shopping-centre,Gateways Shopping Centre,Shopping Centre,High,Canonicalised from the store's named retail-place evidence,https://www.laubmanandpank.com.au/store/cockburn-optometrist,2026-09-02,wa-gateways,Accepted,true
opsm-1424,OPSM,Australia,WA,OPSM Gateways,place-au-wa-cockburn-gateway-shopping-centre,Cockburn Gateway,Shopping Centre,High,Official store address matches the authoritative canonical place address,https://www.cockburngateway.com.au/,2026-09-02,,Accepted,true
specsavers-3434,Specsavers,Australia,WA,Success - Cockburn Gateway S/C,place-au-wa-cockburn-gateway-shopping-centre,Cockburn Gateway,Shopping Centre,High,Canonicalised from the store's named retail-place evidence,https://www.specsavers.com.au/stores/success,2026-09-01,wa-cockburn-gateway,Accepted,true
independent-other-optical-provision-17788,Independent / Other optical,Australia,WA,Forest Lakes Optometrist,place-au-wa-forest-lakes-forum,Forest Lakes Forum,Shopping Centre,High,Canonicalised from the store's named retail-place evidence,https://www.provision.com.au/practice/forest-lakes-optometrist/,2026-09-02,wa-forest-forum-lakes,Accepted,true
laubman-pank-forest-lakes-optometrist,Laubman & Pank,Australia,WA,Laubman & Pank Forest Lakes Thornlie,place-au-wa-forest-lakes-forum,Forest Lakes Forum,Shopping Centre,High,Canonicalised from the store's named retail-place evidence,https://www.laubmanandpank.com.au/store/forest-lakes-optometrist,2026-09-02,wa-forest-forum-lakes,Accepted,true
specsavers-3234,Specsavers,Australia,WA,Victoria Park Central,place-au-wa-victoria-park-central,Victoria Park Central,Shopping Centre,High,Official store name and address explicitly identify Victoria Park Central,https://www.specsavers.com.au/stores/victoriapark,2026-09-02,,Accepted,true
opsm-2935,OPSM,Australia,WA,OPSM Wanneroo,corridor-au-wa-wanneroo-wanneroo-road,Wanneroo Road,High Street,Medium,Numbered street address without a corroborated centre match,https://www.opsm.com.au/en/opsm-au/find-store,2026-09-01,,Accepted,true
specsavers-3472,Specsavers,Australia,WA,Wanneroo Central,place-au-wa-wanneroo-central,Wanneroo Central,Shopping Centre,High,Official store name and address explicitly identify Wanneroo Central,https://www.specsavers.com.au/stores/wanneroo,2026-09-02,,Accepted,true
independent-other-optical-osm-au-node-12743733613,Independent / Other optical,Australia,WA,Options Optometrists Warnbro,place-au-wa-warnbro-centre,Warnbro Centre,Shopping Centre,High,Official store address matches the authoritative canonical place address,https://regiongroup.au/portfolio/,2026-09-02,,Accepted,true
opsm-1249,OPSM,Australia,WA,OPSM Warnbro,place-au-wa-warnbro-centre,Warnbro Centre,Shopping Centre,High,Official store address matches the authoritative canonical place address,https://regiongroup.au/portfolio/,2026-09-02,,Accepted,true
specsavers-3492,Specsavers,Australia,WA,Warnbro Centre,place-au-wa-warnbro-centre,Warnbro Centre,Shopping Centre,High,Canonicalised from the store's named retail-place evidence,https://www.specsavers.com.au/stores/warnbro,2026-09-01,wa-warnbro,Accepted,true
opsm-1077,OPSM,Australia,WA,OPSM Warwick,corridor-au-wa-warwick-ernidale-road,Ernidale Road,High Street,Medium,Numbered street address without a corroborated centre match,https://www.opsm.com.au/en/opsm-au/find-store,2026-09-01,,Accepted,true
specsavers-3462,Specsavers,Australia,WA,Warwick Grove,place-au-wa-warwick-grove,Warwick Grove,Shopping Centre,High,Official address explicitly names Warwick Grove,https://www.specsavers.com.au/stores/warwick,2026-09-02,,Accepted,true
independent-other-optical-provision-17809,Independent / Other optical,Australia,WA,The Focal Point Optometrist,corridor-au-wa-wembley-harborne-street,Harborne Street,High Street,Medium,Numbered street address without a corroborated centre match,https://www.provision.com.au/practice/the-focal-point-optometrist/,2026-09-02,,Accepted,true
independent-other-optical-provision-177064,Independent / Other optical,Australia,WA,Eye Studio Optometrists,corridor-au-wa-willetton-burrendah-boulevard,Burrendah Boulevard,High Street,Medium,Numbered street address without a corroborated centre match,https://www.provision.com.au/practice/eye-studio/,2026-09-02,,Accepted,true
specsavers-3395,Specsavers,Australia,WA,Willetton-Southlands Blvd,place-au-wa-homeco-southlands-boulevarde,HomeCo. Southlands Boulevarde,Shopping Centre,High,Canonicalised from the store's named retail-place evidence,https://www.specsavers.com.au/stores/willetton,2026-09-01,wa-boulevarde-homeco-southlands,Accepted,true
specsavers-3229,Specsavers,Australia,WA,Winthrop Village S/C,place-au-wa-winthrop-village-shopping-centre,Winthrop Village Shopping Centre,Shopping Centre,High,Canonicalised from the store's named retail-place evidence,https://www.specsavers.com.au/stores/winthrop-village,2026-09-01,wa-village-winthrop,Accepted,true
specsavers-3435,Specsavers,Australia,WA,Yokine - Dog Swamp S/C,place-au-wa-dog-swamp-shopping-centre,Dog Swamp Shopping Centre,Shopping Centre,High,Canonicalised from the store's named retail-place evidence,https://www.specsavers.com.au/stores/yokine,2026-09-01,wa-dog-swamp,Accepted,true
independent-other-optical-osm-ne-node-1661647029,Independent / Other optical,New Zealand,Waikato,Flagstaff Eye Care,,,Uncertain,Uncertain,Location setting needs consultant review,https://www.openstreetmap.org/node/1661647029,2026-09-01,,Needs review,false
independent-other-optical-osm-ne-node-2879410946,Independent / Other optical,New Zealand,Waikato,Paterson Burn,,,Uncertain,Uncertain,Location setting needs consultant review,https://www.openstreetmap.org/node/2879410946,2026-09-01,,Needs review,false
independent-other-optical-osm-ne-node-2875412806,Independent / Other optical,New Zealand,Waikato,Visique Rototuna Optometrists,,,Uncertain,Uncertain,Location setting needs consultant review,https://www.openstreetmap.org/node/2875412806,2026-09-01,,Needs review,false
matthews-eyecare-nz-120000583,Matthews Eyecare,New Zealand,Waikato,Matthews Eyecare,corridor-nz-waikato-cambridge-duke-street,Duke Street,High Street,Medium,Numbered street address without a corroborated centre match,https://matthews.co.nz/practices/cambridge/,2026-09-03,,Accepted,true
bailey-nelson-nz-optometrist-hamilton,Bailey Nelson,New Zealand,Waikato,Bailey Nelson Hamilton,place-nz-waikato-chartwell-shopping-centre,Chartwell Shopping Centre,Shopping Centre,High,Canonicalised from the store's named retail-place evidence,https://baileynelson.co.nz/pages/optometrist-hamilton,2026-09-01,waikato-chartwell,Accepted,true
independent-other-optical-osm-ne-way-290610593,Independent / Other optical,New Zealand,Waikato,Visique,corridor-nz-waikato-frankton-lake-road,Lake Road,High Street,Medium,Numbered street address without a corroborated centre match,https://www.openstreetmap.org/way/290610593,2026-09-01,,Accepted,true
independent-other-optical-osm-ne-node-2520708371,Independent / Other optical,New Zealand,Waikato,Gates Optometrists,corridor-nz-waikato-hamilton-barton-street,Barton Street,High Street,Medium,Numbered street address without a corroborated centre match,http://gates.net.nz/,2026-09-01,,Accepted,false
matthews-eyecare-nz-120000658,Matthews Eyecare,New Zealand,Waikato,"Bell, Neuhauser & Matthews",corridor-nz-waikato-hamilton-anglesea-street,Anglesea Street,High Street,Medium,Numbered street address without a corroborated centre match,https://matthews.co.nz/practices/hamilton/,2026-09-03,,Accepted,true
opsm-nz-1611,OPSM,New Zealand,Waikato,OPSM Hamilton,corridor-nz-waikato-hamilton-victoria-street,Victoria Street,High Street,Medium,Numbered street address without a corroborated centre match,https://www.opsm.co.nz/find-store,2026-09-01,,Accepted,true
opsm-nz-1690,OPSM,New Zealand,Waikato,OPSM Hamilton Chartwell,place-nz-waikato-chartwell-shopping-centre,Chartwell Shopping Centre,Shopping Centre,High,Official Chartwell Shopping Centre directory lists OPSM as a tenant,https://www.chartwellshopping.co.nz/stores/opsm,2026-09-02,,Accepted,true
opsm-nz-2956,OPSM,New Zealand,Waikato,OPSM The Base,corridor-nz-waikato-hamilton-wairere-drive,Wairere Drive,High Street,Medium,Best-judgement street-address classification; no centre evidence found,https://www.opsm.co.nz/find-store,2026-09-01,,Accepted,true
specsavers-nz-3813,Specsavers,New Zealand,Waikato,Chartwell Shopping Centre,place-nz-waikato-chartwell-shopping-centre,Chartwell Shopping Centre,Shopping Centre,High,Canonicalised from the store's named retail-place evidence,https://www.specsavers.co.nz/stores/chartwell,2026-09-01,waikato-chartwell,Accepted,true
specsavers-nz-3857,Specsavers,New Zealand,Waikato,Hamilton CBD,corridor-nz-waikato-hamilton-bryce-street,Bryce Street,High Street,Medium,Numbered street address without a corroborated centre match,https://www.specsavers.co.nz/stores/hamiltoncbd,2026-09-01,,Accepted,true
specsavers-nz-3845,Specsavers,New Zealand,Waikato,"Te Rapa, Te Awa - The Base",place-nz-waikato-te-awa-at-the-base,Te Awa at The Base,Shopping Centre,High,Official store name and address explicitly identify Te Awa at The Base,https://www.specsavers.co.nz/stores/terapa,2026-09-02,,Accepted,true
independent-other-optical-osm-ne-node-2374693867,Independent / Other optical,New Zealand,Waikato,OSPM,corridor-nz-waikato-hamilton-central-ward-street,Ward Street,High Street,Medium,Numbered street address without a corroborated centre match,https://www.openstreetmap.org/node/2374693867,2026-09-01,,Accepted,false
independent-other-optical-osm-ne-way-233487397,Independent / Other optical,New Zealand,Waikato,Paterson Burn,corridor-nz-waikato-hamilton-central-anglesea-street,Anglesea Street,High Street,Medium,Numbered street address without a corroborated centre match,https://www.openstreetmap.org/way/233487397,2026-09-01,,Accepted,false
independent-other-optical-osm-ne-node-2421501216,Independent / Other optical,New Zealand,Waikato,Total Vision,corridor-nz-waikato-hamilton-east-grey-street,Grey Street,High Street,Medium,Numbered street address without a corroborated centre match,https://www.openstreetmap.org/node/2421501216,2026-09-01,,Accepted,true
matthews-eyecare-nz-Cbhc57urQOO_mDW3hQ4LTA,Matthews Eyecare,New Zealand,Waikato,Formerly Ross Gordon Optometrists,corridor-nz-waikato-taupo-ruapehu-street,Ruapehu Street,High Street,Medium,Numbered street address without a corroborated centre match,https://matthews.co.nz/practices/taupo/,2026-09-03,,Accepted,true
opsm-nz-2979,OPSM,New Zealand,Waikato,OPSM Taupo,corridor-nz-waikato-taupo-te-heuheu-street,Te Heuheu Street,High Street,Medium,Numbered street address without a corroborated centre match,https://www.opsm.co.nz/find-store,2026-09-01,,Accepted,true
specsavers-nz-3859,Specsavers,New Zealand,Waikato,Taupo,corridor-nz-waikato-taupo-horomatangi-street,Horomatangi Street,High Street,Medium,Numbered street address without a corroborated centre match,https://www.specsavers.co.nz/stores/taupo,2026-09-01,,Accepted,true
matthews-eyecare-nz-120000629,Matthews Eyecare,New Zealand,Waikato,Matthews Eyecare,corridor-nz-waikato-te-awamutu-alexandra-street,Alexandra Street,High Street,Medium,Numbered street address without a corroborated centre match,https://matthews.co.nz/practices/teawamutu/,2026-09-03,,Accepted,true
matthews-eyecare-nz-AxXyzSQbSp6Mu2HhFZG7Mw,Matthews Eyecare,New Zealand,Waikato,King Country Optometrists,corridor-nz-waikato-te-kuiti-rora-street,Rora Street,High Street,Medium,Numbered street address without a corroborated centre match,https://matthews.co.nz/practices/te-kuiti/,2026-09-03,,Accepted,true
opsm-nz-1605,OPSM,New Zealand,Waikato,OPSM Thames,corridor-nz-waikato-thames-pollen-street,Pollen Street,High Street,Medium,Numbered street address without a corroborated centre match,https://www.opsm.co.nz/find-store,2026-09-01,,Accepted,true
specsavers-nz-3869,Specsavers,New Zealand,Waikato,Thames,place-nz-waikato-goldfields-shopping-centre,Goldfields Shopping Centre,Shopping Centre,High,Canonicalised from the store's named retail-place evidence,https://www.specsavers.co.nz/stores/thames,2026-09-01,waikato-goldfields,Accepted,true
independent-other-optical-osm-ne-node-6001914682,Independent / Other optical,New Zealand,Wellington,Sercombe and Matheson,,,Uncertain,Uncertain,Location setting needs consultant review,https://www.opticians.co.nz/,2026-09-01,,Needs review,false
independent-other-optical-osm-ne-node-7290149264,Independent / Other optical,New Zealand,Wellington,Sercombe and Matheson Opticians,,,Uncertain,Uncertain,Location setting needs consultant review,https://www.opticians.co.nz/,2026-09-01,,Needs review,false
independent-other-optical-osm-ne-node-6064972602,Independent / Other optical,New Zealand,Wellington,Visique CapitalEyes,,,Uncertain,Uncertain,Location setting needs consultant review,https://www.capitaleyes.co.nz/,2026-09-01,,Needs review,false
independent-other-optical-osm-ne-node-5903627913,Independent / Other optical,New Zealand,Wellington,Woodward Optical,,,Uncertain,Uncertain,Location setting needs consultant review,https://woodwardoptical.co.nz/,2026-09-01,,Needs review,false
independent-other-optical-osm-ne-node-2582063378,Independent / Other optical,New Zealand,Wellington,clear vision,,,Uncertain,Uncertain,Location setting needs consultant review,https://www.openstreetmap.org/node/2582063378,2026-09-01,,Needs review,false
opsm-nz-1621,OPSM,New Zealand,Wellington,OPSM Lambton Quay,corridor-nz-wellington-central-wellington-hunter-street,Hunter Street,High Street,Medium,Numbered street address without a corroborated centre match,https://www.opsm.co.nz/find-store,2026-09-01,,Accepted,true
bailey-nelson-nz-optometrist-queensgate,Bailey Nelson,New Zealand,Wellington,Bailey Nelson Queensgate,place-nz-wellington-queensgate-shopping-centre,Queensgate Shopping Centre,Shopping Centre,High,Canonicalised from the store's named retail-place evidence,https://baileynelson.co.nz/pages/optometrist-queensgate,2026-09-01,wellington-queensgate,Accepted,true
opsm-nz-1645,OPSM,New Zealand,Wellington,OPSM Queensgate,corridor-nz-wellington-lower-hutt-bunny-street,Bunny Street,High Street,Medium,Numbered street address without a corroborated centre match,https://www.opsm.co.nz/find-store,2026-09-01,,Accepted,true
oscar-wylee-nz-optometrist-queensgate,Oscar Wylee,New Zealand,Wellington,Oscar Wylee Queensgate Shopping Centre,place-nz-wellington-queensgate-shopping-centre,Queensgate Shopping Centre,Shopping Centre,High,Canonicalised from the store's named retail-place evidence,https://www.oscarwylee.co.nz/locations/optometrist-queensgate.html,2026-09-01,wellington-queensgate,Accepted,true
independent-other-optical-osm-ne-node-3879084550,Independent / Other optical,New Zealand,Wellington,Stuart Henderson Optometrist,corridor-nz-wellington-masterton-queen-street,Queen Street,High Street,Medium,Numbered street address without a corroborated centre match,https://www.openstreetmap.org/node/3879084550,2026-09-01,,Accepted,true
specsavers-nz-3861,Specsavers,New Zealand,Wellington,Masterton,corridor-nz-wellington-masterton-queen-street-masterton,Queen Street Masterton,High Street,Medium,Official address is a Queen Street shopfront with no named shopping centre,https://www.specsavers.co.nz/stores/masterton,2026-09-02,,Accepted,true
opsm-nz-1679,OPSM,New Zealand,Wellington,OPSM The Plaza,place-nz-manawatu-whanganui-the-plaza-palmerston-north,The Plaza Palmerston North,Shopping Centre,High,Canonicalised from the store's named retail-place evidence,https://www.opsm.co.nz/find-store,2026-09-01,wellington-plaza-the,Accepted,true
matthews-eyecare-nz-120000610,Matthews Eyecare,New Zealand,Wellington,Grylls & Matthews Optometrists,corridor-nz-wellington-paraparaumu-ihakara-street,Ihakara Street,High Street,Medium,Numbered street address without a corroborated centre match,https://matthews.co.nz/practices/kapiti/,2026-09-03,,Accepted,true
opsm-nz-1631,OPSM,New Zealand,Wellington,OPSM Coastlands,place-nz-wellington-coastlands-shoppingtown,Coastlands Shoppingtown,Shopping Centre,Medium,The current official OPSM record names Coastlands and gives the Paraparaumu centre address,https://www.opsm.co.nz/find-store,2026-09-03,,Accepted,true
specsavers-nz-3851,Specsavers,New Zealand,Wellington,Paraparaumu - Coastlands S'town,place-nz-wellington-coastlands-shoppingtown,Coastlands Shoppingtown,Shopping Centre,High,Canonicalised from the store's named retail-place evidence,https://www.specsavers.co.nz/stores/paraparaumu,2026-09-01,wellington-coastlands,Accepted,true
opsm-nz-1681,OPSM,New Zealand,Wellington,OPSM Porirua,place-nz-wellington-north-city-shopping-centre,North City Shopping Centre,Shopping Centre,High,Official store address matches the authoritative canonical place address,https://north-city.co.nz/,2026-09-02,,Accepted,true
specsavers-nz-3844,Specsavers,New Zealand,Wellington,Porirua - North City S/C,place-nz-wellington-north-city-shopping-centre,North City Shopping Centre,Shopping Centre,High,Canonicalised from the store's named retail-place evidence,https://www.specsavers.co.nz/stores/porirua,2026-09-01,wellington-city-north,Accepted,true
opsm-nz-1600,OPSM,New Zealand,Wellington,OPSM Masterton,corridor-nz-wellington-south-wairarapa-district-queen-street,Queen Street,High Street,Medium,Numbered street address without a corroborated centre match,https://www.opsm.co.nz/find-store,2026-09-01,,Accepted,true
opsm-nz-1604,OPSM,New Zealand,Wellington,OPSM Cuba St,place-nz-wellington-cnr-cuba-mall-and-dixon-street,Cuba Street / Cuba Mall,High Street,High,The current official OPSM record gives the numbered street address at 80 Cuba Street; a nearby corner label is not evidence of a shopping-centre tenancy,https://www.opsm.co.nz/find-store,2026-09-03,,Accepted,true
opsm-nz-1663,OPSM,New Zealand,Wellington,OPSM Upper Hutt,corridor-nz-wellington-upper-hutt-main-street,Main Street,High Street,Medium,Numbered street address without a corroborated centre match,https://www.opsm.co.nz/find-store,2026-09-01,,Accepted,true
specsavers-nz-3867,Specsavers,New Zealand,Wellington,Upper Hutt,corridor-nz-wellington-upper-hutt-main-street,Main Street,High Street,Medium,Numbered street address without a corroborated centre match,https://www.specsavers.co.nz/stores/upperhutt,2026-09-01,,Accepted,true
independent-other-optical-osm-ne-way-336009843,Independent / Other optical,New Zealand,Wellington,WaikanEye,corridor-nz-wellington-waikanae-te-moana-road,Te Moana Road,High Street,Medium,Numbered street address without a corroborated centre match,https://www.openstreetmap.org/way/336009843,2026-09-01,,Accepted,true
bailey-nelson-nz-optometrist-willis-street,Bailey Nelson,New Zealand,Wellington,Bailey Nelson Willis Street,corridor-nz-wellington-wellington-willis-street,Willis Street,High Street,Medium,Numbered street address without a corroborated centre match,https://baileynelson.co.nz/pages/optometrist-willis-street,2026-09-01,,Accepted,true
matthews-eyecare-nz-120000641,Matthews Eyecare,New Zealand,Wellington,Sangster & Matthews,corridor-nz-wellington-wellington-the-terrace,The Terrace,High Street,Medium,Numbered street address without a corroborated centre match,https://matthews.co.nz/practices/wellington/,2026-09-03,,Accepted,true
oscar-wylee-nz-optometrist-wellington-central,Oscar Wylee,New Zealand,Wellington,Oscar Wylee Wellington Central,corridor-nz-wellington-wellington-willis-street,Willis Street,High Street,Medium,Numbered street address without a corroborated centre match,https://www.oscarwylee.co.nz/locations/optometrist-wellington-central.html,2026-09-01,,Accepted,true
specsavers-nz-3858,Specsavers,New Zealand,Wellington,Cuba Street - Wellington,place-nz-wellington-cnr-cuba-mall-and-dixon-street,Cuba Street / Cuba Mall,High Street,High,Canonicalised from the store's named retail-place evidence,https://www.specsavers.co.nz/stores/wellingtoncbdsouth,2026-09-01,wellington-and-cnr-cuba-dixon-street,Accepted,true
specsavers-nz-3855,Specsavers,New Zealand,Wellington,Johnsonville,place-nz-wellington-johnsonville-shopping-centre,Johnsonville Shopping Centre,Shopping Centre,High,Canonicalised from the store's named retail-place evidence,https://www.specsavers.co.nz/stores/johnsonville,2026-09-01,wellington-johnsonville,Accepted,true
specsavers-nz-3843,Specsavers,New Zealand,Wellington,Lambton Quay - Wellington,corridor-nz-wellington-wellington-lambton-quay,Lambton Quay,High Street,Medium,Official address is a Lambton Quay shopfront with no named shopping centre,https://www.specsavers.co.nz/stores/wellingtonlambton,2026-09-02,,Accepted,true
specsavers-nz-3803,Specsavers,New Zealand,Wellington,Lower Hutt - Queensgate S/C,place-nz-wellington-queensgate-shopping-centre,Queensgate Shopping Centre,Shopping Centre,High,Canonicalised from the store's named retail-place evidence,https://www.specsavers.co.nz/stores/lowerhutt,2026-09-01,wellington-queensgate,Accepted,true
