store_id,retailer,country,state,location_setting,place_id,mapping_confidence,operational_status,usable_for_network,current_source,eligible_for_analytics,eligible_for_place_analytics,source_id,issues
independent-other-optical-osm-au-node-2161974913,Independent / Other optical,Australia,ACT,Uncertain,,Uncertain,Limited,false,true,false,false,osm-opticians,record lacks a meaningful public storefront address; location setting needs review
independent-other-optical-osm-au-node-11974077342,Independent / Other optical,Australia,ACT,High Street,corridor-au-act-act-benjamin-way,Medium,Limited,false,true,false,false,osm-opticians,record lacks a meaningful public storefront address
independent-other-optical-osm-au-node-8515803402,Independent / Other optical,Australia,ACT,Uncertain,,Uncertain,Limited,false,true,false,false,osm-opticians,record lacks a meaningful public storefront address; location setting needs review
independent-other-optical-osm-au-node-2161972681,Independent / Other optical,Australia,ACT,Uncertain,,Uncertain,Limited,false,true,false,false,osm-opticians,record lacks a meaningful public storefront address; location setting needs review
independent-other-optical-osm-au-node-1896332017,Independent / Other optical,Australia,ACT,Uncertain,,Uncertain,Limited,false,true,false,false,osm-opticians,record lacks a meaningful public storefront address; location setting needs review
bailey-nelson-belconnen,Bailey Nelson,Australia,ACT,Shopping Centre,place-au-act-westfield-belconnen,High,Usable,true,true,true,true,bailey-nelson-au,
opsm-1221,OPSM,Australia,ACT,Shopping Centre,place-au-act-westfield-belconnen,Medium,Usable,true,true,true,true,opsm-au,
oscar-wylee-124,Oscar Wylee,Australia,ACT,Shopping Centre,place-au-act-westfield-belconnen,High,Usable,true,true,true,true,oscar-wylee-au,
specsavers-3307,Specsavers,Australia,ACT,Shopping Centre,place-au-act-westfield-belconnen,High,Usable,true,true,true,true,specsavers-au,
bailey-nelson-canberra,Bailey Nelson,Australia,ACT,High Street,corridor-au-act-canberra-bunda-street,Medium,Usable,true,true,true,true,bailey-nelson-au,
opsm-1029,OPSM,Australia,ACT,High Street,corridor-au-act-canberra-bunda-street,Medium,Usable,true,true,true,true,opsm-au,
oscar-wylee-12,Oscar Wylee,Australia,ACT,Shopping Centre,place-au-act-canberra-centre,High,Usable,true,true,true,true,oscar-wylee-au,
specsavers-3309,Specsavers,Australia,ACT,Shopping Centre,place-au-act-canberra-centre,High,Usable,true,true,true,true,specsavers-au,
oscar-wylee-73,Oscar Wylee,Australia,ACT,Shopping Centre,place-au-act-south-point-shopping-centre,Medium,Usable,true,true,true,true,oscar-wylee-au,
specsavers-3308,Specsavers,Australia,ACT,Shopping Centre,place-au-act-south-point-shopping-centre,High,Usable,true,true,true,true,specsavers-au,
opsm-1121,OPSM,Australia,ACT,Shopping Centre,place-au-act-marketplace-gungahlin,High,Usable,true,true,true,true,opsm-au,
specsavers-3583,Specsavers,Australia,ACT,Shopping Centre,place-au-act-marketplace-gungahlin,High,Usable,true,true,true,true,specsavers-au,
oscar-wylee-135,Oscar Wylee,Australia,ACT,Shopping Centre,place-au-act-westfield-woden,High,Usable,true,true,true,true,oscar-wylee-au,
specsavers-3346,Specsavers,Australia,ACT,Shopping Centre,place-au-act-westfield-woden,High,Usable,true,true,true,true,specsavers-au,
opsm-1009,OPSM,Australia,ACT,High Street,corridor-au-act-tuggeranong-anketell-street,Medium,Usable,true,true,true,true,opsm-au,
opsm-2265,OPSM,Australia,ACT,High Street,corridor-au-act-weston-creek-brierly-street,Medium,Usable,true,true,true,true,opsm-au,
specsavers-3657,Specsavers,Australia,ACT,Shopping Centre,place-au-act-cooleman-court,High,Usable,true,true,true,true,specsavers-au,
opsm-1226,OPSM,Australia,ACT,Shopping Centre,place-au-act-westfield-woden,Medium,Usable,true,true,true,true,opsm-au,
independent-other-optical-osm-ne-node-7009136867,Independent / Other optical,New Zealand,Auckland,Uncertain,,Uncertain,Limited,false,true,false,false,osm-opticians,record lacks a meaningful public storefront address; location setting needs review
independent-other-optical-osm-ne-node-6923678892,Independent / Other optical,New Zealand,Auckland,Uncertain,,Uncertain,Limited,false,true,false,false,osm-opticians,record lacks a meaningful public storefront address; location setting needs review
independent-other-optical-osm-ne-node-6169401087,Independent / Other optical,New Zealand,Auckland,Uncertain,,Uncertain,Limited,false,true,false,false,osm-opticians,record lacks a meaningful public storefront address; location setting needs review
independent-other-optical-osm-ne-way-879150414,Independent / Other optical,New Zealand,Auckland,Uncertain,,Uncertain,Limited,false,true,false,false,osm-opticians,record lacks a meaningful public storefront address; location setting needs review
independent-other-optical-osm-ne-node-10892579810,Independent / Other optical,New Zealand,Auckland,Uncertain,,Uncertain,Limited,false,true,false,false,osm-opticians,record lacks a meaningful public storefront address; location setting needs review
independent-other-optical-osm-ne-node-13822996704,Independent / Other optical,New Zealand,Auckland,High Street,corridor-nz-auckland-auckland-jervois-road,Medium,Limited,false,true,false,false,osm-opticians,record lacks a meaningful public storefront address
independent-other-optical-osm-ne-node-6162557005,Independent / Other optical,New Zealand,Auckland,Uncertain,,Uncertain,Limited,false,true,false,false,osm-opticians,record lacks a meaningful public storefront address; location setting needs review
independent-other-optical-osm-ne-node-13805150403,Independent / Other optical,New Zealand,Auckland,High Street,corridor-nz-auckland-auckland-hurstmere-road,Medium,Limited,false,true,false,false,osm-opticians,record lacks a meaningful public storefront address
independent-other-optical-osm-ne-node-14086659006,Independent / Other optical,New Zealand,Auckland,High Street,corridor-nz-auckland-auckland-tamaki-drive,Medium,Limited,false,true,false,false,osm-opticians,record lacks a meaningful public storefront address
independent-other-optical-osm-ne-node-5466762097,Independent / Other optical,New Zealand,Auckland,High Street,corridor-nz-auckland-auckland-ponsonby-road,Medium,Limited,false,true,false,false,osm-opticians,record lacks a meaningful public storefront address
independent-other-optical-osm-ne-node-11204116311,Independent / Other optical,New Zealand,Auckland,Uncertain,,Uncertain,Limited,false,true,false,false,osm-opticians,record lacks a meaningful public storefront address; location setting needs review
independent-other-optical-osm-ne-way-911692375,Independent / Other optical,New Zealand,Auckland,Uncertain,,Uncertain,Limited,false,true,false,false,osm-opticians,record lacks a meaningful public storefront address; location setting needs review
independent-other-optical-osm-ne-node-4396978791,Independent / Other optical,New Zealand,Auckland,Uncertain,,Uncertain,Limited,false,true,false,false,osm-opticians,record lacks a meaningful public storefront address; location setting needs review
independent-other-optical-osm-ne-node-12594285407,Independent / Other optical,New Zealand,Auckland,High Street,corridor-nz-auckland-auckland-queens-road,Medium,Limited,false,true,false,false,osm-opticians,record lacks a meaningful public storefront address
independent-other-optical-osm-ne-node-10086117777,Independent / Other optical,New Zealand,Auckland,Shopping Centre,place-nz-auckland-vision-centre,High,Limited,false,true,false,false,osm-opticians,record lacks a meaningful public storefront address
independent-other-optical-osm-ne-node-2660761055,Independent / Other optical,New Zealand,Auckland,Uncertain,,Uncertain,Limited,false,true,false,false,osm-opticians,record lacks a meaningful public storefront address; location setting needs review
independent-other-optical-osm-ne-way-262147882,Independent / Other optical,New Zealand,Auckland,Shopping Centre,place-nz-auckland-onehunga-mall,High,Limited,false,true,false,false,osm-opticians,record lacks a meaningful public storefront address
opsm-nz-1309,OPSM,New Zealand,Auckland,Shopping Centre,place-nz-auckland-westfield-albany,Medium,Usable,true,true,true,true,opsm-nz,
oscar-wylee-nz-optometrist-albany,Oscar Wylee,New Zealand,Auckland,Shopping Centre,place-nz-auckland-westfield-albany,High,Usable,true,true,true,true,oscar-wylee-nz,
bailey-nelson-nz-optometrist-albany-auckland,Bailey Nelson,New Zealand,Auckland,Shopping Centre,place-nz-auckland-westfield-albany,High,Usable,true,true,true,true,bailey-nelson-nz,
bailey-nelson-nz-optometrist-ponsonby,Bailey Nelson,New Zealand,Auckland,High Street,corridor-nz-auckland-auckland-ponsonby-road,High,Usable,true,true,true,true,bailey-nelson-nz,
bailey-nelson-nz-optometrist-st-lukes,Bailey Nelson,New Zealand,Auckland,Shopping Centre,place-nz-auckland-westfield-st-lukes,High,Usable,true,true,true,true,bailey-nelson-nz,
bailey-nelson-nz-optometrist-sylvia-park,Bailey Nelson,New Zealand,Auckland,Shopping Centre,place-nz-auckland-sylvia-park-mall,High,Usable,true,true,true,true,bailey-nelson-nz,
bailey-nelson-nz-optometrist-takapuna,Bailey Nelson,New Zealand,Auckland,High Street,corridor-nz-auckland-auckland-hurstmere-road,Medium,Usable,true,true,true,true,bailey-nelson-nz,
independent-other-optical-osm-ne-node-5913292096,Independent / Other optical,New Zealand,Auckland,High Street,corridor-nz-auckland-auckland-mokoia-road,Medium,Usable,true,true,true,true,osm-opticians,
opsm-nz-1689,OPSM,New Zealand,Auckland,Shopping Centre,place-nz-auckland-manukau-westfield,Medium,Usable,true,true,true,true,opsm-nz,
opsm-nz-4712,OPSM,New Zealand,Auckland,High Street,corridor-nz-auckland-auckland-mt-eden-road,Medium,Usable,true,true,true,true,opsm-nz,
opsm-nz-1612,OPSM,New Zealand,Auckland,High Street,corridor-nz-auckland-auckland-queen-street,Medium,Usable,true,true,true,true,opsm-nz,
opsm-nz-1682,OPSM,New Zealand,Auckland,High Street,corridor-nz-auckland-auckland-remuera-road,Medium,Usable,true,true,true,true,opsm-nz,
specsavers-nz-3801,Specsavers,New Zealand,Auckland,Shopping Centre,place-nz-auckland-westfield-albany,High,Usable,true,true,true,true,specsavers-nz,
specsavers-nz-3842,Specsavers,New Zealand,Auckland,High Street,corridor-nz-auckland-auckland-queen-street,Medium,Usable,true,true,true,true,specsavers-nz,
specsavers-nz-3827,Specsavers,New Zealand,Auckland,Shopping Centre,place-nz-auckland-botany-town-centre,High,Usable,true,true,true,true,specsavers-nz,
specsavers-nz-3811,Specsavers,New Zealand,Auckland,Shopping Centre,place-nz-auckland-glenfield-mall,High,Usable,true,true,true,true,specsavers-nz,
specsavers-nz-3806,Specsavers,New Zealand,Auckland,Shopping Centre,place-nz-auckland-westcity-waitakere-shopping-centre,High,Usable,true,true,true,true,specsavers-nz,
specsavers-nz-3809,Specsavers,New Zealand,Auckland,Shopping Centre,place-nz-auckland-manukau-westfield,High,Usable,true,true,true,true,specsavers-nz,
specsavers-nz-3807,Specsavers,New Zealand,Auckland,Shopping Centre,place-nz-auckland-northwest-shopping-centre,High,Usable,true,true,true,true,specsavers-nz,
specsavers-nz-3865,Specsavers,New Zealand,Auckland,High Street,corridor-nz-auckland-auckland-stoddard-road,Medium,Usable,true,true,true,true,specsavers-nz,
specsavers-nz-3866,Specsavers,New Zealand,Auckland,High Street,corridor-nz-auckland-auckland-lunn-avenue,Medium,Usable,true,true,true,true,specsavers-nz,
specsavers-nz-3849,Specsavers,New Zealand,Auckland,Shopping Centre,place-nz-auckland-newmarket-westfield,High,Usable,true,true,true,true,specsavers-nz,
specsavers-nz-3875,Specsavers,New Zealand,Auckland,Shopping Centre,place-nz-auckland-onehunga-mall,High,Usable,true,true,true,true,specsavers-nz,
specsavers-nz-3828,Specsavers,New Zealand,Auckland,High Street,corridor-nz-auckland-auckland-great-south-road,Medium,Usable,true,true,true,true,specsavers-nz,
specsavers-nz-3814,Specsavers,New Zealand,Auckland,High Street,corridor-nz-auckland-auckland-king-street,Medium,Usable,true,true,true,true,specsavers-nz,
specsavers-nz-3841,Specsavers,New Zealand,Auckland,Shopping Centre,place-nz-auckland-silverdale-mall,High,Usable,true,true,true,true,specsavers-nz,
specsavers-nz-3829,Specsavers,New Zealand,Auckland,Shopping Centre,place-nz-auckland-sylvia-park-mall,High,Usable,true,true,true,true,specsavers-nz,
specsavers-nz-3802,Specsavers,New Zealand,Auckland,High Street,corridor-nz-auckland-auckland-anzac-street,Medium,Usable,true,true,true,true,specsavers-nz,
oscar-wylee-nz-optometrist-auckland-cbd,Oscar Wylee,New Zealand,Auckland,High Street,corridor-nz-auckland-auckland-cbd-queen-street,High,Usable,true,true,true,true,oscar-wylee-nz,
bailey-nelson-nz-optometrist-auckland-cbd,Bailey Nelson,New Zealand,Auckland,Shopping Centre,place-nz-auckland-commercial-bay,High,Usable,true,true,true,true,bailey-nelson-nz,
opsm-nz-1692,OPSM,New Zealand,Auckland,High Street,corridor-nz-auckland-browns-bay-clyde-road,Medium,Usable,true,true,true,true,opsm-nz,
bailey-nelson-nz-optometrist-botany,Bailey Nelson,New Zealand,Auckland,Shopping Centre,place-nz-auckland-botany-town-centre,High,Usable,true,true,true,true,bailey-nelson-nz,
opsm-nz-1630,OPSM,New Zealand,Auckland,Shopping Centre,place-nz-auckland-botany-town-centre,High,Usable,true,true,true,true,opsm-nz,
specsavers-nz-3871,Specsavers,New Zealand,Auckland,Shopping Centre,place-nz-auckland-ormiston-town-centre,High,Usable,true,true,true,true,specsavers-nz,
opsm-nz-2833,OPSM,New Zealand,Auckland,High Street,corridor-nz-auckland-henderson-universal-drive,Medium,Usable,true,true,true,true,opsm-nz,
opsm-nz-1642,OPSM,New Zealand,Auckland,High Street,corridor-nz-auckland-henderson-catherine-street,Medium,Usable,true,true,true,true,opsm-nz,
oscar-wylee-nz-optometrist-manukau,Oscar Wylee,New Zealand,Auckland,Shopping Centre,place-nz-auckland-manukau-westfield,High,Usable,true,true,true,true,oscar-wylee-nz,
specsavers-nz-3874,Specsavers,New Zealand,Auckland,Shopping Centre,place-nz-auckland-manukau-city-centre,High,Usable,true,true,true,true,specsavers-nz,
opsm-nz-2929,OPSM,New Zealand,Auckland,High Street,corridor-nz-auckland-massey-maki-street,Medium,Usable,true,true,true,true,opsm-nz,
opsm-nz-1684,OPSM,New Zealand,Auckland,Shopping Centre,place-nz-auckland-milford-centre,High,Usable,true,true,true,true,opsm-nz,
opsm-nz-1687,OPSM,New Zealand,Auckland,Shopping Centre,place-nz-auckland-westfield-st-lukes,Medium,Usable,true,true,true,true,opsm-nz,
specsavers-nz-3825,Specsavers,New Zealand,Auckland,Shopping Centre,place-nz-auckland-westfield-st-lukes,High,Usable,true,true,true,true,specsavers-nz,
opsm-nz-2911,OPSM,New Zealand,Auckland,Shopping Centre,place-nz-auckland-sylvia-park-mall,Medium,Usable,true,true,true,true,opsm-nz,
opsm-nz-1686,OPSM,New Zealand,Auckland,Shopping Centre,place-nz-auckland-lynnmall-shopping-centre,Medium,Usable,true,true,true,true,opsm-nz,
oscar-wylee-nz-optometrist-new-lynn,Oscar Wylee,New Zealand,Auckland,Shopping Centre,place-nz-auckland-lynn-mall,High,Usable,true,true,true,true,oscar-wylee-nz,
specsavers-nz-3808,Specsavers,New Zealand,Auckland,Shopping Centre,place-nz-auckland-lynnmall-shopping-centre,High,Usable,true,true,true,true,specsavers-nz,
opsm-nz-1646,OPSM,New Zealand,Auckland,Shopping Centre,place-nz-auckland-newmarket-westfield,Medium,Usable,true,true,true,true,opsm-nz,
opsm-nz-1602,OPSM,New Zealand,Auckland,High Street,corridor-nz-auckland-papakura-great-south-road,Medium,Usable,true,true,true,true,opsm-nz,
opsm-nz-2926,OPSM,New Zealand,Auckland,High Street,corridor-nz-auckland-pukekohe-hill-hall-street,Medium,Usable,true,true,true,true,opsm-nz,
opsm-nz-1688,OPSM,New Zealand,Auckland,High Street,corridor-nz-auckland-royal-oak-manukau-road,Medium,Usable,true,true,true,true,opsm-nz,
opsm-nz-2353,OPSM,New Zealand,Auckland,Shopping Centre,place-nz-auckland-silverdale-centre,High,Usable,true,true,true,true,opsm-nz,
opsm-nz-1683,OPSM,New Zealand,Auckland,High Street,corridor-nz-auckland-st-heliers-st-heliers-bay-road,Medium,Usable,true,true,true,true,opsm-nz,
opsm-nz-2832,OPSM,New Zealand,Auckland,High Street,corridor-nz-auckland-takapuna-hurstmere-road,Medium,Usable,true,true,true,true,opsm-nz,
independent-other-optical-osm-ne-node-5551688223,Independent / Other optical,New Zealand,Bay of Plenty,Uncertain,,Uncertain,Limited,false,true,false,false,osm-opticians,record lacks a meaningful public storefront address; location setting needs review
opsm-nz-1390,OPSM,New Zealand,Bay of Plenty,Shopping Centre,place-nz-bay-of-plenty-bayfair-shopping-centre,Medium,Usable,true,true,true,true,opsm-nz,
opsm-nz-1625,OPSM,New Zealand,Bay of Plenty,High Street,corridor-nz-bay-of-plenty-rotorua-pukuatua-street,Medium,Usable,true,true,true,true,opsm-nz,
specsavers-nz-3822,Specsavers,New Zealand,Bay of Plenty,High Street,corridor-nz-bay-of-plenty-rotorua-eruera-street,Medium,Usable,true,true,true,true,specsavers-nz,
bailey-nelson-nz-optometrist-tauranga,Bailey Nelson,New Zealand,Bay of Plenty,Shopping Centre,place-nz-bay-of-plenty-bayfair-shopping-centre,High,Usable,true,true,true,true,bailey-nelson-nz,
opsm-nz-1412,OPSM,New Zealand,Bay of Plenty,High Street,corridor-nz-bay-of-plenty-tauranga-taurikura-drive,Medium,Usable,true,true,true,true,opsm-nz,
specsavers-nz-3812,Specsavers,New Zealand,Bay of Plenty,Shopping Centre,place-nz-bay-of-plenty-bayfair-shopping-centre,High,Usable,true,true,true,true,specsavers-nz,
specsavers-nz-3839,Specsavers,New Zealand,Bay of Plenty,High Street,corridor-nz-bay-of-plenty-tauranga-devonport-road,Medium,Usable,true,true,true,true,specsavers-nz,
specsavers-nz-3863,Specsavers,New Zealand,Bay of Plenty,Shopping Centre,place-nz-bay-of-plenty-tauranga-crossing,High,Usable,true,true,true,true,specsavers-nz,
opsm-nz-2830,OPSM,New Zealand,Bay of Plenty,High Street,corridor-nz-bay-of-plenty-whakatane-the-strand,Medium,Usable,true,true,true,true,opsm-nz,
specsavers-nz-3853,Specsavers,New Zealand,Bay of Plenty,High Street,corridor-nz-bay-of-plenty-whakatane-the-strand,High,Usable,true,true,true,true,specsavers-nz,
independent-other-optical-osm-ne-node-4757538924,Independent / Other optical,New Zealand,Canterbury,Uncertain,,Uncertain,Limited,false,true,false,false,osm-opticians,record lacks a meaningful public storefront address; location setting needs review
specsavers-nz-3864,Specsavers,New Zealand,Canterbury,High Street,corridor-nz-canterbury-ashburton-cass-street,Medium,Usable,true,true,true,true,specsavers-nz,
bailey-nelson-nz-optometrist-cashel-street,Bailey Nelson,New Zealand,Canterbury,High Street,corridor-nz-canterbury-christchurch-cashel-street,Medium,Usable,true,true,true,true,bailey-nelson-nz,
bailey-nelson-nz-optometrist-riccarton,Bailey Nelson,New Zealand,Canterbury,Shopping Centre,place-nz-canterbury-riccarton-westfield,High,Usable,true,true,true,true,bailey-nelson-nz,
opsm-nz-1010,OPSM,New Zealand,Canterbury,High Street,corridor-nz-canterbury-christchurch-main-south-road,Medium,Usable,true,true,true,true,opsm-nz,
opsm-nz-1620,OPSM,New Zealand,Canterbury,High Street,corridor-nz-canterbury-christchurch-kivers-lane,Medium,Usable,true,true,true,true,opsm-nz,
specsavers-nz-3854,Specsavers,New Zealand,Canterbury,Shopping Centre,place-nz-canterbury-the-hub-hornby-mall,High,Usable,true,true,true,true,specsavers-nz,
specsavers-nz-3804,Specsavers,New Zealand,Canterbury,Shopping Centre,place-nz-canterbury-northlands-mall,High,Usable,true,true,true,true,specsavers-nz,
specsavers-nz-3824,Specsavers,New Zealand,Canterbury,Shopping Centre,place-nz-canterbury-riccarton-westfield,High,Usable,true,true,true,true,specsavers-nz,
specsavers-nz-3815,Specsavers,New Zealand,Canterbury,Shopping Centre,place-nz-canterbury-the-palms-shopping-centre,High,Usable,true,true,true,true,specsavers-nz,
independent-other-optical-osm-ne-way-101162360,Independent / Other optical,New Zealand,Canterbury,High Street,corridor-nz-canterbury-christchurch-central-new-regent-street,Medium,Usable,true,true,true,true,osm-opticians,
opsm-nz-2949,OPSM,New Zealand,Canterbury,High Street,corridor-nz-canterbury-kaiapoi-williams-street,Medium,Usable,true,true,true,true,opsm-nz,
opsm-nz-1672,OPSM,New Zealand,Canterbury,High Street,corridor-nz-canterbury-merrivale-papanui-road,Medium,Usable,true,true,true,true,opsm-nz,
opsm-nz-1653,OPSM,New Zealand,Canterbury,High Street,corridor-nz-canterbury-papanui-main-north-road,Medium,Usable,true,true,true,true,opsm-nz,
oscar-wylee-nz-optometrist-northlands,Oscar Wylee,New Zealand,Canterbury,Shopping Centre,place-nz-canterbury-northlands-mall,High,Usable,true,true,true,true,oscar-wylee-nz,
opsm-nz-2948,OPSM,New Zealand,Canterbury,High Street,corridor-nz-canterbury-rangiora-high-street,Medium,Usable,true,true,true,true,opsm-nz,
specsavers-nz-3862,Specsavers,New Zealand,Canterbury,High Street,corridor-nz-canterbury-rangiora-high-street,Medium,Usable,true,true,true,true,specsavers-nz,
opsm-nz-1593,OPSM,New Zealand,Canterbury,Shopping Centre,place-nz-canterbury-riccarton-westfield,Medium,Usable,true,true,true,true,opsm-nz,
oscar-wylee-nz-optometrist-riccarton,Oscar Wylee,New Zealand,Canterbury,Shopping Centre,place-nz-canterbury-riccarton-westfield,High,Usable,true,true,true,true,oscar-wylee-nz,
opsm-nz-1413,OPSM,New Zealand,Canterbury,High Street,corridor-nz-canterbury-shirley-new-brighton-road,Medium,Usable,true,true,true,true,opsm-nz,
specsavers-nz-3826,Specsavers,New Zealand,Canterbury,High Street,corridor-nz-canterbury-timaru-elizabeth-street,Medium,Usable,true,true,true,true,specsavers-nz,
independent-other-optical-osm-ne-node-4523027569,Independent / Other optical,New Zealand,Gisborne,Uncertain,,Uncertain,Limited,false,true,false,false,osm-opticians,record lacks a meaningful public storefront address; location setting needs review
independent-other-optical-osm-ne-node-12611705756,Independent / Other optical,New Zealand,Gisborne,Uncertain,,Uncertain,Limited,false,true,false,false,osm-opticians,record lacks a meaningful public storefront address; location setting needs review
opsm-nz-7705,OPSM,New Zealand,Gisborne,High Street,corridor-nz-gisborne-gisborne-gladstone-road,Medium,Usable,true,true,true,true,opsm-nz,
specsavers-nz-3833,Specsavers,New Zealand,Gisborne,High Street,corridor-nz-gisborne-gisborne-gladstone-road,Medium,Usable,true,true,true,true,specsavers-nz,
independent-other-optical-osm-ne-way-372801612,Independent / Other optical,New Zealand,Hawke's Bay,High Street,corridor-nz-hawke-s-bay-hawke-s-bay-hastings-street,Medium,Limited,false,true,false,false,osm-opticians,record lacks a meaningful public storefront address
independent-other-optical-osm-ne-node-4327600580,Independent / Other optical,New Zealand,Hawke's Bay,High Street,corridor-nz-hawke-s-bay-hawke-s-bay-emerson-street,Medium,Limited,false,true,false,false,osm-opticians,record lacks a meaningful public storefront address
opsm-nz-1607,OPSM,New Zealand,Hawke's Bay,High Street,corridor-nz-hawke-s-bay-hastings-heretaunga-street,Medium,Usable,true,true,true,true,opsm-nz,
specsavers-nz-3836,Specsavers,New Zealand,Hawke's Bay,High Street,corridor-nz-hawke-s-bay-hastings-heretaunga-street,Medium,Usable,true,true,true,true,specsavers-nz,
opsm-nz-1619,OPSM,New Zealand,Hawke's Bay,High Street,corridor-nz-hawke-s-bay-napier-emeson-street,Medium,Usable,true,true,true,true,opsm-nz,
specsavers-nz-3837,Specsavers,New Zealand,Hawke's Bay,High Street,corridor-nz-hawke-s-bay-napier-emerson-street,Medium,Usable,true,true,true,true,specsavers-nz,
independent-other-optical-osm-ne-way-221688843,Independent / Other optical,New Zealand,Hawke's Bay,High Street,corridor-nz-hawke-s-bay-napier-south-carlyle-street,Medium,Limited,false,true,false,false,osm-opticians,record lacks a meaningful public storefront address
independent-other-optical-osm-ne-way-430131331,Independent / Other optical,New Zealand,Hawke's Bay,High Street,corridor-nz-hawke-s-bay-napier-south-tennyson-street,Medium,Usable,true,true,true,true,osm-opticians,
independent-other-optical-osm-ne-way-455198732,Independent / Other optical,New Zealand,Hawke's Bay,High Street,corridor-nz-hawke-s-bay-taradale-gloucester-street,Medium,Usable,true,true,true,true,osm-opticians,
independent-other-optical-osm-ne-way-455192520,Independent / Other optical,New Zealand,Hawke's Bay,High Street,corridor-nz-hawke-s-bay-taradale-gloucester-street,Medium,Usable,true,true,true,true,osm-opticians,
independent-other-optical-osm-ne-node-13475253028,Independent / Other optical,New Zealand,Manawatu-Whanganui,Uncertain,,Uncertain,Limited,false,true,false,false,osm-opticians,record lacks a meaningful public storefront address; location setting needs review
independent-other-optical-osm-ne-node-13312432427,Independent / Other optical,New Zealand,Manawatu-Whanganui,Uncertain,,Uncertain,Limited,false,true,false,false,osm-opticians,record lacks a meaningful public storefront address; location setting needs review
specsavers-nz-3876,Specsavers,New Zealand,Manawatu-Whanganui,Shopping Centre,place-nz-manawatu-whanganui-levin-shopping-centre,High,Usable,true,true,true,true,specsavers-nz,
independent-other-optical-osm-ne-node-5546969987,Independent / Other optical,New Zealand,Manawatu-Whanganui,High Street,corridor-nz-manawatu-whanganui-palmerston-north-broadway-avenue,Medium,Usable,true,true,true,true,osm-opticians,
oscar-wylee-nz-optometrist-palmerston-north,Oscar Wylee,New Zealand,Manawatu-Whanganui,Shopping Centre,place-nz-manawatu-whanganui-the-plaza-palmerston-north,High,Usable,true,true,true,true,oscar-wylee-nz,
specsavers-nz-3832,Specsavers,New Zealand,Manawatu-Whanganui,Shopping Centre,place-nz-manawatu-whanganui-the-plaza,High,Usable,true,true,true,true,specsavers-nz,
independent-other-optical-osm-ne-node-5510196686,Independent / Other optical,New Zealand,Manawatu-Whanganui,High Street,corridor-nz-manawatu-whanganui-whanganui-victoria-avenue,Medium,Usable,true,true,true,true,osm-opticians,
specsavers-nz-3847,Specsavers,New Zealand,Manawatu-Whanganui,High Street,corridor-nz-manawatu-whanganui-whanganui-victoria-avenue,Medium,Usable,true,true,true,true,specsavers-nz,
specsavers-nz-3852,Specsavers,New Zealand,Marlborough,High Street,corridor-nz-marlborough-blenheim-market-street,Medium,Usable,true,true,true,true,specsavers-nz,
independent-other-optical-osm-au-node-3981216558,Independent / Other optical,Australia,NSW,Uncertain,,Uncertain,Limited,false,true,false,false,osm-opticians,record lacks a meaningful public storefront address; location setting needs review
independent-other-optical-osm-au-node-12769119364,Independent / Other optical,Australia,NSW,Uncertain,,Uncertain,Limited,false,true,false,false,osm-opticians,record lacks a meaningful public storefront address; location setting needs review
independent-other-optical-osm-au-way-566960696,Independent / Other optical,Australia,NSW,High Street,corridor-au-nsw-nsw-beardy-street,Medium,Limited,false,true,false,false,osm-opticians,record lacks a meaningful public storefront address
independent-other-optical-osm-au-node-12803835793,Independent / Other optical,Australia,NSW,Uncertain,,Uncertain,Limited,false,true,false,false,osm-opticians,record lacks a meaningful public storefront address; location setting needs review
independent-other-optical-osm-au-way-496416221,Independent / Other optical,Australia,NSW,Uncertain,,Uncertain,Limited,false,true,false,false,osm-opticians,record lacks a meaningful public storefront address; location setting needs review
independent-other-optical-osm-au-node-4491736791,Independent / Other optical,Australia,NSW,Uncertain,,Uncertain,Limited,false,true,false,false,osm-opticians,record lacks a meaningful public storefront address; location setting needs review
independent-other-optical-osm-au-node-4547826400,Independent / Other optical,Australia,NSW,Uncertain,,Uncertain,Limited,false,true,false,false,osm-opticians,record lacks a meaningful public storefront address; location setting needs review
independent-other-optical-osm-au-node-4546298895,Independent / Other optical,Australia,NSW,Uncertain,,Uncertain,Limited,false,true,false,false,osm-opticians,record lacks a meaningful public storefront address; location setting needs review
independent-other-optical-osm-au-way-423230858,Independent / Other optical,Australia,NSW,High Street,corridor-au-nsw-nsw-king-street,Medium,Limited,false,true,false,false,osm-opticians,record lacks a meaningful public storefront address
independent-other-optical-osm-au-node-11106950103,Independent / Other optical,Australia,NSW,High Street,corridor-au-nsw-nsw-barker-street,Medium,Limited,false,true,false,false,osm-opticians,record lacks a meaningful public storefront address
independent-other-optical-osm-au-node-8512027148,Independent / Other optical,Australia,NSW,Uncertain,,Uncertain,Limited,false,true,false,false,osm-opticians,record lacks a meaningful public storefront address; location setting needs review
independent-other-optical-osm-au-node-2613244951,Independent / Other optical,Australia,NSW,Uncertain,,Uncertain,Limited,false,true,false,false,osm-opticians,record lacks a meaningful public storefront address; location setting needs review
independent-other-optical-osm-au-node-12706665276,Independent / Other optical,Australia,NSW,Uncertain,,Uncertain,Limited,false,true,false,false,osm-opticians,record lacks a meaningful public storefront address; location setting needs review
independent-other-optical-osm-au-node-4678091420,Independent / Other optical,Australia,NSW,Uncertain,,Uncertain,Limited,false,true,false,false,osm-opticians,record lacks a meaningful public storefront address; location setting needs review
independent-other-optical-osm-au-node-11898341739,Independent / Other optical,Australia,NSW,Uncertain,,Uncertain,Limited,false,true,false,false,osm-opticians,record lacks a meaningful public storefront address; location setting needs review
independent-other-optical-osm-au-node-5893744923,Independent / Other optical,Australia,NSW,Uncertain,,Uncertain,Limited,false,true,false,false,osm-opticians,record lacks a meaningful public storefront address; location setting needs review
independent-other-optical-osm-au-node-4996717724,Independent / Other optical,Australia,NSW,Uncertain,,Uncertain,Limited,false,true,false,false,osm-opticians,record lacks a meaningful public storefront address; location setting needs review
independent-other-optical-osm-au-node-10866980758,Independent / Other optical,Australia,NSW,Uncertain,,Uncertain,Limited,false,true,false,false,osm-opticians,record lacks a meaningful public storefront address; location setting needs review
independent-other-optical-osm-au-node-7176563988,Independent / Other optical,Australia,NSW,Uncertain,,Uncertain,Limited,false,true,false,false,osm-opticians,record lacks a meaningful public storefront address; location setting needs review
independent-other-optical-osm-au-node-11751506894,Independent / Other optical,Australia,NSW,Uncertain,,Uncertain,Limited,false,true,false,false,osm-opticians,record lacks a meaningful public storefront address; location setting needs review
independent-other-optical-osm-au-node-2755159686,Independent / Other optical,Australia,NSW,Uncertain,,Uncertain,Limited,false,true,false,false,osm-opticians,record lacks a meaningful public storefront address; location setting needs review
independent-other-optical-osm-au-node-9894830475,Independent / Other optical,Australia,NSW,Uncertain,,Uncertain,Limited,false,true,false,false,osm-opticians,record lacks a meaningful public storefront address; location setting needs review
independent-other-optical-osm-au-node-9318665504,Independent / Other optical,Australia,NSW,Uncertain,,Uncertain,Limited,false,true,false,false,osm-opticians,record lacks a meaningful public storefront address; location setting needs review
independent-other-optical-osm-au-node-8460982632,Independent / Other optical,Australia,NSW,Shopping Centre,place-au-nsw-hcf-eyecare-centres,High,Limited,false,true,false,false,osm-opticians,record lacks a meaningful public storefront address
independent-other-optical-osm-au-node-4353406489,Independent / Other optical,Australia,NSW,Uncertain,,Uncertain,Limited,false,true,false,false,osm-opticians,record lacks a meaningful public storefront address; location setting needs review
independent-other-optical-osm-au-node-13889357142,Independent / Other optical,Australia,NSW,Uncertain,,Uncertain,Limited,false,true,false,false,osm-opticians,record lacks a meaningful public storefront address; location setting needs review
independent-other-optical-osm-au-node-13670708403,Independent / Other optical,Australia,NSW,Uncertain,,Uncertain,Limited,false,true,false,false,osm-opticians,record lacks a meaningful public storefront address; location setting needs review
independent-other-optical-osm-au-node-4789534885,Independent / Other optical,Australia,NSW,Uncertain,,Uncertain,Limited,false,true,false,false,osm-opticians,record lacks a meaningful public storefront address; location setting needs review
independent-other-optical-osm-au-node-4945481391,Independent / Other optical,Australia,NSW,Uncertain,,Uncertain,Limited,false,true,false,false,osm-opticians,record lacks a meaningful public storefront address; location setting needs review
independent-other-optical-osm-au-node-11115368664,Independent / Other optical,Australia,NSW,Uncertain,,Uncertain,Limited,false,true,false,false,osm-opticians,record lacks a meaningful public storefront address; location setting needs review
independent-other-optical-osm-au-node-3981230962,Independent / Other optical,Australia,NSW,Uncertain,,Uncertain,Limited,false,true,false,false,osm-opticians,record lacks a meaningful public storefront address; location setting needs review
independent-other-optical-osm-au-node-12818552017,Independent / Other optical,Australia,NSW,Uncertain,,Uncertain,Limited,false,true,false,false,osm-opticians,record lacks a meaningful public storefront address; location setting needs review
independent-other-optical-osm-au-way-605984555,Independent / Other optical,Australia,NSW,Uncertain,,Uncertain,Limited,false,true,false,false,osm-opticians,record lacks a meaningful public storefront address; location setting needs review
independent-other-optical-osm-au-way-1025379188,Independent / Other optical,Australia,NSW,High Street,corridor-au-nsw-nsw-anzac-parade,Medium,Limited,false,true,false,false,osm-opticians,record lacks a meaningful public storefront address
independent-other-optical-osm-au-node-7730212701,Independent / Other optical,Australia,NSW,Uncertain,,Uncertain,Limited,false,true,false,false,osm-opticians,record lacks a meaningful public storefront address; location setting needs review
independent-other-optical-osm-au-node-10689683737,Independent / Other optical,Australia,NSW,Uncertain,,Uncertain,Limited,false,true,false,false,osm-opticians,record lacks a meaningful public storefront address; location setting needs review
independent-other-optical-osm-au-node-11425010142,Independent / Other optical,Australia,NSW,Uncertain,,Uncertain,Limited,false,true,false,false,osm-opticians,record lacks a meaningful public storefront address; location setting needs review
independent-other-optical-osm-au-node-3248721542,Independent / Other optical,Australia,NSW,High Street,corridor-au-nsw-nsw-bridge-street,Medium,Limited,false,true,false,false,osm-opticians,record lacks a meaningful public storefront address
independent-other-optical-osm-au-node-9892744780,Independent / Other optical,Australia,NSW,Uncertain,,Uncertain,Limited,false,true,false,false,osm-opticians,record lacks a meaningful public storefront address; location setting needs review
independent-other-optical-osm-au-way-1104859305,Independent / Other optical,Australia,NSW,Uncertain,,Uncertain,Limited,false,true,false,false,osm-opticians,record lacks a meaningful public storefront address; location setting needs review
independent-other-optical-osm-au-node-10578256822,Independent / Other optical,Australia,NSW,Uncertain,,Uncertain,Limited,false,true,false,false,osm-opticians,record lacks a meaningful public storefront address; location setting needs review
independent-other-optical-osm-au-node-8639150772,Independent / Other optical,Australia,NSW,Uncertain,,Uncertain,Limited,false,true,false,false,osm-opticians,record lacks a meaningful public storefront address; location setting needs review
independent-other-optical-osm-au-node-4546327090,Independent / Other optical,Australia,NSW,Uncertain,,Uncertain,Limited,false,true,false,false,osm-opticians,record lacks a meaningful public storefront address; location setting needs review
independent-other-optical-osm-au-way-1301075399,Independent / Other optical,Australia,NSW,Uncertain,,Uncertain,Limited,false,true,false,false,osm-opticians,record lacks a meaningful public storefront address; location setting needs review
independent-other-optical-osm-au-node-9354608723,Independent / Other optical,Australia,NSW,Uncertain,,Uncertain,Limited,false,true,false,false,osm-opticians,record lacks a meaningful public storefront address; location setting needs review
independent-other-optical-osm-au-node-9365266935,Independent / Other optical,Australia,NSW,Uncertain,,Uncertain,Limited,false,true,false,false,osm-opticians,record lacks a meaningful public storefront address; location setting needs review
independent-other-optical-osm-au-node-5072911675,Independent / Other optical,Australia,NSW,Uncertain,,Uncertain,Limited,false,true,false,false,osm-opticians,record lacks a meaningful public storefront address; location setting needs review
independent-other-optical-osm-au-node-4505475885,Independent / Other optical,Australia,NSW,Uncertain,,Uncertain,Limited,false,true,false,false,osm-opticians,record lacks a meaningful public storefront address; location setting needs review
independent-other-optical-osm-au-node-4945481560,Independent / Other optical,Australia,NSW,Shopping Centre,place-au-nsw-rose-bay-eyecare-centre,High,Limited,false,true,false,false,osm-opticians,record lacks a meaningful public storefront address
independent-other-optical-osm-au-node-2613244961,Independent / Other optical,Australia,NSW,Shopping Centre,place-au-nsw-cronulla-mall,High,Limited,false,true,false,false,osm-opticians,record lacks a meaningful public storefront address
independent-other-optical-osm-au-node-10624370751,Independent / Other optical,Australia,NSW,Shopping Centre,place-au-nsw-teachers-health-centre-parramatta,High,Limited,false,true,false,false,osm-opticians,record lacks a meaningful public storefront address
independent-other-optical-osm-au-node-13911331068,Independent / Other optical,Australia,NSW,Uncertain,,Uncertain,Limited,false,true,false,false,osm-opticians,record lacks a meaningful public storefront address; location setting needs review
independent-other-optical-osm-au-node-11751506892,Independent / Other optical,Australia,NSW,Uncertain,,Uncertain,Limited,false,true,false,false,osm-opticians,record lacks a meaningful public storefront address; location setting needs review
independent-other-optical-osm-au-node-8228920367,Independent / Other optical,Australia,NSW,Uncertain,,Uncertain,Limited,false,true,false,false,osm-opticians,record lacks a meaningful public storefront address; location setting needs review
independent-other-optical-osm-au-node-4547827590,Independent / Other optical,Australia,NSW,Uncertain,,Uncertain,Limited,false,true,false,false,osm-opticians,record lacks a meaningful public storefront address; location setting needs review
independent-other-optical-osm-au-node-11059373801,Independent / Other optical,Australia,NSW,High Street,corridor-au-nsw-nsw-murwillumbah-street,Medium,Limited,false,true,false,false,osm-opticians,record lacks a meaningful public storefront address
independent-other-optical-osm-au-node-6461153274,Independent / Other optical,Australia,NSW,Uncertain,,Uncertain,Limited,false,true,false,false,osm-opticians,record lacks a meaningful public storefront address; location setting needs review
independent-other-optical-osm-au-way-1019628539,Independent / Other optical,Australia,NSW,Uncertain,,Uncertain,Limited,false,true,false,false,osm-opticians,record lacks a meaningful public storefront address; location setting needs review
independent-other-optical-osm-au-node-5421723042,Independent / Other optical,Australia,NSW,Uncertain,,Uncertain,Limited,false,true,false,false,osm-opticians,record lacks a meaningful public storefront address; location setting needs review
independent-other-optical-osm-au-node-1081203615,Independent / Other optical,Australia,NSW,High Street,corridor-au-nsw-nsw-forest-road,Medium,Limited,false,true,false,false,osm-opticians,record lacks a meaningful public storefront address
independent-other-optical-osm-au-node-13343526524,Independent / Other optical,Australia,NSW,Uncertain,,Uncertain,Limited,false,true,false,false,osm-opticians,record lacks a meaningful public storefront address; location setting needs review
independent-other-optical-osm-au-node-3977545466,Independent / Other optical,Australia,NSW,Uncertain,,Uncertain,Limited,false,true,false,false,osm-opticians,record lacks a meaningful public storefront address; location setting needs review
independent-other-optical-osm-au-node-3991780847,Independent / Other optical,Australia,NSW,Uncertain,,Uncertain,Limited,false,true,false,false,osm-opticians,record lacks a meaningful public storefront address; location setting needs review
independent-other-optical-osm-au-node-10930812225,Independent / Other optical,Australia,NSW,Uncertain,,Uncertain,Limited,false,true,false,false,osm-opticians,record lacks a meaningful public storefront address; location setting needs review
opsm-1017,OPSM,Australia,NSW,High Street,corridor-au-nsw-albury-dean-street,Medium,Usable,true,true,true,true,opsm-au,
oscar-wylee-80,Oscar Wylee,Australia,NSW,High Street,corridor-au-nsw-albury-dean-street,Medium,Usable,true,true,true,true,oscar-wylee-au,
specsavers-3465,Specsavers,Australia,NSW,High Street,corridor-au-nsw-albury-dean-street,High,Usable,true,true,true,true,specsavers-au,
opsm-1108,OPSM,Australia,NSW,High Street,corridor-au-nsw-armidale-cnr-beardy-jessie-street,Medium,Usable,true,true,true,true,opsm-au,
specsavers-3611,Specsavers,Australia,NSW,Shopping Centre,place-au-nsw-armidale-central,High,Usable,true,true,true,true,specsavers-au,
opsm-1175,OPSM,Australia,NSW,Shopping Centre,place-au-nsw-ashfield-mall,Medium,Usable,true,true,true,true,opsm-au,
specsavers-3519,Specsavers,Australia,NSW,Shopping Centre,place-au-nsw-ashfield-mall,High,Usable,true,true,true,true,specsavers-au,
independent-other-optical-osm-au-node-12547015064,Independent / Other optical,Australia,NSW,High Street,corridor-au-nsw-avalon-beach-old-barrenjoey-road,Medium,Usable,true,true,true,true,osm-opticians,
independent-other-optical-osm-au-node-12556385824,Independent / Other optical,Australia,NSW,High Street,corridor-au-nsw-avalon-beach-bowling-green-lane,Medium,Usable,true,true,true,true,osm-opticians,
opsm-2986,OPSM,Australia,NSW,Shopping Centre,place-au-nsw-balgowlah-shopping-centre,Medium,Usable,true,true,true,true,opsm-au,
specsavers-3624,Specsavers,Australia,NSW,Shopping Centre,place-au-nsw-balgowlah-shopping-centre,High,Usable,true,true,true,true,specsavers-au,
opsm-1259,OPSM,Australia,NSW,High Street,corridor-au-nsw-ballina-fox-street,Medium,Usable,true,true,true,true,opsm-au,
specsavers-3296,Specsavers,Australia,NSW,High Street,corridor-au-nsw-ballina-river-street,Medium,Usable,true,true,true,true,specsavers-au,
bailey-nelson-balmain,Bailey Nelson,Australia,NSW,High Street,corridor-au-nsw-balmain-darling-street,Medium,Usable,true,true,true,true,bailey-nelson-au,
opsm-2984,OPSM,Australia,NSW,High Street,corridor-au-nsw-balmain-darling-street,Medium,Usable,true,true,true,true,opsm-au,
opsm-1178,OPSM,Australia,NSW,High Street,corridor-au-nsw-bankstown-stacey-street,Medium,Usable,true,true,true,true,opsm-au,
oscar-wylee-145,Oscar Wylee,Australia,NSW,Shopping Centre,place-au-nsw-bankstown-central,High,Usable,true,true,true,true,oscar-wylee-au,
specsavers-3383,Specsavers,Australia,NSW,Shopping Centre,place-au-nsw-bankstown-central,High,Usable,true,true,true,true,specsavers-au,
specsavers-3622,Specsavers,Australia,NSW,Shopping Centre,place-au-nsw-bass-hill-plaza,High,Usable,true,true,true,true,specsavers-au,
opsm-2990,OPSM,Australia,NSW,Shopping Centre,place-au-nsw-bateau-bay-square,Medium,Usable,true,true,true,true,opsm-au,
specsavers-3523,Specsavers,Australia,NSW,Shopping Centre,place-au-nsw-bateau-bay-square,High,Usable,true,true,true,true,specsavers-au,
opsm-2995,OPSM,Australia,NSW,High Street,corridor-au-nsw-batemans-bay-orient-street,Medium,Usable,true,true,true,true,opsm-au,
specsavers-3276,Specsavers,Australia,NSW,High Street,corridor-au-nsw-batemans-bay-orient-street,Medium,Usable,true,true,true,true,specsavers-au,
opsm-1020,OPSM,Australia,NSW,High Street,corridor-au-nsw-bathurst-howick-street,Medium,Usable,true,true,true,true,opsm-au,
specsavers-3513,Specsavers,Australia,NSW,Shopping Centre,place-au-nsw-bathurst-city-centre,High,Usable,true,true,true,true,specsavers-au,
specsavers-3633,Specsavers,Australia,NSW,Shopping Centre,place-au-nsw-grove-square,High,Usable,true,true,true,true,specsavers-au,
opsm-2943,OPSM,Australia,NSW,High Street,corridor-au-nsw-bega-carp-street,Medium,Usable,true,true,true,true,opsm-au,
specsavers-3589,Specsavers,Australia,NSW,Shopping Centre,place-au-nsw-sapphire-marketplace,High,Usable,true,true,true,true,specsavers-au,
opsm-1462,OPSM,Australia,NSW,High Street,corridor-au-nsw-blacktown-patrick-street,Medium,Usable,true,true,true,true,opsm-au,
oscar-wylee-34,Oscar Wylee,Australia,NSW,Shopping Centre,place-au-nsw-westpoint-shopping-centre,High,Usable,true,true,true,true,oscar-wylee-au,
specsavers-3357,Specsavers,Australia,NSW,Shopping Centre,place-au-nsw-westpoint-shopping-centre,High,Usable,true,true,true,true,specsavers-au,
bailey-nelson-bondi-beach,Bailey Nelson,Australia,NSW,High Street,corridor-au-nsw-bondi-beach-curlewis-street,Medium,Usable,true,true,true,true,bailey-nelson-au,
bailey-nelson-bondi-junction,Bailey Nelson,Australia,NSW,Shopping Centre,place-au-nsw-bondi-junction-westfield,High,Usable,true,true,true,true,bailey-nelson-au,
opsm-1103,OPSM,Australia,NSW,Shopping Centre,place-au-nsw-bondi-junction-westfield,High,Usable,true,true,true,true,opsm-au,
specsavers-3606,Specsavers,Australia,NSW,Shopping Centre,place-au-nsw-bondi-junction-eastgate,High,Usable,true,true,true,true,specsavers-au,
specsavers-3399,Specsavers,Australia,NSW,Shopping Centre,place-au-nsw-bondi-junction-westfield,High,Usable,true,true,true,true,specsavers-au,
specsavers-3612,Specsavers,Australia,NSW,Shopping Centre,place-au-nsw-bonnyrigg-plaza,High,Usable,true,true,true,true,specsavers-au,
opsm-1658,OPSM,Australia,NSW,High Street,corridor-au-nsw-bowral-bong-bong-street,Medium,Usable,true,true,true,true,opsm-au,
opsm-7062,OPSM,Australia,NSW,High Street,corridor-au-nsw-broken-hill-argent-street,Medium,Usable,true,true,true,true,opsm-au,
bailey-nelson-warringah-mall,Bailey Nelson,Australia,NSW,Shopping Centre,place-au-nsw-westfield-warringah-mall,High,Usable,true,true,true,true,bailey-nelson-au,
opsm-1201,OPSM,Australia,NSW,Shopping Centre,place-au-nsw-westfield-warringah-mall,High,Usable,true,true,true,true,opsm-au,
oscar-wylee-7,Oscar Wylee,Australia,NSW,Shopping Centre,place-au-nsw-westfield-warringah-mall,High,Usable,true,true,true,true,oscar-wylee-au,
specsavers-3361,Specsavers,Australia,NSW,Shopping Centre,place-au-nsw-westfield-warringah-mall,High,Usable,true,true,true,true,specsavers-au,
opsm-2216,OPSM,Australia,NSW,Shopping Centre,place-au-nsw-westfield-burwood,Medium,Usable,true,true,true,true,opsm-au,
oscar-wylee-65,Oscar Wylee,Australia,NSW,Shopping Centre,place-au-nsw-westfield-burwood,High,Usable,true,true,true,true,oscar-wylee-au,
specsavers-3298,Specsavers,Australia,NSW,Shopping Centre,place-au-nsw-westfield-burwood,High,Usable,true,true,true,true,specsavers-au,
bailey-nelson-byron-bay,Bailey Nelson,Australia,NSW,High Street,corridor-au-nsw-byron-bay-lawson-street,Medium,Usable,true,true,true,true,bailey-nelson-au,
opsm-2992,OPSM,Australia,NSW,High Street,corridor-au-nsw-byron-bay-jonson-street,Medium,Usable,true,true,true,true,opsm-au,
opsm-1192,OPSM,Australia,NSW,Shopping Centre,place-au-nsw-macarthur-square,High,Usable,true,true,true,true,opsm-au,
oscar-wylee-46,Oscar Wylee,Australia,NSW,Shopping Centre,place-au-nsw-macarthur-square,High,Usable,true,true,true,true,oscar-wylee-au,
specsavers-3347,Specsavers,Australia,NSW,High Street,corridor-au-nsw-campbelltown-queen-street,Medium,Usable,true,true,true,true,specsavers-au,
specsavers-3348,Specsavers,Australia,NSW,Shopping Centre,place-au-nsw-macarthur-square,High,Usable,true,true,true,true,specsavers-au,
specsavers-3663,Specsavers,Australia,NSW,Shopping Centre,place-au-nsw-carlingford-court,High,Usable,true,true,true,true,specsavers-au,
bailey-nelson-castle-towers,Bailey Nelson,Australia,NSW,Shopping Centre,place-au-nsw-castle-towers,High,Usable,true,true,true,true,bailey-nelson-au,
opsm-1321,OPSM,Australia,NSW,Shopping Centre,place-au-nsw-castle-towers,High,Usable,true,true,true,true,opsm-au,
oscar-wylee-25,Oscar Wylee,Australia,NSW,Shopping Centre,place-au-nsw-castle-towers,High,Usable,true,true,true,true,oscar-wylee-au,
specsavers-3405,Specsavers,Australia,NSW,Shopping Centre,place-au-nsw-castle-towers,High,Usable,true,true,true,true,specsavers-au,
specsavers-3558,Specsavers,Australia,NSW,Shopping Centre,place-au-nsw-casula-mall,High,Usable,true,true,true,true,specsavers-au,
specsavers-3382,Specsavers,Australia,NSW,Shopping Centre,place-au-nsw-cessnock-plaza-shopping-centre,High,Usable,true,true,true,true,specsavers-au,
opsm-1219,OPSM,Australia,NSW,Shopping Centre,place-au-nsw-charlestown-square,Medium,Usable,true,true,true,true,opsm-au,
oscar-wylee-75,Oscar Wylee,Australia,NSW,Shopping Centre,place-au-nsw-charlestown-square,High,Usable,true,true,true,true,oscar-wylee-au,
specsavers-3329,Specsavers,Australia,NSW,Shopping Centre,place-au-nsw-charlestown-square,High,Usable,true,true,true,true,specsavers-au,
bailey-nelson-chatswood,Bailey Nelson,Australia,NSW,Shopping Centre,place-au-nsw-chatswood-westfield,Medium,Usable,true,true,true,true,bailey-nelson-au,
opsm-1460,OPSM,Australia,NSW,Shopping Centre,place-au-nsw-chatswood-westfield,High,Usable,true,true,true,true,opsm-au,
specsavers-3319,Specsavers,Australia,NSW,Shopping Centre,place-au-nsw-chatswood-westfield,Medium,Usable,true,true,true,true,specsavers-au,
specsavers-3659,Specsavers,Australia,NSW,Shopping Centre,place-au-nsw-chatswood-chase,High,Usable,true,true,true,true,specsavers-au,
opsm-1086,OPSM,Australia,NSW,High Street,corridor-au-nsw-cherrybrook-shepherds-drive,Medium,Usable,true,true,true,true,opsm-au,
specsavers-3668,Specsavers,Australia,NSW,Shopping Centre,place-au-nsw-chullora-marketplace,High,Usable,true,true,true,true,specsavers-au,
opsm-1229,OPSM,Australia,NSW,Shopping Centre,place-au-nsw-park-beach-plaza,High,Usable,true,true,true,true,opsm-au,
specsavers-3339,Specsavers,Australia,NSW,Shopping Centre,place-au-nsw-park-beach-plaza,High,Usable,true,true,true,true,specsavers-au,
specsavers-3301,Specsavers,Australia,NSW,Shopping Centre,place-au-nsw-coffs-harbour-city-centre,High,Usable,true,true,true,true,specsavers-au,
specsavers-3413,Specsavers,Australia,NSW,Shopping Centre,place-au-nsw-corrimal-shopping-centre,High,Usable,true,true,true,true,specsavers-au,
opsm-1439,OPSM,Australia,NSW,High Street,corridor-au-nsw-crows-nest-willoughby-road,Medium,Usable,true,true,true,true,opsm-au,
opsm-1133,OPSM,Australia,NSW,Shopping Centre,place-au-nsw-dapto-mall,Medium,Usable,true,true,true,true,opsm-au,
specsavers-3531,Specsavers,Australia,NSW,Shopping Centre,place-au-nsw-dapto-mall,High,Usable,true,true,true,true,specsavers-au,
opsm-1205,OPSM,Australia,NSW,High Street,corridor-au-nsw-dee-why-pacific-parade,Medium,Usable,true,true,true,true,opsm-au,
opsm-1227,OPSM,Australia,NSW,Shopping Centre,place-au-nsw-dubbo-square,Medium,Usable,true,true,true,true,opsm-au,
specsavers-3681,Specsavers,Australia,NSW,Shopping Centre,place-au-nsw-orana-mall-marketplace,High,Usable,true,true,true,true,specsavers-au,
specsavers-3489,Specsavers,Australia,NSW,Shopping Centre,place-au-nsw-dubbo-square,High,Usable,true,true,true,true,specsavers-au,
bailey-nelson-green-hills,Bailey Nelson,Australia,NSW,Shopping Centre,place-au-nsw-stockland-green-hills-shopping-centre,High,Usable,true,true,true,true,bailey-nelson-au,
opsm-1403,OPSM,Australia,NSW,Shopping Centre,place-au-nsw-stockland-green-hills-shopping-centre,Medium,Usable,true,true,true,true,opsm-au,
oscar-wylee-87,Oscar Wylee,Australia,NSW,Shopping Centre,place-au-nsw-stockland-green-hills-shopping-centre,High,Usable,true,true,true,true,oscar-wylee-au,
specsavers-3446,Specsavers,Australia,NSW,Shopping Centre,place-au-nsw-stockland-green-hills-shopping-centre,Medium,Usable,true,true,true,true,specsavers-au,
bailey-nelson-eastgardens,Bailey Nelson,Australia,NSW,Shopping Centre,place-au-nsw-westfield-eastgardens,Medium,Usable,true,true,true,true,bailey-nelson-au,
oscar-wylee-40,Oscar Wylee,Australia,NSW,Shopping Centre,place-au-nsw-westfield-eastgardens,High,Usable,true,true,true,true,oscar-wylee-au,
specsavers-3355,Specsavers,Australia,NSW,Shopping Centre,place-au-nsw-westfield-eastgardens,High,Usable,true,true,true,true,specsavers-au,
bailey-nelson-erina-fair,Bailey Nelson,Australia,NSW,Shopping Centre,place-au-nsw-erina-fair,High,Usable,true,true,true,true,bailey-nelson-au,
opsm-1416,OPSM,Australia,NSW,Shopping Centre,place-au-nsw-erina-fair,Medium,Usable,true,true,true,true,opsm-au,
oscar-wylee-16,Oscar Wylee,Australia,NSW,Shopping Centre,place-au-nsw-erina-fair,High,Usable,true,true,true,true,oscar-wylee-au,
specsavers-3331,Specsavers,Australia,NSW,Shopping Centre,place-au-nsw-erina-fair,High,Usable,true,true,true,true,specsavers-au,
specsavers-3468,Specsavers,Australia,NSW,Shopping Centre,place-au-nsw-neeta-city-shopping-centre,High,Usable,true,true,true,true,specsavers-au,
specsavers-3685,Specsavers,Australia,NSW,Shopping Centre,place-au-nsw-figtree-grove-shopping-centre,High,Usable,true,true,true,true,specsavers-au,
opsm-1350,OPSM,Australia,NSW,Shopping Centre,place-au-nsw-forster-stockland,Medium,Usable,true,true,true,true,opsm-au,
specsavers-3613,Specsavers,Australia,NSW,Shopping Centre,place-au-nsw-forster-stockland,High,Usable,true,true,true,true,specsavers-au,
opsm-1473,OPSM,Australia,NSW,High Street,corridor-au-nsw-frenchs-forest-forest-way,Medium,Usable,true,true,true,true,opsm-au,
specsavers-3336,Specsavers,Australia,NSW,Shopping Centre,place-au-nsw-glendale-stockland-shopping-centre,High,Usable,true,true,true,true,specsavers-au,
specsavers-3682,Specsavers,Australia,NSW,Shopping Centre,place-au-nsw-glenmore-park-town-centre,High,Usable,true,true,true,true,specsavers-au,
opsm-1113,OPSM,Australia,NSW,High Street,corridor-au-nsw-gordon-pacific-highway,Medium,Usable,true,true,true,true,opsm-au,
specsavers-3334,Specsavers,Australia,NSW,Shopping Centre,place-au-nsw-imperial-shopping-centre,High,Usable,true,true,true,true,specsavers-au,
opsm-1016,OPSM,Australia,NSW,High Street,corridor-au-nsw-goulburn-auburn-street,Medium,Usable,true,true,true,true,opsm-au,
specsavers-3498,Specsavers,Australia,NSW,Shopping Centre,place-au-nsw-the-belmore-centre,High,Usable,true,true,true,true,specsavers-au,
specsavers-3605,Specsavers,Australia,NSW,Shopping Centre,place-au-nsw-grafton-shoppingworld,High,Usable,true,true,true,true,specsavers-au,
opsm-1550,OPSM,Australia,NSW,High Street,corridor-au-nsw-griffith-banna-avenue,Medium,Usable,true,true,true,true,opsm-au,
specsavers-3592,Specsavers,Australia,NSW,Shopping Centre,place-au-nsw-griffith-central-shopping-centre,High,Usable,true,true,true,true,specsavers-au,
specsavers-3586,Specsavers,Australia,NSW,Shopping Centre,place-au-nsw-carnes-hill-marketplace,High,Usable,true,true,true,true,specsavers-au,
opsm-1102,OPSM,Australia,NSW,Shopping Centre,place-au-nsw-westfield-hornsby,Medium,Usable,true,true,true,true,opsm-au,
oscar-wylee-42,Oscar Wylee,Australia,NSW,Shopping Centre,place-au-nsw-westfield-hornsby,High,Usable,true,true,true,true,oscar-wylee-au,
specsavers-3418,Specsavers,Australia,NSW,Shopping Centre,place-au-nsw-westfield-hornsby,High,Usable,true,true,true,true,specsavers-au,
opsm-2217,OPSM,Australia,NSW,Shopping Centre,place-au-nsw-westfield-hurstville,Medium,Usable,true,true,true,true,opsm-au,
oscar-wylee-144,Oscar Wylee,Australia,NSW,Shopping Centre,place-au-nsw-westfield-hurstville,High,Usable,true,true,true,true,oscar-wylee-au,
specsavers-3402,Specsavers,Australia,NSW,Shopping Centre,place-au-nsw-westfield-hurstville,High,Usable,true,true,true,true,specsavers-au,
specsavers-3344,Specsavers,Australia,NSW,High Street,corridor-au-nsw-ingleburn-oxford-road,Medium,Usable,true,true,true,true,specsavers-au,
specsavers-3684,Specsavers,Australia,NSW,High Street,corridor-au-nsw-inverell-byron-street,Medium,Usable,true,true,true,true,specsavers-au,
oscar-wylee-142,Oscar Wylee,Australia,NSW,Shopping Centre,place-au-nsw-st-ives-shopping-centre,High,Usable,true,true,true,true,oscar-wylee-au,
opsm-4719,OPSM,Australia,NSW,High Street,corridor-au-nsw-jesmond-blue-gum-road,Medium,Usable,true,true,true,true,opsm-au,
specsavers-3471,Specsavers,Australia,NSW,High Street,corridor-au-nsw-jesmond-blue-gum-road,Medium,Usable,true,true,true,true,specsavers-au,
opsm-1279,OPSM,Australia,NSW,High Street,corridor-au-nsw-katoomba-katoomba-street,Medium,Usable,true,true,true,true,opsm-au,
specsavers-3475,Specsavers,Australia,NSW,High Street,corridor-au-nsw-katoomba-katoomba-street,Medium,Usable,true,true,true,true,specsavers-au,
opsm-2218,OPSM,Australia,NSW,High Street,corridor-au-nsw-kempsey-belgrave-street,Medium,Usable,true,true,true,true,opsm-au,
specsavers-3677,Specsavers,Australia,NSW,High Street,corridor-au-nsw-kiama-terralong-street,Medium,Usable,true,true,true,true,specsavers-au,
bailey-nelson-kotara,Bailey Nelson,Australia,NSW,Shopping Centre,place-au-nsw-kotara-westfield,Medium,Usable,true,true,true,true,bailey-nelson-au,
opsm-1396,OPSM,Australia,NSW,Shopping Centre,place-au-nsw-kotara-westfield,Medium,Usable,true,true,true,true,opsm-au,
specsavers-3333,Specsavers,Australia,NSW,Shopping Centre,place-au-nsw-kotara-westfield,High,Usable,true,true,true,true,specsavers-au,
opsm-1320,OPSM,Australia,NSW,Shopping Centre,place-au-nsw-lake-haven-shopping-centre,High,Usable,true,true,true,true,opsm-au,
specsavers-3511,Specsavers,Australia,NSW,Shopping Centre,place-au-nsw-lake-haven-shopping-centre,High,Usable,true,true,true,true,specsavers-au,
opsm-2295,OPSM,Australia,NSW,High Street,corridor-au-nsw-laurieton-laurie-street,Medium,Usable,true,true,true,true,opsm-au,
opsm-1243,OPSM,Australia,NSW,Shopping Centre,place-au-nsw-lavington-square,Medium,Usable,true,true,true,true,opsm-au,
specsavers-3466,Specsavers,Australia,NSW,Shopping Centre,place-au-nsw-lavington-square,High,Usable,true,true,true,true,specsavers-au,
opsm-1179,OPSM,Australia,NSW,Shopping Centre,place-au-nsw-leichhardt-marketplace,Medium,Usable,true,true,true,true,opsm-au,
specsavers-3423,Specsavers,Australia,NSW,Shopping Centre,place-au-nsw-leichhardt-marketplace,High,Usable,true,true,true,true,specsavers-au,
specsavers-3638,Specsavers,Australia,NSW,Shopping Centre,place-au-nsw-lidcombe-shopping-centre,High,Usable,true,true,true,true,specsavers-au,
opsm-1210,OPSM,Australia,NSW,Shopping Centre,place-au-nsw-lismore-shopping-centre,Medium,Usable,true,true,true,true,opsm-au,
specsavers-3299,Specsavers,Australia,NSW,Shopping Centre,place-au-nsw-lismore-shopping-centre,High,Usable,true,true,true,true,specsavers-au,
opsm-1106,OPSM,Australia,NSW,Shopping Centre,place-au-nsw-westfield-liverpool,Medium,Usable,true,true,true,true,opsm-au,
oscar-wylee-41,Oscar Wylee,Australia,NSW,Shopping Centre,place-au-nsw-westfield-liverpool,High,Usable,true,true,true,true,oscar-wylee-au,
specsavers-3373,Specsavers,Australia,NSW,Shopping Centre,place-au-nsw-westfield-liverpool,High,Usable,true,true,true,true,specsavers-au,
opsm-1013,OPSM,Australia,NSW,High Street,corridor-au-nsw-maitland-high-street,Medium,Usable,true,true,true,true,opsm-au,
bailey-nelson-manly,Bailey Nelson,Australia,NSW,High Street,corridor-au-nsw-manly-sydney-road,Medium,Usable,true,true,true,true,bailey-nelson-au,
specsavers-3647,Specsavers,Australia,NSW,Shopping Centre,place-au-nsw-pacific-square-shopping-centre,High,Usable,true,true,true,true,specsavers-au,
opsm-2991,OPSM,Australia,NSW,High Street,corridor-au-nsw-marrickville-smidmore-street,Medium,Usable,true,true,true,true,opsm-au,
specsavers-3544,Specsavers,Australia,NSW,Shopping Centre,place-au-nsw-marrickville-metro,High,Usable,true,true,true,true,specsavers-au,
specsavers-3532,Specsavers,Australia,NSW,Shopping Centre,place-au-nsw-menai-marketplace-shopping-centre,High,Usable,true,true,true,true,specsavers-au,
opsm-2942,OPSM,Australia,NSW,High Street,corridor-au-nsw-merimbula-market-street,Medium,Usable,true,true,true,true,opsm-au,
oscar-wylee-128,Oscar Wylee,Australia,NSW,Shopping Centre,place-au-nsw-stockland-merrylands,High,Usable,true,true,true,true,oscar-wylee-au,
specsavers-3454,Specsavers,Australia,NSW,Shopping Centre,place-au-nsw-stockland-merrylands,High,Usable,true,true,true,true,specsavers-au,
bailey-nelson-miranda,Bailey Nelson,Australia,NSW,Shopping Centre,place-au-nsw-westfield-miranda,High,Usable,true,true,true,true,bailey-nelson-au,
opsm-1174,OPSM,Australia,NSW,Shopping Centre,place-au-nsw-westfield-miranda,Medium,Usable,true,true,true,true,opsm-au,
oscar-wylee-17,Oscar Wylee,Australia,NSW,Shopping Centre,place-au-nsw-westfield-miranda,High,Usable,true,true,true,true,oscar-wylee-au,
specsavers-3417,Specsavers,Australia,NSW,Shopping Centre,place-au-nsw-westfield-miranda,High,Usable,true,true,true,true,specsavers-au,
specsavers-3559,Specsavers,Australia,NSW,Shopping Centre,place-au-nsw-westfield-miranda,High,Usable,true,true,true,true,specsavers-au,
specsavers-3561,Specsavers,Australia,NSW,Shopping Centre,place-au-nsw-highlands-marketplace,High,Usable,true,true,true,true,specsavers-au,
opsm-2941,OPSM,Australia,NSW,High Street,corridor-au-nsw-mona-vale-bungan-street,Medium,Usable,true,true,true,true,opsm-au,
specsavers-3321,Specsavers,Australia,NSW,Shopping Centre,place-au-nsw-morisset-square,High,Usable,true,true,true,true,specsavers-au,
bailey-nelson-mosman,Bailey Nelson,Australia,NSW,High Street,corridor-au-nsw-mosman-military-road-mosman,High,Usable,true,true,true,true,bailey-nelson-au,
opsm-2967,OPSM,Australia,NSW,High Street,corridor-au-nsw-mosman-military-road,Medium,Usable,true,true,true,true,opsm-au,
opsm-1193,OPSM,Australia,NSW,Shopping Centre,place-au-nsw-mt-druitt-westfield,Medium,Usable,true,true,true,true,opsm-au,
specsavers-3323,Specsavers,Australia,NSW,Shopping Centre,place-au-nsw-mt-druitt-westfield,High,Usable,true,true,true,true,specsavers-au,
oscar-wylee-90,Oscar Wylee,Australia,NSW,Shopping Centre,place-au-nsw-mt-druitt-westfield,High,Usable,true,true,true,true,oscar-wylee-au,
opsm-1217,OPSM,Australia,NSW,Shopping Centre,place-au-nsw-lake-macquarie-square,Medium,Usable,true,true,true,true,opsm-au,
specsavers-3335,Specsavers,Australia,NSW,Shopping Centre,place-au-nsw-lake-macquarie-square,High,Usable,true,true,true,true,specsavers-au,
opsm-1056,OPSM,Australia,NSW,Shopping Centre,place-au-nsw-narellan-town-centre,Medium,Usable,true,true,true,true,opsm-au,
oscar-wylee-84,Oscar Wylee,Australia,NSW,Shopping Centre,place-au-nsw-narellan-town-centre,High,Usable,true,true,true,true,oscar-wylee-au,
specsavers-3345,Specsavers,Australia,NSW,Shopping Centre,place-au-nsw-narellan-town-centre,High,Usable,true,true,true,true,specsavers-au,
independent-other-optical-osm-au-node-6859346009,Independent / Other optical,Australia,NSW,High Street,corridor-au-nsw-narrabri-maitland-street,Medium,Usable,true,true,true,true,osm-opticians,
specsavers-3494,Specsavers,Australia,NSW,High Street,corridor-au-nsw-neutral-bay-military-road-neutral-bay,High,Usable,true,true,true,true,specsavers-au,
opsm-4718,OPSM,Australia,NSW,High Street,corridor-au-nsw-newcastle-hunter-street,Medium,Usable,true,true,true,true,opsm-au,
specsavers-3632,Specsavers,Australia,NSW,Shopping Centre,place-au-nsw-marketown-shopping-centre,High,Usable,true,true,true,true,specsavers-au,
bailey-nelson-newtown,Bailey Nelson,Australia,NSW,High Street,corridor-au-nsw-newtown-king-street-1,Medium,Usable,true,true,true,true,bailey-nelson-au,
oscar-wylee-47,Oscar Wylee,Australia,NSW,High Street,corridor-au-nsw-newtown-king-street-2,Medium,Usable,true,true,true,true,oscar-wylee-au,
specsavers-3398,Specsavers,Australia,NSW,Shopping Centre,place-au-nsw-north-rocks-shopping-centre,High,Usable,true,true,true,true,specsavers-au,
bailey-nelson-macquarie,Bailey Nelson,Australia,NSW,Shopping Centre,place-au-nsw-macquarie-centre,High,Usable,true,true,true,true,bailey-nelson-au,
opsm-1213,OPSM,Australia,NSW,Shopping Centre,place-au-nsw-macquarie-centre,High,Usable,true,true,true,true,opsm-au,
oscar-wylee-74,Oscar Wylee,Australia,NSW,Shopping Centre,place-au-nsw-macquarie-centre,High,Usable,true,true,true,true,oscar-wylee-au,
specsavers-3359,Specsavers,Australia,NSW,Shopping Centre,place-au-nsw-macquarie-centre,High,Usable,true,true,true,true,specsavers-au,
opsm-2200,OPSM,Australia,NSW,High Street,corridor-au-nsw-north-sydney-miller-street,Medium,Usable,true,true,true,true,opsm-au,
specsavers-3356,Specsavers,Australia,NSW,Shopping Centre,place-au-nsw-greenwood-plaza,High,Usable,true,true,true,true,specsavers-au,
opsm-2994,OPSM,Australia,NSW,High Street,corridor-au-nsw-nowra-kinghorne-street,Medium,Usable,true,true,true,true,opsm-au,
specsavers-3315,Specsavers,Australia,NSW,High Street,corridor-au-nsw-nowra-kinghorne-street,Medium,Usable,true,true,true,true,specsavers-au,
specsavers-3316,Specsavers,Australia,NSW,Shopping Centre,place-au-nsw-nowra-plaza,High,Usable,true,true,true,true,specsavers-au,
opsm-4614,OPSM,Australia,NSW,High Street,corridor-au-nsw-oran-park-oran-park-drive-1,Medium,Usable,true,true,true,true,opsm-au,
specsavers-3675,Specsavers,Australia,NSW,High Street,corridor-au-nsw-oran-park-oran-park-drive-2,Medium,Usable,true,true,true,true,specsavers-au,
opsm-1028,OPSM,Australia,NSW,Shopping Centre,place-au-nsw-orange-central-square,Medium,Usable,true,true,true,true,opsm-au,
oscar-wylee-99,Oscar Wylee,Australia,NSW,Shopping Centre,place-au-nsw-orange-central-square,High,Usable,true,true,true,true,oscar-wylee-au,
specsavers-3517,Specsavers,Australia,NSW,Shopping Centre,place-au-nsw-orange-central-square,High,Usable,true,true,true,true,specsavers-au,
bailey-nelson-paddington,Bailey Nelson,Australia,NSW,High Street,corridor-au-nsw-paddington-oxford-street,Medium,Usable,true,true,true,true,bailey-nelson-au,
opsm-1180,OPSM,Australia,NSW,High Street,corridor-au-nsw-pagewood-bunnerong-road,Medium,Usable,true,true,true,true,opsm-au,
oscar-wylee-70,Oscar Wylee,Australia,NSW,Shopping Centre,place-au-nsw-kotara-westfield,High,Usable,true,true,true,true,oscar-wylee-au,
opsm-1117,OPSM,Australia,NSW,High Street,corridor-au-nsw-parkes-clarinda-street,Medium,Usable,true,true,true,true,opsm-au,
opsm-1326,OPSM,Australia,NSW,Shopping Centre,place-au-nsw-parramatta-westfield,Medium,Usable,true,true,true,true,opsm-au,
specsavers-3625,Specsavers,Australia,NSW,Shopping Centre,place-au-nsw-parramatta-westfield,High,Usable,true,true,true,true,specsavers-au,
specsavers-3385,Specsavers,Australia,NSW,Shopping Centre,place-au-nsw-parramatta-westfield,High,Usable,true,true,true,true,specsavers-au,
oscar-wylee-8,Oscar Wylee,Australia,NSW,Shopping Centre,place-au-nsw-parramatta-westfield,High,Usable,true,true,true,true,oscar-wylee-au,
opsm-1300,OPSM,Australia,NSW,Shopping Centre,place-au-nsw-nepean-village,Medium,Usable,true,true,true,true,opsm-au,
opsm-1328,OPSM,Australia,NSW,Shopping Centre,place-au-nsw-westfield-penrith,High,Usable,true,true,true,true,opsm-au,
oscar-wylee-43,Oscar Wylee,Australia,NSW,Shopping Centre,place-au-nsw-westfield-penrith,High,Usable,true,true,true,true,oscar-wylee-au,
specsavers-3578,Specsavers,Australia,NSW,Shopping Centre,place-au-nsw-nepean-village,High,Usable,true,true,true,true,specsavers-au,
specsavers-3386,Specsavers,Australia,NSW,Shopping Centre,place-au-nsw-westfield-penrith,High,Usable,true,true,true,true,specsavers-au,
opsm-1351,OPSM,Australia,NSW,Shopping Centre,place-au-nsw-plumpton-marketplace,Medium,Usable,true,true,true,true,opsm-au,
specsavers-3528,Specsavers,Australia,NSW,Shopping Centre,place-au-nsw-plumpton-marketplace,High,Usable,true,true,true,true,specsavers-au,
opsm-2297,OPSM,Australia,NSW,High Street,corridor-au-nsw-port-macquarie-horton-street-2,Medium,Usable,true,true,true,true,opsm-au,
opsm-2296,OPSM,Australia,NSW,High Street,corridor-au-nsw-port-macquarie-cnr-park-bay-street,Medium,Usable,true,true,true,true,opsm-au,
specsavers-3438,Specsavers,Australia,NSW,High Street,corridor-au-nsw-port-macquarie-horton-street-1,Medium,Usable,true,true,true,true,specsavers-au,
specsavers-3584,Specsavers,Australia,NSW,Shopping Centre,place-au-nsw-settlement-city-shopping-centre,High,Usable,true,true,true,true,specsavers-au,
oscar-wylee-48,Oscar Wylee,Australia,NSW,Shopping Centre,place-au-nsw-stockland-wetherill-park,High,Usable,true,true,true,true,oscar-wylee-au,
opsm-1384,OPSM,Australia,NSW,Shopping Centre,place-au-nsw-riverside-plaza-queanbeyan,High,Usable,true,true,true,true,opsm-au,
specsavers-3574,Specsavers,Australia,NSW,Shopping Centre,place-au-nsw-riverside-plaza-queanbeyan,High,Usable,true,true,true,true,specsavers-au,
opsm-2971,OPSM,Australia,NSW,Shopping Centre,place-au-nsw-royal-randwick-shopping-centre,Medium,Usable,true,true,true,true,opsm-au,
specsavers-3313,Specsavers,Australia,NSW,Shopping Centre,place-au-nsw-royal-randwick-shopping-centre,High,Usable,true,true,true,true,specsavers-au,
opsm-1430,OPSM,Australia,NSW,Shopping Centre,place-au-nsw-raymond-terrace-marketplace,Medium,Usable,true,true,true,true,opsm-au,
specsavers-3652,Specsavers,Australia,NSW,Shopping Centre,place-au-nsw-raymond-terrace-marketplace,High,Usable,true,true,true,true,specsavers-au,
opsm-2966,OPSM,Australia,NSW,Shopping Centre,place-au-nsw-rhodes-waterside-shopping-centre,Medium,Usable,true,true,true,true,opsm-au,
oscar-wylee-139,Oscar Wylee,Australia,NSW,Shopping Centre,place-au-nsw-rhodes-waterside-shopping-centre,Medium,Usable,true,true,true,true,oscar-wylee-au,
specsavers-3588,Specsavers,Australia,NSW,Shopping Centre,place-au-nsw-rhodes-waterside-shopping-centre,High,Usable,true,true,true,true,specsavers-au,
opsm-1257,OPSM,Australia,NSW,High Street,corridor-au-nsw-richmond-windsor-street,Medium,Usable,true,true,true,true,opsm-au,
specsavers-3439,Specsavers,Australia,NSW,Shopping Centre,place-au-nsw-richmond-marketplace,High,Usable,true,true,true,true,specsavers-au,
specsavers-3546,Specsavers,Australia,NSW,Shopping Centre,place-au-nsw-rockdale-plaza-drive,High,Usable,true,true,true,true,specsavers-au,
opsm-1415,OPSM,Australia,NSW,Shopping Centre,place-au-nsw-roselands-shopping-centre,Medium,Usable,true,true,true,true,opsm-au,
specsavers-3419,Specsavers,Australia,NSW,Shopping Centre,place-au-nsw-roselands-shopping-centre,High,Usable,true,true,true,true,specsavers-au,
opsm-4633,OPSM,Australia,NSW,Shopping Centre,place-au-nsw-rouse-hill-town-centre,Medium,Usable,true,true,true,true,opsm-au,
oscar-wylee-127,Oscar Wylee,Australia,NSW,Shopping Centre,place-au-nsw-rouse-hill-town-centre,High,Usable,true,true,true,true,oscar-wylee-au,
specsavers-3526,Specsavers,Australia,NSW,Shopping Centre,place-au-nsw-rouse-hill-town-centre,High,Usable,true,true,true,true,specsavers-au,
opsm-1551,OPSM,Australia,NSW,Shopping Centre,place-au-nsw-top-ryde-city-shopping-centre,Medium,Usable,true,true,true,true,opsm-au,
oscar-wylee-52,Oscar Wylee,Australia,NSW,Shopping Centre,place-au-nsw-top-ryde-city-shopping-centre,High,Usable,true,true,true,true,oscar-wylee-au,
specsavers-3428,Specsavers,Australia,NSW,Shopping Centre,place-au-nsw-top-ryde-city-shopping-centre,High,Usable,true,true,true,true,specsavers-au,
opsm-1375,OPSM,Australia,NSW,Shopping Centre,place-au-nsw-salamander-shopping-centre,High,Usable,true,true,true,true,opsm-au,
specsavers-3563,Specsavers,Australia,NSW,Shopping Centre,place-au-nsw-salamander-shopping-centre,High,Usable,true,true,true,true,specsavers-au,
specsavers-3516,Specsavers,Australia,NSW,Shopping Centre,place-au-nsw-seven-hills-plaza,High,Usable,true,true,true,true,specsavers-au,
opsm-1105,OPSM,Australia,NSW,Shopping Centre,place-au-nsw-shellharbour-stockland,Medium,Usable,true,true,true,true,opsm-au,
specsavers-3377,Specsavers,Australia,NSW,Shopping Centre,place-au-nsw-shellharbour-stockland,High,Usable,true,true,true,true,specsavers-au,
oscar-wylee-37,Oscar Wylee,Australia,NSW,Shopping Centre,place-au-nsw-shellharbour-stockland,High,Usable,true,true,true,true,oscar-wylee-au,
opsm-4702,OPSM,Australia,NSW,Shopping Centre,place-au-nsw-singleton-square,Medium,Usable,true,true,true,true,opsm-au,
specsavers-3614,Specsavers,Australia,NSW,Shopping Centre,place-au-nsw-singleton-square,High,Usable,true,true,true,true,specsavers-au,
opsm-1398,OPSM,Australia,NSW,Shopping Centre,place-au-nsw-st-ives-shopping-centre,Medium,Usable,true,true,true,true,opsm-au,
specsavers-3637,Specsavers,Australia,NSW,Shopping Centre,place-au-nsw-st-ives-shopping-centre,Medium,Usable,true,true,true,true,specsavers-au,
specsavers-3496,Specsavers,Australia,NSW,Shopping Centre,place-au-nsw-st-marys-village-shopping-centre,High,Usable,true,true,true,true,specsavers-au,
specsavers-3367,Specsavers,Australia,NSW,Shopping Centre,place-au-nsw-stanhope-village-shopping-centre,High,Usable,true,true,true,true,specsavers-au,
bailey-nelson-pitt-st-sydney,Bailey Nelson,Australia,NSW,Shopping Centre,place-au-nsw-westfield-sydney,High,Usable,true,true,true,true,bailey-nelson-au,
opsm-1304,OPSM,Australia,NSW,High Street,corridor-au-nsw-sydney-george-street,High,Usable,true,true,true,true,opsm-au,
opsm-1177,OPSM,Australia,NSW,High Street,corridor-au-nsw-sydney-macquarie-street,Medium,Usable,true,true,true,true,opsm-au,
oscar-wylee-3,Oscar Wylee,Australia,NSW,Shopping Centre,place-au-nsw-the-galeries,High,Usable,true,true,true,true,oscar-wylee-au,
specsavers-3581,Specsavers,Australia,NSW,Shopping Centre,place-au-nsw-westfield-sydney,High,Usable,true,true,true,true,specsavers-au,
opsm-2996,OPSM,Australia,NSW,Shopping Centre,place-au-nsw-southgate-shopping-centre,High,Usable,true,true,true,true,opsm-au,
specsavers-3488,Specsavers,Australia,NSW,Shopping Centre,place-au-nsw-southgate-shopping-centre,High,Usable,true,true,true,true,specsavers-au,
independent-other-optical-osm-au-way-697930957,Independent / Other optical,Australia,NSW,High Street,corridor-au-nsw-tahmoor-tahmoor-retail-core,Medium,Usable,true,true,true,true,osm-opticians,
opsm-2938,OPSM,Australia,NSW,High Street,corridor-au-nsw-tamworth-peel-street,Medium,Usable,true,true,true,true,opsm-au,
specsavers-3403,Specsavers,Australia,NSW,High Street,corridor-au-nsw-tamworth-peel-street,Medium,Usable,true,true,true,true,specsavers-au,
opsm-2298,OPSM,Australia,NSW,High Street,corridor-au-nsw-taree-manning-street,Medium,Usable,true,true,true,true,opsm-au,
specsavers-3469,Specsavers,Australia,NSW,High Street,corridor-au-nsw-taree-manning-street,Medium,Usable,true,true,true,true,specsavers-au,
opsm-1228,OPSM,Australia,NSW,High Street,corridor-au-nsw-toormina-toormina-road,Medium,Usable,true,true,true,true,opsm-au,
opsm-2266,OPSM,Australia,NSW,High Street,corridor-au-nsw-toronto-the-boulevard,Medium,Usable,true,true,true,true,opsm-au,
specsavers-3459,Specsavers,Australia,NSW,High Street,corridor-au-nsw-toronto-toronto-retail-core,Medium,Usable,true,true,true,true,specsavers-au,
opsm-1127,OPSM,Australia,NSW,High Street,corridor-au-nsw-tuggerah-gavenlock-road,Medium,Usable,true,true,true,true,opsm-au,
oscar-wylee-59,Oscar Wylee,Australia,NSW,Shopping Centre,place-au-nsw-westfield-tuggerah,High,Usable,true,true,true,true,oscar-wylee-au,
specsavers-3332,Specsavers,Australia,NSW,Shopping Centre,place-au-nsw-westfield-tuggerah,High,Usable,true,true,true,true,specsavers-au,
opsm-1107,OPSM,Australia,NSW,Shopping Centre,place-au-nsw-tweed-mall,High,Usable,true,true,true,true,opsm-au,
opsm-1406,OPSM,Australia,NSW,Shopping Centre,place-au-nsw-tweed-city-shopping-centre,High,Usable,true,true,true,true,opsm-au,
oscar-wylee-97,Oscar Wylee,Australia,NSW,Shopping Centre,place-au-nsw-tweed-city-shopping-centre,High,Usable,true,true,true,true,oscar-wylee-au,
specsavers-3371,Specsavers,Australia,NSW,Shopping Centre,place-au-nsw-tweed-city-shopping-centre,High,Usable,true,true,true,true,specsavers-au,
opsm-2993,OPSM,Australia,NSW,High Street,corridor-au-nsw-ulladulla-princess-highway,Medium,Usable,true,true,true,true,opsm-au,
specsavers-3673,Specsavers,Australia,NSW,Shopping Centre,place-au-nsw-ulladulla-shopping-centre,High,Usable,true,true,true,true,specsavers-au,
bailey-nelson-broadway,Bailey Nelson,Australia,NSW,High Street,corridor-au-nsw-ultimo-bay-street,Medium,Usable,true,true,true,true,bailey-nelson-au,
opsm-1423,OPSM,Australia,NSW,High Street,corridor-au-nsw-ultimo-bay-street,Medium,Usable,true,true,true,true,opsm-au,
oscar-wylee-79,Oscar Wylee,Australia,NSW,Shopping Centre,place-au-nsw-broadway-shopping-centre,High,Usable,true,true,true,true,oscar-wylee-au,
specsavers-3505,Specsavers,Australia,NSW,Shopping Centre,place-au-nsw-broadway-shopping-centre,High,Usable,true,true,true,true,specsavers-au,
oscar-wylee-24,Oscar Wylee,Australia,NSW,Shopping Centre,place-au-nsw-chatswood-chase,High,Usable,true,true,true,true,oscar-wylee-au,
opsm-1021,OPSM,Australia,NSW,Shopping Centre,place-au-nsw-wagga-wagga-marketplace,Medium,Usable,true,true,true,true,opsm-au,
oscar-wylee-100,Oscar Wylee,Australia,NSW,Shopping Centre,place-au-nsw-wagga-wagga-marketplace,High,Usable,true,true,true,true,oscar-wylee-au,
specsavers-3254,Specsavers,Australia,NSW,Shopping Centre,place-au-nsw-wagga-wagga-marketplace,Medium,Usable,true,true,true,true,specsavers-au,
opsm-2959,OPSM,Australia,NSW,High Street,corridor-au-nsw-wallsend-kokera-street,Medium,Usable,true,true,true,true,opsm-au,
specsavers-3220,Specsavers,Australia,NSW,Shopping Centre,place-au-nsw-warilla-grove-shopping-centre,High,Usable,true,true,true,true,specsavers-au,
specsavers-3210,Specsavers,Australia,NSW,Shopping Centre,place-au-nsw-warrawong-plaza-shopping-centre,High,Usable,true,true,true,true,specsavers-au,
opsm-1068,OPSM,Australia,NSW,Shopping Centre,place-au-nsw-warriewood-square,Medium,Usable,true,true,true,true,opsm-au,
specsavers-3575,Specsavers,Australia,NSW,Shopping Centre,place-au-nsw-warriewood-square,High,Usable,true,true,true,true,specsavers-au,
opsm-2299,OPSM,Australia,NSW,High Street,corridor-au-nsw-wauchope-high-street,Medium,Usable,true,true,true,true,opsm-au,
independent-other-optical-osm-au-node-10820638609,Independent / Other optical,Australia,NSW,High Street,corridor-au-nsw-wentworthville-great-western-highway,Medium,Usable,true,true,true,true,osm-opticians,
opsm-1307,OPSM,Australia,NSW,High Street,corridor-au-nsw-wetherill-park-polding-street,Medium,Usable,true,true,true,true,opsm-au,
specsavers-3497,Specsavers,Australia,NSW,Shopping Centre,place-au-nsw-stockland-wetherill-park,High,Usable,true,true,true,true,specsavers-au,
specsavers-3678,Specsavers,Australia,NSW,Shopping Centre,place-au-nsw-windsor-riverview-shopping-centre,High,Usable,true,true,true,true,specsavers-au,
opsm-2928,OPSM,Australia,NSW,High Street,corridor-au-nsw-winston-hills-caroline-chisholm-drive,Medium,Usable,true,true,true,true,opsm-au,
oscar-wylee-85,Oscar Wylee,Australia,NSW,Shopping Centre,place-au-nsw-winston-hills-mall,High,Usable,true,true,true,true,oscar-wylee-au,
specsavers-3501,Specsavers,Australia,NSW,Shopping Centre,place-au-nsw-winston-hills-mall,High,Usable,true,true,true,true,specsavers-au,
opsm-1015,OPSM,Australia,NSW,High Street,corridor-au-nsw-wollongong-crown-street,Medium,Usable,true,true,true,true,opsm-au,
oscar-wylee-133,Oscar Wylee,Australia,NSW,Shopping Centre,place-au-nsw-wollongong-central,High,Usable,true,true,true,true,oscar-wylee-au,
specsavers-3456,Specsavers,Australia,NSW,High Street,place-au-nsw-crown-st-mall,High,Usable,true,true,true,true,specsavers-au,
opsm-1311,OPSM,Australia,NSW,Shopping Centre,place-au-nsw-deepwater-plaza-centre,High,Usable,true,true,true,true,opsm-au,
specsavers-3538,Specsavers,Australia,NSW,Shopping Centre,place-au-nsw-deepwater-plaza-centre,High,Usable,true,true,true,true,specsavers-au,
independent-other-optical-osm-au-way-655284178,Independent / Other optical,Australia,NSW,High Street,corridor-au-nsw-wyong-pacific-highway,Medium,Limited,false,true,false,false,osm-opticians,record lacks a meaningful public storefront address
independent-other-optical-osm-au-node-5720362545,Independent / Other optical,Australia,NT,Uncertain,,Uncertain,Limited,false,true,false,false,osm-opticians,record lacks a meaningful public storefront address; location setting needs review
independent-other-optical-osm-au-node-6267324335,Independent / Other optical,Australia,NT,Uncertain,,Uncertain,Limited,false,true,false,false,osm-opticians,record lacks a meaningful public storefront address; location setting needs review
independent-other-optical-osm-au-way-1250385845,Independent / Other optical,Australia,NT,Uncertain,,Uncertain,Limited,false,true,false,false,osm-opticians,record lacks a meaningful public storefront address; location setting needs review
opsm-1582,OPSM,Australia,NT,High Street,corridor-au-nt-alice-springs-hartley-street,Medium,Usable,true,true,true,true,opsm-au,
oscar-wylee-115,Oscar Wylee,Australia,NT,Shopping Centre,place-au-nt-casuarina-square,High,Usable,true,true,true,true,oscar-wylee-au,
specsavers-3689,Specsavers,Australia,NT,Shopping Centre,place-au-nt-casuarina-square,High,Usable,true,true,true,true,specsavers-au,
opsm-1200,OPSM,Australia,NT,High Street,corridor-au-nt-darwin-trower-road,Medium,Usable,true,true,true,true,opsm-au,
opsm-1577,OPSM,Australia,NT,Shopping Centre,place-au-nt-smith-st-mall,High,Usable,true,true,true,true,opsm-au,
specsavers-3317,Specsavers,Australia,NT,Shopping Centre,place-au-nt-hibiscus-shoppingtown,High,Usable,true,true,true,true,specsavers-au,
opsm-1580,OPSM,Australia,NT,High Street,corridor-au-nt-katherine-katherine-terrace,Medium,Usable,true,true,true,true,opsm-au,
specsavers-3318,Specsavers,Australia,NT,Shopping Centre,place-au-nt-oasis-shopping-centre,High,Usable,true,true,true,true,specsavers-au,
opsm-1191,OPSM,Australia,NT,High Street,corridor-au-nt-yarrawonga-roystonea-avenue,Medium,Usable,true,true,true,true,opsm-au,
independent-other-optical-osm-ne-node-11440212557,Independent / Other optical,New Zealand,Nelson,Uncertain,,Uncertain,Limited,false,true,false,false,osm-opticians,record lacks a meaningful public storefront address; location setting needs review
independent-other-optical-osm-ne-node-12660968717,Independent / Other optical,New Zealand,Nelson,Uncertain,,Uncertain,Limited,false,true,false,false,osm-opticians,record lacks a meaningful public storefront address; location setting needs review
opsm-nz-2955,OPSM,New Zealand,Nelson,High Street,corridor-nz-nelson-blenheim-market-street,Medium,Usable,true,true,true,true,opsm-nz,
independent-other-optical-osm-ne-node-2306079328,Independent / Other optical,New Zealand,Nelson,High Street,corridor-nz-nelson-nelson-hardy-street,Medium,Usable,true,true,true,true,osm-opticians,
opsm-nz-1643,OPSM,New Zealand,Nelson,High Street,corridor-nz-nelson-nelson-trafalgar-street,Medium,Usable,true,true,true,true,opsm-nz,
specsavers-nz-3834,Specsavers,New Zealand,Nelson,High Street,corridor-nz-nelson-nelson-trafalgar-street,Medium,Usable,true,true,true,true,specsavers-nz,
opsm-nz-2828,OPSM,New Zealand,Nelson,Shopping Centre,place-nz-nelson-richmond-mall,High,Usable,true,true,true,true,opsm-nz,
independent-other-optical-osm-ne-node-12381329536,Independent / Other optical,New Zealand,Northland,Uncertain,,Uncertain,Limited,false,true,false,false,osm-opticians,record lacks a meaningful public storefront address; location setting needs review
independent-other-optical-osm-ne-node-12577152601,Independent / Other optical,New Zealand,Northland,Uncertain,,Uncertain,Limited,false,true,false,false,osm-opticians,record lacks a meaningful public storefront address; location setting needs review
specsavers-nz-3817,Specsavers,New Zealand,Northland,High Street,corridor-nz-northland-kerikeri-kerikeri-road,Medium,Usable,true,true,true,true,specsavers-nz,
opsm-nz-1694,OPSM,New Zealand,Northland,High Street,corridor-nz-northland-whangarei-cameron-street,Medium,Usable,true,true,true,true,opsm-nz,
specsavers-nz-3818,Specsavers,New Zealand,Northland,High Street,corridor-nz-northland-whangarei-james-street,Medium,Usable,true,true,true,true,specsavers-nz,
independent-other-optical-osm-ne-node-4777975526,Independent / Other optical,New Zealand,Otago,Uncertain,,Uncertain,Limited,false,true,false,false,osm-opticians,record lacks a meaningful public storefront address; location setting needs review
independent-other-optical-osm-ne-node-10864300613,Independent / Other optical,New Zealand,Otago,Uncertain,,Uncertain,Limited,false,true,false,false,osm-opticians,record lacks a meaningful public storefront address; location setting needs review
independent-other-optical-osm-ne-node-14071539647,Independent / Other optical,New Zealand,Otago,Uncertain,,Uncertain,Limited,false,true,false,false,osm-opticians,record lacks a meaningful public storefront address; location setting needs review
bailey-nelson-nz-optometrist-dunedin,Bailey Nelson,New Zealand,Otago,Shopping Centre,place-nz-otago-meridian-mall,High,Usable,true,true,true,true,bailey-nelson-nz,
opsm-nz-1675,OPSM,New Zealand,Otago,High Street,corridor-nz-otago-dunedin-george-street,Medium,Usable,true,true,true,true,opsm-nz,
specsavers-nz-3838,Specsavers,New Zealand,Otago,High Street,corridor-nz-otago-dunedin-george-street,Medium,Usable,true,true,true,true,specsavers-nz,
specsavers-nz-3872,Specsavers,New Zealand,Otago,High Street,corridor-nz-otago-dunedin-king-edward-street,Medium,Usable,true,true,true,true,specsavers-nz,
opsm-nz-1610,OPSM,New Zealand,Otago,High Street,corridor-nz-otago-queenstown-grant-road,Medium,Usable,true,true,true,true,opsm-nz,
specsavers-nz-3856,Specsavers,New Zealand,Otago,Shopping Centre,place-nz-otago-remarkables-park-town-centre,High,Usable,true,true,true,true,specsavers-nz,
independent-other-optical-osm-au-node-12785778224,Independent / Other optical,Australia,QLD,Uncertain,,Uncertain,Limited,false,true,false,false,osm-opticians,record lacks a meaningful public storefront address; location setting needs review
independent-other-optical-osm-au-node-5471854202,Independent / Other optical,Australia,QLD,Uncertain,,Uncertain,Limited,false,true,false,false,osm-opticians,record lacks a meaningful public storefront address; location setting needs review
independent-other-optical-osm-au-node-7600973401,Independent / Other optical,Australia,QLD,Uncertain,,Uncertain,Limited,false,true,false,false,osm-opticians,record lacks a meaningful public storefront address; location setting needs review
independent-other-optical-osm-au-node-2798570622,Independent / Other optical,Australia,QLD,High Street,corridor-au-qld-qld-vulture-street,Medium,Limited,false,true,false,false,osm-opticians,record lacks a meaningful public storefront address
independent-other-optical-osm-au-node-2079907028,Independent / Other optical,Australia,QLD,Uncertain,,Uncertain,Limited,false,true,false,false,osm-opticians,record lacks a meaningful public storefront address; location setting needs review
independent-other-optical-osm-au-node-4772042225,Independent / Other optical,Australia,QLD,Uncertain,,Uncertain,Limited,false,true,false,false,osm-opticians,record lacks a meaningful public storefront address; location setting needs review
independent-other-optical-osm-au-node-10272461284,Independent / Other optical,Australia,QLD,Uncertain,,Uncertain,Limited,false,true,false,false,osm-opticians,record lacks a meaningful public storefront address; location setting needs review
independent-other-optical-osm-au-way-1254252545,Independent / Other optical,Australia,QLD,Uncertain,,Uncertain,Limited,false,true,false,false,osm-opticians,record lacks a meaningful public storefront address; location setting needs review
independent-other-optical-osm-au-node-3616959074,Independent / Other optical,Australia,QLD,Uncertain,,Uncertain,Limited,false,true,false,false,osm-opticians,record lacks a meaningful public storefront address; location setting needs review
independent-other-optical-osm-au-node-3641965394,Independent / Other optical,Australia,QLD,Uncertain,,Uncertain,Limited,false,true,false,false,osm-opticians,record lacks a meaningful public storefront address; location setting needs review
independent-other-optical-osm-au-node-615108303,Independent / Other optical,Australia,QLD,Uncertain,,Uncertain,Limited,false,true,false,false,osm-opticians,record lacks a meaningful public storefront address; location setting needs review
independent-other-optical-osm-au-node-11267057796,Independent / Other optical,Australia,QLD,Uncertain,,Uncertain,Limited,false,true,false,false,osm-opticians,record lacks a meaningful public storefront address; location setting needs review
independent-other-optical-osm-au-node-11984932693,Independent / Other optical,Australia,QLD,Uncertain,,Uncertain,Limited,false,true,false,false,osm-opticians,record lacks a meaningful public storefront address; location setting needs review
independent-other-optical-osm-au-node-4845383785,Independent / Other optical,Australia,QLD,Uncertain,,Uncertain,Limited,false,true,false,false,osm-opticians,record lacks a meaningful public storefront address; location setting needs review
independent-other-optical-osm-au-node-2812592887,Independent / Other optical,Australia,QLD,Uncertain,,Uncertain,Limited,false,true,false,false,osm-opticians,record lacks a meaningful public storefront address; location setting needs review
independent-other-optical-osm-au-node-5267197634,Independent / Other optical,Australia,QLD,Uncertain,,Uncertain,Limited,false,true,false,false,osm-opticians,record lacks a meaningful public storefront address; location setting needs review
independent-other-optical-osm-au-node-4435526091,Independent / Other optical,Australia,QLD,Uncertain,,Uncertain,Limited,false,true,false,false,osm-opticians,record lacks a meaningful public storefront address; location setting needs review
independent-other-optical-osm-au-node-735998260,Independent / Other optical,Australia,QLD,Uncertain,,Uncertain,Limited,false,true,false,false,osm-opticians,record lacks a meaningful public storefront address; location setting needs review
independent-other-optical-osm-au-way-1347944904,Independent / Other optical,Australia,QLD,Uncertain,,Uncertain,Limited,false,true,false,false,osm-opticians,record lacks a meaningful public storefront address; location setting needs review
independent-other-optical-osm-au-node-11383213002,Independent / Other optical,Australia,QLD,Uncertain,,Uncertain,Limited,false,true,false,false,osm-opticians,record lacks a meaningful public storefront address; location setting needs review
independent-other-optical-osm-au-node-4845383813,Independent / Other optical,Australia,QLD,Uncertain,,Uncertain,Limited,false,true,false,false,osm-opticians,record lacks a meaningful public storefront address; location setting needs review
independent-other-optical-osm-au-node-5589514647,Independent / Other optical,Australia,QLD,Uncertain,,Uncertain,Limited,false,true,false,false,osm-opticians,record lacks a meaningful public storefront address; location setting needs review
independent-other-optical-osm-au-way-889998872,Independent / Other optical,Australia,QLD,Uncertain,,Uncertain,Limited,false,true,false,false,osm-opticians,record lacks a meaningful public storefront address; location setting needs review
independent-other-optical-osm-au-node-12319824788,Independent / Other optical,Australia,QLD,Uncertain,,Uncertain,Limited,false,true,false,false,osm-opticians,record lacks a meaningful public storefront address; location setting needs review
independent-other-optical-osm-au-node-5631549727,Independent / Other optical,Australia,QLD,Uncertain,,Uncertain,Limited,false,true,false,false,osm-opticians,record lacks a meaningful public storefront address; location setting needs review
independent-other-optical-osm-au-node-10104842037,Independent / Other optical,Australia,QLD,Uncertain,,Uncertain,Limited,false,true,false,false,osm-opticians,record lacks a meaningful public storefront address; location setting needs review
independent-other-optical-osm-au-way-1254545304,Independent / Other optical,Australia,QLD,Uncertain,,Uncertain,Limited,false,true,false,false,osm-opticians,record lacks a meaningful public storefront address; location setting needs review
independent-other-optical-osm-au-node-7634594301,Independent / Other optical,Australia,QLD,Uncertain,,Uncertain,Limited,false,true,false,false,osm-opticians,record lacks a meaningful public storefront address; location setting needs review
independent-other-optical-osm-au-node-7092641917,Independent / Other optical,Australia,QLD,Uncertain,,Uncertain,Limited,false,true,false,false,osm-opticians,record lacks a meaningful public storefront address; location setting needs review
independent-other-optical-osm-au-node-8969261058,Independent / Other optical,Australia,QLD,Uncertain,,Uncertain,Limited,false,true,false,false,osm-opticians,record lacks a meaningful public storefront address; location setting needs review
independent-other-optical-osm-au-node-12310587681,Independent / Other optical,Australia,QLD,Uncertain,,Uncertain,Limited,false,true,false,false,osm-opticians,record lacks a meaningful public storefront address; location setting needs review
independent-other-optical-osm-au-node-10698432114,Independent / Other optical,Australia,QLD,Uncertain,,Uncertain,Limited,false,true,false,false,osm-opticians,record lacks a meaningful public storefront address; location setting needs review
independent-other-optical-osm-au-node-12958128048,Independent / Other optical,Australia,QLD,Uncertain,,Uncertain,Limited,false,true,false,false,osm-opticians,record lacks a meaningful public storefront address; location setting needs review
independent-other-optical-osm-au-node-13987432119,Independent / Other optical,Australia,QLD,Uncertain,,Uncertain,Limited,false,true,false,false,osm-opticians,record lacks a meaningful public storefront address; location setting needs review
independent-other-optical-osm-au-node-14091699299,Independent / Other optical,Australia,QLD,Uncertain,,Uncertain,Limited,false,true,false,false,osm-opticians,record lacks a meaningful public storefront address; location setting needs review
independent-other-optical-osm-au-node-3616959028,Independent / Other optical,Australia,QLD,Uncertain,,Uncertain,Limited,false,true,false,false,osm-opticians,record lacks a meaningful public storefront address; location setting needs review
independent-other-optical-osm-au-node-9406577080,Independent / Other optical,Australia,QLD,Uncertain,,Uncertain,Limited,false,true,false,false,osm-opticians,record lacks a meaningful public storefront address; location setting needs review
independent-other-optical-osm-au-node-3612643660,Independent / Other optical,Australia,QLD,Uncertain,,Uncertain,Limited,false,true,false,false,osm-opticians,record lacks a meaningful public storefront address; location setting needs review
independent-other-optical-osm-au-node-3808231195,Independent / Other optical,Australia,QLD,Uncertain,,Uncertain,Limited,false,true,false,false,osm-opticians,record lacks a meaningful public storefront address; location setting needs review
independent-other-optical-osm-au-node-12254014860,Independent / Other optical,Australia,QLD,Uncertain,,Uncertain,Limited,false,true,false,false,osm-opticians,record lacks a meaningful public storefront address; location setting needs review
independent-other-optical-osm-au-node-9789479039,Independent / Other optical,Australia,QLD,Uncertain,,Uncertain,Limited,false,true,false,false,osm-opticians,record lacks a meaningful public storefront address; location setting needs review
independent-other-optical-osm-au-node-10566668350,Independent / Other optical,Australia,QLD,Uncertain,,Uncertain,Limited,false,true,false,false,osm-opticians,record lacks a meaningful public storefront address; location setting needs review
independent-other-optical-osm-au-node-5590821334,Independent / Other optical,Australia,QLD,Uncertain,,Uncertain,Limited,false,true,false,false,osm-opticians,record lacks a meaningful public storefront address; location setting needs review
independent-other-optical-osm-au-node-10272461271,Independent / Other optical,Australia,QLD,Uncertain,,Uncertain,Limited,false,true,false,false,osm-opticians,record lacks a meaningful public storefront address; location setting needs review
independent-other-optical-osm-au-node-9787115074,Independent / Other optical,Australia,QLD,Uncertain,,Uncertain,Limited,false,true,false,false,osm-opticians,record lacks a meaningful public storefront address; location setting needs review
independent-other-optical-osm-au-way-1241866996,Independent / Other optical,Australia,QLD,Uncertain,,Uncertain,Limited,false,true,false,false,osm-opticians,record lacks a meaningful public storefront address; location setting needs review
opsm-1161,OPSM,Australia,QLD,High Street,corridor-au-qld-aitkenvale-ross-river-road,Medium,Usable,true,true,true,true,opsm-au,
oscar-wylee-83,Oscar Wylee,Australia,QLD,Shopping Centre,place-au-qld-stockland-townsville,High,Usable,true,true,true,true,oscar-wylee-au,
specsavers-3499,Specsavers,Australia,QLD,Shopping Centre,place-au-qld-stockland-townsville,High,Usable,true,true,true,true,specsavers-au,
specsavers-3636,Specsavers,Australia,QLD,Shopping Centre,place-au-qld-allenstown-square,High,Usable,true,true,true,true,specsavers-au,
specsavers-3224,Specsavers,Australia,QLD,Shopping Centre,place-au-qld-arundel-plaza,High,Usable,true,true,true,true,specsavers-au,
opsm-2272,OPSM,Australia,QLD,Shopping Centre,place-au-qld-aspley-hypermarket,Medium,Usable,true,true,true,true,opsm-au,
specsavers-3629,Specsavers,Australia,QLD,Shopping Centre,place-au-qld-aspley-hypermarket,High,Usable,true,true,true,true,specsavers-au,
specsavers-3378,Specsavers,Australia,QLD,Shopping Centre,place-au-qld-sugarland-shoppingtown,High,Usable,true,true,true,true,specsavers-au,
specsavers-3285,Specsavers,Australia,QLD,Shopping Centre,place-au-qld-beaudesert-central-shopping-centre,High,Usable,true,true,true,true,specsavers-au,
specsavers-3447,Specsavers,Australia,QLD,Shopping Centre,place-au-qld-beenleigh-marketplace,High,Usable,true,true,true,true,specsavers-au,
specsavers-3207,Specsavers,Australia,QLD,Shopping Centre,place-au-qld-beerwah-village,High,Usable,true,true,true,true,specsavers-au,
opsm-2982,OPSM,Australia,QLD,High Street,corridor-au-qld-birtinya-the-avenue,Medium,Usable,true,true,true,true,opsm-au,
specsavers-3619,Specsavers,Australia,QLD,Shopping Centre,place-au-qld-bribie-island-shopping-centre,High,Usable,true,true,true,true,specsavers-au,
opsm-1065,OPSM,Australia,QLD,High Street,corridor-au-qld-booval-brisbane-road,Medium,Usable,true,true,true,true,opsm-au,
bailey-nelson-brisbane-macarthur,Bailey Nelson,Australia,QLD,High Street,corridor-au-qld-brisbane-queen-street,Medium,Usable,true,true,true,true,bailey-nelson-au,
opsm-1513,OPSM,Australia,QLD,High Street,corridor-au-qld-brisbane-albert-street,Medium,Usable,true,true,true,true,opsm-au,
opsm-1464,OPSM,Australia,QLD,High Street,corridor-au-qld-brisbane-queen-street,Medium,Usable,true,true,true,true,opsm-au,
specsavers-3527,Specsavers,Australia,QLD,High Street,corridor-au-qld-brisbane-queen-street-brisbane,Medium,Usable,true,true,true,true,specsavers-au,
specsavers-3432,Specsavers,Australia,QLD,High Street,corridor-au-qld-brisbane-albert-street,Medium,Usable,true,true,true,true,specsavers-au,
oscar-wylee-54,Oscar Wylee,Australia,QLD,High Street,corridor-au-qld-brisbane-city-queen-street,Medium,Usable,true,true,true,true,oscar-wylee-au,
bailey-nelson-gold-coast,Bailey Nelson,Australia,QLD,Shopping Centre,place-au-qld-pacific-fair,High,Usable,true,true,true,true,bailey-nelson-au,
opsm-1495,OPSM,Australia,QLD,Shopping Centre,place-au-qld-pacific-fair,High,Usable,true,true,true,true,opsm-au,
oscar-wylee-58,Oscar Wylee,Australia,QLD,Shopping Centre,place-au-qld-pacific-fair,High,Usable,true,true,true,true,oscar-wylee-au,
specsavers-3562,Specsavers,Australia,QLD,Shopping Centre,place-au-qld-pacific-fair,High,Usable,true,true,true,true,specsavers-au,
opsm-1357,OPSM,Australia,QLD,Shopping Centre,place-au-qld-browns-plains-grand-plaza-shopping-centre,Medium,Usable,true,true,true,true,opsm-au,
specsavers-3411,Specsavers,Australia,QLD,Shopping Centre,place-au-qld-browns-plains-grand-plaza-shopping-centre,High,Usable,true,true,true,true,specsavers-au,
opsm-7059,OPSM,Australia,QLD,High Street,corridor-au-qld-buddina-point-cartwright-drive,Medium,Usable,true,true,true,true,opsm-au,
oscar-wylee-143,Oscar Wylee,Australia,QLD,Shopping Centre,place-au-qld-kawana-shoppingworld,High,Usable,true,true,true,true,oscar-wylee-au,
specsavers-3202,Specsavers,Australia,QLD,Shopping Centre,place-au-qld-kawana-shoppingworld,High,Usable,true,true,true,true,specsavers-au,
specsavers-3205,Specsavers,Australia,QLD,Shopping Centre,place-au-qld-buderim-marketplace,High,Usable,true,true,true,true,specsavers-au,
independent-other-optical-osm-au-node-4797976138,Independent / Other optical,Australia,QLD,High Street,corridor-au-qld-bulimba-oxford-street,Medium,Usable,true,true,true,true,osm-opticians,
opsm-1111,OPSM,Australia,QLD,High Street,corridor-au-qld-bundaberg-maryborough-street,Medium,Usable,true,true,true,true,opsm-au,
opsm-1386,OPSM,Australia,QLD,Shopping Centre,place-au-qld-sugarland-shoppingtown,Medium,Usable,true,true,true,true,opsm-au,
specsavers-3646,Specsavers,Australia,QLD,High Street,corridor-au-qld-bundaberg-central-maryborough-street,Medium,Usable,true,true,true,true,specsavers-au,
bailey-nelson-burleigh-heads,Bailey Nelson,Australia,QLD,High Street,corridor-au-qld-burleigh-heads-james-street,Medium,Usable,true,true,true,true,bailey-nelson-au,
opsm-1085,OPSM,Australia,QLD,Shopping Centre,place-au-qld-burleigh-heads-stockland,Medium,Usable,true,true,true,true,opsm-au,
specsavers-3225,Specsavers,Australia,QLD,Shopping Centre,place-au-qld-burleigh-heads-stockland,High,Usable,true,true,true,true,specsavers-au,
opsm-1336,OPSM,Australia,QLD,Shopping Centre,place-au-qld-cairns-shopping-centre,Medium,Usable,true,true,true,true,opsm-au,
opsm-1237,OPSM,Australia,QLD,Shopping Centre,place-au-qld-cairns-smithfield-centre,Medium,Usable,true,true,true,true,opsm-au,
oscar-wylee-129,Oscar Wylee,Australia,QLD,Shopping Centre,place-au-qld-cairns-shopping-centre,Medium,Usable,true,true,true,true,oscar-wylee-au,
specsavers-3223,Specsavers,Australia,QLD,Shopping Centre,place-au-qld-cairns-shopping-centre,High,Usable,true,true,true,true,specsavers-au,
opsm-1385,OPSM,Australia,QLD,Shopping Centre,place-au-qld-caloundra-shopping-centre,Medium,Usable,true,true,true,true,opsm-au,
specsavers-3692,Specsavers,Australia,QLD,Shopping Centre,place-au-qld-caloundra-shopping-centre,High,Usable,true,true,true,true,specsavers-au,
opsm-1264,OPSM,Australia,QLD,Shopping Centre,place-au-qld-cannon-hill-kmart-plaza,Medium,Usable,true,true,true,true,opsm-au,
specsavers-3658,Specsavers,Australia,QLD,Shopping Centre,place-au-qld-cannon-hill-kmart-plaza,High,Usable,true,true,true,true,specsavers-au,
specsavers-3541,Specsavers,Australia,QLD,Shopping Centre,place-au-qld-whitsunday-plaza,High,Usable,true,true,true,true,specsavers-au,
opsm-1246,OPSM,Australia,QLD,Shopping Centre,place-au-qld-capalaba-park-shopping-centre,Medium,Usable,true,true,true,true,opsm-au,
specsavers-3374,Specsavers,Australia,QLD,Shopping Centre,place-au-qld-capalaba-park-shopping-centre,High,Usable,true,true,true,true,specsavers-au,
bailey-nelson-carindale,Bailey Nelson,Australia,QLD,Shopping Centre,place-au-qld-westfield-carindale,High,Usable,true,true,true,true,bailey-nelson-au,
opsm-1266,OPSM,Australia,QLD,Shopping Centre,place-au-qld-westfield-carindale,High,Usable,true,true,true,true,opsm-au,
oscar-wylee-18,Oscar Wylee,Australia,QLD,Shopping Centre,place-au-qld-westfield-carindale,High,Usable,true,true,true,true,oscar-wylee-au,
specsavers-3246,Specsavers,Australia,QLD,Shopping Centre,place-au-qld-westfield-carindale,High,Usable,true,true,true,true,specsavers-au,
bailey-nelson-chermside,Bailey Nelson,Australia,QLD,Shopping Centre,place-au-qld-westfield-chermside,High,Usable,true,true,true,true,bailey-nelson-au,
opsm-1346,OPSM,Australia,QLD,Shopping Centre,place-au-qld-westfield-chermside,High,Usable,true,true,true,true,opsm-au,
oscar-wylee-21,Oscar Wylee,Australia,QLD,Shopping Centre,place-au-qld-westfield-chermside,High,Usable,true,true,true,true,oscar-wylee-au,
specsavers-3393,Specsavers,Australia,QLD,Shopping Centre,place-au-qld-westfield-chermside,High,Usable,true,true,true,true,specsavers-au,
opsm-1337,OPSM,Australia,QLD,Shopping Centre,place-au-qld-cleveland-shopping-centre,Medium,Usable,true,true,true,true,opsm-au,
specsavers-3607,Specsavers,Australia,QLD,Shopping Centre,place-au-qld-cleveland-shopping-centre,High,Usable,true,true,true,true,specsavers-au,
bailey-nelson-coomera,Bailey Nelson,Australia,QLD,Shopping Centre,place-au-qld-westfield-coomera,Medium,Usable,true,true,true,true,bailey-nelson-au,
opsm-2974,OPSM,Australia,QLD,Shopping Centre,place-au-qld-westfield-coomera,Medium,Usable,true,true,true,true,opsm-au,
oscar-wylee-154,Oscar Wylee,Australia,QLD,Shopping Centre,place-au-qld-westfield-coomera,High,Usable,true,true,true,true,oscar-wylee-au,
specsavers-3591,Specsavers,Australia,QLD,Shopping Centre,place-au-qld-westfield-coomera,High,Usable,true,true,true,true,specsavers-au,
independent-other-optical-osm-au-node-5738744123,Independent / Other optical,Australia,QLD,High Street,corridor-au-qld-coorparoo-old-cleveland-road,Medium,Usable,true,true,true,true,osm-opticians,
specsavers-3206,Specsavers,Australia,QLD,High Street,corridor-au-qld-currimundi-bellara-drive,Medium,Usable,true,true,true,true,specsavers-au,
opsm-1162,OPSM,Australia,QLD,High Street,corridor-au-qld-earlville-mulgrave-road,Medium,Usable,true,true,true,true,opsm-au,
specsavers-3437,Specsavers,Australia,QLD,Shopping Centre,place-au-qld-earlville-shopping-town,High,Usable,true,true,true,true,specsavers-au,
opsm-1569,OPSM,Australia,QLD,High Street,corridor-au-qld-elanora-kp-mcgrath-drive,Medium,Usable,true,true,true,true,opsm-au,
oscar-wylee-151,Oscar Wylee,Australia,QLD,Shopping Centre,place-au-qld-the-pines-shopping-centre,Medium,Usable,true,true,true,true,oscar-wylee-au,
specsavers-3568,Specsavers,Australia,QLD,Shopping Centre,place-au-qld-the-pines-shopping-centre,High,Usable,true,true,true,true,specsavers-au,
specsavers-3545,Specsavers,Australia,QLD,High Street,corridor-au-qld-emerald-hospital-road,Medium,Usable,true,true,true,true,specsavers-au,
opsm-7009,OPSM,Australia,QLD,High Street,corridor-au-qld-fairfield-brougham-street,Medium,Usable,true,true,true,true,opsm-au,
specsavers-3643,Specsavers,Australia,QLD,Shopping Centre,place-au-qld-25-fairfield-gardens-shopping-centre,High,Usable,true,true,true,true,specsavers-au,
bailey-nelson-fortitude-valley,Bailey Nelson,Australia,QLD,High Street,corridor-au-qld-fortitude-valley-james-street,Medium,Usable,true,true,true,true,bailey-nelson-au,
independent-other-optical-osm-au-node-3006156291,Independent / Other optical,Australia,QLD,High Street,corridor-au-qld-fortitude-valley-winn-street,Medium,Usable,true,true,true,true,osm-opticians,
specsavers-3303,Specsavers,Australia,QLD,Shopping Centre,place-au-qld-domain-central,High,Usable,true,true,true,true,specsavers-au,
opsm-1588,OPSM,Australia,QLD,Shopping Centre,place-au-qld-gladstone-centre-plaza,Medium,Usable,true,true,true,true,opsm-au,
specsavers-3487,Specsavers,Australia,QLD,High Street,corridor-au-qld-gympie-excelsior-road,Medium,Usable,true,true,true,true,specsavers-au,
opsm-1069,OPSM,Australia,QLD,Shopping Centre,place-au-qld-helensvale-westfield,High,Usable,true,true,true,true,opsm-au,
oscar-wylee-44,Oscar Wylee,Australia,QLD,Shopping Centre,place-au-qld-helensvale-westfield,High,Usable,true,true,true,true,oscar-wylee-au,
specsavers-3387,Specsavers,Australia,QLD,Shopping Centre,place-au-qld-helensvale-westfield,High,Usable,true,true,true,true,specsavers-au,
opsm-1465,OPSM,Australia,QLD,Shopping Centre,place-au-qld-stocklands-hervey-bay,High,Usable,true,true,true,true,opsm-au,
opsm-2958,OPSM,Australia,QLD,High Street,corridor-au-qld-idalia-lakeside-drive,Medium,Usable,true,true,true,true,opsm-au,
bailey-nelson-indooroopilly,Bailey Nelson,Australia,QLD,Shopping Centre,place-au-qld-indooroopilly,High,Usable,true,true,true,true,bailey-nelson-au,
opsm-1277,OPSM,Australia,QLD,Shopping Centre,place-au-qld-indooroopilly,High,Usable,true,true,true,true,opsm-au,
oscar-wylee-36,Oscar Wylee,Australia,QLD,Shopping Centre,place-au-qld-indooroopilly,High,Usable,true,true,true,true,oscar-wylee-au,
specsavers-3427,Specsavers,Australia,QLD,Shopping Centre,place-au-qld-indooroopilly,High,Usable,true,true,true,true,specsavers-au,
opsm-1564,OPSM,Australia,QLD,High Street,corridor-au-qld-innisfail-edith-street,Medium,Usable,true,true,true,true,opsm-au,
specsavers-3362,Specsavers,Australia,QLD,Shopping Centre,place-au-qld-ipswich-riverlink-shopping-centre,High,Usable,true,true,true,true,specsavers-au,
specsavers-3687,Specsavers,Australia,QLD,Shopping Centre,place-au-qld-toowoomba-plaza,High,Usable,true,true,true,true,specsavers-au,
opsm-1570,OPSM,Australia,QLD,Shopping Centre,place-au-qld-kingaroy-plaza,Medium,Usable,true,true,true,true,opsm-au,
specsavers-3603,Specsavers,Australia,QLD,Shopping Centre,place-au-qld-kingaroy-plaza,High,Usable,true,true,true,true,specsavers-au,
opsm-2970,OPSM,Australia,QLD,High Street,corridor-au-qld-kippa-ring-anzac-avenue,Medium,Usable,true,true,true,true,opsm-au,
specsavers-3461,Specsavers,Australia,QLD,Shopping Centre,place-au-qld-peninsula-fair-shopping-centre,High,Usable,true,true,true,true,specsavers-au,
opsm-2283,OPSM,Australia,QLD,Shopping Centre,place-au-qld-townsville-willows-shopping-centre,Medium,Usable,true,true,true,true,opsm-au,
oscar-wylee-27,Oscar Wylee,Australia,QLD,Shopping Centre,place-au-qld-logan-hyperdome,High,Usable,true,true,true,true,oscar-wylee-au,
specsavers-3302,Specsavers,Australia,QLD,Shopping Centre,place-au-qld-logan-hyperdome,High,Usable,true,true,true,true,specsavers-au,
specsavers-3653,Specsavers,Australia,QLD,Shopping Centre,place-au-qld-homeco-lutwyche,High,Usable,true,true,true,true,specsavers-au,
opsm-1295,OPSM,Australia,QLD,High Street,corridor-au-qld-mackay-victoria-street,Medium,Usable,true,true,true,true,opsm-au,
opsm-2264,OPSM,Australia,QLD,Shopping Centre,place-au-qld-mackay-mt-pleasant-shopping-centre,Medium,Usable,true,true,true,true,opsm-au,
oscar-wylee-105,Oscar Wylee,Australia,QLD,Shopping Centre,place-au-qld-caneland-centre,High,Usable,true,true,true,true,oscar-wylee-au,
specsavers-3404,Specsavers,Australia,QLD,Shopping Centre,place-au-qld-caneland-centre,High,Usable,true,true,true,true,specsavers-au,
opsm-2968,OPSM,Australia,QLD,High Street,corridor-au-qld-mango-hill-north-lakes-drive,Medium,Usable,true,true,true,true,opsm-au,
opsm-1263,OPSM,Australia,QLD,Shopping Centre,place-au-qld-sunshine-plaza,High,Usable,true,true,true,true,opsm-au,
oscar-wylee-51,Oscar Wylee,Australia,QLD,Shopping Centre,place-au-qld-sunshine-plaza,High,Usable,true,true,true,true,oscar-wylee-au,
specsavers-3201,Specsavers,Australia,QLD,Shopping Centre,place-au-qld-sunshine-plaza,High,Usable,true,true,true,true,specsavers-au,
independent-other-optical-osm-au-node-4076324335,Independent / Other optical,Australia,QLD,High Street,corridor-au-qld-maryborough-lennox-street,Medium,Usable,true,true,true,true,osm-opticians,
opsm-1167,OPSM,Australia,QLD,High Street,corridor-au-qld-maryborough-lennox-street,Medium,Usable,true,true,true,true,opsm-au,
specsavers-3483,Specsavers,Australia,QLD,Shopping Centre,place-au-qld-station-square-shopping-centre,High,Usable,true,true,true,true,specsavers-au,
opsm-1119,OPSM,Australia,QLD,Shopping Centre,place-au-qld-brookside-shopping-centre,Medium,Usable,true,true,true,true,opsm-au,
oscar-wylee-152,Oscar Wylee,Australia,QLD,Shopping Centre,place-au-qld-brookside-shopping-centre,High,Usable,true,true,true,true,oscar-wylee-au,
specsavers-3408,Specsavers,Australia,QLD,Shopping Centre,place-au-qld-brookside-shopping-centre,High,Usable,true,true,true,true,specsavers-au,
opsm-1273,OPSM,Australia,QLD,High Street,corridor-au-qld-morayfield-morayfield-road,Medium,Usable,true,true,true,true,opsm-au,
oscar-wylee-49,Oscar Wylee,Australia,QLD,Shopping Centre,place-au-qld-morayfield-shopping-centre,High,Usable,true,true,true,true,oscar-wylee-au,
specsavers-3363,Specsavers,Australia,QLD,Shopping Centre,place-au-qld-morayfield-shopping-centre,High,Usable,true,true,true,true,specsavers-au,
opsm-2270,OPSM,Australia,QLD,Shopping Centre,place-au-qld-mt-gravatt-plaza,High,Usable,true,true,true,true,opsm-au,
opsm-1585,OPSM,Australia,QLD,High Street,corridor-au-qld-mount-isa-simpson-street,Medium,Usable,true,true,true,true,opsm-au,
oscar-wylee-153,Oscar Wylee,Australia,QLD,Shopping Centre,place-au-qld-mt-ommaney-centre,Medium,Usable,true,true,true,true,oscar-wylee-au,
specsavers-3406,Specsavers,Australia,QLD,Shopping Centre,place-au-qld-mt-ommaney-centre,High,Usable,true,true,true,true,specsavers-au,
oscar-wylee-131,Oscar Wylee,Australia,QLD,Shopping Centre,place-au-qld-capalaba-park-shopping-centre,High,Usable,true,true,true,true,oscar-wylee-au,
opsm-1274,OPSM,Australia,QLD,High Street,corridor-au-qld-mt-ommaney-dandenong-road,Medium,Usable,true,true,true,true,opsm-au,
specsavers-3203,Specsavers,Australia,QLD,Shopping Centre,place-au-qld-nambour-plaza,High,Usable,true,true,true,true,specsavers-au,
specsavers-3628,Specsavers,Australia,QLD,Shopping Centre,place-au-qld-nerang-town-centre,High,Usable,true,true,true,true,specsavers-au,
specsavers-3572,Specsavers,Australia,QLD,High Street,corridor-au-qld-newtown-james-street,Medium,Usable,true,true,true,true,specsavers-au,
opsm-2998,OPSM,Australia,QLD,Shopping Centre,place-au-qld-noosa-civic-shopping-centre,Medium,Usable,true,true,true,true,opsm-au,
oscar-wylee-78,Oscar Wylee,Australia,QLD,Shopping Centre,place-au-qld-noosa-civic-shopping-centre,High,Usable,true,true,true,true,oscar-wylee-au,
specsavers-3204,Specsavers,Australia,QLD,Shopping Centre,place-au-qld-noosa-civic-shopping-centre,High,Usable,true,true,true,true,specsavers-au,
opsm-2978,OPSM,Australia,QLD,High Street,corridor-au-qld-north-ipswich-the-terrace,Medium,Usable,true,true,true,true,opsm-au,
bailey-nelson-north-lakes,Bailey Nelson,Australia,QLD,Shopping Centre,place-au-qld-westfield-north-lakes,Medium,Usable,true,true,true,true,bailey-nelson-au,
oscar-wylee-19,Oscar Wylee,Australia,QLD,Shopping Centre,place-au-qld-westfield-north-lakes,High,Usable,true,true,true,true,oscar-wylee-au,
specsavers-3305,Specsavers,Australia,QLD,Shopping Centre,place-au-qld-westfield-north-lakes,High,Usable,true,true,true,true,specsavers-au,
specsavers-3604,Specsavers,Australia,QLD,Shopping Centre,place-au-qld-mackay-mt-pleasant-shopping-centre,High,Usable,true,true,true,true,specsavers-au,
oscar-wylee-91,Oscar Wylee,Australia,QLD,Shopping Centre,place-au-qld-stockland-rockhampton-shopping-centre,High,Usable,true,true,true,true,oscar-wylee-au,
specsavers-3455,Specsavers,Australia,QLD,Shopping Centre,place-au-qld-stockland-rockhampton-shopping-centre,High,Usable,true,true,true,true,specsavers-au,
opsm-1299,OPSM,Australia,QLD,High Street,corridor-au-qld-pialba-old-maryborough-road,Medium,Usable,true,true,true,true,opsm-au,
specsavers-3343,Specsavers,Australia,QLD,Shopping Centre,place-au-qld-pialba-place,High,Usable,true,true,true,true,specsavers-au,
specsavers-3576,Specsavers,Australia,QLD,Shopping Centre,place-au-qld-castletown-shoppingworld,High,Usable,true,true,true,true,specsavers-au,
specsavers-3277,Specsavers,Australia,QLD,Shopping Centre,place-au-qld-redbank-plaza,High,Usable,true,true,true,true,specsavers-au,
bailey-nelson-robina,Bailey Nelson,Australia,QLD,Shopping Centre,place-au-qld-robina-town-centre-dr,High,Usable,true,true,true,true,bailey-nelson-au,
oscar-wylee-81,Oscar Wylee,Australia,QLD,Shopping Centre,place-au-qld-robina-town-centre-dr,High,Usable,true,true,true,true,oscar-wylee-au,
specsavers-3381,Specsavers,Australia,QLD,Shopping Centre,place-au-qld-robina-town-centre-dr,High,Usable,true,true,true,true,specsavers-au,
opsm-1322,OPSM,Australia,QLD,Shopping Centre,place-au-qld-robina-town-centre-dr,High,Usable,true,true,true,true,opsm-au,
opsm-1064,OPSM,Australia,QLD,High Street,corridor-au-qld-rockhampton-bruce-highway,Medium,Usable,true,true,true,true,opsm-au,
opsm-1076,OPSM,Australia,QLD,Shopping Centre,place-au-qld-runaway-bay-shopping-village,Medium,Usable,true,true,true,true,opsm-au,
specsavers-3391,Specsavers,Australia,QLD,Shopping Centre,place-au-qld-runaway-bay-shopping-village,High,Usable,true,true,true,true,specsavers-au,
opsm-1562,OPSM,Australia,QLD,Shopping Centre,place-au-qld-logan-hyperdome,High,Usable,true,true,true,true,opsm-au,
specsavers-3304,Specsavers,Australia,QLD,Shopping Centre,place-au-qld-cairns-smithfield-centre,High,Usable,true,true,true,true,specsavers-au,
independent-other-optical-osm-au-node-13300409376,Independent / Other optical,Australia,QLD,High Street,corridor-au-qld-southport-marine-parade,Medium,Limited,false,true,false,false,osm-opticians,record lacks a meaningful public storefront address
opsm-1343,OPSM,Australia,QLD,High Street,corridor-au-qld-southport-marine-parade,Medium,Usable,true,true,true,true,opsm-au,
oscar-wylee-94,Oscar Wylee,Australia,QLD,Shopping Centre,place-au-qld-australia-fair-shopping-centre,High,Usable,true,true,true,true,oscar-wylee-au,
specsavers-3453,Specsavers,Australia,QLD,Shopping Centre,place-au-qld-australia-fair-shopping-centre,Medium,Usable,true,true,true,true,specsavers-au,
oscar-wylee-93,Oscar Wylee,Australia,QLD,Shopping Centre,place-au-qld-orion-springfield-central,High,Usable,true,true,true,true,oscar-wylee-au,
specsavers-3567,Specsavers,Australia,QLD,Shopping Centre,place-au-qld-orion-springfield-central,High,Usable,true,true,true,true,specsavers-au,
opsm-1110,OPSM,Australia,QLD,High Street,corridor-au-qld-springfield-lakes-main-street,Medium,Usable,true,true,true,true,opsm-au,
specsavers-3651,Specsavers,Australia,QLD,Shopping Centre,place-au-qld-arndale-shopping-centre,High,Usable,true,true,true,true,specsavers-au,
opsm-7025,OPSM,Australia,QLD,High Street,corridor-au-qld-stafford-stafford-road,Medium,Usable,true,true,true,true,opsm-au,
opsm-1436,OPSM,Australia,QLD,Shopping Centre,place-au-qld-strathpine-centre,High,Usable,true,true,true,true,opsm-au,
oscar-wylee-35,Oscar Wylee,Australia,QLD,Shopping Centre,place-au-qld-strathpine-centre,High,Usable,true,true,true,true,oscar-wylee-au,
specsavers-3389,Specsavers,Australia,QLD,Shopping Centre,place-au-qld-strathpine-centre,High,Usable,true,true,true,true,specsavers-au,
opsm-1268,OPSM,Australia,QLD,Shopping Centre,place-au-qld-sunnybank-plaza,Medium,Usable,true,true,true,true,opsm-au,
specsavers-3479,Specsavers,Australia,QLD,Shopping Centre,place-au-qld-sunnybank-plaza,High,Usable,true,true,true,true,specsavers-au,
specsavers-3518,Specsavers,Australia,QLD,Shopping Centre,place-au-qld-taigum-square,High,Usable,true,true,true,true,specsavers-au,
opsm-1387,OPSM,Australia,QLD,High Street,corridor-au-qld-the-gap-waterworks-road,Medium,Usable,true,true,true,true,opsm-au,
specsavers-3476,Specsavers,Australia,QLD,Shopping Centre,place-au-qld-townsville-willows-shopping-centre,High,Usable,true,true,true,true,specsavers-au,
opsm-1565,OPSM,Australia,QLD,Shopping Centre,place-au-qld-toowong-village,Medium,Usable,true,true,true,true,opsm-au,
specsavers-3566,Specsavers,Australia,QLD,Shopping Centre,place-au-qld-toowong-village,High,Usable,true,true,true,true,specsavers-au,
bailey-nelson-toowoomba,Bailey Nelson,Australia,QLD,Shopping Centre,place-au-qld-toowoomba-grand-central-shopping-centre,Medium,Usable,true,true,true,true,bailey-nelson-au,
opsm-1339,OPSM,Australia,QLD,High Street,corridor-au-qld-toowoomba-james-street,Medium,Usable,true,true,true,true,opsm-au,
opsm-1062,OPSM,Australia,QLD,Shopping Centre,place-au-qld-toowoomba-grand-central-shopping-centre,Medium,Usable,true,true,true,true,opsm-au,
specsavers-3416,Specsavers,Australia,QLD,Shopping Centre,place-au-qld-toowoomba-grand-central-shopping-centre,High,Usable,true,true,true,true,specsavers-au,
oscar-wylee-63,Oscar Wylee,Australia,QLD,Shopping Centre,place-au-qld-toowoomba-grand-central-shopping-centre,High,Usable,true,true,true,true,oscar-wylee-au,
opsm-1169,OPSM,Australia,QLD,High Street,corridor-au-qld-townsville-kings-road,Medium,Usable,true,true,true,true,opsm-au,
bailey-nelson-mt-gravatt,Bailey Nelson,Australia,QLD,High Street,corridor-au-qld-upper-mount-gravatt-kessels-road,Medium,Usable,true,true,true,true,bailey-nelson-au,
opsm-1262,OPSM,Australia,QLD,Shopping Centre,place-au-qld-mt-gravatt-westfield,High,Usable,true,true,true,true,opsm-au,
oscar-wylee-9,Oscar Wylee,Australia,QLD,Shopping Centre,place-au-qld-mt-gravatt-westfield,High,Usable,true,true,true,true,oscar-wylee-au,
specsavers-3248,Specsavers,Australia,QLD,Shopping Centre,place-au-qld-mt-gravatt-westfield,High,Usable,true,true,true,true,specsavers-au,
specsavers-3342,Specsavers,Australia,QLD,Shopping Centre,place-au-qld-stocklands-hervey-bay,High,Usable,true,true,true,true,specsavers-au,
opsm-1552,OPSM,Australia,QLD,Shopping Centre,place-au-qld-victoria-point-shopping-centre,Medium,Usable,true,true,true,true,opsm-au,
specsavers-3445,Specsavers,Australia,QLD,Shopping Centre,place-au-qld-victoria-point-shopping-centre,High,Usable,true,true,true,true,specsavers-au,
specsavers-3626,Specsavers,Australia,QLD,Shopping Centre,place-au-qld-rose-city-shoppingworld,High,Usable,true,true,true,true,specsavers-au,
specsavers-3506,Specsavers,Australia,QLD,Shopping Centre,place-au-qld-gladstone-centre-plaza,High,Usable,true,true,true,true,specsavers-au,
specsavers-3442,Specsavers,Australia,QLD,Shopping Centre,place-au-qld-wynnum-plaza,High,Usable,true,true,true,true,specsavers-au,
specsavers-3664,Specsavers,Australia,QLD,Shopping Centre,place-au-qld-yamanto-central,High,Usable,true,true,true,true,specsavers-au,
opsm-2957,OPSM,Australia,QLD,Shopping Centre,place-au-qld-bay-plaza-yeppoon,High,Usable,true,true,true,true,opsm-au,
independent-other-optical-osm-au-node-13067885816,Independent / Other optical,Australia,SA,Uncertain,,Uncertain,Limited,false,true,false,false,osm-opticians,record lacks a meaningful public storefront address; location setting needs review
independent-other-optical-osm-au-node-13315387402,Independent / Other optical,Australia,SA,High Street,corridor-au-sa-sa-main-south-road,Medium,Limited,false,true,false,false,osm-opticians,record lacks a meaningful public storefront address
independent-other-optical-osm-au-node-2402171927,Independent / Other optical,Australia,SA,Uncertain,,Uncertain,Limited,false,true,false,false,osm-opticians,record lacks a meaningful public storefront address; location setting needs review
independent-other-optical-osm-au-node-5977220533,Independent / Other optical,Australia,SA,Uncertain,,Uncertain,Limited,false,true,false,false,osm-opticians,record lacks a meaningful public storefront address; location setting needs review
independent-other-optical-osm-au-node-8783937933,Independent / Other optical,Australia,SA,Uncertain,,Uncertain,Limited,false,true,false,false,osm-opticians,record lacks a meaningful public storefront address; location setting needs review
independent-other-optical-osm-au-node-6389827386,Independent / Other optical,Australia,SA,High Street,place-au-sa-rundle-mall,High,Limited,false,true,false,false,osm-opticians,record lacks a meaningful public storefront address
independent-other-optical-osm-au-node-11103983492,Independent / Other optical,Australia,SA,Uncertain,,Uncertain,Limited,false,true,false,false,osm-opticians,record lacks a meaningful public storefront address; location setting needs review
independent-other-optical-osm-au-node-13174858453,Independent / Other optical,Australia,SA,Uncertain,,Uncertain,Limited,false,true,false,false,osm-opticians,record lacks a meaningful public storefront address; location setting needs review
independent-other-optical-osm-au-node-13189720700,Independent / Other optical,Australia,SA,Uncertain,,Uncertain,Limited,false,true,false,false,osm-opticians,record lacks a meaningful public storefront address; location setting needs review
independent-other-optical-osm-au-node-13253287112,Independent / Other optical,Australia,SA,Uncertain,,Uncertain,Limited,false,true,false,false,osm-opticians,record lacks a meaningful public storefront address; location setting needs review
independent-other-optical-osm-au-node-4744133082,Independent / Other optical,Australia,SA,Uncertain,,Uncertain,Limited,false,true,false,false,osm-opticians,record lacks a meaningful public storefront address; location setting needs review
independent-other-optical-osm-au-way-320606401,Independent / Other optical,Australia,SA,High Street,corridor-au-sa-sa-east-terrace,Medium,Limited,false,true,false,false,osm-opticians,record lacks a meaningful public storefront address
independent-other-optical-osm-au-node-4837914521,Independent / Other optical,Australia,SA,Uncertain,,Uncertain,Limited,false,true,false,false,osm-opticians,record lacks a meaningful public storefront address; location setting needs review
independent-other-optical-osm-au-node-7571950286,Independent / Other optical,Australia,SA,High Street,corridor-au-sa-sa-the-parade,Medium,Limited,false,true,false,false,osm-opticians,record lacks a meaningful public storefront address
independent-other-optical-osm-au-node-4671719161,Independent / Other optical,Australia,SA,Uncertain,,Uncertain,Limited,false,true,false,false,osm-opticians,record lacks a meaningful public storefront address; location setting needs review
opsm-2961,OPSM,Australia,SA,Shopping Centre,place-au-sa-the-hub-shopping-centre,Medium,Usable,true,true,true,true,opsm-au,
bailey-nelson-adelaide-arcade,Bailey Nelson,Australia,SA,Shopping Centre,place-au-sa-adelaide-arcade,High,Usable,true,true,true,true,bailey-nelson-au,
opsm-1376,OPSM,Australia,SA,High Street,place-au-sa-rundle-mall,High,Usable,true,true,true,true,opsm-au,
opsm-1050,OPSM,Australia,SA,High Street,corridor-au-sa-adelaide-north-terrace,Medium,Usable,true,true,true,true,opsm-au,
specsavers-3208,Specsavers,Australia,SA,High Street,place-au-sa-rundle-mall,High,Usable,true,true,true,true,specsavers-au,
opsm-1579,OPSM,Australia,SA,High Street,corridor-au-sa-berri-denny-street,Medium,Usable,true,true,true,true,opsm-au,
specsavers-3217,Specsavers,Australia,SA,Shopping Centre,place-au-sa-berri-riverland-central-plaza,High,Usable,true,true,true,true,specsavers-au,
specsavers-3269,Specsavers,Australia,SA,High Street,corridor-au-sa-clare-main-north-road,Medium,Usable,true,true,true,true,specsavers-au,
opsm-1572,OPSM,Australia,SA,Shopping Centre,place-au-sa-edwardstown-castle-plaza-shopping-centre,Medium,Usable,true,true,true,true,opsm-au,
specsavers-3369,Specsavers,Australia,SA,Shopping Centre,place-au-sa-edwardstown-castle-plaza-shopping-centre,High,Usable,true,true,true,true,specsavers-au,
opsm-1155,OPSM,Australia,SA,Shopping Centre,place-au-sa-elizabeth-shopping-centre,Medium,Usable,true,true,true,true,opsm-au,
oscar-wylee-113,Oscar Wylee,Australia,SA,Shopping Centre,place-au-sa-elizabeth-city-centre,High,Usable,true,true,true,true,oscar-wylee-au,
specsavers-3351,Specsavers,Australia,SA,Shopping Centre,place-au-sa-elizabeth-shopping-centre,High,Usable,true,true,true,true,specsavers-au,
opsm-1422,OPSM,Australia,SA,High Street,corridor-au-sa-firle-glynburn-road,Medium,Usable,true,true,true,true,opsm-au,
opsm-1251,OPSM,Australia,SA,High Street,corridor-au-sa-gawler-murray-street,Medium,Usable,true,true,true,true,opsm-au,
specsavers-3616,Specsavers,Australia,SA,High Street,corridor-au-sa-gawler-murray-street,Medium,Usable,true,true,true,true,specsavers-au,
opsm-1211,OPSM,Australia,SA,High Street,corridor-au-sa-glenelg-jetty-road,Medium,Usable,true,true,true,true,opsm-au,
opsm-1011,OPSM,Australia,SA,High Street,corridor-au-sa-glenside-portrush-road,Medium,Usable,true,true,true,true,opsm-au,
opsm-1468,OPSM,Australia,SA,Shopping Centre,place-au-sa-the-grove-shopping-centre,Medium,Usable,true,true,true,true,opsm-au,
specsavers-3662,Specsavers,Australia,SA,Shopping Centre,place-au-sa-the-grove-shopping-centre,High,Usable,true,true,true,true,specsavers-au,
specsavers-3514,Specsavers,Australia,SA,Shopping Centre,place-au-sa-ingle-farm-plaza,High,Usable,true,true,true,true,specsavers-au,
independent-other-optical-osm-au-node-8019782385,Independent / Other optical,Australia,SA,High Street,corridor-au-sa-jamestown-ayr-street,Medium,Usable,true,true,true,true,osm-opticians,
specsavers-3273,Specsavers,Australia,SA,High Street,corridor-au-sa-kadina-hallett-street,Medium,Usable,true,true,true,true,specsavers-au,
opsm-1648,OPSM,Australia,SA,High Street,corridor-au-sa-kilkenny-torrens-road,Medium,Usable,true,true,true,true,opsm-au,
specsavers-3524,Specsavers,Australia,SA,Shopping Centre,place-au-sa-arndale-central,High,Usable,true,true,true,true,specsavers-au,
specsavers-3244,Specsavers,Australia,SA,Shopping Centre,place-au-sa-marden-shopping-centre,High,Usable,true,true,true,true,specsavers-au,
opsm-1231,OPSM,Australia,SA,Shopping Centre,place-au-sa-westfield-tea-tree-plaza,High,Usable,true,true,true,true,opsm-au,
oscar-wylee-39,Oscar Wylee,Australia,SA,Shopping Centre,place-au-sa-westfield-tea-tree-plaza,High,Usable,true,true,true,true,oscar-wylee-au,
specsavers-3212,Specsavers,Australia,SA,Shopping Centre,place-au-sa-westfield-tea-tree-plaza,High,Usable,true,true,true,true,specsavers-au,
opsm-2934,OPSM,Australia,SA,Shopping Centre,place-au-sa-southgate-square,High,Usable,true,true,true,true,opsm-au,
specsavers-3509,Specsavers,Australia,SA,Shopping Centre,place-au-sa-southgate-plaza,High,Usable,true,true,true,true,specsavers-au,
opsm-1245,OPSM,Australia,SA,High Street,corridor-au-sa-mount-barker-mclaren-street,Medium,Usable,true,true,true,true,opsm-au,
specsavers-3458,Specsavers,Australia,SA,Shopping Centre,place-au-sa-mount-barker-central,High,Usable,true,true,true,true,specsavers-au,
opsm-1584,OPSM,Australia,SA,High Street,corridor-au-sa-mount-gambier-helen-street,Medium,Usable,true,true,true,true,opsm-au,
specsavers-3412,Specsavers,Australia,SA,High Street,corridor-au-sa-mount-gambier-commercial-street,Medium,Usable,true,true,true,true,specsavers-au,
specsavers-3594,Specsavers,Australia,SA,Shopping Centre,place-au-sa-murray-bridge-marketplace,High,Usable,true,true,true,true,specsavers-au,
specsavers-3512,Specsavers,Australia,SA,High Street,corridor-au-sa-newton-gorge-road,Medium,Usable,true,true,true,true,specsavers-au,
opsm-7071,OPSM,Australia,SA,High Street,corridor-au-sa-noarlunga-beach-road,Medium,Usable,true,true,true,true,opsm-au,
oscar-wylee-125,Oscar Wylee,Australia,SA,Shopping Centre,place-au-sa-colonnades-shopping-centre,High,Usable,true,true,true,true,oscar-wylee-au,
specsavers-3376,Specsavers,Australia,SA,Shopping Centre,place-au-sa-noarlunga-centre,High,Usable,true,true,true,true,specsavers-au,
independent-other-optical-osm-au-node-2415680869,Independent / Other optical,Australia,SA,High Street,corridor-au-sa-north-adelaide-o-connell-street,Medium,Usable,true,true,true,true,osm-opticians,
opsm-1058,OPSM,Australia,SA,High Street,corridor-au-sa-north-adelaide-o-connell-street,Medium,Usable,true,true,true,true,opsm-au,
bailey-nelson-norwood,Bailey Nelson,Australia,SA,High Street,corridor-au-sa-norwood-the-parade,Medium,Usable,true,true,true,true,bailey-nelson-au,
opsm-2989,OPSM,Australia,SA,High Street,corridor-au-sa-norwood-the-parade,Medium,Usable,true,true,true,true,opsm-au,
specsavers-3415,Specsavers,Australia,SA,Shopping Centre,place-au-sa-norwood-place,High,Usable,true,true,true,true,specsavers-au,
specsavers-3271,Specsavers,Australia,SA,Shopping Centre,place-au-sa-the-barossa-co-op-shopping-centre,High,Usable,true,true,true,true,specsavers-au,
bailey-nelson-marion,Bailey Nelson,Australia,SA,Shopping Centre,place-au-sa-westfield-marion,Medium,Usable,true,true,true,true,bailey-nelson-au,
opsm-1254,OPSM,Australia,SA,Shopping Centre,place-au-sa-westfield-marion,Medium,Usable,true,true,true,true,opsm-au,
oscar-wylee-38,Oscar Wylee,Australia,SA,Shopping Centre,place-au-sa-westfield-marion,High,Usable,true,true,true,true,oscar-wylee-au,
specsavers-3521,Specsavers,Australia,SA,Shopping Centre,place-au-sa-westfield-marion,High,Usable,true,true,true,true,specsavers-au,
specsavers-3209,Specsavers,Australia,SA,Shopping Centre,place-au-sa-westfield-marion,High,Usable,true,true,true,true,specsavers-au,
opsm-2962,OPSM,Australia,SA,Shopping Centre,place-au-sa-pasadena-green-shopping-centre,High,Usable,true,true,true,true,opsm-au,
bailey-nelson-port-adelaide,Bailey Nelson,Australia,SA,High Street,corridor-au-sa-port-adelaide-commercial-road,Medium,Usable,true,true,true,true,bailey-nelson-au,
opsm-1586,OPSM,Australia,SA,High Street,corridor-au-sa-port-lincoln-liverpool-street,Medium,Usable,true,true,true,true,opsm-au,
specsavers-3635,Specsavers,Australia,SA,High Street,corridor-au-sa-port-lincoln-liverpool-street,Medium,Usable,true,true,true,true,specsavers-au,
specsavers-3283,Specsavers,Australia,SA,Shopping Centre,place-au-sa-pirie-plaza,High,Usable,true,true,true,true,specsavers-au,
opsm-1256,OPSM,Australia,SA,High Street,corridor-au-sa-prospect-adelaide-main-north-road,Medium,Usable,true,true,true,true,opsm-au,
oscar-wylee-69,Oscar Wylee,Australia,SA,High Street,place-au-sa-rundle-mall,High,Usable,true,true,true,true,oscar-wylee-au,
opsm-1066,OPSM,Australia,SA,High Street,corridor-au-sa-salisbury-john-street,Medium,Usable,true,true,true,true,opsm-au,
specsavers-3214,Specsavers,Australia,SA,Shopping Centre,place-au-sa-parabanks-centre,High,Usable,true,true,true,true,specsavers-au,
specsavers-3213,Specsavers,Australia,SA,Shopping Centre,place-au-sa-hollywood-shopping-centre,High,Usable,true,true,true,true,specsavers-au,
opsm-1514,OPSM,Australia,SA,High Street,corridor-au-sa-seaford-commercial-road,Medium,Usable,true,true,true,true,opsm-au,
specsavers-3642,Specsavers,Australia,SA,Shopping Centre,place-au-sa-seaford-central,High,Usable,true,true,true,true,specsavers-au,
specsavers-3211,Specsavers,Australia,SA,Shopping Centre,place-au-sa-sefton-plaza-shopping-centre,High,Usable,true,true,true,true,specsavers-au,
specsavers-3215,Specsavers,Australia,SA,Shopping Centre,place-au-sa-munno-para-shopping-centre,High,Usable,true,true,true,true,specsavers-au,
opsm-1289,OPSM,Australia,SA,Shopping Centre,place-au-sa-mitcham-shopping-centre,Medium,Usable,true,true,true,true,opsm-au,
specsavers-3627,Specsavers,Australia,SA,Shopping Centre,place-au-sa-mitcham-shopping-centre,High,Usable,true,true,true,true,specsavers-au,
opsm-2930,OPSM,Australia,SA,Shopping Centre,place-au-sa-brickworks-marketplace,Medium,Usable,true,true,true,true,opsm-au,
specsavers-3569,Specsavers,Australia,SA,Shopping Centre,place-au-sa-brickworks-marketplace,High,Usable,true,true,true,true,specsavers-au,
independent-other-optical-osm-au-node-949241785,Independent / Other optical,Australia,SA,High Street,corridor-au-sa-victor-harbor-hindmarsh-road,Medium,Usable,true,true,true,true,osm-opticians,
opsm-7082,OPSM,Australia,SA,High Street,corridor-au-sa-victor-harbor-torrens-street,Medium,Usable,true,true,true,true,opsm-au,
specsavers-3573,Specsavers,Australia,SA,Shopping Centre,place-au-sa-victor-central,High,Usable,true,true,true,true,specsavers-au,
opsm-1081,OPSM,Australia,SA,Shopping Centre,place-au-sa-westfield-west-lakes,High,Usable,true,true,true,true,opsm-au,
oscar-wylee-146,Oscar Wylee,Australia,SA,Shopping Centre,place-au-sa-westfield-west-lakes,High,Usable,true,true,true,true,oscar-wylee-au,
specsavers-3375,Specsavers,Australia,SA,Shopping Centre,place-au-sa-westfield-west-lakes,High,Usable,true,true,true,true,specsavers-au,
opsm-1583,OPSM,Australia,SA,Shopping Centre,place-au-sa-whyalla-westland-shopping-centre,Medium,Usable,true,true,true,true,opsm-au,
specsavers-3388,Specsavers,Australia,SA,Shopping Centre,place-au-sa-whyalla-westland-shopping-centre,High,Usable,true,true,true,true,specsavers-au,
opsm-1573,OPSM,Australia,SA,High Street,corridor-au-sa-woodcroft-cnr-bains-panalatinga-road,Medium,Usable,true,true,true,true,opsm-au,
independent-other-optical-osm-ne-node-5248095657,Independent / Other optical,New Zealand,Southland,High Street,corridor-nz-southland-invercargil-don-street,Medium,Limited,false,true,false,false,osm-opticians,record lacks a meaningful public storefront address
opsm-nz-2910,OPSM,New Zealand,Southland,High Street,corridor-nz-southland-invercargill-esk-street,Medium,Usable,true,true,true,true,opsm-nz,
specsavers-nz-3835,Specsavers,New Zealand,Southland,High Street,corridor-nz-southland-invercargill-kelvin-street,Medium,Usable,true,true,true,true,specsavers-nz,
independent-other-optical-osm-ne-node-5625853837,Independent / Other optical,New Zealand,Southland,Shopping Centre,place-nz-southland-southland-eye-specialists,High,Limited,false,true,false,false,osm-opticians,record lacks a meaningful public storefront address
independent-other-optical-osm-au-node-12319412167,Independent / Other optical,Australia,TAS,Uncertain,,Uncertain,Limited,false,true,false,false,osm-opticians,record lacks a meaningful public storefront address; location setting needs review
independent-other-optical-osm-au-node-10657322959,Independent / Other optical,Australia,TAS,Uncertain,,Uncertain,Limited,false,true,false,false,osm-opticians,record lacks a meaningful public storefront address; location setting needs review
independent-other-optical-osm-au-node-2597738483,Independent / Other optical,Australia,TAS,Uncertain,,Uncertain,Limited,false,true,false,false,osm-opticians,record lacks a meaningful public storefront address; location setting needs review
independent-other-optical-osm-au-node-9988342653,Independent / Other optical,Australia,TAS,Uncertain,,Uncertain,Limited,false,true,false,false,osm-opticians,record lacks a meaningful public storefront address; location setting needs review
independent-other-optical-osm-au-node-1808405751,Independent / Other optical,Australia,TAS,Uncertain,,Uncertain,Limited,false,true,false,false,osm-opticians,record lacks a meaningful public storefront address; location setting needs review
independent-other-optical-osm-au-node-2678282621,Independent / Other optical,Australia,TAS,Uncertain,,Uncertain,Limited,false,true,false,false,osm-opticians,record lacks a meaningful public storefront address; location setting needs review
independent-other-optical-osm-au-node-9882917847,Independent / Other optical,Australia,TAS,Uncertain,,Uncertain,Limited,false,true,false,false,osm-opticians,record lacks a meaningful public storefront address; location setting needs review
independent-other-optical-osm-au-node-2376749009,Independent / Other optical,Australia,TAS,Uncertain,,Uncertain,Limited,false,true,false,false,osm-opticians,record lacks a meaningful public storefront address; location setting needs review
independent-other-optical-osm-au-node-3148788170,Independent / Other optical,Australia,TAS,Uncertain,,Uncertain,Limited,false,true,false,false,osm-opticians,record lacks a meaningful public storefront address; location setting needs review
independent-other-optical-osm-au-node-3919500461,Independent / Other optical,Australia,TAS,Uncertain,,Uncertain,Limited,false,true,false,false,osm-opticians,record lacks a meaningful public storefront address; location setting needs review
independent-other-optical-osm-au-node-4613613189,Independent / Other optical,Australia,TAS,Uncertain,,Uncertain,Limited,false,true,false,false,osm-opticians,record lacks a meaningful public storefront address; location setting needs review
independent-other-optical-osm-au-node-2746896734,Independent / Other optical,Australia,TAS,High Street,corridor-au-tas-burnie-wilmot-street,Medium,Usable,true,true,true,true,osm-opticians,
opsm-2287,OPSM,Australia,TAS,High Street,corridor-au-tas-burnie-mount-street,Medium,Usable,true,true,true,true,opsm-au,
specsavers-3543,Specsavers,Australia,TAS,High Street,corridor-au-tas-burnie-wilson-street,Medium,Usable,true,true,true,true,specsavers-au,
independent-other-optical-osm-au-node-9983421754,Independent / Other optical,Australia,TAS,High Street,corridor-au-tas-devonport-rooke-street,Medium,Usable,true,true,true,true,osm-opticians,
opsm-2294,OPSM,Australia,TAS,High Street,corridor-au-tas-devonport-rooke-street,Medium,Usable,true,true,true,true,opsm-au,
specsavers-3585,Specsavers,Australia,TAS,High Street,corridor-au-tas-devonport-rooke-street,Medium,Usable,true,true,true,true,specsavers-au,
opsm-1662,OPSM,Australia,TAS,High Street,corridor-au-tas-glenorchy-main-road,Medium,Usable,true,true,true,true,opsm-au,
specsavers-3515,Specsavers,Australia,TAS,Shopping Centre,place-au-tas-northgate-shopping-centre,High,Usable,true,true,true,true,specsavers-au,
bailey-nelson-hobart,Bailey Nelson,Australia,TAS,Shopping Centre,place-au-tas-the-cat-fiddle-arcade,Medium,Usable,true,true,true,true,bailey-nelson-au,
opsm-2293,OPSM,Australia,TAS,Shopping Centre,place-au-tas-the-cat-fiddle-arcade,Medium,Usable,true,true,true,true,opsm-au,
oscar-wylee-56,Oscar Wylee,Australia,TAS,Shopping Centre,place-au-tas-the-cat-fiddle-arcade,High,Usable,true,true,true,true,oscar-wylee-au,
specsavers-3495,Specsavers,Australia,TAS,Shopping Centre,place-au-tas-the-cat-fiddle-arcade,High,Usable,true,true,true,true,specsavers-au,
opsm-1666,OPSM,Australia,TAS,High Street,corridor-au-tas-kings-meadows-hobart-road,Medium,Usable,true,true,true,true,opsm-au,
specsavers-3641,Specsavers,Australia,TAS,Shopping Centre,place-au-tas-meadow-mews-plaza,High,Usable,true,true,true,true,specsavers-au,
opsm-2292,OPSM,Australia,TAS,Shopping Centre,place-au-tas-kingston-plaza,High,Usable,true,true,true,true,opsm-au,
specsavers-3547,Specsavers,Australia,TAS,High Street,corridor-au-tas-kingston-channel-highway,Medium,Usable,true,true,true,true,specsavers-au,
opsm-2291,OPSM,Australia,TAS,High Street,corridor-au-tas-launceston-brisbane-street,Medium,Usable,true,true,true,true,opsm-au,
oscar-wylee-110,Oscar Wylee,Australia,TAS,High Street,corridor-au-tas-launceston-brisbane-street,High,Usable,true,true,true,true,oscar-wylee-au,
specsavers-3325,Specsavers,Australia,TAS,High Street,corridor-au-tas-launceston-brisbane-street,Medium,Usable,true,true,true,true,specsavers-au,
opsm-2290,OPSM,Australia,TAS,High Street,corridor-au-tas-moonah-main-road,Medium,Usable,true,true,true,true,opsm-au,
opsm-2289,OPSM,Australia,TAS,High Street,corridor-au-tas-rosny-bayfield-street,Medium,Usable,true,true,true,true,opsm-au,
specsavers-3421,Specsavers,Australia,TAS,Shopping Centre,place-au-tas-rosny-park-eastlands-shopping-centre,High,Usable,true,true,true,true,specsavers-au,
bailey-nelson-hobart-eastlands,Bailey Nelson,Australia,TAS,Shopping Centre,place-au-tas-hobart-eastlands,High,Usable,true,true,true,true,bailey-nelson-au,
independent-other-optical-osm-au-node-2365319231,Independent / Other optical,Australia,TAS,Uncertain,,Uncertain,Needs review,true,true,true,false,osm-opticians,location setting needs review
independent-other-optical-osm-au-node-6057522187,Independent / Other optical,Australia,TAS,High Street,corridor-au-tas-ulverstone-king-edward-street,Medium,Usable,true,true,true,true,osm-opticians,
opsm-2288,OPSM,Australia,TAS,High Street,corridor-au-tas-wynyard-goldie-street,Medium,Usable,true,true,true,true,opsm-au,
independent-other-optical-osm-ne-node-4584902658,Independent / Other optical,New Zealand,Taranaki,Shopping Centre,place-nz-taranaki-taranaki-eye-centre,High,Limited,false,true,false,false,osm-opticians,record lacks a meaningful public storefront address
independent-other-optical-osm-ne-node-4584902719,Independent / Other optical,New Zealand,Taranaki,Uncertain,,Uncertain,Limited,false,true,false,false,osm-opticians,record lacks a meaningful public storefront address; location setting needs review
opsm-nz-1676,OPSM,New Zealand,Taranaki,High Street,corridor-nz-taranaki-new-plymouth-gill-street,Medium,Usable,true,true,true,true,opsm-nz,
specsavers-nz-3831,Specsavers,New Zealand,Taranaki,High Street,corridor-nz-taranaki-new-plymouth-devon-street,Medium,Usable,true,true,true,true,specsavers-nz,
independent-other-optical-osm-ne-node-6914314185,Independent / Other optical,New Zealand,Tasman,High Street,corridor-nz-tasman-tasman-queen-street,Medium,Limited,false,true,false,false,osm-opticians,record lacks a meaningful public storefront address
specsavers-nz-3805,Specsavers,New Zealand,Tasman,Shopping Centre,place-nz-tasman-richmond-mall,High,Usable,true,true,true,true,specsavers-nz,
independent-other-optical-osm-au-node-12121721359,Independent / Other optical,Australia,VIC,Uncertain,,Uncertain,Limited,false,true,false,false,osm-opticians,record lacks a meaningful public storefront address; location setting needs review
independent-other-optical-osm-au-node-10774441654,Independent / Other optical,Australia,VIC,High Street,corridor-au-vic-vic-murray-street-1,Medium,Limited,false,true,false,false,osm-opticians,record lacks a meaningful public storefront address
independent-other-optical-osm-au-node-4066348933,Independent / Other optical,Australia,VIC,Uncertain,,Uncertain,Limited,false,true,false,false,osm-opticians,record lacks a meaningful public storefront address; location setting needs review
independent-other-optical-osm-au-node-6457257749,Independent / Other optical,Australia,VIC,Uncertain,,Uncertain,Limited,false,true,false,false,osm-opticians,record lacks a meaningful public storefront address; location setting needs review
independent-other-optical-osm-au-node-2310667483,Independent / Other optical,Australia,VIC,High Street,corridor-au-vic-vic-wellington-street,Medium,Limited,false,true,false,false,osm-opticians,record lacks a meaningful public storefront address
independent-other-optical-osm-au-node-5152973323,Independent / Other optical,Australia,VIC,Uncertain,,Uncertain,Limited,false,true,false,false,osm-opticians,record lacks a meaningful public storefront address; location setting needs review
independent-other-optical-osm-au-way-1031903263,Independent / Other optical,Australia,VIC,High Street,corridor-au-vic-vic-church-street,Medium,Limited,false,true,false,false,osm-opticians,record lacks a meaningful public storefront address
independent-other-optical-osm-au-way-1550521169,Independent / Other optical,Australia,VIC,Uncertain,,Uncertain,Limited,false,true,false,false,osm-opticians,record lacks a meaningful public storefront address; location setting needs review
independent-other-optical-osm-au-node-3953229690,Independent / Other optical,Australia,VIC,Uncertain,,Uncertain,Limited,false,true,false,false,osm-opticians,record lacks a meaningful public storefront address; location setting needs review
independent-other-optical-osm-au-node-11145701652,Independent / Other optical,Australia,VIC,Uncertain,,Uncertain,Limited,false,true,false,false,osm-opticians,record lacks a meaningful public storefront address; location setting needs review
independent-other-optical-osm-au-way-771544870,Independent / Other optical,Australia,VIC,High Street,corridor-au-vic-vic-nicholson-street-2,Medium,Limited,false,true,false,false,osm-opticians,record lacks a meaningful public storefront address
independent-other-optical-osm-au-node-4060966864,Independent / Other optical,Australia,VIC,Uncertain,,Uncertain,Limited,false,true,false,false,osm-opticians,record lacks a meaningful public storefront address; location setting needs review
independent-other-optical-osm-au-node-12418114627,Independent / Other optical,Australia,VIC,High Street,corridor-au-vic-vic-manningham-road,Medium,Limited,false,true,false,false,osm-opticians,record lacks a meaningful public storefront address
independent-other-optical-osm-au-way-637166859,Independent / Other optical,Australia,VIC,High Street,corridor-au-vic-vic-high-street-1,Medium,Limited,false,true,false,false,osm-opticians,record lacks a meaningful public storefront address
independent-other-optical-osm-au-node-5203746943,Independent / Other optical,Australia,VIC,Uncertain,,Uncertain,Limited,false,true,false,false,osm-opticians,record lacks a meaningful public storefront address; location setting needs review
independent-other-optical-osm-au-way-148877743,Independent / Other optical,Australia,VIC,High Street,corridor-au-vic-vic-howitt-street,Medium,Limited,false,true,false,false,osm-opticians,record lacks a meaningful public storefront address
independent-other-optical-osm-au-node-493891538,Independent / Other optical,Australia,VIC,Uncertain,,Uncertain,Limited,false,true,false,false,osm-opticians,record lacks a meaningful public storefront address; location setting needs review
independent-other-optical-osm-au-node-5402564830,Independent / Other optical,Australia,VIC,Uncertain,,Uncertain,Limited,false,true,false,false,osm-opticians,record lacks a meaningful public storefront address; location setting needs review
independent-other-optical-osm-au-node-1077951944,Independent / Other optical,Australia,VIC,High Street,corridor-au-vic-vic-smith-street,Medium,Limited,false,true,false,false,osm-opticians,record lacks a meaningful public storefront address
independent-other-optical-osm-au-node-10814212741,Independent / Other optical,Australia,VIC,Uncertain,,Uncertain,Limited,false,true,false,false,osm-opticians,record lacks a meaningful public storefront address; location setting needs review
independent-other-optical-osm-au-node-10814212736,Independent / Other optical,Australia,VIC,Uncertain,,Uncertain,Limited,false,true,false,false,osm-opticians,record lacks a meaningful public storefront address; location setting needs review
independent-other-optical-osm-au-node-5341866324,Independent / Other optical,Australia,VIC,Uncertain,,Uncertain,Limited,false,true,false,false,osm-opticians,record lacks a meaningful public storefront address; location setting needs review
independent-other-optical-osm-au-way-636860762,Independent / Other optical,Australia,VIC,High Street,corridor-au-vic-vic-nicholson-street-1,Medium,Limited,false,true,false,false,osm-opticians,record lacks a meaningful public storefront address
independent-other-optical-osm-au-way-631561723,Independent / Other optical,Australia,VIC,High Street,corridor-au-vic-vic-koornang-road,Medium,Limited,false,true,false,false,osm-opticians,record lacks a meaningful public storefront address
independent-other-optical-osm-au-way-865564237,Independent / Other optical,Australia,VIC,High Street,corridor-au-vic-vic-malop-street,Medium,Limited,false,true,false,false,osm-opticians,record lacks a meaningful public storefront address
independent-other-optical-osm-au-node-5999588645,Independent / Other optical,Australia,VIC,High Street,corridor-au-vic-vic-hopkins-street,Medium,Limited,false,true,false,false,osm-opticians,record lacks a meaningful public storefront address
independent-other-optical-osm-au-way-537154052,Independent / Other optical,Australia,VIC,Uncertain,,Uncertain,Limited,false,true,false,false,osm-opticians,record lacks a meaningful public storefront address; location setting needs review
independent-other-optical-osm-au-node-4041199624,Independent / Other optical,Australia,VIC,High Street,corridor-au-vic-vic-buckingham-avenue,Medium,Limited,false,true,false,false,osm-opticians,record lacks a meaningful public storefront address
independent-other-optical-osm-au-node-10705975016,Independent / Other optical,Australia,VIC,High Street,corridor-au-vic-vic-queens-parade,Medium,Limited,false,true,false,false,osm-opticians,record lacks a meaningful public storefront address
independent-other-optical-osm-au-node-4066348932,Independent / Other optical,Australia,VIC,Uncertain,,Uncertain,Limited,false,true,false,false,osm-opticians,record lacks a meaningful public storefront address; location setting needs review
independent-other-optical-osm-au-node-6065622279,Independent / Other optical,Australia,VIC,Uncertain,,Uncertain,Limited,false,true,false,false,osm-opticians,record lacks a meaningful public storefront address; location setting needs review
independent-other-optical-osm-au-node-5242024739,Independent / Other optical,Australia,VIC,Uncertain,,Uncertain,Limited,false,true,false,false,osm-opticians,record lacks a meaningful public storefront address; location setting needs review
independent-other-optical-osm-au-node-1292397868,Independent / Other optical,Australia,VIC,Uncertain,,Uncertain,Limited,false,true,false,false,osm-opticians,record lacks a meaningful public storefront address; location setting needs review
independent-other-optical-osm-au-node-6699795803,Independent / Other optical,Australia,VIC,Uncertain,,Uncertain,Limited,false,true,false,false,osm-opticians,record lacks a meaningful public storefront address; location setting needs review
independent-other-optical-osm-au-way-1031541532,Independent / Other optical,Australia,VIC,High Street,corridor-au-vic-vic-church-street,Medium,Limited,false,true,false,false,osm-opticians,record lacks a meaningful public storefront address
independent-other-optical-osm-au-way-992371055,Independent / Other optical,Australia,VIC,High Street,corridor-au-vic-vic-graham-street,Medium,Limited,false,true,false,false,osm-opticians,record lacks a meaningful public storefront address
independent-other-optical-osm-au-node-1055773701,Independent / Other optical,Australia,VIC,Uncertain,,Uncertain,Limited,false,true,false,false,osm-opticians,record lacks a meaningful public storefront address; location setting needs review
independent-other-optical-osm-au-node-678347804,Independent / Other optical,Australia,VIC,High Street,corridor-au-vic-vic-grattan-street,Medium,Limited,false,true,false,false,osm-opticians,record lacks a meaningful public storefront address
independent-other-optical-osm-au-way-266738149,Independent / Other optical,Australia,VIC,High Street,corridor-au-vic-vic-pakington-street-2,Medium,Limited,false,true,false,false,osm-opticians,record lacks a meaningful public storefront address
independent-other-optical-osm-au-node-11699205333,Independent / Other optical,Australia,VIC,Uncertain,,Uncertain,Limited,false,true,false,false,osm-opticians,record lacks a meaningful public storefront address; location setting needs review
independent-other-optical-osm-au-way-150873536,Independent / Other optical,Australia,VIC,High Street,corridor-au-vic-vic-sturt-street,Medium,Limited,false,true,false,false,osm-opticians,record lacks a meaningful public storefront address
independent-other-optical-osm-au-node-6033561738,Independent / Other optical,Australia,VIC,Uncertain,,Uncertain,Limited,false,true,false,false,osm-opticians,record lacks a meaningful public storefront address; location setting needs review
independent-other-optical-osm-au-node-7202507522,Independent / Other optical,Australia,VIC,Shopping Centre,place-au-vic-fitzroy-north-eye-centre,High,Limited,false,true,false,false,osm-opticians,record lacks a meaningful public storefront address
independent-other-optical-osm-au-node-10711723865,Independent / Other optical,Australia,VIC,Uncertain,,Uncertain,Limited,false,true,false,false,osm-opticians,record lacks a meaningful public storefront address; location setting needs review
independent-other-optical-osm-au-node-13592054475,Independent / Other optical,Australia,VIC,High Street,corridor-au-vic-vic-vincent-street,Medium,Limited,false,true,false,false,osm-opticians,record lacks a meaningful public storefront address
independent-other-optical-osm-au-node-1391960501,Independent / Other optical,Australia,VIC,High Street,corridor-au-vic-vic-gray-street,Medium,Limited,false,true,false,false,osm-opticians,record lacks a meaningful public storefront address
independent-other-optical-osm-au-node-13794345661,Independent / Other optical,Australia,VIC,Shopping Centre,place-au-vic-melbourne-optical-centre,Medium,Limited,false,true,false,false,osm-opticians,record lacks a meaningful public storefront address
independent-other-optical-osm-au-node-4064596156,Independent / Other optical,Australia,VIC,Uncertain,,Uncertain,Limited,false,true,false,false,osm-opticians,record lacks a meaningful public storefront address; location setting needs review
independent-other-optical-osm-au-node-13451811746,Independent / Other optical,Australia,VIC,Uncertain,,Uncertain,Limited,false,true,false,false,osm-opticians,record lacks a meaningful public storefront address; location setting needs review
independent-other-optical-osm-au-node-4249862349,Independent / Other optical,Australia,VIC,High Street,corridor-au-vic-vic-burwood-highway,Medium,Limited,false,true,false,false,osm-opticians,record lacks a meaningful public storefront address
independent-other-optical-osm-au-node-12708385217,Independent / Other optical,Australia,VIC,Uncertain,,Uncertain,Limited,false,true,false,false,osm-opticians,record lacks a meaningful public storefront address; location setting needs review
independent-other-optical-osm-au-node-4437613792,Independent / Other optical,Australia,VIC,High Street,corridor-au-vic-vic-sturt-street,Medium,Limited,false,true,false,false,osm-opticians,record lacks a meaningful public storefront address
independent-other-optical-osm-au-node-2722788714,Independent / Other optical,Australia,VIC,Uncertain,,Uncertain,Limited,false,true,false,false,osm-opticians,record lacks a meaningful public storefront address; location setting needs review
independent-other-optical-osm-au-node-11388464351,Independent / Other optical,Australia,VIC,Uncertain,,Uncertain,Limited,false,true,false,false,osm-opticians,record lacks a meaningful public storefront address; location setting needs review
independent-other-optical-osm-au-node-11247726506,Independent / Other optical,Australia,VIC,Uncertain,,Uncertain,Limited,false,true,false,false,osm-opticians,record lacks a meaningful public storefront address; location setting needs review
independent-other-optical-osm-au-node-635642145,Independent / Other optical,Australia,VIC,Uncertain,,Uncertain,Limited,false,true,false,false,osm-opticians,record lacks a meaningful public storefront address; location setting needs review
independent-other-optical-osm-au-node-12260964886,Independent / Other optical,Australia,VIC,Uncertain,,Uncertain,Limited,false,true,false,false,osm-opticians,record lacks a meaningful public storefront address; location setting needs review
independent-other-optical-osm-au-way-151049106,Independent / Other optical,Australia,VIC,High Street,corridor-au-vic-vic-howitt-street,Medium,Limited,false,true,false,false,osm-opticians,record lacks a meaningful public storefront address
independent-other-optical-osm-au-node-12133147777,Independent / Other optical,Australia,VIC,Uncertain,,Uncertain,Limited,false,true,false,false,osm-opticians,record lacks a meaningful public storefront address; location setting needs review
independent-other-optical-osm-au-node-6018880082,Independent / Other optical,Australia,VIC,High Street,corridor-au-vic-vic-huntingdale-road,Medium,Limited,false,true,false,false,osm-opticians,record lacks a meaningful public storefront address
independent-other-optical-osm-au-node-6004987383,Independent / Other optical,Australia,VIC,Uncertain,,Uncertain,Limited,false,true,false,false,osm-opticians,record lacks a meaningful public storefront address; location setting needs review
independent-other-optical-osm-au-node-2322537658,Independent / Other optical,Australia,VIC,Shopping Centre,place-au-vic-melbourne-optical-centre,High,Limited,false,true,false,false,osm-opticians,record lacks a meaningful public storefront address
independent-other-optical-osm-au-node-3761152258,Independent / Other optical,Australia,VIC,Uncertain,,Uncertain,Limited,false,true,false,false,osm-opticians,record lacks a meaningful public storefront address; location setting needs review
independent-other-optical-osm-au-node-6457257754,Independent / Other optical,Australia,VIC,Uncertain,,Uncertain,Limited,false,true,false,false,osm-opticians,record lacks a meaningful public storefront address; location setting needs review
independent-other-optical-osm-au-way-643816858,Independent / Other optical,Australia,VIC,High Street,corridor-au-vic-vic-nepean-highway,Medium,Limited,false,true,false,false,osm-opticians,record lacks a meaningful public storefront address
independent-other-optical-osm-au-node-5298765143,Independent / Other optical,Australia,VIC,Uncertain,,Uncertain,Limited,false,true,false,false,osm-opticians,record lacks a meaningful public storefront address; location setting needs review
independent-other-optical-osm-au-node-3416932972,Independent / Other optical,Australia,VIC,Uncertain,,Uncertain,Limited,false,true,false,false,osm-opticians,record lacks a meaningful public storefront address; location setting needs review
independent-other-optical-osm-au-way-1343917840,Independent / Other optical,Australia,VIC,High Street,corridor-au-vic-vic-tanti-avenue,Medium,Limited,false,true,false,false,osm-opticians,record lacks a meaningful public storefront address
independent-other-optical-osm-au-node-12483858291,Independent / Other optical,Australia,VIC,Uncertain,,Uncertain,Limited,false,true,false,false,osm-opticians,record lacks a meaningful public storefront address; location setting needs review
independent-other-optical-osm-au-way-616285448,Independent / Other optical,Australia,VIC,High Street,corridor-au-vic-vic-hampshire-road,Medium,Limited,false,true,false,false,osm-opticians,record lacks a meaningful public storefront address
independent-other-optical-osm-au-way-834134252,Independent / Other optical,Australia,VIC,High Street,corridor-au-vic-vic-malop-street,Medium,Limited,false,true,false,false,osm-opticians,record lacks a meaningful public storefront address
independent-other-optical-osm-au-way-266792569,Independent / Other optical,Australia,VIC,Shopping Centre,place-au-vic-the-centreway,High,Limited,false,true,false,false,osm-opticians,record lacks a meaningful public storefront address
independent-other-optical-osm-au-node-5213706373,Independent / Other optical,Australia,VIC,Uncertain,,Uncertain,Limited,false,true,false,false,osm-opticians,record lacks a meaningful public storefront address; location setting needs review
independent-other-optical-osm-au-way-538981057,Independent / Other optical,Australia,VIC,High Street,corridor-au-vic-vic-leonard-avenue,Medium,Limited,false,true,false,false,osm-opticians,record lacks a meaningful public storefront address
independent-other-optical-osm-au-node-11005509356,Independent / Other optical,Australia,VIC,High Street,corridor-au-vic-vic-high-street-2,Medium,Limited,false,true,false,false,osm-opticians,record lacks a meaningful public storefront address
independent-other-optical-osm-au-way-1155178989,Independent / Other optical,Australia,VIC,High Street,corridor-au-vic-vic-chapel-street,Medium,Limited,false,true,false,false,osm-opticians,record lacks a meaningful public storefront address
independent-other-optical-osm-au-node-1789722880,Independent / Other optical,Australia,VIC,Shopping Centre,place-au-vic-oakleigh-eye-centre,High,Limited,false,true,false,false,osm-opticians,record lacks a meaningful public storefront address
independent-other-optical-osm-au-node-2296927160,Independent / Other optical,Australia,VIC,Uncertain,,Uncertain,Limited,false,true,false,false,osm-opticians,record lacks a meaningful public storefront address; location setting needs review
independent-other-optical-osm-au-node-3403667607,Independent / Other optical,Australia,VIC,Uncertain,,Uncertain,Limited,false,true,false,false,osm-opticians,record lacks a meaningful public storefront address; location setting needs review
independent-other-optical-osm-au-node-4041048209,Independent / Other optical,Australia,VIC,Uncertain,,Uncertain,Limited,false,true,false,false,osm-opticians,record lacks a meaningful public storefront address; location setting needs review
independent-other-optical-osm-au-node-5227802671,Independent / Other optical,Australia,VIC,Uncertain,,Uncertain,Limited,false,true,false,false,osm-opticians,record lacks a meaningful public storefront address; location setting needs review
independent-other-optical-osm-au-way-641539883,Independent / Other optical,Australia,VIC,Shopping Centre,place-au-vic-centre-road,High,Limited,false,true,false,false,osm-opticians,record lacks a meaningful public storefront address
independent-other-optical-osm-au-way-638735468,Independent / Other optical,Australia,VIC,High Street,corridor-au-vic-vic-huntingdale-road,Medium,Limited,false,true,false,false,osm-opticians,record lacks a meaningful public storefront address
independent-other-optical-osm-au-way-1235646811,Independent / Other optical,Australia,VIC,High Street,corridor-au-vic-vic-murray-street-2,Medium,Limited,false,true,false,false,osm-opticians,record lacks a meaningful public storefront address
independent-other-optical-osm-au-node-12747696201,Independent / Other optical,Australia,VIC,High Street,corridor-au-vic-vic-research-drive,Medium,Limited,false,true,false,false,osm-opticians,record lacks a meaningful public storefront address
independent-other-optical-osm-au-node-6017200175,Independent / Other optical,Australia,VIC,High Street,corridor-au-vic-vic-high-street-3,Medium,Limited,false,true,false,false,osm-opticians,record lacks a meaningful public storefront address
independent-other-optical-osm-au-node-5217624029,Independent / Other optical,Australia,VIC,Uncertain,,Uncertain,Limited,false,true,false,false,osm-opticians,record lacks a meaningful public storefront address; location setting needs review
independent-other-optical-osm-au-node-584400749,Independent / Other optical,Australia,VIC,High Street,corridor-au-vic-vic-clarendon-street,Medium,Limited,false,true,false,false,osm-opticians,record lacks a meaningful public storefront address
independent-other-optical-osm-au-node-11404319140,Independent / Other optical,Australia,VIC,High Street,corridor-au-vic-vic-high-street-2,Medium,Limited,false,true,false,false,osm-opticians,record lacks a meaningful public storefront address
independent-other-optical-osm-au-node-6059974385,Independent / Other optical,Australia,VIC,Uncertain,,Uncertain,Limited,false,true,false,false,osm-opticians,record lacks a meaningful public storefront address; location setting needs review
independent-other-optical-osm-au-way-151241624,Independent / Other optical,Australia,VIC,High Street,corridor-au-vic-vic-sturt-street,Medium,Limited,false,true,false,false,osm-opticians,record lacks a meaningful public storefront address
independent-other-optical-osm-au-node-10222713631,Independent / Other optical,Australia,VIC,Uncertain,,Uncertain,Limited,false,true,false,false,osm-opticians,record lacks a meaningful public storefront address; location setting needs review
independent-other-optical-osm-au-node-13208045227,Independent / Other optical,Australia,VIC,High Street,corridor-au-vic-vic-cunninghame-street,Medium,Limited,false,true,false,false,osm-opticians,record lacks a meaningful public storefront address
independent-other-optical-osm-au-way-1424420428,Independent / Other optical,Australia,VIC,High Street,corridor-au-vic-vic-anderson-street,Medium,Limited,false,true,false,false,osm-opticians,record lacks a meaningful public storefront address
independent-other-optical-osm-au-node-3597692807,Independent / Other optical,Australia,VIC,Uncertain,,Uncertain,Limited,false,true,false,false,osm-opticians,record lacks a meaningful public storefront address; location setting needs review
independent-other-optical-osm-au-node-5980632192,Independent / Other optical,Australia,VIC,High Street,corridor-au-vic-vic-main-road,Medium,Limited,false,true,false,false,osm-opticians,record lacks a meaningful public storefront address
independent-other-optical-osm-au-node-4636803851,Independent / Other optical,Australia,VIC,Uncertain,,Uncertain,Limited,false,true,false,false,osm-opticians,record lacks a meaningful public storefront address; location setting needs review
independent-other-optical-osm-au-node-2470687143,Independent / Other optical,Australia,VIC,High Street,corridor-au-vic-vic-hopkins-street,Medium,Limited,false,true,false,false,osm-opticians,record lacks a meaningful public storefront address
independent-other-optical-osm-au-node-6829200458,Independent / Other optical,Australia,VIC,Uncertain,,Uncertain,Limited,false,true,false,false,osm-opticians,record lacks a meaningful public storefront address; location setting needs review
independent-other-optical-osm-au-node-3704488976,Independent / Other optical,Australia,VIC,High Street,corridor-au-vic-vic-watsonia-road,Medium,Limited,false,true,false,false,osm-opticians,record lacks a meaningful public storefront address
independent-other-optical-osm-au-node-5142353150,Independent / Other optical,Australia,VIC,Shopping Centre,place-au-vic-whitehorse-optical-centre,High,Limited,false,true,false,false,osm-opticians,record lacks a meaningful public storefront address
independent-other-optical-osm-au-node-11594502110,Independent / Other optical,Australia,VIC,High Street,corridor-au-vic-vic-pakington-street-1,Medium,Limited,false,true,false,false,osm-opticians,record lacks a meaningful public storefront address
independent-other-optical-osm-au-node-6033469826,Independent / Other optical,Australia,VIC,Uncertain,,Uncertain,Limited,false,true,false,false,osm-opticians,record lacks a meaningful public storefront address; location setting needs review
independent-other-optical-osm-au-node-6355897815,Independent / Other optical,Australia,VIC,Shopping Centre,place-au-vic-yarra-junction-optical,High,Limited,false,true,false,false,osm-opticians,record lacks a meaningful public storefront address
independent-other-optical-osm-au-node-1633680952,Independent / Other optical,Australia,VIC,High Street,corridor-au-vic-vic-bay-street,Medium,Limited,false,true,false,false,osm-opticians,record lacks a meaningful public storefront address
independent-other-optical-osm-au-node-8613859112,Independent / Other optical,Australia,VIC,High Street,corridor-au-vic-vic-main-street,Medium,Limited,false,true,false,false,osm-opticians,record lacks a meaningful public storefront address
independent-other-optical-osm-au-node-5195526355,Independent / Other optical,Australia,VIC,Uncertain,,Uncertain,Limited,false,true,false,false,osm-opticians,record lacks a meaningful public storefront address; location setting needs review
independent-other-optical-osm-au-node-6017200194,Independent / Other optical,Australia,VIC,Uncertain,,Uncertain,Limited,false,true,false,false,osm-opticians,record lacks a meaningful public storefront address; location setting needs review
opsm-1488,OPSM,Australia,VIC,Shopping Centre,place-au-vic-westfield-airport-west,Medium,Usable,true,true,true,true,opsm-au,
oscar-wylee-62,Oscar Wylee,Australia,VIC,Shopping Centre,place-au-vic-westfield-airport-west,High,Usable,true,true,true,true,oscar-wylee-au,
specsavers-3431,Specsavers,Australia,VIC,Shopping Centre,place-au-vic-westfield-airport-west,High,Usable,true,true,true,true,specsavers-au,
opsm-1428,OPSM,Australia,VIC,Shopping Centre,place-au-vic-altona-gate-shopping-centre,Medium,Usable,true,true,true,true,opsm-au,
specsavers-3258,Specsavers,Australia,VIC,Shopping Centre,place-au-vic-altona-meadows-central-square,High,Usable,true,true,true,true,specsavers-au,
specsavers-3457,Specsavers,Australia,VIC,Shopping Centre,place-au-vic-altona-gate-shopping-centre,High,Usable,true,true,true,true,specsavers-au,
specsavers-3602,Specsavers,Australia,VIC,Shopping Centre,place-au-vic-the-village-bacchus-marsh-shopping-centre,High,Usable,true,true,true,true,specsavers-au,
opsm-2914,OPSM,Australia,VIC,High Street,corridor-au-vic-bairnsdale-nicholson-street,Medium,Usable,true,true,true,true,opsm-au,
specsavers-3564,Specsavers,Australia,VIC,High Street,corridor-au-vic-bairnsdale-bailey-street,Medium,Usable,true,true,true,true,specsavers-au,
opsm-1057,OPSM,Australia,VIC,High Street,corridor-au-vic-ballarat-armstrong-street,Medium,Usable,true,true,true,true,opsm-au,
opsm-2261,OPSM,Australia,VIC,High Street,place-au-vic-ballarat-bridge-mall,High,Usable,true,true,true,true,opsm-au,
specsavers-3396,Specsavers,Australia,VIC,High Street,place-au-vic-ballarat-bridge-mall,High,Usable,true,true,true,true,specsavers-au,
independent-other-optical-osm-au-way-266678041,Independent / Other optical,Australia,VIC,High Street,corridor-au-vic-belmont-high-street,Medium,Usable,true,true,true,true,osm-opticians,
specsavers-3275,Specsavers,Australia,VIC,Shopping Centre,place-au-vic-belmont-shopping-centre,High,Usable,true,true,true,true,specsavers-au,
specsavers-3291,Specsavers,Australia,VIC,High Street,corridor-au-vic-benalla-bridge-street,Medium,Usable,true,true,true,true,specsavers-au,
independent-other-optical-osm-au-node-7824897822,Independent / Other optical,Australia,VIC,Uncertain,,Uncertain,Needs review,true,true,true,false,osm-opticians,location setting needs review
independent-other-optical-osm-au-way-1443622715,Independent / Other optical,Australia,VIC,High Street,corridor-au-vic-bendigo-wills-street,Medium,Usable,true,true,true,true,osm-opticians,
opsm-1037,OPSM,Australia,VIC,Shopping Centre,place-au-vic-bendigo-marketplace,High,Usable,true,true,true,true,opsm-au,
opsm-7008,OPSM,Australia,VIC,High Street,corridor-au-vic-bendigo-queen-street,Medium,Usable,true,true,true,true,opsm-au,
oscar-wylee-109,Oscar Wylee,Australia,VIC,Shopping Centre,place-au-vic-bendigo-marketplace,High,Usable,true,true,true,true,oscar-wylee-au,
specsavers-3322,Specsavers,Australia,VIC,Shopping Centre,place-au-vic-bendigo-marketplace,High,Usable,true,true,true,true,specsavers-au,
opsm-1134,OPSM,Australia,VIC,Shopping Centre,place-au-vic-centre-rd,High,Usable,true,true,true,true,opsm-au,
specsavers-3282,Specsavers,Australia,VIC,Shopping Centre,place-au-vic-centre-road,High,Usable,true,true,true,true,specsavers-au,
bailey-nelson-berwick,Bailey Nelson,Australia,VIC,High Street,corridor-au-vic-berwick-high-street,Medium,Usable,true,true,true,true,bailey-nelson-au,
opsm-7046,OPSM,Australia,VIC,High Street,corridor-au-vic-berwick-high-street,Medium,Usable,true,true,true,true,opsm-au,
specsavers-3474,Specsavers,Australia,VIC,Shopping Centre,place-au-vic-berwick-eden-rise-shopping-centre,High,Usable,true,true,true,true,specsavers-au,
specsavers-3525,Specsavers,Australia,VIC,Shopping Centre,place-au-vic-box-hill-central-south,Medium,Usable,true,true,true,true,specsavers-au,
bailey-nelson-brighton,Bailey Nelson,Australia,VIC,High Street,corridor-au-vic-brighton-church-street,Medium,Usable,true,true,true,true,bailey-nelson-au,
opsm-7075,OPSM,Australia,VIC,High Street,corridor-au-vic-brighton-church-street,Medium,Usable,true,true,true,true,opsm-au,
specsavers-3557,Specsavers,Australia,VIC,High Street,corridor-au-vic-brighton-church-street,Medium,Usable,true,true,true,true,specsavers-au,
oscar-wylee-121,Oscar Wylee,Australia,VIC,Shopping Centre,place-au-vic-broadmeadows-shopping-centre,Medium,Usable,true,true,true,true,oscar-wylee-au,
specsavers-3295,Specsavers,Australia,VIC,Shopping Centre,place-au-vic-broadmeadows-shopping-centre,High,Usable,true,true,true,true,specsavers-au,
bailey-nelson-brunswick,Bailey Nelson,Australia,VIC,High Street,corridor-au-vic-brunswick-sydney-road,Medium,Usable,true,true,true,true,bailey-nelson-au,
opsm-1482,OPSM,Australia,VIC,High Street,corridor-au-vic-brunswick-barkly-street,Medium,Usable,true,true,true,true,opsm-au,
specsavers-3449,Specsavers,Australia,VIC,Shopping Centre,place-au-vic-barkly-square,Medium,Usable,true,true,true,true,specsavers-au,
bailey-nelson-camberwell,Bailey Nelson,Australia,VIC,High Street,corridor-au-vic-camberwell-burke-road,Medium,Usable,true,true,true,true,bailey-nelson-au,
specsavers-3358,Specsavers,Australia,VIC,High Street,corridor-au-vic-camberwell-burke-road,Medium,Usable,true,true,true,true,specsavers-au,
independent-other-optical-osm-au-way-631561733,Independent / Other optical,Australia,VIC,High Street,corridor-au-vic-carnegie-koornang-road,Medium,Usable,true,true,true,true,osm-opticians,
specsavers-3648,Specsavers,Australia,VIC,Shopping Centre,place-au-vic-caroline-springs-square,High,Usable,true,true,true,true,specsavers-au,
bailey-nelson-chadstone,Bailey Nelson,Australia,VIC,Shopping Centre,place-au-vic-chadstone-shopping-centre,High,Usable,true,true,true,true,bailey-nelson-au,
opsm-1410,OPSM,Australia,VIC,Shopping Centre,place-au-vic-chadstone-shopping-centre,High,Usable,true,true,true,true,opsm-au,
oscar-wylee-14,Oscar Wylee,Australia,VIC,Shopping Centre,place-au-vic-chadstone-shopping-centre,High,Usable,true,true,true,true,oscar-wylee-au,
specsavers-3444,Specsavers,Australia,VIC,Shopping Centre,place-au-vic-chadstone-shopping-centre,High,Usable,true,true,true,true,specsavers-au,
bailey-nelson-southland,Bailey Nelson,Australia,VIC,Shopping Centre,place-au-vic-westfield-southland,High,Usable,true,true,true,true,bailey-nelson-au,
opsm-1407,OPSM,Australia,VIC,Shopping Centre,place-au-vic-westfield-southland,High,Usable,true,true,true,true,opsm-au,
oscar-wylee-57,Oscar Wylee,Australia,VIC,Shopping Centre,place-au-vic-westfield-southland,High,Usable,true,true,true,true,oscar-wylee-au,
specsavers-3218,Specsavers,Australia,VIC,Shopping Centre,place-au-vic-westfield-southland,High,Usable,true,true,true,true,specsavers-au,
specsavers-3272,Specsavers,Australia,VIC,Shopping Centre,place-au-vic-westfield-southland,High,Usable,true,true,true,true,specsavers-au,
opsm-1649,OPSM,Australia,VIC,Shopping Centre,place-au-vic-chirnside-park-shopping-centre,Medium,Usable,true,true,true,true,opsm-au,
oscar-wylee-29,Oscar Wylee,Australia,VIC,Shopping Centre,place-au-vic-chirnside-park-shopping-centre,High,Usable,true,true,true,true,oscar-wylee-au,
specsavers-3401,Specsavers,Australia,VIC,Shopping Centre,place-au-vic-chirnside-park-shopping-centre,High,Usable,true,true,true,true,specsavers-au,
opsm-1043,OPSM,Australia,VIC,High Street,corridor-au-vic-city-of-camberwell-burke-road,Medium,Usable,true,true,true,true,opsm-au,
opsm-2254,OPSM,Australia,VIC,High Street,corridor-au-vic-cobram-william-street,Medium,Usable,true,true,true,true,opsm-au,
opsm-1144,OPSM,Australia,VIC,High Street,corridor-au-vic-coburg-waterfield-street,Medium,Usable,true,true,true,true,opsm-au,
specsavers-3294,Specsavers,Australia,VIC,High Street,corridor-au-vic-colac-gellibrand-street,Medium,Usable,true,true,true,true,specsavers-au,
independent-other-optical-osm-au-node-615137311,Independent / Other optical,Australia,VIC,High Street,corridor-au-vic-collingwood-johnston-street,Medium,Usable,true,true,true,true,osm-opticians,
opsm-1291,OPSM,Australia,VIC,Shopping Centre,place-au-vic-corio-village,High,Usable,true,true,true,true,opsm-au,
specsavers-3262,Specsavers,Australia,VIC,Shopping Centre,place-au-vic-corio-village,Medium,Usable,true,true,true,true,specsavers-au,
opsm-2282,OPSM,Australia,VIC,High Street,corridor-au-vic-craigieburn-craigieburn-road,Medium,Usable,true,true,true,true,opsm-au,
oscar-wylee-138,Oscar Wylee,Australia,VIC,Shopping Centre,place-au-vic-craigieburn-central,High,Usable,true,true,true,true,oscar-wylee-au,
specsavers-3533,Specsavers,Australia,VIC,High Street,corridor-au-vic-craigieburn-craigieburn-road,Medium,Usable,true,true,true,true,specsavers-au,
opsm-1290,OPSM,Australia,VIC,Shopping Centre,place-au-vic-cranbourne-park-shopping-centre-sp107,Medium,Usable,true,true,true,true,opsm-au,
oscar-wylee-86,Oscar Wylee,Australia,VIC,Shopping Centre,place-au-vic-cranbourne-park-shopping-centre-sp107,High,Usable,true,true,true,true,oscar-wylee-au,
specsavers-3425,Specsavers,Australia,VIC,Shopping Centre,place-au-vic-cranbourne-park-shopping-centre,High,Usable,true,true,true,true,specsavers-au,
opsm-2999,OPSM,Australia,VIC,High Street,corridor-au-vic-croydon-main-street,Medium,Usable,true,true,true,true,opsm-au,
specsavers-3667,Specsavers,Australia,VIC,High Street,corridor-au-vic-croydon-main-street-croydon,High,Usable,true,true,true,true,specsavers-au,
opsm-1486,OPSM,Australia,VIC,Shopping Centre,place-au-vic-dandenong-square,High,Usable,true,true,true,true,opsm-au,
specsavers-3352,Specsavers,Australia,VIC,Shopping Centre,place-au-vic-dandenong-square,High,Usable,true,true,true,true,specsavers-au,
opsm-1312,OPSM,Australia,VIC,High Street,corridor-au-vic-deer-park-station-road,Medium,Usable,true,true,true,true,opsm-au,
specsavers-3256,Specsavers,Australia,VIC,Shopping Centre,place-au-vic-brimbank-central,High,Usable,true,true,true,true,specsavers-au,
bailey-nelson-doncaster,Bailey Nelson,Australia,VIC,Shopping Centre,place-au-vic-westfield-doncaster,Medium,Usable,true,true,true,true,bailey-nelson-au,
opsm-1214,OPSM,Australia,VIC,Shopping Centre,place-au-vic-westfield-doncaster,Medium,Usable,true,true,true,true,opsm-au,
oscar-wylee-33,Oscar Wylee,Australia,VIC,Shopping Centre,place-au-vic-westfield-doncaster,High,Usable,true,true,true,true,oscar-wylee-au,
specsavers-3552,Specsavers,Australia,VIC,Shopping Centre,place-au-vic-westfield-doncaster,High,Usable,true,true,true,true,specsavers-au,
specsavers-3407,Specsavers,Australia,VIC,Shopping Centre,place-au-vic-doncaster-east-the-pines-shopping-centre,High,Usable,true,true,true,true,specsavers-au,
specsavers-3595,Specsavers,Australia,VIC,High Street,corridor-au-vic-echuca-hare-street,Medium,Usable,true,true,true,true,specsavers-au,
opsm-1156,OPSM,Australia,VIC,High Street,corridor-au-vic-elsternwick-glen-huntly-road,Medium,Usable,true,true,true,true,opsm-au,
specsavers-3621,Specsavers,Australia,VIC,High Street,corridor-au-vic-elsternwick-glenhuntly-road,Medium,Usable,true,true,true,true,specsavers-au,
specsavers-3671,Specsavers,Australia,VIC,High Street,corridor-au-vic-eltham-main-road,Medium,Usable,true,true,true,true,specsavers-au,
specsavers-3484,Specsavers,Australia,VIC,Shopping Centre,place-au-vic-endeavour-hills-shopping-centre,High,Usable,true,true,true,true,specsavers-au,
opsm-1032,OPSM,Australia,VIC,High Street,corridor-au-vic-epping-cooper-street,Medium,Usable,true,true,true,true,opsm-au,
oscar-wylee-32,Oscar Wylee,Australia,VIC,Shopping Centre,place-au-vic-pacific-epping,High,Usable,true,true,true,true,oscar-wylee-au,
specsavers-3353,Specsavers,Australia,VIC,Shopping Centre,place-au-vic-pacific-epping,High,Usable,true,true,true,true,specsavers-au,
independent-other-optical-osm-au-way-1280774120,Independent / Other optical,Australia,VIC,High Street,corridor-au-vic-ferntree-gully-ferntree-gully-road,Medium,Usable,true,true,true,true,osm-opticians,
bailey-nelson-fitzroy,Bailey Nelson,Australia,VIC,High Street,corridor-au-vic-fitzroy-gertrude-street,Medium,Usable,true,true,true,true,bailey-nelson-au,
independent-other-optical-osm-au-node-1121009477,Independent / Other optical,Australia,VIC,High Street,corridor-au-vic-fitzroy-smith-street,Medium,Usable,true,true,true,true,osm-opticians,
opsm-1487,OPSM,Australia,VIC,Shopping Centre,place-au-vic-forest-hill-chase,High,Usable,true,true,true,true,opsm-au,
oscar-wylee-102,Oscar Wylee,Australia,VIC,Shopping Centre,place-au-vic-forest-hill-chase,High,Usable,true,true,true,true,oscar-wylee-au,
specsavers-3338,Specsavers,Australia,VIC,Shopping Centre,place-au-vic-forest-hill-chase,High,Usable,true,true,true,true,specsavers-au,
bailey-nelson-bayside-frankston,Bailey Nelson,Australia,VIC,Shopping Centre,place-au-vic-frankston-bayside-centre,Medium,Usable,true,true,true,true,bailey-nelson-au,
independent-other-optical-osm-au-way-172654057,Independent / Other optical,Australia,VIC,High Street,corridor-au-vic-frankston-beach-street,Medium,Usable,true,true,true,true,osm-opticians,
opsm-1087,OPSM,Australia,VIC,High Street,corridor-au-vic-frankston-olsen-street,Medium,Usable,true,true,true,true,opsm-au,
oscar-wylee-150,Oscar Wylee,Australia,VIC,Shopping Centre,place-au-vic-frankston-bayside-centre,High,Usable,true,true,true,true,oscar-wylee-au,
specsavers-3221,Specsavers,Australia,VIC,High Street,corridor-au-vic-frankston-wells-street,Medium,Usable,true,true,true,true,specsavers-au,
specsavers-3565,Specsavers,Australia,VIC,Shopping Centre,place-au-vic-bayside-centre,High,Usable,true,true,true,true,specsavers-au,
specsavers-3414,Specsavers,Australia,VIC,High Street,corridor-au-vic-frankston-cranbourne-road,Medium,Usable,true,true,true,true,specsavers-au,
opsm-1485,OPSM,Australia,VIC,Shopping Centre,place-au-vic-westfield-geelong,Medium,Usable,true,true,true,true,opsm-au,
oscar-wylee-50,Oscar Wylee,Australia,VIC,Shopping Centre,place-au-vic-westfield-geelong,High,Usable,true,true,true,true,oscar-wylee-au,
specsavers-3293,Specsavers,Australia,VIC,High Street,corridor-au-vic-geelong-ryrie-street,Medium,Usable,true,true,true,true,specsavers-au,
specsavers-3314,Specsavers,Australia,VIC,Shopping Centre,place-au-vic-westfield-geelong,High,Usable,true,true,true,true,specsavers-au,
independent-other-optical-osm-au-way-266740105,Independent / Other optical,Australia,VIC,High Street,corridor-au-vic-geelong-west-pakington-street,Medium,Usable,true,true,true,true,osm-opticians,
bailey-nelson-glen-waverley,Bailey Nelson,Australia,VIC,Shopping Centre,place-au-vic-the-glen,Medium,Usable,true,true,true,true,bailey-nelson-au,
opsm-1152,OPSM,Australia,VIC,Shopping Centre,place-au-vic-the-glen,Medium,Usable,true,true,true,true,opsm-au,
oscar-wylee-147,Oscar Wylee,Australia,VIC,Shopping Centre,place-au-vic-the-glen,High,Usable,true,true,true,true,oscar-wylee-au,
specsavers-3259,Specsavers,Australia,VIC,Shopping Centre,place-au-vic-the-glen,High,Usable,true,true,true,true,specsavers-au,
opsm-1157,OPSM,Australia,VIC,Shopping Centre,place-au-vic-greensborough-plaza,Medium,Usable,true,true,true,true,opsm-au,
oscar-wylee-140,Oscar Wylee,Australia,VIC,Shopping Centre,place-au-vic-greensborough-plaza,High,Usable,true,true,true,true,oscar-wylee-au,
specsavers-3426,Specsavers,Australia,VIC,Shopping Centre,place-au-vic-greensborough-plaza,High,Usable,true,true,true,true,specsavers-au,
specsavers-3694,Specsavers,Australia,VIC,High Street,corridor-au-vic-hamilton-gray-street,Medium,Usable,true,true,true,true,specsavers-au,
specsavers-3691,Specsavers,Australia,VIC,High Street,corridor-au-vic-hastings-victoria-street,Medium,Usable,true,true,true,true,specsavers-au,
opsm-1507,OPSM,Australia,VIC,High Street,corridor-au-vic-hawthorn-burwood-road,Medium,Usable,true,true,true,true,opsm-au,
specsavers-3477,Specsavers,Australia,VIC,Shopping Centre,place-au-vic-heidelberg-warringal-shopping-centre,High,Usable,true,true,true,true,specsavers-au,
oscar-wylee-11,Oscar Wylee,Australia,VIC,Shopping Centre,place-au-vic-highpoint-shopping-centre,High,Usable,true,true,true,true,oscar-wylee-au,
specsavers-3326,Specsavers,Australia,VIC,High Street,corridor-au-vic-horsham-firebrace-street,Medium,Usable,true,true,true,true,specsavers-au,
opsm-1089,OPSM,Australia,VIC,High Street,corridor-au-vic-ivanhoe-livingstone-street,Medium,Usable,true,true,true,true,opsm-au,
specsavers-3289,Specsavers,Australia,VIC,Shopping Centre,place-au-vic-kangaroo-flat-lansell-plaza,High,Usable,true,true,true,true,specsavers-au,
specsavers-3257,Specsavers,Australia,VIC,Shopping Centre,place-au-vic-keilor-downs-shopping-centre,High,Usable,true,true,true,true,specsavers-au,
independent-other-optical-osm-au-node-1072618097,Independent / Other optical,Australia,VIC,High Street,corridor-au-vic-kensington-macaulay-road,Medium,Usable,true,true,true,true,osm-opticians,
opsm-1078,OPSM,Australia,VIC,Shopping Centre,place-au-vic-keysborough-parkmore-shopping-centre,Medium,Usable,true,true,true,true,opsm-au,
specsavers-3278,Specsavers,Australia,VIC,Shopping Centre,place-au-vic-keysborough-parkmore-shopping-centre,High,Usable,true,true,true,true,specsavers-au,
specsavers-3645,Specsavers,Australia,VIC,Shopping Centre,place-au-vic-gateway-plaza,High,Usable,true,true,true,true,specsavers-au,
specsavers-3534,Specsavers,Australia,VIC,High Street,corridor-au-vic-lilydale-hutchinson-street,Medium,Usable,true,true,true,true,specsavers-au,
independent-other-optical-osm-au-node-5430747734,Independent / Other optical,Australia,VIC,Shopping Centre,place-au-vic-coltman-plaza,High,Usable,true,true,true,true,osm-opticians,
bailey-nelson-malvern,Bailey Nelson,Australia,VIC,High Street,corridor-au-vic-malvern-glenferrie-road,Medium,Usable,true,true,true,true,bailey-nelson-au,
opsm-7076,OPSM,Australia,VIC,High Street,corridor-au-vic-malvern-wattletree-road,Medium,Usable,true,true,true,true,opsm-au,
specsavers-3252,Specsavers,Australia,VIC,High Street,corridor-au-vic-malvern-glenferrie-road,Medium,Usable,true,true,true,true,specsavers-au,
bailey-nelson-highpoint,Bailey Nelson,Australia,VIC,Shopping Centre,place-au-vic-highpoint-shopping-centre,High,Usable,true,true,true,true,bailey-nelson-au,
opsm-1478,OPSM,Australia,VIC,Shopping Centre,place-au-vic-highpoint-shopping-centre,High,Usable,true,true,true,true,opsm-au,
specsavers-3372,Specsavers,Australia,VIC,Shopping Centre,place-au-vic-highpoint-shopping-centre,High,Usable,true,true,true,true,specsavers-au,
bailey-nelson-flinders-lane-melbourne,Bailey Nelson,Australia,VIC,High Street,corridor-au-vic-melbourne-flinders-lane,Medium,Usable,true,true,true,true,bailey-nelson-au,
bailey-nelson-melbourne-cbd,Bailey Nelson,Australia,VIC,Shopping Centre,place-au-vic-melbourne-central-shopping-centre,Medium,Usable,true,true,true,true,bailey-nelson-au,
opsm-1589,OPSM,Australia,VIC,High Street,corridor-au-vic-melbourne-collins-street-1,Medium,Usable,true,true,true,true,opsm-au,
opsm-1472,OPSM,Australia,VIC,High Street,corridor-au-vic-melbourne-bourke-street,Medium,Usable,true,true,true,true,opsm-au,
opsm-1030,OPSM,Australia,VIC,High Street,corridor-au-vic-melbourne-collins-street-2,Medium,Usable,true,true,true,true,opsm-au,
opsm-1091,OPSM,Australia,VIC,Shopping Centre,place-au-vic-melbourne-central-shopping-centre,Medium,Usable,true,true,true,true,opsm-au,
oscar-wylee-6,Oscar Wylee,Australia,VIC,Shopping Centre,place-au-vic-melbourne-central-shopping-centre-ground-level,High,Usable,true,true,true,true,oscar-wylee-au,
specsavers-3548,Specsavers,Australia,VIC,High Street,corridor-au-vic-melbourne-collins-street-1,Medium,Usable,true,true,true,true,specsavers-au,
specsavers-3241,Specsavers,Australia,VIC,High Street,corridor-au-vic-melbourne-little-collins-street,Medium,Usable,true,true,true,true,specsavers-au,
specsavers-3397,Specsavers,Australia,VIC,Shopping Centre,place-au-vic-melbourne-central-shopping-centre,High,Usable,true,true,true,true,specsavers-au,
opsm-2352,OPSM,Australia,VIC,High Street,corridor-au-vic-melton-cnr-high-coburn-road,Medium,Usable,true,true,true,true,opsm-au,
oscar-wylee-119,Oscar Wylee,Australia,VIC,Shopping Centre,place-au-vic-woodgrove-shopping-centre,High,Usable,true,true,true,true,oscar-wylee-au,
specsavers-3463,Specsavers,Australia,VIC,Shopping Centre,place-au-vic-woodgrove-shopping-centre,High,Usable,true,true,true,true,specsavers-au,
oscar-wylee-126,Oscar Wylee,Australia,VIC,Shopping Centre,place-au-vic-mildura-central,High,Usable,true,true,true,true,oscar-wylee-au,
specsavers-3508,Specsavers,Australia,VIC,High Street,corridor-au-vic-mildura-street-deakin-avenue,Medium,Usable,true,true,true,true,specsavers-au,
independent-other-optical-osm-au-node-2999573319,Independent / Other optical,Australia,VIC,High Street,corridor-au-vic-mill-park-childs-road,Medium,Limited,false,true,false,false,osm-opticians,record lacks a meaningful public storefront address
opsm-1506,OPSM,Australia,VIC,Shopping Centre,place-au-vic-plenty-valley-westfield,Medium,Usable,true,true,true,true,opsm-au,
oscar-wylee-107,Oscar Wylee,Australia,VIC,Shopping Centre,place-au-vic-plenty-valley-westfield,Medium,Usable,true,true,true,true,oscar-wylee-au,
specsavers-3264,Specsavers,Australia,VIC,Shopping Centre,place-au-vic-plenty-valley-westfield,High,Usable,true,true,true,true,specsavers-au,
bailey-nelson-moonee-ponds,Bailey Nelson,Australia,VIC,High Street,corridor-au-vic-moonee-ponds-puckle-street,Medium,Usable,true,true,true,true,bailey-nelson-au,
opsm-7081,OPSM,Australia,VIC,High Street,corridor-au-vic-moonee-ponds-puckle-street,Medium,Usable,true,true,true,true,opsm-au,
oscar-wylee-64,Oscar Wylee,Australia,VIC,Shopping Centre,place-au-vic-moonee-ponds-central,High,Usable,true,true,true,true,oscar-wylee-au,
specsavers-3522,Specsavers,Australia,VIC,High Street,corridor-au-vic-moonee-ponds-hall-street,Medium,Usable,true,true,true,true,specsavers-au,
independent-other-optical-osm-au-node-2124843984,Independent / Other optical,Australia,VIC,High Street,corridor-au-vic-mordialloc-main-street,Medium,Usable,true,true,true,true,osm-opticians,
bailey-nelson-mornington,Bailey Nelson,Australia,VIC,High Street,corridor-au-vic-mornington-main-street,Medium,Usable,true,true,true,true,bailey-nelson-au,
opsm-1148,OPSM,Australia,VIC,High Street,corridor-au-vic-mornington-barkly-street,Medium,Usable,true,true,true,true,opsm-au,
oscar-wylee-95,Oscar Wylee,Australia,VIC,Shopping Centre,place-au-vic-mornington-central,High,Usable,true,true,true,true,oscar-wylee-au,
specsavers-3222,Specsavers,Australia,VIC,High Street,corridor-au-vic-mornington-main-street,Medium,Usable,true,true,true,true,specsavers-au,
opsm-1145,OPSM,Australia,VIC,Shopping Centre,place-au-vic-cnr-centre-valley-rd-princes-dr,High,Usable,true,true,true,true,opsm-au,
specsavers-3639,Specsavers,Australia,VIC,Shopping Centre,place-au-vic-mid-valley-shopping-centre,High,Usable,true,true,true,true,specsavers-au,
opsm-1242,OPSM,Australia,VIC,Shopping Centre,place-au-vic-waverley-gardens-shopping-centre,Medium,Usable,true,true,true,true,opsm-au,
specsavers-3279,Specsavers,Australia,VIC,Shopping Centre,place-au-vic-waverley-gardens-shopping-centre,High,Usable,true,true,true,true,specsavers-au,
opsm-1360,OPSM,Australia,VIC,Shopping Centre,place-au-vic-westfield-fountain-gate,High,Usable,true,true,true,true,opsm-au,
oscar-wylee-31,Oscar Wylee,Australia,VIC,Shopping Centre,place-au-vic-westfield-fountain-gate,High,Usable,true,true,true,true,oscar-wylee-au,
specsavers-3623,Specsavers,Australia,VIC,Shopping Centre,place-au-vic-casey-central-shopping-centre,High,Usable,true,true,true,true,specsavers-au,
specsavers-3286,Specsavers,Australia,VIC,Shopping Centre,place-au-vic-westfield-fountain-gate,High,Usable,true,true,true,true,specsavers-au,
specsavers-3507,Specsavers,Australia,VIC,Shopping Centre,place-au-vic-westfield-fountain-gate,High,Usable,true,true,true,true,specsavers-au,
bailey-nelson-geelong,Bailey Nelson,Australia,VIC,High Street,corridor-au-vic-newtown-pakington-street,Medium,Usable,true,true,true,true,bailey-nelson-au,
specsavers-3654,Specsavers,Australia,VIC,Shopping Centre,place-au-vic-blackburn-square,High,Usable,true,true,true,true,specsavers-au,
independent-other-optical-osm-au-node-4740799236,Independent / Other optical,Australia,VIC,High Street,corridor-au-vic-north-melbourne-errol-street,Medium,Usable,true,true,true,true,osm-opticians,
opsm-1286,OPSM,Australia,VIC,Shopping Centre,place-au-vic-northcote-plaza,Medium,Usable,true,true,true,true,opsm-au,
specsavers-3551,Specsavers,Australia,VIC,Shopping Centre,place-au-vic-northcote-plaza,High,Usable,true,true,true,true,specsavers-au,
independent-other-optical-osm-au-way-542912832,Independent / Other optical,Australia,VIC,High Street,corridor-au-vic-oakleigh-portman-street,Medium,Usable,true,true,true,true,osm-opticians,
independent-other-optical-osm-au-node-1789722881,Independent / Other optical,Australia,VIC,High Street,corridor-au-vic-oakleigh-warrigal-road,Medium,Usable,true,true,true,true,osm-opticians,
specsavers-3601,Specsavers,Australia,VIC,High Street,corridor-au-vic-oakleigh-hanover-street,Medium,Usable,true,true,true,true,specsavers-au,
opsm-7012,OPSM,Australia,VIC,High Street,corridor-au-vic-pakenham-pakenham-retail-core,Medium,Usable,true,true,true,true,opsm-au,
specsavers-3491,Specsavers,Australia,VIC,Shopping Centre,place-au-vic-pakenham-central-marketplace,High,Usable,true,true,true,true,specsavers-au,
specsavers-3571,Specsavers,Australia,VIC,Shopping Centre,place-au-vic-point-cook-town-centre,High,Usable,true,true,true,true,specsavers-au,
independent-other-optical-osm-au-node-616584782,Independent / Other optical,Australia,VIC,High Street,corridor-au-vic-port-melbourne-bay-street,Medium,Usable,true,true,true,true,osm-opticians,
specsavers-3478,Specsavers,Australia,VIC,Shopping Centre,place-au-vic-pran-central-shopping-centre,High,Usable,true,true,true,true,specsavers-au,
bailey-nelson-northland,Bailey Nelson,Australia,VIC,Shopping Centre,place-au-vic-northland,High,Usable,true,true,true,true,bailey-nelson-au,
independent-other-optical-osm-au-node-5674121273,Independent / Other optical,Australia,VIC,High Street,corridor-au-vic-preston-high-street,Medium,Usable,true,true,true,true,osm-opticians,
opsm-1419,OPSM,Australia,VIC,Shopping Centre,place-au-vic-northland,High,Usable,true,true,true,true,opsm-au,
oscar-wylee-26,Oscar Wylee,Australia,VIC,Shopping Centre,place-au-vic-northland,High,Usable,true,true,true,true,oscar-wylee-au,
specsavers-3306,Specsavers,Australia,VIC,Shopping Centre,place-au-vic-northland,High,Usable,true,true,true,true,specsavers-au,
specsavers-3679,Specsavers,Australia,VIC,Shopping Centre,place-au-vic-summerhill-shopping-centre,High,Usable,true,true,true,true,specsavers-au,
bailey-nelson-richmond,Bailey Nelson,Australia,VIC,High Street,corridor-au-vic-richmond-swan-street,Medium,Usable,true,true,true,true,bailey-nelson-au,
opsm-1341,OPSM,Australia,VIC,Shopping Centre,place-au-vic-victoria-gardens-shopping-centre,Medium,Usable,true,true,true,true,opsm-au,
oscar-wylee-89,Oscar Wylee,Australia,VIC,Shopping Centre,place-au-vic-victoria-gardens-shopping-centre,High,Usable,true,true,true,true,oscar-wylee-au,
specsavers-3448,Specsavers,Australia,VIC,Shopping Centre,place-au-vic-victoria-gardens-shopping-centre,High,Usable,true,true,true,true,specsavers-au,
bailey-nelson-eastland-shopping-centre,Bailey Nelson,Australia,VIC,Shopping Centre,place-au-vic-eastland,High,Usable,true,true,true,true,bailey-nelson-au,
independent-other-optical-osm-au-way-1006690639,Independent / Other optical,Australia,VIC,High Street,corridor-au-vic-ringwood-warrandyte-road,Medium,Usable,true,true,true,true,osm-opticians,
independent-other-optical-osm-au-way-1499394103,Independent / Other optical,Australia,VIC,High Street,corridor-au-vic-ringwood-maroondah-highway,Medium,Usable,true,true,true,true,osm-opticians,
independent-other-optical-osm-au-node-13731460457,Independent / Other optical,Australia,VIC,High Street,corridor-au-vic-ringwood-maroondah-highway,Medium,Usable,true,true,true,true,osm-opticians,
opsm-1149,OPSM,Australia,VIC,High Street,corridor-au-vic-ringwood-maroondah-highway,Medium,Usable,true,true,true,true,opsm-au,
oscar-wylee-45,Oscar Wylee,Australia,VIC,Shopping Centre,place-au-vic-eastland,High,Usable,true,true,true,true,oscar-wylee-au,
specsavers-3261,Specsavers,Australia,VIC,Shopping Centre,place-au-vic-eastland,High,Usable,true,true,true,true,specsavers-au,
opsm-2932,OPSM,Australia,VIC,Shopping Centre,place-au-vic-rosebud-plaza-shopping-centre,Medium,Usable,true,true,true,true,opsm-au,
specsavers-3354,Specsavers,Australia,VIC,Shopping Centre,place-au-vic-rosebud-plaza-shopping-centre,High,Usable,true,true,true,true,specsavers-au,
specsavers-3230,Specsavers,Australia,VIC,Shopping Centre,place-au-vic-stud-park-shopping-centre,High,Usable,true,true,true,true,specsavers-au,
specsavers-3251,Specsavers,Australia,VIC,High Street,corridor-au-vic-sale-cunninghame-street,Medium,Usable,true,true,true,true,specsavers-au,
opsm-1046,OPSM,Australia,VIC,High Street,corridor-au-vic-shepparton-maude-street,Medium,Usable,true,true,true,true,opsm-au,
oscar-wylee-116,Oscar Wylee,Australia,VIC,Shopping Centre,place-au-vic-shepparton-marketplace,High,Usable,true,true,true,true,oscar-wylee-au,
specsavers-3292,Specsavers,Australia,VIC,Shopping Centre,place-au-vic-shepparton-marketplace,High,Usable,true,true,true,true,specsavers-au,
specsavers-3669,Specsavers,Australia,VIC,High Street,corridor-au-vic-shepparton-maude-street,Medium,Usable,true,true,true,true,specsavers-au,
independent-other-optical-osm-au-node-2262243662,Independent / Other optical,Australia,VIC,High Street,corridor-au-vic-south-melbourne-clarendon-street,Medium,Usable,true,true,true,true,osm-opticians,
specsavers-3631,Specsavers,Australia,VIC,High Street,corridor-au-vic-south-melbourne-clarendon-street,Medium,Usable,true,true,true,true,specsavers-au,
bailey-nelson-chapel-st-melbourne,Bailey Nelson,Australia,VIC,High Street,corridor-au-vic-south-yarra-chapel-street,Medium,Usable,true,true,true,true,bailey-nelson-au,
opsm-7077,OPSM,Australia,VIC,High Street,corridor-au-vic-south-yarra-toorak-road,Medium,Usable,true,true,true,true,opsm-au,
oscar-wylee-15,Oscar Wylee,Australia,VIC,High Street,corridor-au-vic-south-yarra-chapel-street,Medium,Usable,true,true,true,true,oscar-wylee-au,
independent-other-optical-osm-au-way-634192128,Independent / Other optical,Australia,VIC,High Street,corridor-au-vic-st-albans-alfrieda-street,Medium,Usable,true,true,true,true,osm-opticians,
independent-other-optical-osm-au-way-634766999,Independent / Other optical,Australia,VIC,High Street,corridor-au-vic-st-albans-main-road,Medium,Usable,true,true,true,true,osm-opticians,
bailey-nelson-st-kilda,Bailey Nelson,Australia,VIC,High Street,corridor-au-vic-st-kilda-acland-street,Medium,Usable,true,true,true,true,bailey-nelson-au,
specsavers-3327,Specsavers,Australia,VIC,High Street,corridor-au-vic-stawell-main-street,Medium,Usable,true,true,true,true,specsavers-au,
opsm-4710,OPSM,Australia,VIC,Shopping Centre,place-au-vic-evans-street-sunbury-square-shopping-centre,High,Usable,true,true,true,true,opsm-au,
specsavers-3242,Specsavers,Australia,VIC,High Street,corridor-au-vic-sunbury-evans-street,Medium,Usable,true,true,true,true,specsavers-au,
independent-other-optical-osm-au-way-230865348,Independent / Other optical,Australia,VIC,High Street,corridor-au-vic-sunshine-dickson-street,Medium,Usable,true,true,true,true,osm-opticians,
specsavers-3536,Specsavers,Australia,VIC,Shopping Centre,place-au-vic-sunshine-marketplace,High,Usable,true,true,true,true,specsavers-au,
specsavers-3683,Specsavers,Australia,VIC,High Street,corridor-au-vic-swan-hill-campbell-street,Medium,Usable,true,true,true,true,specsavers-au,
opsm-1131,OPSM,Australia,VIC,High Street,corridor-au-vic-sydenham-melton-highway,Medium,Usable,true,true,true,true,opsm-au,
specsavers-3268,Specsavers,Australia,VIC,Shopping Centre,place-au-vic-wyndham-village-shopping-centre,High,Usable,true,true,true,true,specsavers-au,
oscar-wylee-92,Oscar Wylee,Australia,VIC,Shopping Centre,place-au-vic-watergardens-shopping-centre,High,Usable,true,true,true,true,oscar-wylee-au,
specsavers-3311,Specsavers,Australia,VIC,Shopping Centre,place-au-vic-watergardens-town-centre,High,Usable,true,true,true,true,specsavers-au,
independent-other-optical-osm-au-way-612405905,Independent / Other optical,Australia,VIC,High Street,corridor-au-vic-thornbury-high-street,Medium,Usable,true,true,true,true,osm-opticians,
specsavers-3661,Specsavers,Australia,VIC,High Street,corridor-au-vic-torquay-gilbert-street,Medium,Usable,true,true,true,true,specsavers-au,
opsm-1302,OPSM,Australia,VIC,High Street,corridor-au-vic-traralgon-franklin-street,Medium,Usable,true,true,true,true,opsm-au,
oscar-wylee-103,Oscar Wylee,Australia,VIC,High Street,corridor-au-vic-traralgon-franklin-street,Medium,Usable,true,true,true,true,oscar-wylee-au,
specsavers-3503,Specsavers,Australia,VIC,High Street,corridor-au-vic-traralgon-seymour-street,Medium,Usable,true,true,true,true,specsavers-au,
opsm-1040,OPSM,Australia,VIC,High Street,corridor-au-vic-wangaratta-murphy-street,Medium,Usable,true,true,true,true,opsm-au,
specsavers-3596,Specsavers,Australia,VIC,High Street,corridor-au-vic-wangaratta-reid-street,Medium,Usable,true,true,true,true,specsavers-au,
opsm-1467,OPSM,Australia,VIC,Shopping Centre,place-au-vic-westfield-knox,Medium,Usable,true,true,true,true,opsm-au,
oscar-wylee-30,Oscar Wylee,Australia,VIC,Shopping Centre,place-au-vic-westfield-knox,High,Usable,true,true,true,true,oscar-wylee-au,
specsavers-3263,Specsavers,Australia,VIC,Shopping Centre,place-au-vic-westfield-knox,High,Usable,true,true,true,true,specsavers-au,
specsavers-3467,Specsavers,Australia,VIC,High Street,corridor-au-vic-warragul-smith-street,Medium,Usable,true,true,true,true,specsavers-au,
opsm-1136,OPSM,Australia,VIC,High Street,corridor-au-vic-warrnambool-liebig-street,Medium,Usable,true,true,true,true,opsm-au,
specsavers-3297,Specsavers,Australia,VIC,High Street,corridor-au-vic-warrnambool-liebig-street,Medium,Usable,true,true,true,true,specsavers-au,
opsm-7064,OPSM,Australia,VIC,High Street,corridor-au-vic-waurn-ponds-pioneer-road,Medium,Usable,true,true,true,true,opsm-au,
specsavers-3288,Specsavers,Australia,VIC,Shopping Centre,place-au-vic-waurn-ponds-shopping-centre,High,Usable,true,true,true,true,specsavers-au,
opsm-7014,OPSM,Australia,VIC,High Street,corridor-au-vic-wendouree-gillies-street,Medium,Usable,true,true,true,true,opsm-au,
specsavers-3582,Specsavers,Australia,VIC,Shopping Centre,place-au-vic-wendouree-stockland,High,Usable,true,true,true,true,specsavers-au,
opsm-1655,OPSM,Australia,VIC,Shopping Centre,place-au-vic-werribee-plaza,High,Usable,true,true,true,true,opsm-au,
oscar-wylee-22,Oscar Wylee,Australia,VIC,Shopping Centre,place-au-vic-werribee-plaza,High,Usable,true,true,true,true,oscar-wylee-au,
specsavers-3267,Specsavers,Australia,VIC,Shopping Centre,place-au-vic-werribee-plaza,High,Usable,true,true,true,true,specsavers-au,
specsavers-3281,Specsavers,Australia,VIC,High Street,corridor-au-vic-wheelers-hill-brandon-park-drive,Medium,Usable,true,true,true,true,specsavers-au,
opsm-1170,OPSM,Australia,VIC,High Street,corridor-au-vic-whittlesea-church-street,Medium,Usable,true,true,true,true,opsm-au,
bailey-nelson-williamstown,Bailey Nelson,Australia,VIC,High Street,corridor-au-vic-williamstown-ferguson-street,Medium,Usable,true,true,true,true,bailey-nelson-au,
opsm-2267,OPSM,Australia,VIC,High Street,corridor-au-vic-wodonga-high-street,Medium,Usable,true,true,true,true,opsm-au,
specsavers-3422,Specsavers,Australia,VIC,Shopping Centre,place-au-vic-wodonga-plaza,High,Usable,true,true,true,true,specsavers-au,
specsavers-3609,Specsavers,Australia,VIC,High Street,corridor-au-vic-wonthaggi-graham-street,Medium,Usable,true,true,true,true,specsavers-au,
independent-other-optical-osm-au-node-11840846378,Independent / Other optical,Australia,WA,High Street,corridor-au-wa-wa-king-street,Medium,Limited,false,true,false,false,osm-opticians,record lacks a meaningful public storefront address
independent-other-optical-osm-au-node-12522399957,Independent / Other optical,Australia,WA,Uncertain,,Uncertain,Limited,false,true,false,false,osm-opticians,record lacks a meaningful public storefront address; location setting needs review
independent-other-optical-osm-au-node-11391637426,Independent / Other optical,Australia,WA,Shopping Centre,place-au-wa-eye-junction,High,Limited,false,true,false,false,osm-opticians,record lacks a meaningful public storefront address
independent-other-optical-osm-au-node-11932057273,Independent / Other optical,Australia,WA,Uncertain,,Uncertain,Limited,false,true,false,false,osm-opticians,record lacks a meaningful public storefront address; location setting needs review
independent-other-optical-osm-au-node-4569988319,Independent / Other optical,Australia,WA,Uncertain,,Uncertain,Limited,false,true,false,false,osm-opticians,record lacks a meaningful public storefront address; location setting needs review
independent-other-optical-osm-au-node-11397913897,Independent / Other optical,Australia,WA,Uncertain,,Uncertain,Limited,false,true,false,false,osm-opticians,record lacks a meaningful public storefront address; location setting needs review
independent-other-optical-osm-au-node-6976079758,Independent / Other optical,Australia,WA,Uncertain,,Uncertain,Limited,false,true,false,false,osm-opticians,record lacks a meaningful public storefront address; location setting needs review
independent-other-optical-osm-au-node-12841444736,Independent / Other optical,Australia,WA,Uncertain,,Uncertain,Limited,false,true,false,false,osm-opticians,record lacks a meaningful public storefront address; location setting needs review
independent-other-optical-osm-au-node-10107385752,Independent / Other optical,Australia,WA,High Street,corridor-au-wa-wa-south-terrace,Medium,Limited,false,true,false,false,osm-opticians,record lacks a meaningful public storefront address
independent-other-optical-osm-au-node-9722108317,Independent / Other optical,Australia,WA,Uncertain,,Uncertain,Limited,false,true,false,false,osm-opticians,record lacks a meaningful public storefront address; location setting needs review
independent-other-optical-osm-au-node-12818357495,Independent / Other optical,Australia,WA,Uncertain,,Uncertain,Limited,false,true,false,false,osm-opticians,record lacks a meaningful public storefront address; location setting needs review
independent-other-optical-osm-au-node-9778461017,Independent / Other optical,Australia,WA,Uncertain,,Uncertain,Limited,false,true,false,false,osm-opticians,record lacks a meaningful public storefront address; location setting needs review
independent-other-optical-osm-au-node-9928510956,Independent / Other optical,Australia,WA,High Street,corridor-au-wa-wa-rokeby-road,Medium,Limited,false,true,false,false,osm-opticians,record lacks a meaningful public storefront address
independent-other-optical-osm-au-node-4197216402,Independent / Other optical,Australia,WA,Uncertain,,Uncertain,Limited,false,true,false,false,osm-opticians,record lacks a meaningful public storefront address; location setting needs review
independent-other-optical-osm-au-node-11397913900,Independent / Other optical,Australia,WA,Uncertain,,Uncertain,Limited,false,true,false,false,osm-opticians,record lacks a meaningful public storefront address; location setting needs review
independent-other-optical-osm-au-node-6934750148,Independent / Other optical,Australia,WA,Uncertain,,Uncertain,Limited,false,true,false,false,osm-opticians,record lacks a meaningful public storefront address; location setting needs review
opsm-1195,OPSM,Australia,WA,High Street,corridor-au-wa-albany-york-street,Medium,Usable,true,true,true,true,opsm-au,
specsavers-3577,Specsavers,Australia,WA,High Street,corridor-au-wa-albany-york-street,Medium,Usable,true,true,true,true,specsavers-au,
independent-other-optical-osm-au-node-7069706341,Independent / Other optical,Australia,WA,High Street,corridor-au-wa-applecross-ardross-street,Medium,Usable,true,true,true,true,osm-opticians,
independent-other-optical-osm-au-node-2393656997,Independent / Other optical,Australia,WA,High Street,corridor-au-wa-ardross-simpson-street,Medium,Usable,true,true,true,true,osm-opticians,
opsm-1306,OPSM,Australia,WA,High Street,corridor-au-wa-armadale-jull-street,Medium,Usable,true,true,true,true,opsm-au,
specsavers-3236,Specsavers,Australia,WA,Shopping Centre,place-au-wa-armadale-central,Medium,Usable,true,true,true,true,specsavers-au,
opsm-1515,OPSM,Australia,WA,High Street,corridor-au-wa-baldivis-settlers-avenue,Medium,Usable,true,true,true,true,opsm-au,
specsavers-3555,Specsavers,Australia,WA,Shopping Centre,place-au-wa-stockland-baldivis,High,Usable,true,true,true,true,specsavers-au,
bailey-nelson-booragoon,Bailey Nelson,Australia,WA,Shopping Centre,place-au-wa-westfield-booragoon,High,Usable,true,true,true,true,bailey-nelson-au,
opsm-1442,OPSM,Australia,WA,Shopping Centre,place-au-wa-westfield-booragoon,High,Usable,true,true,true,true,opsm-au,
oscar-wylee-71,Oscar Wylee,Australia,WA,Shopping Centre,place-au-wa-westfield-booragoon,High,Usable,true,true,true,true,oscar-wylee-au,
specsavers-3429,Specsavers,Australia,WA,Shopping Centre,place-au-wa-westfield-booragoon,High,Usable,true,true,true,true,specsavers-au,
opsm-1027,OPSM,Australia,WA,High Street,corridor-au-wa-broome-frederick-street,Medium,Usable,true,true,true,true,opsm-au,
opsm-1516,OPSM,Australia,WA,High Street,corridor-au-wa-bull-creek-benningfield-road,Medium,Usable,true,true,true,true,opsm-au,
opsm-1382,OPSM,Australia,WA,Shopping Centre,place-au-wa-bunbury-centrepoint,High,Usable,true,true,true,true,opsm-au,
opsm-1283,OPSM,Australia,WA,Shopping Centre,place-au-wa-bunbury-forum,High,Usable,true,true,true,true,opsm-au,
specsavers-3441,Specsavers,Australia,WA,Shopping Centre,place-au-wa-bunbury-centrepoint,High,Usable,true,true,true,true,specsavers-au,
opsm-1197,OPSM,Australia,WA,High Street,corridor-au-wa-busselton-prince-street,Medium,Usable,true,true,true,true,opsm-au,
opsm-4610,OPSM,Australia,WA,High Street,corridor-au-wa-busselton-prince-street,Medium,Usable,true,true,true,true,opsm-au,
specsavers-3226,Specsavers,Australia,WA,High Street,corridor-au-wa-busselton-prince-street,Medium,Usable,true,true,true,true,specsavers-au,
specsavers-3665,Specsavers,Australia,WA,High Street,corridor-au-wa-butler-butler-boulevard,Medium,Usable,true,true,true,true,specsavers-au,
opsm-1395,OPSM,Australia,WA,Shopping Centre,place-au-wa-livingston-marketplace,Medium,Usable,true,true,true,true,opsm-au,
specsavers-3366,Specsavers,Australia,WA,Shopping Centre,place-au-wa-livingston-marketplace,High,Usable,true,true,true,true,specsavers-au,
bailey-nelson-carousel,Bailey Nelson,Australia,WA,Shopping Centre,place-au-wa-westfield-carousel,High,Usable,true,true,true,true,bailey-nelson-au,
opsm-1366,OPSM,Australia,WA,Shopping Centre,place-au-wa-westfield-carousel,High,Usable,true,true,true,true,opsm-au,
oscar-wylee-61,Oscar Wylee,Australia,WA,Shopping Centre,place-au-wa-westfield-carousel,High,Usable,true,true,true,true,oscar-wylee-au,
specsavers-3349,Specsavers,Australia,WA,Shopping Centre,place-au-wa-westfield-carousel,High,Usable,true,true,true,true,specsavers-au,
bailey-nelson-claremont,Bailey Nelson,Australia,WA,High Street,corridor-au-wa-claremont-bayview-terrace,Medium,Usable,true,true,true,true,bailey-nelson-au,
opsm-1418,OPSM,Australia,WA,High Street,corridor-au-wa-claremont-bayview-terrace,Medium,Usable,true,true,true,true,opsm-au,
oscar-wylee-118,Oscar Wylee,Australia,WA,High Street,corridor-au-wa-claremont-bay-view-terrace,Medium,Usable,true,true,true,true,oscar-wylee-au,
opsm-1059,OPSM,Australia,WA,Shopping Centre,place-au-wa-clarkson-ocean-keys-shopping-centre,Medium,Usable,true,true,true,true,opsm-au,
specsavers-3287,Specsavers,Australia,WA,Shopping Centre,place-au-wa-clarkson-ocean-keys-shopping-centre,High,Usable,true,true,true,true,specsavers-au,
opsm-7047,OPSM,Australia,WA,Shopping Centre,place-au-wa-belmont-forum,High,Usable,true,true,true,true,opsm-au,
specsavers-3249,Specsavers,Australia,WA,Shopping Centre,place-au-wa-belmont-forum,High,Usable,true,true,true,true,specsavers-au,
opsm-1561,OPSM,Australia,WA,High Street,corridor-au-wa-collie-forrest-street,Medium,Usable,true,true,true,true,opsm-au,
opsm-2985,OPSM,Australia,WA,High Street,corridor-au-wa-cottesloe-napoleon-street,Medium,Usable,true,true,true,true,opsm-au,
specsavers-3688,Specsavers,Australia,WA,High Street,corridor-au-wa-currambine-marmion-avenue,Medium,Usable,true,true,true,true,specsavers-au,
opsm-1571,OPSM,Australia,WA,High Street,corridor-au-wa-dianella-cnr-alexander-drive,Medium,Usable,true,true,true,true,opsm-au,
specsavers-3452,Specsavers,Australia,WA,Shopping Centre,place-au-wa-eaton-fair-shopping-centre,High,Usable,true,true,true,true,specsavers-au,
oscar-wylee-149,Oscar Wylee,Australia,WA,Shopping Centre,place-au-wa-westfield-innaloo,High,Usable,true,true,true,true,oscar-wylee-au,
opsm-1557,OPSM,Australia,WA,High Street,corridor-au-wa-ellenbrook-cnr-main-street,Medium,Usable,true,true,true,true,opsm-au,
oscar-wylee-148,Oscar Wylee,Australia,WA,Shopping Centre,place-au-wa-ellenbrook-central,High,Usable,true,true,true,true,oscar-wylee-au,
specsavers-3486,Specsavers,Australia,WA,High Street,corridor-au-wa-ellenbrook-cnr-the-promenade-pinaster-parade,Medium,Usable,true,true,true,true,specsavers-au,
opsm-1567,OPSM,Australia,WA,High Street,corridor-au-wa-esperance-forrest-road,Medium,Usable,true,true,true,true,opsm-au,
opsm-1112,OPSM,Australia,WA,Shopping Centre,place-au-wa-floreat-forum,High,Usable,true,true,true,true,opsm-au,
bailey-nelson-fremantle,Bailey Nelson,Australia,WA,High Street,corridor-au-wa-fremantle-market-street,Medium,Usable,true,true,true,true,bailey-nelson-au,
opsm-1083,OPSM,Australia,WA,High Street,corridor-au-wa-fremantle-market-street,Medium,Usable,true,true,true,true,opsm-au,
specsavers-3424,Specsavers,Australia,WA,Shopping Centre,place-au-wa-manning-arcade,High,Usable,true,true,true,true,specsavers-au,
opsm-1354,OPSM,Australia,WA,High Street,corridor-au-wa-geraldton-chapman-road,Medium,Usable,true,true,true,true,opsm-au,
specsavers-3535,Specsavers,Australia,WA,Shopping Centre,place-au-wa-stirlings-central,High,Usable,true,true,true,true,specsavers-au,
specsavers-3579,Specsavers,Australia,WA,Shopping Centre,place-au-wa-halls-head-central,High,Usable,true,true,true,true,specsavers-au,
specsavers-3649,Specsavers,Australia,WA,Shopping Centre,place-au-wa-harrisdale-stockland-shopping-centre,High,Usable,true,true,true,true,specsavers-au,
opsm-1447,OPSM,Australia,WA,Shopping Centre,place-au-wa-westfield-whitford-city,Medium,Usable,true,true,true,true,opsm-au,
oscar-wylee-111,Oscar Wylee,Australia,WA,Shopping Centre,place-au-wa-westfield-whitford-city,High,Usable,true,true,true,true,oscar-wylee-au,
specsavers-3364,Specsavers,Australia,WA,Shopping Centre,place-au-wa-westfield-whitford-city,High,Usable,true,true,true,true,specsavers-au,
opsm-1361,OPSM,Australia,WA,Shopping Centre,place-au-wa-westfield-innaloo,Medium,Usable,true,true,true,true,opsm-au,
specsavers-3473,Specsavers,Australia,WA,Shopping Centre,place-au-wa-westfield-innaloo,High,Usable,true,true,true,true,specsavers-au,
bailey-nelson-joondalup,Bailey Nelson,Australia,WA,High Street,corridor-au-wa-joondalup-joondalup-drive,Medium,Usable,true,true,true,true,bailey-nelson-au,
opsm-1404,OPSM,Australia,WA,High Street,corridor-au-wa-joondalup-joondalup-drive,Medium,Usable,true,true,true,true,opsm-au,
oscar-wylee-60,Oscar Wylee,Australia,WA,Shopping Centre,place-au-wa-joondalup-lakeside-s-city,High,Usable,true,true,true,true,oscar-wylee-au,
specsavers-3247,Specsavers,Australia,WA,Shopping Centre,place-au-wa-joondalup-lakeside-s-city,High,Usable,true,true,true,true,specsavers-au,
opsm-7011,OPSM,Australia,WA,High Street,corridor-au-wa-kalamunda-railway-road,Medium,Usable,true,true,true,true,opsm-au,
specsavers-3237,Specsavers,Australia,WA,High Street,corridor-au-wa-kalamunda-railway-road,Medium,Usable,true,true,true,true,specsavers-au,
opsm-1007,OPSM,Australia,WA,High Street,corridor-au-wa-kalgoorlie-hannan-street,Medium,Usable,true,true,true,true,opsm-au,
specsavers-3493,Specsavers,Australia,WA,Shopping Centre,place-au-wa-kalgoorlie-woolworths-centre,High,Usable,true,true,true,true,specsavers-au,
specsavers-3231,Specsavers,Australia,WA,Shopping Centre,place-au-wa-waterford-village-green,High,Usable,true,true,true,true,specsavers-au,
opsm-1233,OPSM,Australia,WA,Shopping Centre,place-au-wa-karratha-city-plaza,Medium,Usable,true,true,true,true,opsm-au,
specsavers-3686,Specsavers,Australia,WA,Shopping Centre,place-au-wa-karratha-city-plaza,High,Usable,true,true,true,true,specsavers-au,
independent-other-optical-osm-au-node-11396192032,Independent / Other optical,Australia,WA,Shopping Centre,place-au-wa-karrinyup-shopping-centre,Medium,Usable,true,true,true,true,osm-opticians,
opsm-1370,OPSM,Australia,WA,Shopping Centre,place-au-wa-karrinyup-shopping-centre,Medium,Usable,true,true,true,true,opsm-au,
oscar-wylee-134,Oscar Wylee,Australia,WA,Shopping Centre,place-au-wa-karrinyup-shopping-centre,High,Usable,true,true,true,true,oscar-wylee-au,
specsavers-3436,Specsavers,Australia,WA,Shopping Centre,place-au-wa-karrinyup-shopping-centre,High,Usable,true,true,true,true,specsavers-au,
opsm-4636,OPSM,Australia,WA,Shopping Centre,place-au-wa-kwinana-marketplace,Medium,Usable,true,true,true,true,opsm-au,
specsavers-3615,Specsavers,Australia,WA,Shopping Centre,place-au-wa-kwinana-marketplace,High,Usable,true,true,true,true,specsavers-au,
specsavers-3676,Specsavers,Australia,WA,Shopping Centre,place-au-wa-lakelands-shopping-centre,High,Usable,true,true,true,true,specsavers-au,
opsm-1427,OPSM,Australia,WA,Shopping Centre,place-au-wa-maddington-centro-shopping-centre,Medium,Usable,true,true,true,true,opsm-au,
specsavers-3433,Specsavers,Australia,WA,Shopping Centre,place-au-wa-maddington-centro-shopping-centre,High,Usable,true,true,true,true,specsavers-au,
specsavers-3451,Specsavers,Australia,WA,Shopping Centre,place-au-wa-madeley-kingsway-city-shopping-centre,High,Usable,true,true,true,true,specsavers-au,
opsm-1517,OPSM,Australia,WA,High Street,corridor-au-wa-mandurah-guava-way,Medium,Usable,true,true,true,true,opsm-au,
opsm-1405,OPSM,Australia,WA,Shopping Centre,place-au-wa-mandurah-forum,High,Usable,true,true,true,true,opsm-au,
oscar-wylee-114,Oscar Wylee,Australia,WA,Shopping Centre,place-au-wa-mandurah-forum,High,Usable,true,true,true,true,oscar-wylee-au,
specsavers-3553,Specsavers,Australia,WA,Shopping Centre,place-au-wa-mandurah-forum,High,Usable,true,true,true,true,specsavers-au,
independent-other-optical-osm-au-node-4061035335,Independent / Other optical,Australia,WA,High Street,corridor-au-wa-manjimup-rose-street,Medium,Usable,true,true,true,true,osm-opticians,
specsavers-3227,Specsavers,Australia,WA,High Street,corridor-au-wa-manjimup-giblett-street,Medium,Usable,true,true,true,true,specsavers-au,
opsm-1115,OPSM,Australia,WA,High Street,corridor-au-wa-margaret-river-bussell-highway,Medium,Usable,true,true,true,true,opsm-au,
opsm-1281,OPSM,Australia,WA,Shopping Centre,place-au-wa-midland-gate-shopping-centre,Medium,Usable,true,true,true,true,opsm-au,
oscar-wylee-76,Oscar Wylee,Australia,WA,Shopping Centre,place-au-wa-midland-gate-shopping-centre,High,Usable,true,true,true,true,oscar-wylee-au,
specsavers-3238,Specsavers,Australia,WA,High Street,corridor-au-wa-midland-the-crescent,Medium,Usable,true,true,true,true,specsavers-au,
specsavers-3504,Specsavers,Australia,WA,Shopping Centre,place-au-wa-midland-gate-shopping-centre,High,Usable,true,true,true,true,specsavers-au,
opsm-2280,OPSM,Australia,WA,Shopping Centre,place-au-wa-mirrabooka-square-shopping-centre,Medium,Usable,true,true,true,true,opsm-au,
specsavers-3365,Specsavers,Australia,WA,Shopping Centre,place-au-wa-mirrabooka-square-shopping-centre,High,Usable,true,true,true,true,specsavers-au,
opsm-1198,OPSM,Australia,WA,Shopping Centre,place-au-wa-morley-galleria,High,Usable,true,true,true,true,opsm-au,
oscar-wylee-77,Oscar Wylee,Australia,WA,Shopping Centre,place-au-wa-galleria-shopping-centre,High,Usable,true,true,true,true,oscar-wylee-au,
specsavers-3554,Specsavers,Australia,WA,Shopping Centre,place-au-wa-morley-galleria-ground-floor,High,Usable,true,true,true,true,specsavers-au,
opsm-1425,OPSM,Australia,WA,High Street,corridor-au-wa-mount-hawthorn-scarborough-beach-road,Medium,Usable,true,true,true,true,opsm-au,
independent-other-optical-osm-au-node-11730741731,Independent / Other optical,Australia,WA,High Street,corridor-au-wa-north-fremantle-queen-victoria-street,Medium,Usable,true,true,true,true,osm-opticians,
opsm-1365,OPSM,Australia,WA,Shopping Centre,place-au-wa-northam-boulevard-shopping-centre,Medium,Usable,true,true,true,true,opsm-au,
specsavers-3617,Specsavers,Australia,WA,Shopping Centre,place-au-wa-northam-boulevard-shopping-centre,High,Usable,true,true,true,true,specsavers-au,
bailey-nelson-state-buildings-perth,Bailey Nelson,Australia,WA,High Street,corridor-au-wa-perth-george-s-terrace,Medium,Usable,true,true,true,true,bailey-nelson-au,
opsm-1082,OPSM,Australia,WA,High Street,corridor-au-wa-perth-hay-street,Medium,Usable,true,true,true,true,opsm-au,
specsavers-3239,Specsavers,Australia,WA,Shopping Centre,place-au-wa-cloisters-square,High,Usable,true,true,true,true,specsavers-au,
specsavers-3481,Specsavers,Australia,WA,Shopping Centre,place-au-wa-murray-st-mall,High,Usable,true,true,true,true,specsavers-au,
opsm-1369,OPSM,Australia,WA,Shopping Centre,place-au-wa-riverton-stockland,Medium,Usable,true,true,true,true,opsm-au,
specsavers-3443,Specsavers,Australia,WA,Shopping Centre,place-au-wa-riverton-stockland,High,Usable,true,true,true,true,specsavers-au,
opsm-1285,OPSM,Australia,WA,High Street,corridor-au-wa-rockingham-council-avenue,Medium,Usable,true,true,true,true,opsm-au,
oscar-wylee-112,Oscar Wylee,Australia,WA,Shopping Centre,place-au-wa-rockingham-centre,High,Usable,true,true,true,true,oscar-wylee-au,
specsavers-3228,Specsavers,Australia,WA,Shopping Centre,place-au-wa-rockingham-centre,High,Usable,true,true,true,true,specsavers-au,
opsm-2933,OPSM,Australia,WA,High Street,corridor-au-wa-secret-harbour-secret-harbour-boulevard,Medium,Usable,true,true,true,true,opsm-au,
opsm-1042,OPSM,Australia,WA,High Street,corridor-au-wa-south-hedland-throssel-road,Medium,Usable,true,true,true,true,opsm-au,
opsm-2354,OPSM,Australia,WA,High Street,corridor-au-wa-south-perth-angelo-street,Medium,Usable,true,true,true,true,opsm-au,
opsm-1426,OPSM,Australia,WA,High Street,corridor-au-wa-spearwood-rockingham-road,Medium,Usable,true,true,true,true,opsm-au,
specsavers-3464,Specsavers,Australia,WA,Shopping Centre,place-au-wa-phoenix-shopping-centre,High,Usable,true,true,true,true,specsavers-au,
opsm-1288,OPSM,Australia,WA,High Street,corridor-au-wa-subiaco-rokeby-road,Medium,Usable,true,true,true,true,opsm-au,
specsavers-3644,Specsavers,Australia,WA,High Street,corridor-au-wa-subiaco-rokeby-road,Medium,Usable,true,true,true,true,specsavers-au,
opsm-1424,OPSM,Australia,WA,High Street,corridor-au-wa-success-beeliar-drive,Medium,Usable,true,true,true,true,opsm-au,
specsavers-3434,Specsavers,Australia,WA,Shopping Centre,place-au-wa-cockburn-gateway-shopping-centre,High,Usable,true,true,true,true,specsavers-au,
specsavers-3234,Specsavers,Australia,WA,Shopping Centre,place-au-wa-victoria-park-central,High,Usable,true,true,true,true,specsavers-au,
opsm-2935,OPSM,Australia,WA,High Street,corridor-au-wa-wanneroo-wanneroo-road,Medium,Usable,true,true,true,true,opsm-au,
specsavers-3472,Specsavers,Australia,WA,Shopping Centre,place-au-wa-wanneroo-central,High,Usable,true,true,true,true,specsavers-au,
independent-other-optical-osm-au-node-12743733613,Independent / Other optical,Australia,WA,Shopping Centre,place-au-wa-warnbro-centre,Medium,Usable,true,true,true,true,osm-opticians,
opsm-1249,OPSM,Australia,WA,Shopping Centre,place-au-wa-warnbro-centre,Medium,Usable,true,true,true,true,opsm-au,
specsavers-3492,Specsavers,Australia,WA,Shopping Centre,place-au-wa-warnbro-centre,High,Usable,true,true,true,true,specsavers-au,
opsm-1077,OPSM,Australia,WA,High Street,corridor-au-wa-warwick-ernidale-road,Medium,Usable,true,true,true,true,opsm-au,
specsavers-3462,Specsavers,Australia,WA,Shopping Centre,place-au-wa-warwick-grove,High,Usable,true,true,true,true,specsavers-au,
specsavers-3395,Specsavers,Australia,WA,Shopping Centre,place-au-wa-homeco-southlands-boulevarde,High,Usable,true,true,true,true,specsavers-au,
specsavers-3229,Specsavers,Australia,WA,Shopping Centre,place-au-wa-winthrop-village-shopping-centre,High,Usable,true,true,true,true,specsavers-au,
specsavers-3435,Specsavers,Australia,WA,Shopping Centre,place-au-wa-dog-swamp-shopping-centre,High,Usable,true,true,true,true,specsavers-au,
independent-other-optical-osm-ne-node-1661647029,Independent / Other optical,New Zealand,Waikato,Uncertain,,Uncertain,Limited,false,true,false,false,osm-opticians,record lacks a meaningful public storefront address; location setting needs review
independent-other-optical-osm-ne-node-13334828574,Independent / Other optical,New Zealand,Waikato,Uncertain,,Uncertain,Limited,false,true,false,false,osm-opticians,record lacks a meaningful public storefront address; location setting needs review
independent-other-optical-osm-ne-node-13441761685,Independent / Other optical,New Zealand,Waikato,High Street,corridor-nz-waikato-waikato-duke-street,Medium,Limited,false,true,false,false,osm-opticians,record lacks a meaningful public storefront address
independent-other-optical-osm-ne-node-2879410946,Independent / Other optical,New Zealand,Waikato,Uncertain,,Uncertain,Limited,false,true,false,false,osm-opticians,record lacks a meaningful public storefront address; location setting needs review
independent-other-optical-osm-ne-node-2875412806,Independent / Other optical,New Zealand,Waikato,Uncertain,,Uncertain,Limited,false,true,false,false,osm-opticians,record lacks a meaningful public storefront address; location setting needs review
bailey-nelson-nz-optometrist-hamilton,Bailey Nelson,New Zealand,Waikato,Shopping Centre,place-nz-waikato-chartwell-shopping-centre,High,Usable,true,true,true,true,bailey-nelson-nz,
independent-other-optical-osm-ne-way-290610593,Independent / Other optical,New Zealand,Waikato,High Street,corridor-nz-waikato-frankton-lake-road,Medium,Usable,true,true,true,true,osm-opticians,
independent-other-optical-osm-ne-node-2520708371,Independent / Other optical,New Zealand,Waikato,High Street,corridor-nz-waikato-hamilton-barton-street,Medium,Limited,false,true,false,false,osm-opticians,record lacks a meaningful public storefront address
opsm-nz-1611,OPSM,New Zealand,Waikato,High Street,corridor-nz-waikato-hamilton-victoria-street,Medium,Usable,true,true,true,true,opsm-nz,
opsm-nz-1690,OPSM,New Zealand,Waikato,Shopping Centre,place-nz-waikato-chartwell-shopping-centre,High,Usable,true,true,true,true,opsm-nz,
opsm-nz-2956,OPSM,New Zealand,Waikato,High Street,corridor-nz-waikato-hamilton-wairere-drive,Medium,Usable,true,true,true,true,opsm-nz,
specsavers-nz-3813,Specsavers,New Zealand,Waikato,Shopping Centre,place-nz-waikato-chartwell-shopping-centre,High,Usable,true,true,true,true,specsavers-nz,
specsavers-nz-3857,Specsavers,New Zealand,Waikato,High Street,corridor-nz-waikato-hamilton-bryce-street,Medium,Usable,true,true,true,true,specsavers-nz,
specsavers-nz-3845,Specsavers,New Zealand,Waikato,Shopping Centre,place-nz-waikato-te-awa-at-the-base,High,Usable,true,true,true,true,specsavers-nz,
independent-other-optical-osm-ne-way-292671237,Independent / Other optical,New Zealand,Waikato,High Street,corridor-nz-waikato-hamilton-central-anglesea-street,Medium,Limited,false,true,false,false,osm-opticians,record lacks a meaningful public storefront address
independent-other-optical-osm-ne-node-2374693867,Independent / Other optical,New Zealand,Waikato,High Street,corridor-nz-waikato-hamilton-central-ward-street,Medium,Limited,false,true,false,false,osm-opticians,record lacks a meaningful public storefront address
independent-other-optical-osm-ne-way-233487397,Independent / Other optical,New Zealand,Waikato,High Street,corridor-nz-waikato-hamilton-central-anglesea-street,Medium,Limited,false,true,false,false,osm-opticians,record lacks a meaningful public storefront address
independent-other-optical-osm-ne-node-2421501216,Independent / Other optical,New Zealand,Waikato,High Street,corridor-nz-waikato-hamilton-east-grey-street,Medium,Usable,true,true,true,true,osm-opticians,
opsm-nz-2979,OPSM,New Zealand,Waikato,High Street,corridor-nz-waikato-taupo-te-heuheu-street,Medium,Usable,true,true,true,true,opsm-nz,
specsavers-nz-3859,Specsavers,New Zealand,Waikato,High Street,corridor-nz-waikato-taupo-horomatangi-street,Medium,Usable,true,true,true,true,specsavers-nz,
opsm-nz-1605,OPSM,New Zealand,Waikato,High Street,corridor-nz-waikato-thames-pollen-street,Medium,Usable,true,true,true,true,opsm-nz,
specsavers-nz-3869,Specsavers,New Zealand,Waikato,Shopping Centre,place-nz-waikato-goldfields-shopping-centre,High,Usable,true,true,true,true,specsavers-nz,
independent-other-optical-osm-ne-node-2245512927,Independent / Other optical,New Zealand,Wellington,Uncertain,,Uncertain,Limited,false,true,false,false,osm-opticians,record lacks a meaningful public storefront address; location setting needs review
independent-other-optical-osm-ne-node-6001914682,Independent / Other optical,New Zealand,Wellington,Uncertain,,Uncertain,Limited,false,true,false,false,osm-opticians,record lacks a meaningful public storefront address; location setting needs review
independent-other-optical-osm-ne-node-7290149264,Independent / Other optical,New Zealand,Wellington,Uncertain,,Uncertain,Limited,false,true,false,false,osm-opticians,record lacks a meaningful public storefront address; location setting needs review
independent-other-optical-osm-ne-node-6064972602,Independent / Other optical,New Zealand,Wellington,Uncertain,,Uncertain,Limited,false,true,false,false,osm-opticians,record lacks a meaningful public storefront address; location setting needs review
independent-other-optical-osm-ne-node-5903627913,Independent / Other optical,New Zealand,Wellington,Uncertain,,Uncertain,Limited,false,true,false,false,osm-opticians,record lacks a meaningful public storefront address; location setting needs review
independent-other-optical-osm-ne-node-2582063378,Independent / Other optical,New Zealand,Wellington,Uncertain,,Uncertain,Limited,false,true,false,false,osm-opticians,record lacks a meaningful public storefront address; location setting needs review
opsm-nz-1621,OPSM,New Zealand,Wellington,High Street,corridor-nz-wellington-central-wellington-hunter-street,Medium,Usable,true,true,true,true,opsm-nz,
bailey-nelson-nz-optometrist-queensgate,Bailey Nelson,New Zealand,Wellington,Shopping Centre,place-nz-wellington-queensgate-shopping-centre,High,Usable,true,true,true,true,bailey-nelson-nz,
opsm-nz-1645,OPSM,New Zealand,Wellington,High Street,corridor-nz-wellington-lower-hutt-bunny-street,Medium,Usable,true,true,true,true,opsm-nz,
oscar-wylee-nz-optometrist-queensgate,Oscar Wylee,New Zealand,Wellington,Shopping Centre,place-nz-wellington-queensgate-shopping-centre,High,Usable,true,true,true,true,oscar-wylee-nz,
independent-other-optical-osm-ne-node-3879084550,Independent / Other optical,New Zealand,Wellington,High Street,corridor-nz-wellington-masterton-queen-street,Medium,Usable,true,true,true,true,osm-opticians,
specsavers-nz-3861,Specsavers,New Zealand,Wellington,High Street,corridor-nz-wellington-masterton-queen-street-masterton,Medium,Usable,true,true,true,true,specsavers-nz,
opsm-nz-1679,OPSM,New Zealand,Wellington,Shopping Centre,place-nz-wellington-the-plaza,High,Usable,true,true,true,true,opsm-nz,
opsm-nz-1631,OPSM,New Zealand,Wellington,Shopping Centre,place-nz-wellington-coastlands-shoppingtown,Medium,Usable,true,true,true,true,opsm-nz,
specsavers-nz-3851,Specsavers,New Zealand,Wellington,Shopping Centre,place-nz-wellington-coastlands-shoppingtown,High,Usable,true,true,true,true,specsavers-nz,
opsm-nz-1681,OPSM,New Zealand,Wellington,High Street,corridor-nz-wellington-porirua-titahi-bay-road,Medium,Usable,true,true,true,true,opsm-nz,
specsavers-nz-3844,Specsavers,New Zealand,Wellington,Shopping Centre,place-nz-wellington-north-city-shopping-centre,High,Usable,true,true,true,true,specsavers-nz,
opsm-nz-1600,OPSM,New Zealand,Wellington,High Street,corridor-nz-wellington-south-wairarapa-district-queen-street,Medium,Usable,true,true,true,true,opsm-nz,
opsm-nz-1604,OPSM,New Zealand,Wellington,High Street,place-nz-wellington-cnr-cuba-mall-and-dixon-street,Medium,Usable,true,true,true,true,opsm-nz,
opsm-nz-1663,OPSM,New Zealand,Wellington,High Street,corridor-nz-wellington-upper-hutt-main-street,Medium,Usable,true,true,true,true,opsm-nz,
specsavers-nz-3867,Specsavers,New Zealand,Wellington,High Street,corridor-nz-wellington-upper-hutt-main-street,Medium,Usable,true,true,true,true,specsavers-nz,
independent-other-optical-osm-ne-way-336009843,Independent / Other optical,New Zealand,Wellington,High Street,corridor-nz-wellington-waikanae-te-moana-road,Medium,Usable,true,true,true,true,osm-opticians,
bailey-nelson-nz-optometrist-willis-street,Bailey Nelson,New Zealand,Wellington,High Street,corridor-nz-wellington-wellington-willis-street,Medium,Usable,true,true,true,true,bailey-nelson-nz,
oscar-wylee-nz-optometrist-wellington-central,Oscar Wylee,New Zealand,Wellington,High Street,corridor-nz-wellington-wellington-willis-street,Medium,Usable,true,true,true,true,oscar-wylee-nz,
specsavers-nz-3858,Specsavers,New Zealand,Wellington,High Street,place-nz-wellington-cnr-cuba-mall-and-dixon-street,High,Usable,true,true,true,true,specsavers-nz,
specsavers-nz-3855,Specsavers,New Zealand,Wellington,Shopping Centre,place-nz-wellington-johnsonville-shopping-centre,High,Usable,true,true,true,true,specsavers-nz,
specsavers-nz-3843,Specsavers,New Zealand,Wellington,High Street,corridor-nz-wellington-wellington-lambton-quay,Medium,Usable,true,true,true,true,specsavers-nz,
specsavers-nz-3803,Specsavers,New Zealand,Wellington,Shopping Centre,place-nz-wellington-queensgate-shopping-centre,High,Usable,true,true,true,true,specsavers-nz,
