{
  "type": "FeatureCollection",
  "metadata": {
    "source": "https://www.opsm.com.au/AjaxStoreLocatorSearch?storeId=10151&radius=5000&latitude=-25.2744&longitude=133.7751",
    "fetched_at": "2026-07-23T00:26:21+00:00",
    "country_filter": "AU",
    "store_count": 335
  },
  "features": [
    {
      "type": "Feature",
      "geometry": {
        "type": "Point",
        "coordinates": [
          149.06656,
          -35.23839
        ]
      },
      "properties": {
        "identifier": "OPSM Belconnen_1221",
        "sap_id": "1221",
        "name": "OPSM Belconnen",
        "address_1": "3 Benjamin Way",
        "address_2": "",
        "address_3": "",
        "city": "Belconnen",
        "state": "ACT",
        "postal_code": "2617",
        "country": "AU",
        "phone": "(02) 6251 4245",
        "fax": "(02) 6251 6886",
        "services": "Dry Eye, Collect & Return",
        "hours": "Mon: 09:00-17:30; Tue: 09:00-17:30; Wed: 09:00-17:30; Thu: 09:00-17:30; Fri: 09:00-21:00; Sat: 09:00-17:00; Sun: 10:00-16:00",
        "full_address": "3 Benjamin Way, Belconnen, ACT, 2617"
      }
    },
    {
      "type": "Feature",
      "geometry": {
        "type": "Point",
        "coordinates": [
          149.13431,
          -35.28001
        ]
      },
      "properties": {
        "identifier": "OPSM Canberra_1029",
        "sap_id": "1029",
        "name": "OPSM Canberra",
        "address_1": "Bunda St",
        "address_2": "",
        "address_3": "",
        "city": "Canberra",
        "state": "ACT",
        "postal_code": "2601",
        "country": "AU",
        "phone": "(02) 6249 7344",
        "fax": "(02) 6247 8597",
        "services": "Dry Eye, Collect & Return",
        "hours": "Mon: 08:30-17:30; Tue: 08:30-17:30; Wed: 08:30-17:30; Thu: 08:30-17:30; Fri: 08:30-21:00; Sat: 09:00-17:00; Sun: 10:00-16:00",
        "full_address": "Bunda St, Canberra, ACT, 2601"
      }
    },
    {
      "type": "Feature",
      "geometry": {
        "type": "Point",
        "coordinates": [
          149.1332,
          -35.18548
        ]
      },
      "properties": {
        "identifier": "OPSM Gungahlin_1121",
        "sap_id": "1121",
        "name": "OPSM Gungahlin",
        "address_1": "30 Hibbersen St",
        "address_2": "",
        "address_3": "",
        "city": "Gungahlin",
        "state": "ACT",
        "postal_code": "2912",
        "country": "AU",
        "phone": "(02) 6241 7933",
        "fax": "(02) 6255 4191",
        "services": "Audiology, Dry Eye, Collect & Return",
        "hours": "Mon: 09:00-17:30; Tue: 09:00-17:30; Wed: 09:00-17:30; Thu: 09:00-17:30; Fri: 09:00-21:00; Sat: 09:00-17:00; Sun: 10:00-16:00",
        "full_address": "30 Hibbersen St, Gungahlin, ACT, 2912"
      }
    },
    {
      "type": "Feature",
      "geometry": {
        "type": "Point",
        "coordinates": [
          149.06704,
          -35.41651
        ]
      },
      "properties": {
        "identifier": "OPSM Tuggeranong_1009",
        "sap_id": "1009",
        "name": "OPSM Tuggeranong",
        "address_1": "Cnr Pitman St &amp; Anketell St",
        "address_2": "",
        "address_3": "",
        "city": "Tuggeranong",
        "state": "ACT",
        "postal_code": "2900",
        "country": "AU",
        "phone": "(02) 6293 1133",
        "fax": "(02) 6293 1334",
        "services": "Collect & Return",
        "hours": "Mon: 09:00-17:30; Tue: 09:00-17:30; Wed: 09:00-17:30; Thu: 09:00-17:30; Fri: 09:00-19:00; Sat: 09:00-17:00; Sun: 10:00-16:00",
        "full_address": "Cnr Pitman St &amp; Anketell St, Tuggeranong, ACT, 2900"
      }
    },
    {
      "type": "Feature",
      "geometry": {
        "type": "Point",
        "coordinates": [
          149.05272,
          -35.34148
        ]
      },
      "properties": {
        "identifier": "OPSM Weston_2265",
        "sap_id": "2265",
        "name": "OPSM Weston",
        "address_1": "Brierly St",
        "address_2": "",
        "address_3": "",
        "city": "Weston Creek",
        "state": "ACT",
        "postal_code": "2611",
        "country": "AU",
        "phone": "(02) 6288 0599",
        "fax": "(02) 6288 0598",
        "services": "Collect & Return",
        "hours": "Mon: 09:00-17:30; Tue: 09:00-17:30; Wed: 09:00-17:30; Thu: 09:00-17:30; Fri: 09:00-19:00; Sat: 09:00-17:00; Sun: 10:00-16:00",
        "full_address": "Brierly St, Weston Creek, ACT, 2611"
      }
    },
    {
      "type": "Feature",
      "geometry": {
        "type": "Point",
        "coordinates": [
          149.0855,
          -35.34644
        ]
      },
      "properties": {
        "identifier": "OPSM Woden_1226",
        "sap_id": "1226",
        "name": "OPSM Woden",
        "address_1": "Keltie St",
        "address_2": "",
        "address_3": "",
        "city": "Woden Valley",
        "state": "ACT",
        "postal_code": "2606",
        "country": "AU",
        "phone": "(02) 6282 1043",
        "fax": "(02) 6282 3724",
        "services": "Dry Eye, Collect & Return",
        "hours": "Mon: 09:00-17:30; Tue: 09:00-17:30; Wed: 09:00-17:30; Thu: 09:00-17:30; Fri: 09:00-21:00; Sat: 09:00-17:00; Sun: 10:00-16:00",
        "full_address": "Keltie St, Woden Valley, ACT, 2606"
      }
    },
    {
      "type": "Feature",
      "geometry": {
        "type": "Point",
        "coordinates": [
          146.91603,
          -36.08091
        ]
      },
      "properties": {
        "identifier": "OPSM Albury_1017",
        "sap_id": "1017",
        "name": "OPSM Albury",
        "address_1": "569 Dean St",
        "address_2": "",
        "address_3": "",
        "city": "Albury",
        "state": "NSW",
        "postal_code": "2640",
        "country": "AU",
        "phone": "(02) 6021 3381",
        "fax": "(02) 6041 5310",
        "services": "Audiology, Dry Eye, Collect & Return",
        "hours": "Mon: 08:30-17:30; Tue: 08:30-17:30; Wed: 08:30-17:30; Thu: 08:30-17:30; Fri: 08:30-17:30; Sat: 08:30-16:00; Sun: closed",
        "full_address": "569 Dean St, Albury, NSW, 2640"
      }
    },
    {
      "type": "Feature",
      "geometry": {
        "type": "Point",
        "coordinates": [
          151.66266,
          -30.51218
        ]
      },
      "properties": {
        "identifier": "OPSM Armidale_1108",
        "sap_id": "1108",
        "name": "OPSM Armidale",
        "address_1": "Cnr Beardy &amp; Jessie St",
        "address_2": "",
        "address_3": "",
        "city": "Armidale",
        "state": "NSW",
        "postal_code": "2350",
        "country": "AU",
        "phone": "(02) 6772 3242",
        "fax": "(02) 6772 8301",
        "services": "Collect & Return",
        "hours": "Mon: 09:00-17:30; Tue: 09:00-17:30; Wed: 09:00-17:30; Thu: 09:00-17:30; Fri: 09:00-17:30; Sat: 09:00-16:00; Sun: closed",
        "full_address": "Cnr Beardy &amp; Jessie St, Armidale, NSW, 2350"
      }
    },
    {
      "type": "Feature",
      "geometry": {
        "type": "Point",
        "coordinates": [
          151.12414,
          -33.88953
        ]
      },
      "properties": {
        "identifier": "OPSM Ashfield_1175",
        "sap_id": "1175",
        "name": "OPSM Ashfield",
        "address_1": "260A Liverpool Rd",
        "address_2": "",
        "address_3": "",
        "city": "Ashfield",
        "state": "NSW",
        "postal_code": "2131",
        "country": "AU",
        "phone": "(02) 9798 0645",
        "fax": "(02) 9716 4813",
        "services": "Collect & Return",
        "hours": "Mon: 09:00-17:30; Tue: 09:00-17:30; Wed: 09:00-17:30; Thu: 09:00-19:00; Fri: 09:00-17:30; Sat: 09:00-16:00; Sun: 10:00-16:00",
        "full_address": "260A Liverpool Rd, Ashfield, NSW, 2131"
      }
    },
    {
      "type": "Feature",
      "geometry": {
        "type": "Point",
        "coordinates": [
          151.26431,
          -33.79323
        ]
      },
      "properties": {
        "identifier": "OPSM Balgowlah_2986",
        "sap_id": "2986",
        "name": "OPSM Balgowlah",
        "address_1": "197-215 Condamine St",
        "address_2": "",
        "address_3": "",
        "city": "Balgowlah",
        "state": "NSW",
        "postal_code": "2093",
        "country": "AU",
        "phone": "(02) 9949 5023",
        "fax": "(02) 9907 8263",
        "services": "Collect & Return",
        "hours": "Mon: 09:00-17:30; Tue: 09:00-17:30; Wed: 09:00-17:30; Thu: 09:00-18:00; Fri: 09:00-17:30; Sat: 09:00-17:00; Sun: 10:00-16:00",
        "full_address": "197-215 Condamine St, Balgowlah, NSW, 2093"
      }
    },
    {
      "type": "Feature",
      "geometry": {
        "type": "Point",
        "coordinates": [
          153.55944,
          -28.85811
        ]
      },
      "properties": {
        "identifier": "OPSM Ballina_1259",
        "sap_id": "1259",
        "name": "OPSM Ballina",
        "address_1": "Cnr Kerr St &amp; Fox St",
        "address_2": "",
        "address_3": "",
        "city": "Ballina",
        "state": "NSW",
        "postal_code": "2478",
        "country": "AU",
        "phone": "(02) 6686 5071",
        "fax": "(02) 6681 4032",
        "services": "Collect & Return",
        "hours": "Mon: 08:30-17:30; Tue: 08:30-17:30; Wed: 08:30-17:30; Thu: 08:30-20:00; Fri: 08:30-17:30; Sat: 08:30-16:00; Sun: 10:00-15:00",
        "full_address": "Cnr Kerr St &amp; Fox St, Ballina, NSW, 2478"
      }
    },
    {
      "type": "Feature",
      "geometry": {
        "type": "Point",
        "coordinates": [
          151.18176,
          -33.8578
        ]
      },
      "properties": {
        "identifier": "OPSM Balmain_2984",
        "sap_id": "2984",
        "name": "OPSM Balmain",
        "address_1": "270 Darling St",
        "address_2": "",
        "address_3": "",
        "city": "Balmain",
        "state": "NSW",
        "postal_code": "2041",
        "country": "AU",
        "phone": "(02) 9001 0514",
        "fax": "(02) 9059 5812",
        "services": "Collect & Return",
        "hours": "Mon: 09:00-17:30; Tue: 09:00-17:30; Wed: 09:00-17:30; Thu: 09:00-19:00; Fri: 09:00-17:30; Sat: 09:00-17:00; Sun: 10:00-17:00",
        "full_address": "270 Darling St, Balmain, NSW, 2041"
      }
    },
    {
      "type": "Feature",
      "geometry": {
        "type": "Point",
        "coordinates": [
          151.03819,
          -33.9163
        ]
      },
      "properties": {
        "identifier": "Opsm Bankstown_1178",
        "sap_id": "1178",
        "name": "Opsm Bankstown",
        "address_1": "Bankstown Central, Stacey Street",
        "address_2": "",
        "address_3": "",
        "city": "Bankstown",
        "state": "NSW",
        "postal_code": "2200",
        "country": "AU",
        "phone": "(02) 9709 2420",
        "fax": "(02) 9790 2316",
        "services": "Audiology, Dry Eye, Collect & Return",
        "hours": "Mon: 09:00-17:30; Tue: 09:00-17:30; Wed: 09:00-17:30; Thu: 09:00-21:00; Fri: 09:00-17:30; Sat: 09:00-17:00; Sun: 10:00-16:00",
        "full_address": "Bankstown Central, Stacey Street, Bankstown, NSW, 2200"
      }
    },
    {
      "type": "Feature",
      "geometry": {
        "type": "Point",
        "coordinates": [
          151.47296,
          -33.37342
        ]
      },
      "properties": {
        "identifier": "OPSM Bateau Bay_2990",
        "sap_id": "2990",
        "name": "OPSM Bateau Bay",
        "address_1": "The Entrance Rd",
        "address_2": "",
        "address_3": "",
        "city": "Bateau Bay",
        "state": "NSW",
        "postal_code": "2261",
        "country": "AU",
        "phone": "(02) 4333 4370",
        "fax": "(02) 4332 5024",
        "services": "Collect & Return",
        "hours": "Mon: 08:30-17:30; Tue: 08:30-17:30; Wed: 08:30-17:30; Thu: 08:30-18:00; Fri: 08:30-17:30; Sat: 09:00-16:00; Sun: 10:00-16:00",
        "full_address": "The Entrance Rd, Bateau Bay, NSW, 2261"
      }
    },
    {
      "type": "Feature",
      "geometry": {
        "type": "Point",
        "coordinates": [
          150.17782,
          -35.70684
        ]
      },
      "properties": {
        "identifier": "OPSM Batemans Bay_2995",
        "sap_id": "2995",
        "name": "OPSM Batemans Bay",
        "address_1": "Orient St",
        "address_2": "",
        "address_3": "",
        "city": "Batemans Bay",
        "state": "NSW",
        "postal_code": "2536",
        "country": "AU",
        "phone": "(02) 4472 7088",
        "fax": "(02) 4472 7398",
        "services": "Collect & Return",
        "hours": "Mon: 09:00-17:30; Tue: 09:00-17:30; Wed: 09:00-17:30; Thu: 09:00-17:30; Fri: 09:00-17:30; Sat: 09:00-17:30; Sun: closed",
        "full_address": "Orient St, Batemans Bay, NSW, 2536"
      }
    },
    {
      "type": "Feature",
      "geometry": {
        "type": "Point",
        "coordinates": [
          149.58267,
          -33.41777
        ]
      },
      "properties": {
        "identifier": "OPSM Bathurst_1020",
        "sap_id": "1020",
        "name": "OPSM Bathurst",
        "address_1": "121 Howick St",
        "address_2": "",
        "address_3": "",
        "city": "Bathurst",
        "state": "NSW",
        "postal_code": "2795",
        "country": "AU",
        "phone": "(02) 6331 4023",
        "fax": "(02) 6331 2132",
        "services": "Collect & Return",
        "hours": "Mon: 09:00-17:30; Tue: 09:00-17:30; Wed: 09:00-17:30; Thu: 09:00-20:00; Fri: 09:00-17:30; Sat: 09:00-17:30; Sun: 09:30-16:00",
        "full_address": "121 Howick St, Bathurst, NSW, 2795"
      }
    },
    {
      "type": "Feature",
      "geometry": {
        "type": "Point",
        "coordinates": [
          149.23459,
          -35.35179
        ]
      },
      "properties": {
        "identifier": "Jason Harley Bega by OPSM_2943",
        "sap_id": "2943",
        "name": "Jason Harley Bega by OPSM",
        "address_1": "1/209 Carp St",
        "address_2": "",
        "address_3": "",
        "city": "Bega",
        "state": "NSW",
        "postal_code": "2550",
        "country": "AU",
        "phone": "(02) 6492 5511",
        "fax": "(02) 6492 0061",
        "services": "Collect & Return",
        "hours": "Mon: 09:00-17:30; Tue: 09:00-17:30; Wed: 09:00-17:30; Thu: 09:00-17:30; Fri: 09:00-17:30; Sat: closed; Sun: closed",
        "full_address": "1/209 Carp St, Bega, NSW, 2550"
      }
    },
    {
      "type": "Feature",
      "geometry": {
        "type": "Point",
        "coordinates": [
          150.90623,
          -33.77046
        ]
      },
      "properties": {
        "identifier": "OPSM Blacktown_1462",
        "sap_id": "1462",
        "name": "OPSM Blacktown",
        "address_1": "17 Patrick St",
        "address_2": "",
        "address_3": "",
        "city": "Blacktown",
        "state": "NSW",
        "postal_code": "2148",
        "country": "AU",
        "phone": "(02) 9622 4400",
        "fax": "(02) 9622 7496",
        "services": "Collect & Return",
        "hours": "Mon: 09:00-17:30; Tue: 09:00-17:30; Wed: 09:00-17:30; Thu: 09:00-21:00; Fri: 09:00-17:30; Sat: 09:00-17:00; Sun: 10:00-17:00",
        "full_address": "17 Patrick St, Blacktown, NSW, 2148"
      }
    },
    {
      "type": "Feature",
      "geometry": {
        "type": "Point",
        "coordinates": [
          151.25231,
          -33.89151
        ]
      },
      "properties": {
        "identifier": "OPSM Bondi Junction_1103",
        "sap_id": "1103",
        "name": "OPSM Bondi Junction",
        "address_1": "251 Oxford St",
        "address_2": "",
        "address_3": "",
        "city": "Bondi Junction",
        "state": "NSW",
        "postal_code": "2022",
        "country": "AU",
        "phone": "(02) 9389 4044",
        "fax": "(02) 9389 4435",
        "services": "Dry Eye, Collect & Return",
        "hours": "Mon: 09:00-17:30; Tue: 09:00-17:30; Wed: 09:00-17:30; Thu: 09:00-20:00; Fri: 09:00-17:30; Sat: 09:00-17:00; Sun: 10:00-17:00",
        "full_address": "251 Oxford St, Bondi Junction, NSW, 2022"
      }
    },
    {
      "type": "Feature",
      "geometry": {
        "type": "Point",
        "coordinates": [
          150.41777,
          -34.48032
        ]
      },
      "properties": {
        "identifier": "OPSM Bowral_1658",
        "sap_id": "1658",
        "name": "OPSM Bowral",
        "address_1": "320 - 326 Bong Bong St",
        "address_2": "",
        "address_3": "",
        "city": "Bowral",
        "state": "NSW",
        "postal_code": "2576",
        "country": "AU",
        "phone": "(02) 4862 1190",
        "fax": "(02) 4862 2573",
        "services": "Collect & Return",
        "hours": "Mon: 09:00-17:30; Tue: 09:00-17:30; Wed: 09:00-17:30; Thu: 09:00-17:30; Fri: 09:00-17:30; Sat: 10:00-13:00; Sun: closed",
        "full_address": "320 - 326 Bong Bong St, Bowral, NSW, 2576"
      }
    },
    {
      "type": "Feature",
      "geometry": {
        "type": "Point",
        "coordinates": [
          141.46465,
          -31.95918
        ]
      },
      "properties": {
        "identifier": "OPSM Broken Hill_7062",
        "sap_id": "7062",
        "name": "OPSM Broken Hill",
        "address_1": "249 Argent Street",
        "address_2": "",
        "address_3": "",
        "city": "Broken Hill",
        "state": "NSW",
        "postal_code": "2880",
        "country": "AU",
        "phone": "(08) 8087 3202",
        "fax": "(08) 8088 3793",
        "services": "",
        "hours": "Mon: 09:00-17:30; Tue: 09:00-17:30; Wed: 09:00-17:30; Thu: 09:00-17:30; Fri: 09:00-17:30; Sat: 09:00-13:00; Sun: closed",
        "full_address": "249 Argent Street, Broken Hill, NSW, 2880"
      }
    },
    {
      "type": "Feature",
      "geometry": {
        "type": "Point",
        "coordinates": [
          151.26572,
          -33.76669
        ]
      },
      "properties": {
        "identifier": "OPSM Warringah Mall_1201",
        "sap_id": "1201",
        "name": "OPSM Warringah Mall",
        "address_1": "145 Old Pittwater Rd",
        "address_2": "",
        "address_3": "",
        "city": "Brookvale",
        "state": "NSW",
        "postal_code": "2100",
        "country": "AU",
        "phone": "(02) 9905 2666",
        "fax": "(02) 9905 6008",
        "services": "Dry Eye, Collect & Return",
        "hours": "Mon: 09:00-17:30; Tue: 09:00-17:30; Wed: 09:00-17:30; Thu: 09:00-21:00; Fri: 09:00-17:30; Sat: 09:00-17:00; Sun: 10:00-17:00",
        "full_address": "145 Old Pittwater Rd, Brookvale, NSW, 2100"
      }
    },
    {
      "type": "Feature",
      "geometry": {
        "type": "Point",
        "coordinates": [
          151.10507,
          -33.8748
        ]
      },
      "properties": {
        "identifier": "OPSM Burwood_2216",
        "sap_id": "2216",
        "name": "OPSM Burwood",
        "address_1": "Burwood Rd",
        "address_2": "",
        "address_3": "",
        "city": "Burwood",
        "state": "NSW",
        "postal_code": "2134",
        "country": "AU",
        "phone": "(02) 9747 3925",
        "fax": "(02) 9744 1358",
        "services": "Collect & Return",
        "hours": "Mon: 09:30-18:00; Tue: 09:30-18:00; Wed: 09:30-18:00; Thu: 09:30-21:00; Fri: 09:30-18:00; Sat: 09:00-18:00; Sun: 10:00-18:00",
        "full_address": "Burwood Rd, Burwood, NSW, 2134"
      }
    },
    {
      "type": "Feature",
      "geometry": {
        "type": "Point",
        "coordinates": [
          153.61203,
          -28.64371
        ]
      },
      "properties": {
        "identifier": "OPSM Byron Bay_2992",
        "sap_id": "2992",
        "name": "OPSM Byron Bay",
        "address_1": "56 Jonson St",
        "address_2": "",
        "address_3": "",
        "city": "Byron Bay",
        "state": "NSW",
        "postal_code": "2481",
        "country": "AU",
        "phone": "(02) 8840 3720",
        "fax": "(02) 8840 3722",
        "services": "Collect & Return",
        "hours": "Mon: 09:00-17:30; Tue: 09:00-17:30; Wed: 09:00-17:30; Thu: 09:00-17:30; Fri: 09:00-17:30; Sat: 09:00-16:00; Sun: 10:00-16:00",
        "full_address": "56 Jonson St, Byron Bay, NSW, 2481"
      }
    },
    {
      "type": "Feature",
      "geometry": {
        "type": "Point",
        "coordinates": [
          150.79812,
          -34.0773
        ]
      },
      "properties": {
        "identifier": "OPSM Macarthur Square_1192",
        "sap_id": "1192",
        "name": "OPSM Macarthur Square",
        "address_1": "200 Gilchrist Dr",
        "address_2": "",
        "address_3": "",
        "city": "Campbelltown",
        "state": "NSW",
        "postal_code": "2560",
        "country": "AU",
        "phone": "(02) 4625 2773",
        "fax": "(02) 4625 5330",
        "services": "Collect & Return",
        "hours": "Mon: 09:00-17:30; Tue: 09:00-17:30; Wed: 09:00-17:30; Thu: 09:00-21:00; Fri: 09:00-17:30; Sat: 09:00-17:00; Sun: 10:00-17:00",
        "full_address": "200 Gilchrist Dr, Campbelltown, NSW, 2560"
      }
    },
    {
      "type": "Feature",
      "geometry": {
        "type": "Point",
        "coordinates": [
          151.00542,
          -33.73048
        ]
      },
      "properties": {
        "identifier": "OPSM Castle Towers_1321",
        "sap_id": "1321",
        "name": "OPSM Castle Towers",
        "address_1": "341 CASTLE TOWERS SHOPPING CENTRE",
        "address_2": "",
        "address_3": "",
        "city": "Castle Hill",
        "state": "NSW",
        "postal_code": "2154",
        "country": "AU",
        "phone": "(02) 9634 6157",
        "fax": "(02) 9899 2234",
        "services": "Dry Eye, Kids Vision Centre, Return",
        "hours": "Mon: 09:00-17:30; Tue: 09:00-17:30; Wed: 09:00-17:30; Thu: 09:00-21:00; Fri: 09:00-17:30; Sat: 08:30-17:00; Sun: 09:00-17:00",
        "full_address": "341 CASTLE TOWERS SHOPPING CENTRE, Castle Hill, NSW, 2154"
      }
    },
    {
      "type": "Feature",
      "geometry": {
        "type": "Point",
        "coordinates": [
          151.69361,
          -32.96465
        ]
      },
      "properties": {
        "identifier": "OPSM Charlestown_1219",
        "sap_id": "1219",
        "name": "OPSM Charlestown",
        "address_1": "Pearson St",
        "address_2": "",
        "address_3": "",
        "city": "Charlestown",
        "state": "NSW",
        "postal_code": "2290",
        "country": "AU",
        "phone": "(02) 4943 9066",
        "fax": "(02) 4942 1708",
        "services": "Dry Eye, Collect & Return",
        "hours": "Mon: 08:30-17:30; Tue: 08:30-17:30; Wed: 08:30-17:30; Thu: 08:30-21:00; Fri: 08:30-17:30; Sat: 08:30-17:00; Sun: 10:00-16:00",
        "full_address": "Pearson St, Charlestown, NSW, 2290"
      }
    },
    {
      "type": "Feature",
      "geometry": {
        "type": "Point",
        "coordinates": [
          151.18381,
          -33.79671
        ]
      },
      "properties": {
        "identifier": "OPSM Chatswood Westfield_1460",
        "sap_id": "1460",
        "name": "OPSM Chatswood Westfield",
        "address_1": "1 Anderson St",
        "address_2": "",
        "address_3": "",
        "city": "Chatswood",
        "state": "NSW",
        "postal_code": "2067",
        "country": "AU",
        "phone": "(02) 9413 2055",
        "fax": "(02) 9413 2118",
        "services": "Dry Eye, Kids Vision Centre, Collect & Return",
        "hours": "Mon: 09:30-18:00; Tue: 09:30-18:00; Wed: 09:30-18:00; Thu: 09:30-21:00; Fri: 09:30-18:00; Sat: 09:00-18:00; Sun: 10:00-18:00",
        "full_address": "1 Anderson St, Chatswood, NSW, 2067"
      }
    },
    {
      "type": "Feature",
      "geometry": {
        "type": "Point",
        "coordinates": [
          151.04392,
          -33.7207
        ]
      },
      "properties": {
        "identifier": "OPSM Cherrybrook_1086",
        "sap_id": "1086",
        "name": "OPSM Cherrybrook",
        "address_1": "41 - 47 Shepherds Dr",
        "address_2": "",
        "address_3": "",
        "city": "Cherrybrook",
        "state": "NSW",
        "postal_code": "2126",
        "country": "AU",
        "phone": "(02) 9481 4287",
        "fax": "(02) 9481 4298",
        "services": "Dry Eye, Kids Vision Centre, Collect & Return",
        "hours": "Mon: 09:00-17:30; Tue: 09:00-17:30; Wed: 09:00-17:30; Thu: 09:00-20:00; Fri: 09:00-17:30; Sat: 09:00-17:00; Sun: 10:00-16:00",
        "full_address": "41 - 47 Shepherds Dr, Cherrybrook, NSW, 2126"
      }
    },
    {
      "type": "Feature",
      "geometry": {
        "type": "Point",
        "coordinates": [
          153.13172,
          -30.2828
        ]
      },
      "properties": {
        "identifier": "OPSM Coffs Harbour_1229",
        "sap_id": "1229",
        "name": "OPSM Coffs Harbour",
        "address_1": "253 Pacific Hwy",
        "address_2": "",
        "address_3": "",
        "city": "Coffs Harbour",
        "state": "NSW",
        "postal_code": "2450",
        "country": "AU",
        "phone": "(02) 6652 3893",
        "fax": "(02) 6651 3002",
        "services": "Collect & Return",
        "hours": "Mon: 09:00-17:30; Tue: 09:00-17:30; Wed: 09:00-17:30; Thu: 09:00-19:00; Fri: 09:00-17:30; Sat: 09:00-17:00; Sun: closed",
        "full_address": "253 Pacific Hwy, Coffs Harbour, NSW, 2450"
      }
    },
    {
      "type": "Feature",
      "geometry": {
        "type": "Point",
        "coordinates": [
          151.20054,
          -33.82462
        ]
      },
      "properties": {
        "identifier": "OPSM Crows Nest_1439",
        "sap_id": "1439",
        "name": "OPSM Crows Nest",
        "address_1": "106 Willoughby Rd",
        "address_2": "",
        "address_3": "",
        "city": "Crows Nest",
        "state": "NSW",
        "postal_code": "2065",
        "country": "AU",
        "phone": "(02) 9438 2100",
        "fax": "(02) 9436 3024",
        "services": "Collect & Return",
        "hours": "Mon: 09:00-17:30; Tue: 09:00-17:30; Wed: 09:00-17:30; Thu: 09:00-18:00; Fri: 09:00-17:30; Sat: 09:00-17:00; Sun: 10:00-16:00",
        "full_address": "106 Willoughby Rd, Crows Nest, NSW, 2065"
      }
    },
    {
      "type": "Feature",
      "geometry": {
        "type": "Point",
        "coordinates": [
          150.79449,
          -34.49482
        ]
      },
      "properties": {
        "identifier": "OPSM Dapto_1133",
        "sap_id": "1133",
        "name": "OPSM Dapto",
        "address_1": "Cnr Princes Hwy &amp; Moombara St",
        "address_2": "",
        "address_3": "",
        "city": "Dapto",
        "state": "NSW",
        "postal_code": "2530",
        "country": "AU",
        "phone": "(02) 4261 5550",
        "fax": "(02) 4262 2017",
        "services": "Collect & Return",
        "hours": "Mon: 09:00-17:30; Tue: 09:00-17:30; Wed: 09:00-17:30; Thu: 09:00-19:00; Fri: 09:00-17:30; Sat: 09:00-16:00; Sun: 10:00-16:00",
        "full_address": "Cnr Princes Hwy &amp; Moombara St, Dapto, NSW, 2530"
      }
    },
    {
      "type": "Feature",
      "geometry": {
        "type": "Point",
        "coordinates": [
          151.28482,
          -33.75462
        ]
      },
      "properties": {
        "identifier": "OPSM Dee Why_1205",
        "sap_id": "1205",
        "name": "OPSM Dee Why",
        "address_1": "15-19 Pacific Pde",
        "address_2": "",
        "address_3": "",
        "city": "Dee Why",
        "state": "NSW",
        "postal_code": "2099",
        "country": "AU",
        "phone": "(02) 9981 2442",
        "fax": "(02) 9982 8315",
        "services": "Collect & Return",
        "hours": "Mon: 09:00-17:30; Tue: 09:00-17:30; Wed: 09:00-17:30; Thu: 09:00-17:30; Fri: 09:00-17:30; Sat: 09:00-17:00; Sun: 10:00-16:00",
        "full_address": "15-19 Pacific Pde, Dee Why, NSW, 2099"
      }
    },
    {
      "type": "Feature",
      "geometry": {
        "type": "Point",
        "coordinates": [
          148.60056,
          -32.25026
        ]
      },
      "properties": {
        "identifier": "OPSM Dubbo_1227",
        "sap_id": "1227",
        "name": "OPSM Dubbo",
        "address_1": "177 Macquarie St",
        "address_2": "",
        "address_3": "",
        "city": "Dubbo",
        "state": "NSW",
        "postal_code": "2830",
        "country": "AU",
        "phone": "(02) 6882 4710",
        "fax": "(02) 6884 0102",
        "services": "Collect & Return",
        "hours": "Mon: 09:00-17:30; Tue: 09:00-17:30; Wed: 09:00-17:30; Thu: 09:00-19:00; Fri: 09:00-17:30; Sat: 09:00-16:00; Sun: 10:00-16:00",
        "full_address": "177 Macquarie St, Dubbo, NSW, 2830"
      }
    },
    {
      "type": "Feature",
      "geometry": {
        "type": "Point",
        "coordinates": [
          151.59151,
          -32.76187
        ]
      },
      "properties": {
        "identifier": "OPSM Green Hills_1403",
        "sap_id": "1403",
        "name": "OPSM Green Hills",
        "address_1": "1 Molly Morgan Dr",
        "address_2": "",
        "address_3": "",
        "city": "East Maitland",
        "state": "NSW",
        "postal_code": "2323",
        "country": "AU",
        "phone": "(02) 83213480",
        "fax": "(02) 8321 3481",
        "services": "Collect & Return",
        "hours": "Mon: 09:00-17:30; Tue: 09:00-17:30; Wed: 09:00-17:30; Thu: 09:00-21:00; Fri: 09:00-17:30; Sat: 09:00-17:00; Sun: 10:00-16:00",
        "full_address": "1 Molly Morgan Dr, East Maitland, NSW, 2323"
      }
    },
    {
      "type": "Feature",
      "geometry": {
        "type": "Point",
        "coordinates": [
          151.39395,
          -33.43802
        ]
      },
      "properties": {
        "identifier": "OPSM Erina_1416",
        "sap_id": "1416",
        "name": "OPSM Erina",
        "address_1": "Terrigal Dr",
        "address_2": "",
        "address_3": "",
        "city": "Erina",
        "state": "NSW",
        "postal_code": "2250",
        "country": "AU",
        "phone": "(02) 4365 1024",
        "fax": "(02) 4365 2907",
        "services": "Dry Eye, Collect & Return",
        "hours": "Mon: 08:30-17:30; Tue: 08:30-17:30; Wed: 08:30-17:30; Thu: 08:30-20:00; Fri: 08:30-17:30; Sat: 09:00-17:00; Sun: 10:00-16:00",
        "full_address": "Terrigal Dr, Erina, NSW, 2250"
      }
    },
    {
      "type": "Feature",
      "geometry": {
        "type": "Point",
        "coordinates": [
          152.52014,
          -32.19959
        ]
      },
      "properties": {
        "identifier": "OPSM Forster_1350",
        "sap_id": "1350",
        "name": "OPSM Forster",
        "address_1": "Breese Pde",
        "address_2": "",
        "address_3": "",
        "city": "Forster",
        "state": "NSW",
        "postal_code": "2428",
        "country": "AU",
        "phone": "(02) 6555 7254",
        "fax": "(02) 6555 7258",
        "services": "Collect & Return",
        "hours": "Mon: 09:00-17:30; Tue: 09:00-17:30; Wed: 09:00-17:30; Thu: 09:00-17:30; Fri: 09:00-17:30; Sat: 09:00-16:00; Sun: closed",
        "full_address": "Breese Pde, Forster, NSW, 2428"
      }
    },
    {
      "type": "Feature",
      "geometry": {
        "type": "Point",
        "coordinates": [
          151.22431,
          -33.75016
        ]
      },
      "properties": {
        "identifier": "OPSM Forestway_1473",
        "sap_id": "1473",
        "name": "OPSM Forestway",
        "address_1": "20 Forest Way",
        "address_2": "",
        "address_3": "",
        "city": "Frenchs Forest",
        "state": "NSW",
        "postal_code": "2086",
        "country": "AU",
        "phone": "(02) 9452 1555",
        "fax": "(02) 9975 2793",
        "services": "Collect & Return",
        "hours": "Mon: 09:00-17:30; Tue: 09:00-17:30; Wed: 09:00-17:30; Thu: 09:00-17:30; Fri: 09:00-17:30; Sat: 09:00-17:00; Sun: closed",
        "full_address": "20 Forest Way, Frenchs Forest, NSW, 2086"
      }
    },
    {
      "type": "Feature",
      "geometry": {
        "type": "Point",
        "coordinates": [
          151.15273,
          -33.75507
        ]
      },
      "properties": {
        "identifier": "OPSM Gordon_1113",
        "sap_id": "1113",
        "name": "OPSM Gordon",
        "address_1": "767 Pacific Hwy",
        "address_2": "",
        "address_3": "",
        "city": "Gordon",
        "state": "NSW",
        "postal_code": "2072",
        "country": "AU",
        "phone": "(02) 9498 6031",
        "fax": "(02) 9498 6919",
        "services": "Collect & Return",
        "hours": "Mon: 09:00-17:30; Tue: 09:00-17:30; Wed: 09:00-17:30; Thu: 09:00-17:30; Fri: 09:00-17:30; Sat: 09:00-13:00; Sun: closed",
        "full_address": "767 Pacific Hwy, Gordon, NSW, 2072"
      }
    },
    {
      "type": "Feature",
      "geometry": {
        "type": "Point",
        "coordinates": [
          149.72049,
          -34.75267
        ]
      },
      "properties": {
        "identifier": "OPSM Goulburn_1016",
        "sap_id": "1016",
        "name": "OPSM Goulburn",
        "address_1": "217 Auburn St",
        "address_2": "",
        "address_3": "",
        "city": "Goulburn",
        "state": "NSW",
        "postal_code": "2580",
        "country": "AU",
        "phone": "(02) 4821 1074",
        "fax": "(02) 4821 6765",
        "services": "Collect & Return",
        "hours": "Mon: 09:00-17:30; Tue: 09:00-17:30; Wed: 09:00-17:30; Thu: 09:00-17:30; Fri: 09:00-17:30; Sat: 09:00-13:00; Sun: closed",
        "full_address": "217 Auburn St, Goulburn, NSW, 2580"
      }
    },
    {
      "type": "Feature",
      "geometry": {
        "type": "Point",
        "coordinates": [
          146.0452,
          -34.28805
        ]
      },
      "properties": {
        "identifier": "OPSM Griffith_1550",
        "sap_id": "1550",
        "name": "OPSM Griffith",
        "address_1": "314 Banna Ave",
        "address_2": "",
        "address_3": "",
        "city": "Griffith",
        "state": "NSW",
        "postal_code": "2680",
        "country": "AU",
        "phone": "(02) 6962 2198",
        "fax": "(02) 6962 2122",
        "services": "Collect & Return",
        "hours": "Mon: 08:30-17:30; Tue: 08:30-17:30; Wed: 08:30-17:30; Thu: 08:30-17:30; Fri: 08:30-17:30; Sat: 08:30-13:00; Sun: closed",
        "full_address": "314 Banna Ave, Griffith, NSW, 2680"
      }
    },
    {
      "type": "Feature",
      "geometry": {
        "type": "Point",
        "coordinates": [
          151.0999,
          -33.70429
        ]
      },
      "properties": {
        "identifier": "OPSM Hornsby_1102",
        "sap_id": "1102",
        "name": "OPSM Hornsby",
        "address_1": "236 Pacific Hwy",
        "address_2": "",
        "address_3": "",
        "city": "Hornsby",
        "state": "NSW",
        "postal_code": "2077",
        "country": "AU",
        "phone": "(02) 9477 3439",
        "fax": "(02) 9476 4447",
        "services": "Collect & Return",
        "hours": "Mon: 09:00-17:30; Tue: 09:00-17:30; Wed: 09:00-17:30; Thu: 09:00-21:00; Fri: 09:00-17:30; Sat: 09:00-17:00; Sun: 10:00-17:00",
        "full_address": "236 Pacific Hwy, Hornsby, NSW, 2077"
      }
    },
    {
      "type": "Feature",
      "geometry": {
        "type": "Point",
        "coordinates": [
          151.10515,
          -33.96595
        ]
      },
      "properties": {
        "identifier": "OPSM Hurstville_2217",
        "sap_id": "2217",
        "name": "OPSM Hurstville",
        "address_1": "Cnr Cross St &amp; Park Rd",
        "address_2": "",
        "address_3": "",
        "city": "Hurstville",
        "state": "NSW",
        "postal_code": "2220",
        "country": "AU",
        "phone": "(02) 9579 5955",
        "fax": "(08) 8232 6541",
        "services": "Dry Eye, Collect & Return",
        "hours": "Mon: 09:30-18:00; Tue: 09:30-18:00; Wed: 09:30-18:00; Thu: 09:30-21:00; Fri: 09:30-18:00; Sat: 09:30-18:00; Sun: 10:00-18:00",
        "full_address": "Cnr Cross St &amp; Park Rd, Hurstville, NSW, 2220"
      }
    },
    {
      "type": "Feature",
      "geometry": {
        "type": "Point",
        "coordinates": [
          151.6901,
          -32.9024
        ]
      },
      "properties": {
        "identifier": "OPSM Jesmond_4719",
        "sap_id": "4719",
        "name": "OPSM Jesmond",
        "address_1": "28 Blue Gum Rd",
        "address_2": "",
        "address_3": "",
        "city": "Jesmond",
        "state": "NSW",
        "postal_code": "2299",
        "country": "AU",
        "phone": "(02) 4951 7488",
        "fax": "(02) 4950 1884",
        "services": "",
        "hours": "Mon: 09:00-17:30; Tue: 09:00-17:30; Wed: 09:00-17:30; Thu: 09:00-18:00; Fri: 09:00-17:30; Sat: 09:00-16:00; Sun: closed",
        "full_address": "28 Blue Gum Rd, Jesmond, NSW, 2299"
      }
    },
    {
      "type": "Feature",
      "geometry": {
        "type": "Point",
        "coordinates": [
          150.31107,
          -33.71558
        ]
      },
      "properties": {
        "identifier": "OPSM Katoomba_1279",
        "sap_id": "1279",
        "name": "OPSM Katoomba",
        "address_1": "Katoomba St",
        "address_2": "",
        "address_3": "",
        "city": "Katoomba",
        "state": "NSW",
        "postal_code": "2780",
        "country": "AU",
        "phone": "(02) 4782 2525",
        "fax": "(02) 4782 4995",
        "services": "Collect & Return",
        "hours": "Mon: 09:00-17:30; Tue: 09:00-17:30; Wed: 09:00-17:30; Thu: 09:00-17:30; Fri: 09:00-17:30; Sat: 09:00-14:00; Sun: closed",
        "full_address": "Katoomba St, Katoomba, NSW, 2780"
      }
    },
    {
      "type": "Feature",
      "geometry": {
        "type": "Point",
        "coordinates": [
          152.84123,
          -31.08043
        ]
      },
      "properties": {
        "identifier": "OPSM Kempsey_2218",
        "sap_id": "2218",
        "name": "OPSM Kempsey",
        "address_1": "1A Belgrave St",
        "address_2": "",
        "address_3": "",
        "city": "Kempsey",
        "state": "NSW",
        "postal_code": "2440",
        "country": "AU",
        "phone": "(02) 6562 5886",
        "fax": "(02) 6562 5887",
        "services": "Collect & Return",
        "hours": "Mon: 09:00-17:00; Tue: 09:00-17:00; Wed: 09:00-17:00; Thu: 09:00-17:00; Fri: 09:00-17:00; Sat: closed; Sun: closed",
        "full_address": "1A Belgrave St, Kempsey, NSW, 2440"
      }
    },
    {
      "type": "Feature",
      "geometry": {
        "type": "Point",
        "coordinates": [
          151.7113,
          -32.94249
        ]
      },
      "properties": {
        "identifier": "OPSM Kotara_1396",
        "sap_id": "1396",
        "name": "OPSM Kotara",
        "address_1": "Cnr Northcott Dr &amp; Park Ave",
        "address_2": "",
        "address_3": "",
        "city": "Kotara",
        "state": "NSW",
        "postal_code": "2289",
        "country": "AU",
        "phone": "(02) 4956 1544",
        "fax": "(02) 4956 1728",
        "services": "Collect & Return",
        "hours": "Mon: 09:00-17:30; Tue: 09:00-17:30; Wed: 09:00-17:30; Thu: 09:00-21:00; Fri: 09:00-17:30; Sat: 09:00-17:00; Sun: 10:00-16:00",
        "full_address": "Cnr Northcott Dr &amp; Park Ave, Kotara, NSW, 2289"
      }
    },
    {
      "type": "Feature",
      "geometry": {
        "type": "Point",
        "coordinates": [
          151.50465,
          -33.24173
        ]
      },
      "properties": {
        "identifier": "OPSM Lake Haven_1320",
        "sap_id": "1320",
        "name": "OPSM Lake Haven",
        "address_1": "92 Lake Haven Dr",
        "address_2": "",
        "address_3": "",
        "city": "Lake Haven",
        "state": "NSW",
        "postal_code": "2263",
        "country": "AU",
        "phone": "(02) 4393 2904",
        "fax": "(02) 4393 2906",
        "services": "Collect & Return",
        "hours": "Mon: 09:00-17:30; Tue: 09:00-17:30; Wed: 09:00-17:30; Thu: 09:00-21:00; Fri: 09:00-17:30; Sat: 09:00-17:00; Sun: 10:00-16:00",
        "full_address": "92 Lake Haven Dr, Lake Haven, NSW, 2263"
      }
    },
    {
      "type": "Feature",
      "geometry": {
        "type": "Point",
        "coordinates": [
          152.79572,
          -31.65243
        ]
      },
      "properties": {
        "identifier": "OPSM Laurieton_2295",
        "sap_id": "2295",
        "name": "OPSM Laurieton",
        "address_1": "8/16 Laurie St",
        "address_2": "",
        "address_3": "",
        "city": "Laurieton",
        "state": "NSW",
        "postal_code": "2443",
        "country": "AU",
        "phone": "(02) 6559 9007",
        "fax": "(02) 6559 5216",
        "services": "Collect & Return",
        "hours": "Mon: 09:00-17:00; Tue: 09:00-17:00; Wed: 09:00-17:00; Thu: 09:00-17:00; Fri: 09:00-17:00; Sat: closed; Sun: closed",
        "full_address": "8/16 Laurie St, Laurieton, NSW, 2443"
      }
    },
    {
      "type": "Feature",
      "geometry": {
        "type": "Point",
        "coordinates": [
          146.93501,
          -36.04846
        ]
      },
      "properties": {
        "identifier": "OPSM Lavington_1243",
        "sap_id": "1243",
        "name": "OPSM Lavington",
        "address_1": "351 Griffith Rd",
        "address_2": "",
        "address_3": "",
        "city": "Lavington",
        "state": "NSW",
        "postal_code": "2641",
        "country": "AU",
        "phone": "(02) 6040 6077",
        "fax": "(02) 6040 6054",
        "services": "Collect & Return",
        "hours": "Mon: 09:00-17:30; Tue: 09:00-17:30; Wed: 09:00-17:30; Thu: 09:00-19:00; Fri: 09:00-17:30; Sat: 09:00-16:00; Sun: closed",
        "full_address": "351 Griffith Rd, Lavington, NSW, 2641"
      }
    },
    {
      "type": "Feature",
      "geometry": {
        "type": "Point",
        "coordinates": [
          151.14919,
          -33.88495
        ]
      },
      "properties": {
        "identifier": "OPSM Leichhardt_1179",
        "sap_id": "1179",
        "name": "OPSM Leichhardt",
        "address_1": "Cnr Marion St &amp; Flood St",
        "address_2": "",
        "address_3": "",
        "city": "Leichhardt",
        "state": "NSW",
        "postal_code": "2040",
        "country": "AU",
        "phone": "(02) 9569 4289",
        "fax": "(02) 9564 2662",
        "services": "Collect & Return",
        "hours": "Mon: 09:00-17:30; Tue: 09:00-17:30; Wed: 09:00-17:30; Thu: 09:00-20:30; Fri: 09:00-17:30; Sat: 09:00-17:00; Sun: 10:00-16:00",
        "full_address": "Cnr Marion St &amp; Flood St, Leichhardt, NSW, 2040"
      }
    },
    {
      "type": "Feature",
      "geometry": {
        "type": "Point",
        "coordinates": [
          153.28656,
          -28.8105
        ]
      },
      "properties": {
        "identifier": "OPSM Lismore_1210",
        "sap_id": "1210",
        "name": "OPSM Lismore",
        "address_1": "Cnr Brewster St &amp; Uralba St",
        "address_2": "",
        "address_3": "",
        "city": "Lismore",
        "state": "NSW",
        "postal_code": "2480",
        "country": "AU",
        "phone": "(02) 6621 2095",
        "fax": "(02) 6621 2168",
        "services": "Collect & Return",
        "hours": "Mon: 09:00-17:30; Tue: 09:00-17:30; Wed: 09:00-17:30; Thu: 09:00-20:00; Fri: 09:00-17:30; Sat: 09:00-16:00; Sun: 09:00-16:00",
        "full_address": "Cnr Brewster St &amp; Uralba St, Lismore, NSW, 2480"
      }
    },
    {
      "type": "Feature",
      "geometry": {
        "type": "Point",
        "coordinates": [
          150.92359,
          -33.91883
        ]
      },
      "properties": {
        "identifier": "OPSM Liverpool_1106",
        "sap_id": "1106",
        "name": "OPSM Liverpool",
        "address_1": "Macquarie St",
        "address_2": "",
        "address_3": "",
        "city": "Liverpool",
        "state": "NSW",
        "postal_code": "2170",
        "country": "AU",
        "phone": "(02) 9602 3105",
        "fax": "(02) 9822 4905",
        "services": "Collect & Return",
        "hours": "Mon: 09:00-17:30; Tue: 09:00-17:30; Wed: 09:00-17:30; Thu: 09:00-21:00; Fri: 09:00-17:30; Sat: 09:00-17:00; Sun: 10:00-17:00",
        "full_address": "Macquarie St, Liverpool, NSW, 2170"
      }
    },
    {
      "type": "Feature",
      "geometry": {
        "type": "Point",
        "coordinates": [
          151.55492,
          -32.73188
        ]
      },
      "properties": {
        "identifier": "OPSM Maitland_1013",
        "sap_id": "1013",
        "name": "OPSM Maitland",
        "address_1": "418 High St",
        "address_2": "",
        "address_3": "",
        "city": "Maitland",
        "state": "NSW",
        "postal_code": "2320",
        "country": "AU",
        "phone": "(02) 4933 6923",
        "fax": "(02) 4933 2252",
        "services": "Collect & Return",
        "hours": "Mon: 08:30-17:30; Tue: 08:30-17:30; Wed: 08:30-17:30; Thu: 08:30-18:00; Fri: 08:30-17:30; Sat: 09:00-16:00; Sun: 10:00-16:00",
        "full_address": "418 High St, Maitland, NSW, 2320"
      }
    },
    {
      "type": "Feature",
      "geometry": {
        "type": "Point",
        "coordinates": [
          151.17218,
          -33.90808
        ]
      },
      "properties": {
        "identifier": "OPSM Marrickville_2991",
        "sap_id": "2991",
        "name": "OPSM Marrickville",
        "address_1": "20 Smidmore St",
        "address_2": "",
        "address_3": "",
        "city": "Marrickville",
        "state": "NSW",
        "postal_code": "2204",
        "country": "AU",
        "phone": "(02) 9136 7697",
        "fax": "",
        "services": "Collect & Return",
        "hours": "Mon: 09:00-17:30; Tue: 09:00-17:30; Wed: 09:00-17:30; Thu: 09:00-19:00; Fri: 09:00-17:30; Sat: 09:00-17:00; Sun: 10:00-16:00",
        "full_address": "20 Smidmore St, Marrickville, NSW, 2204"
      }
    },
    {
      "type": "Feature",
      "geometry": {
        "type": "Point",
        "coordinates": [
          149.91068,
          -36.88782
        ]
      },
      "properties": {
        "identifier": "Jason Harley Merimbula by OPSM_2942",
        "sap_id": "2942",
        "name": "Jason Harley Merimbula by OPSM",
        "address_1": "40 Market Street",
        "address_2": "",
        "address_3": "",
        "city": "Merimbula",
        "state": "NSW",
        "postal_code": "2548",
        "country": "AU",
        "phone": "(02) 6495 3104",
        "fax": "(02) 6495 4579",
        "services": "Collect & Return",
        "hours": "Mon: 09:00-17:30; Tue: 09:00-17:30; Wed: 09:00-17:30; Thu: 09:00-17:30; Fri: 09:00-17:30; Sat: closed; Sun: closed",
        "full_address": "40 Market Street, Merimbula, NSW, 2548"
      }
    },
    {
      "type": "Feature",
      "geometry": {
        "type": "Point",
        "coordinates": [
          151.10063,
          -34.03555
        ]
      },
      "properties": {
        "identifier": "OPSM Miranda_1174",
        "sap_id": "1174",
        "name": "OPSM Miranda",
        "address_1": "600 The Kingsway",
        "address_2": "",
        "address_3": "",
        "city": "Miranda",
        "state": "NSW",
        "postal_code": "2228",
        "country": "AU",
        "phone": "(02) 9524 6789",
        "fax": "(02) 9524 5409",
        "services": "Dry Eye, Collect & Return",
        "hours": "Mon: 09:00-18:00; Tue: 09:00-18:00; Wed: 09:00-18:00; Thu: 09:00-21:00; Fri: 09:00-18:00; Sat: 09:00-18:00; Sun: 10:00-18:00",
        "full_address": "600 The Kingsway, Miranda, NSW, 2228"
      }
    },
    {
      "type": "Feature",
      "geometry": {
        "type": "Point",
        "coordinates": [
          151.30329,
          -33.67635
        ]
      },
      "properties": {
        "identifier": "OPSM Mona Vale_2941",
        "sap_id": "2941",
        "name": "OPSM Mona Vale",
        "address_1": "Bungan St",
        "address_2": "",
        "address_3": "",
        "city": "Mona Vale",
        "state": "NSW",
        "postal_code": "2103",
        "country": "AU",
        "phone": "(02) 9999 4756",
        "fax": "(02) 9997 6316",
        "services": "Collect & Return",
        "hours": "Mon: 09:00-17:30; Tue: 09:00-17:30; Wed: 09:00-17:30; Thu: 09:00-17:30; Fri: 09:00-17:30; Sat: 09:00-13:00; Sun: closed",
        "full_address": "Bungan St, Mona Vale, NSW, 2103"
      }
    },
    {
      "type": "Feature",
      "geometry": {
        "type": "Point",
        "coordinates": [
          151.24024,
          -33.82412
        ]
      },
      "properties": {
        "identifier": "OPSM Mosman Bridgepoint_2967",
        "sap_id": "2967",
        "name": "OPSM Mosman Bridgepoint",
        "address_1": "Cnr Brady St &amp; Military Rd",
        "address_2": "",
        "address_3": "",
        "city": "Mosman",
        "state": "NSW",
        "postal_code": "2088",
        "country": "AU",
        "phone": "(02) 9969 8761",
        "fax": "(02) 9968 1258",
        "services": "Collect & Return",
        "hours": "Mon: 09:00-17:30; Tue: 09:00-17:30; Wed: 09:00-17:30; Thu: 09:00-19:00; Fri: 09:00-17:30; Sat: 09:00-16:00; Sun: closed",
        "full_address": "Cnr Brady St &amp; Military Rd, Mosman, NSW, 2088"
      }
    },
    {
      "type": "Feature",
      "geometry": {
        "type": "Point",
        "coordinates": [
          150.82053,
          -33.76684
        ]
      },
      "properties": {
        "identifier": "OPSM Mt Druitt_1193",
        "sap_id": "1193",
        "name": "OPSM Mt Druitt",
        "address_1": "Cnr Luxford Ave &amp; Carlisle Ave",
        "address_2": "",
        "address_3": "",
        "city": "Mount Druitt",
        "state": "NSW",
        "postal_code": "2770",
        "country": "AU",
        "phone": "(02) 9625 7056",
        "fax": "(02) 9832 2962",
        "services": "Collect & Return",
        "hours": "Mon: 09:00-17:30; Tue: 09:00-17:30; Wed: 09:00-17:30; Thu: 09:00-21:00; Fri: 09:00-17:30; Sat: 09:00-17:00; Sun: 10:00-16:00",
        "full_address": "Cnr Luxford Ave &amp; Carlisle Ave, Mount Druitt, NSW, 2770"
      }
    },
    {
      "type": "Feature",
      "geometry": {
        "type": "Point",
        "coordinates": [
          151.67253,
          -32.98427
        ]
      },
      "properties": {
        "identifier": "OPSM Lake Macquarie_1217",
        "sap_id": "1217",
        "name": "OPSM Lake Macquarie",
        "address_1": "46 Wilson Rd",
        "address_2": "",
        "address_3": "",
        "city": "Mt Hutton",
        "state": "NSW",
        "postal_code": "2290",
        "country": "AU",
        "phone": "(02) 4945 4090",
        "fax": "(02) 4945 1708",
        "services": "Collect & Return",
        "hours": "Mon: 09:00-17:30; Tue: 09:00-17:30; Wed: 09:00-17:30; Thu: 09:00-19:00; Fri: 09:00-17:30; Sat: 09:00-16:00; Sun: closed",
        "full_address": "46 Wilson Rd, Mt Hutton, NSW, 2290"
      }
    },
    {
      "type": "Feature",
      "geometry": {
        "type": "Point",
        "coordinates": [
          150.73702,
          -34.04195
        ]
      },
      "properties": {
        "identifier": "OPSM Narellan_1056",
        "sap_id": "1056",
        "name": "OPSM Narellan",
        "address_1": "326 Camden Valley Way",
        "address_2": "",
        "address_3": "",
        "city": "Narellan",
        "state": "NSW",
        "postal_code": "2567",
        "country": "AU",
        "phone": "(02) 4648 2742",
        "fax": "(02) 4648 2745",
        "services": "Collect & Return",
        "hours": "Mon: 09:00-17:30; Tue: 09:00-17:30; Wed: 09:00-17:30; Thu: 09:00-21:00; Fri: 09:00-17:30; Sat: 09:00-17:00; Sun: 10:00-16:00",
        "full_address": "326 Camden Valley Way, Narellan, NSW, 2567"
      }
    },
    {
      "type": "Feature",
      "geometry": {
        "type": "Point",
        "coordinates": [
          151.7824,
          -32.927
        ]
      },
      "properties": {
        "identifier": "OPSM Newcastle_4718",
        "sap_id": "4718",
        "name": "OPSM Newcastle",
        "address_1": "122-132 Hunter St",
        "address_2": "",
        "address_3": "",
        "city": "Newcastle",
        "state": "NSW",
        "postal_code": "2300",
        "country": "AU",
        "phone": "(02) 4929 5211",
        "fax": "(02) 4929 3158",
        "services": "",
        "hours": "Mon: 09:00-17:00; Tue: 09:00-17:00; Wed: 09:00-17:00; Thu: 09:00-17:00; Fri: 09:00-17:00; Sat: 09:00-13:00; Sun: closed",
        "full_address": "122-132 Hunter St, Newcastle, NSW, 2300"
      }
    },
    {
      "type": "Feature",
      "geometry": {
        "type": "Point",
        "coordinates": [
          151.12051,
          -33.77671
        ]
      },
      "properties": {
        "identifier": "OPSM Macquarie Centre_1213",
        "sap_id": "1213",
        "name": "OPSM Macquarie Centre",
        "address_1": "Cnr Herring And Waterloo Rd",
        "address_2": "",
        "address_3": "",
        "city": "North Ryde",
        "state": "NSW",
        "postal_code": "2113",
        "country": "AU",
        "phone": "(02) 9878 4377",
        "fax": "(02) 9878 2929",
        "services": "Dry Eye, Kids Vision Centre, Collect & Return",
        "hours": "Mon: 09:00-17:30; Tue: 09:00-17:30; Wed: 09:00-17:30; Thu: 09:00-21:00; Fri: 09:00-17:30; Sat: 09:00-17:30; Sun: 10:00-17:30",
        "full_address": "Cnr Herring And Waterloo Rd, North Ryde, NSW, 2113"
      }
    },
    {
      "type": "Feature",
      "geometry": {
        "type": "Point",
        "coordinates": [
          151.20657,
          -33.83753
        ]
      },
      "properties": {
        "identifier": "OPSM North Sydney_2200",
        "sap_id": "2200",
        "name": "OPSM North Sydney",
        "address_1": "100 Miller St",
        "address_2": "",
        "address_3": "",
        "city": "North Sydney",
        "state": "NSW",
        "postal_code": "2060",
        "country": "AU",
        "phone": "(02) 8866 1629",
        "fax": "",
        "services": "Collect & Return",
        "hours": "Mon: 08:30-17:30; Tue: 08:30-17:30; Wed: 08:30-17:30; Thu: 08:30-17:30; Fri: 08:30-17:30; Sat: 09:00-16:00; Sun: closed",
        "full_address": "100 Miller St, North Sydney, NSW, 2060"
      }
    },
    {
      "type": "Feature",
      "geometry": {
        "type": "Point",
        "coordinates": [
          150.60319,
          -34.87433
        ]
      },
      "properties": {
        "identifier": "OPSM Nowra_2994",
        "sap_id": "2994",
        "name": "OPSM Nowra",
        "address_1": "Kinghorne St",
        "address_2": "",
        "address_3": "",
        "city": "Nowra",
        "state": "NSW",
        "postal_code": "2540",
        "country": "AU",
        "phone": "(02) 4421 3420",
        "fax": "(02) 4421 4872",
        "services": "Collect & Return",
        "hours": "Mon: 09:00-17:30; Tue: 09:00-17:30; Wed: 09:00-17:30; Thu: 09:00-17:30; Fri: 09:00-17:30; Sat: closed; Sun: closed",
        "full_address": "Kinghorne St, Nowra, NSW, 2540"
      }
    },
    {
      "type": "Feature",
      "geometry": {
        "type": "Point",
        "coordinates": [
          150.74166,
          -34.01285
        ]
      },
      "properties": {
        "identifier": "OPSM Oran Park_4614",
        "sap_id": "4614",
        "name": "OPSM Oran Park",
        "address_1": "351 Oran Park Dr.",
        "address_2": "",
        "address_3": "",
        "city": "Oran Park",
        "state": "NSW",
        "postal_code": "2570",
        "country": "AU",
        "phone": "(02) 4744 3831",
        "fax": "(02) 4744 3832",
        "services": "",
        "hours": "Mon: 09:00-17:30; Tue: 09:00-17:30; Wed: 09:00-17:30; Thu: 09:00-21:00; Fri: 09:00-17:30; Sat: 09:00-17:00; Sun: 10:00-16:00",
        "full_address": "351 Oran Park Dr., Oran Park, NSW, 2570"
      }
    },
    {
      "type": "Feature",
      "geometry": {
        "type": "Point",
        "coordinates": [
          149.10032,
          -33.28296
        ]
      },
      "properties": {
        "identifier": "OPSM Orange_1028",
        "sap_id": "1028",
        "name": "OPSM Orange",
        "address_1": "227-237 Summer St",
        "address_2": "",
        "address_3": "",
        "city": "Orange",
        "state": "NSW",
        "postal_code": "2800",
        "country": "AU",
        "phone": "(02) 6362 1284",
        "fax": "(02) 6363 1890",
        "services": "Dry Eye, Collect & Return",
        "hours": "Mon: 09:00-17:30; Tue: 09:00-17:30; Wed: 09:00-17:30; Thu: 09:00-19:00; Fri: 09:00-17:30; Sat: 09:00-16:00; Sun: 10:00-15:00",
        "full_address": "227-237 Summer St, Orange, NSW, 2800"
      }
    },
    {
      "type": "Feature",
      "geometry": {
        "type": "Point",
        "coordinates": [
          151.22597,
          -33.945
        ]
      },
      "properties": {
        "identifier": "OPSM Eastgardens_1180",
        "sap_id": "1180",
        "name": "OPSM Eastgardens",
        "address_1": "152 Bunnerong Rd",
        "address_2": "",
        "address_3": "",
        "city": "Pagewood",
        "state": "NSW",
        "postal_code": "2035",
        "country": "AU",
        "phone": "(02) 9349 3377",
        "fax": "(02) 9349 6232",
        "services": "Collect & Return",
        "hours": "Mon: 09:00-17:30; Tue: 09:00-17:30; Wed: 09:00-17:30; Thu: 09:00-21:00; Fri: 09:00-17:30; Sat: 09:00-17:00; Sun: 10:00-17:00",
        "full_address": "152 Bunnerong Rd, Pagewood, NSW, 2035"
      }
    },
    {
      "type": "Feature",
      "geometry": {
        "type": "Point",
        "coordinates": [
          148.17464,
          -33.13424
        ]
      },
      "properties": {
        "identifier": "OPSM Parkes_1117",
        "sap_id": "1117",
        "name": "OPSM Parkes",
        "address_1": "299 Clarinda St",
        "address_2": "",
        "address_3": "",
        "city": "Parkes",
        "state": "NSW",
        "postal_code": "2870",
        "country": "AU",
        "phone": "(02) 6862 1576",
        "fax": "(02) 6862 5034",
        "services": "Collect & Return",
        "hours": "Mon: 09:00-17:00; Tue: 09:00-17:00; Wed: 09:00-17:00; Thu: 09:00-17:00; Fri: 09:00-17:00; Sat: 09:00-12:00; Sun: closed",
        "full_address": "299 Clarinda St, Parkes, NSW, 2870"
      }
    },
    {
      "type": "Feature",
      "geometry": {
        "type": "Point",
        "coordinates": [
          151.00279,
          -33.81736
        ]
      },
      "properties": {
        "identifier": "OPSM Parramatta_1326",
        "sap_id": "1326",
        "name": "OPSM Parramatta",
        "address_1": "159-175 Church St",
        "address_2": "",
        "address_3": "",
        "city": "Parramatta",
        "state": "NSW",
        "postal_code": "2150",
        "country": "AU",
        "phone": "(02) 9633 2394",
        "fax": "(02) 9689 3429",
        "services": "Dry Eye, Collect & Return",
        "hours": "Mon: 09:30-18:00; Tue: 09:30-18:00; Wed: 09:30-18:00; Thu: 09:30-21:00; Fri: 09:30-18:00; Sat: 09:00-18:00; Sun: 10:00-18:00",
        "full_address": "159-175 Church St, Parramatta, NSW, 2150"
      }
    },
    {
      "type": "Feature",
      "geometry": {
        "type": "Point",
        "coordinates": [
          150.69256,
          -33.75743
        ]
      },
      "properties": {
        "identifier": "OPSM Nepean_1300",
        "sap_id": "1300",
        "name": "OPSM Nepean",
        "address_1": "Cnr Station St &amp; Woodriff St",
        "address_2": "",
        "address_3": "",
        "city": "Penrith",
        "state": "NSW",
        "postal_code": "2750",
        "country": "AU",
        "phone": "(02) 4722 8593",
        "fax": "(02) 4722 8721",
        "services": "Collect & Return",
        "hours": "Mon: 09:00-17:30; Tue: 09:00-17:30; Wed: 09:00-17:30; Thu: 09:00-20:00; Fri: 09:00-17:30; Sat: 09:00-17:00; Sun: 10:00-16:00",
        "full_address": "Cnr Station St &amp; Woodriff St, Penrith, NSW, 2750"
      }
    },
    {
      "type": "Feature",
      "geometry": {
        "type": "Point",
        "coordinates": [
          150.6927,
          -33.75154
        ]
      },
      "properties": {
        "identifier": "OPSM Penrith Plaza_1328",
        "sap_id": "1328",
        "name": "OPSM Penrith Plaza",
        "address_1": "585 High St",
        "address_2": "",
        "address_3": "",
        "city": "Penrith",
        "state": "NSW",
        "postal_code": "2750",
        "country": "AU",
        "phone": "(02) 4721 8477",
        "fax": "(02) 4732 1014",
        "services": "Dry Eye, Collect & Return",
        "hours": "Mon: 09:00-17:30; Tue: 09:00-17:30; Wed: 09:00-17:30; Thu: 09:00-21:00; Fri: 09:00-17:30; Sat: 09:00-17:00; Sun: 10:00-17:00",
        "full_address": "585 High St, Penrith, NSW, 2750"
      }
    },
    {
      "type": "Feature",
      "geometry": {
        "type": "Point",
        "coordinates": [
          150.83603,
          -33.7458
        ]
      },
      "properties": {
        "identifier": "OPSM Plumpton_1351",
        "sap_id": "1351",
        "name": "OPSM Plumpton",
        "address_1": "Hyatts Rd &amp; Jersey Rd",
        "address_2": "",
        "address_3": "",
        "city": "Plumpton",
        "state": "NSW",
        "postal_code": "2761",
        "country": "AU",
        "phone": "(02) 9677 2387",
        "fax": "(02) 9677 2397",
        "services": "Collect & Return",
        "hours": "Mon: 09:00-17:30; Tue: 09:00-17:30; Wed: 09:00-17:30; Thu: 09:00-21:00; Fri: 09:00-17:30; Sat: 09:00-17:00; Sun: 10:00-16:00",
        "full_address": "Hyatts Rd &amp; Jersey Rd, Plumpton, NSW, 2761"
      }
    },
    {
      "type": "Feature",
      "geometry": {
        "type": "Point",
        "coordinates": [
          152.89538,
          -31.42759
        ]
      },
      "properties": {
        "identifier": "OPSM Port Central_2297",
        "sap_id": "2297",
        "name": "OPSM Port Central",
        "address_1": "40-42 Horton St",
        "address_2": "",
        "address_3": "",
        "city": "Port Macquarie",
        "state": "NSW",
        "postal_code": "2444",
        "country": "AU",
        "phone": "(02) 6583 1377",
        "fax": "(02) 6583 8683",
        "services": "Collect & Return",
        "hours": "Mon: 09:00-17:30; Tue: 09:00-17:30; Wed: 09:00-17:30; Thu: 09:00-18:30; Fri: 09:00-17:30; Sat: 09:00-17:00; Sun: closed",
        "full_address": "40-42 Horton St, Port Macquarie, NSW, 2444"
      }
    },
    {
      "type": "Feature",
      "geometry": {
        "type": "Point",
        "coordinates": [
          152.89538,
          -31.42759
        ]
      },
      "properties": {
        "identifier": "OPSM Port Macquarie_2296",
        "sap_id": "2296",
        "name": "OPSM Port Macquarie",
        "address_1": "Cnr Park &amp; Bay St",
        "address_2": "",
        "address_3": "",
        "city": "Port Macquarie",
        "state": "NSW",
        "postal_code": "2444",
        "country": "AU",
        "phone": "(02) 6583 4271",
        "fax": "(02) 6583 7264",
        "services": "Collect & Return",
        "hours": "Mon: 09:00-17:30; Tue: 09:00-17:30; Wed: 09:00-17:30; Thu: 09:00-19:00; Fri: 09:00-17:30; Sat: 09:00-16:30; Sun: 10:00-16:00",
        "full_address": "Cnr Park &amp; Bay St, Port Macquarie, NSW, 2444"
      }
    },
    {
      "type": "Feature",
      "geometry": {
        "type": "Point",
        "coordinates": [
          149.23459,
          -35.35179
        ]
      },
      "properties": {
        "identifier": "OPSM Queanbeyan_1384",
        "sap_id": "1384",
        "name": "OPSM Queanbeyan",
        "address_1": "131 Monaro St",
        "address_2": "",
        "address_3": "",
        "city": "Queanbeyan",
        "state": "NSW",
        "postal_code": "2620",
        "country": "AU",
        "phone": "(02) 6299 4411",
        "fax": "(02) 6297 4295",
        "services": "Kids Vision Centre, Collect & Return",
        "hours": "Mon: 09:00-17:30; Tue: 09:00-17:30; Wed: 09:00-17:30; Thu: 09:00-19:00; Fri: 09:00-17:30; Sat: 09:00-17:00; Sun: 10:00-16:00",
        "full_address": "131 Monaro St, Queanbeyan, NSW, 2620"
      }
    },
    {
      "type": "Feature",
      "geometry": {
        "type": "Point",
        "coordinates": [
          151.24106,
          -33.91542
        ]
      },
      "properties": {
        "identifier": "OPSM Randwick_2971",
        "sap_id": "2971",
        "name": "OPSM Randwick",
        "address_1": "73 Belmore Rd",
        "address_2": "",
        "address_3": "",
        "city": "Randwick",
        "state": "NSW",
        "postal_code": "2031",
        "country": "AU",
        "phone": "(02) 9399 3365",
        "fax": "(02) 9399 8329",
        "services": "Collect & Return",
        "hours": "Mon: 09:00-17:30; Tue: 09:00-17:30; Wed: 09:00-17:30; Thu: 09:00-18:00; Fri: 09:00-17:30; Sat: 09:00-16:00; Sun: 10:00-16:00",
        "full_address": "73 Belmore Rd, Randwick, NSW, 2031"
      }
    },
    {
      "type": "Feature",
      "geometry": {
        "type": "Point",
        "coordinates": [
          151.74363,
          -32.76086
        ]
      },
      "properties": {
        "identifier": "OPSM Raymond Terrace_1430",
        "sap_id": "1430",
        "name": "OPSM Raymond Terrace",
        "address_1": "Port Stephens St",
        "address_2": "",
        "address_3": "",
        "city": "Raymond Terrace",
        "state": "NSW",
        "postal_code": "2324",
        "country": "AU",
        "phone": "(02) 4987 3171",
        "fax": "(02) 4987 3510",
        "services": "Collect & Return",
        "hours": "Mon: 09:00-17:30; Tue: 09:00-17:30; Wed: 09:00-17:30; Thu: 09:00-19:00; Fri: 09:00-17:30; Sat: 09:00-17:00; Sun: 10:00-16:00",
        "full_address": "Port Stephens St, Raymond Terrace, NSW, 2324"
      }
    },
    {
      "type": "Feature",
      "geometry": {
        "type": "Point",
        "coordinates": [
          151.08538,
          -33.83515
        ]
      },
      "properties": {
        "identifier": "OPSM Rhodes_2966",
        "sap_id": "2966",
        "name": "OPSM Rhodes",
        "address_1": "1 Rider Blvd",
        "address_2": "",
        "address_3": "",
        "city": "Rhodes",
        "state": "NSW",
        "postal_code": "2138",
        "country": "AU",
        "phone": "(02) 9743 5616",
        "fax": "(02) 9743 3372",
        "services": "Collect & Return",
        "hours": "Mon: 09:00-18:00; Tue: 09:00-18:00; Wed: 09:00-18:00; Thu: 09:00-21:00; Fri: 09:00-18:00; Sat: 09:00-18:00; Sun: 10:00-18:00",
        "full_address": "1 Rider Blvd, Rhodes, NSW, 2138"
      }
    },
    {
      "type": "Feature",
      "geometry": {
        "type": "Point",
        "coordinates": [
          150.75006,
          -33.59608
        ]
      },
      "properties": {
        "identifier": "OPSM Richmond_1257",
        "sap_id": "1257",
        "name": "OPSM Richmond",
        "address_1": "253 Windsor St",
        "address_2": "",
        "address_3": "",
        "city": "Richmond",
        "state": "NSW",
        "postal_code": "2753",
        "country": "AU",
        "phone": "(02) 4578 4093",
        "fax": "(02) 4578 1687",
        "services": "Collect & Return",
        "hours": "Mon: 09:00-17:30; Tue: 09:00-17:30; Wed: 09:00-17:30; Thu: 09:00-20:00; Fri: 09:00-17:30; Sat: 08:30-16:00; Sun: closed",
        "full_address": "253 Windsor St, Richmond, NSW, 2753"
      }
    },
    {
      "type": "Feature",
      "geometry": {
        "type": "Point",
        "coordinates": [
          151.06921,
          -33.93492
        ]
      },
      "properties": {
        "identifier": "OPSM Roselands_1415",
        "sap_id": "1415",
        "name": "OPSM Roselands",
        "address_1": "Roselands Dr",
        "address_2": "",
        "address_3": "",
        "city": "Roselands",
        "state": "NSW",
        "postal_code": "2196",
        "country": "AU",
        "phone": "(02) 9759 0825",
        "fax": "(02) 9750 3196",
        "services": "Collect & Return",
        "hours": "Mon: 09:00-17:30; Tue: 09:00-17:30; Wed: 09:00-17:30; Thu: 09:00-21:00; Fri: 09:00-17:30; Sat: 09:00-17:00; Sun: 10:00-16:00",
        "full_address": "Roselands Dr, Roselands, NSW, 2196"
      }
    },
    {
      "type": "Feature",
      "geometry": {
        "type": "Point",
        "coordinates": [
          150.92434,
          -33.69094
        ]
      },
      "properties": {
        "identifier": "OPSM Rouse Hill_4633",
        "sap_id": "4633",
        "name": "OPSM Rouse Hill",
        "address_1": "10-14 Market Place",
        "address_2": "",
        "address_3": "",
        "city": "Rouse Hill",
        "state": "NSW",
        "postal_code": "2155",
        "country": "AU",
        "phone": "(02) 8882 9399",
        "fax": "0291367653",
        "services": "Audiology, Dry Eye, Kids Vision Centre, Collect & Return",
        "hours": "Mon: 09:00-18:00; Tue: 09:00-18:00; Wed: 09:00-18:00; Thu: 09:00-21:00; Fri: 09:00-18:00; Sat: 09:00-18:00; Sun: 10:00-17:00",
        "full_address": "10-14 Market Place, Rouse Hill, NSW, 2155"
      }
    },
    {
      "type": "Feature",
      "geometry": {
        "type": "Point",
        "coordinates": [
          151.10571,
          -33.8121
        ]
      },
      "properties": {
        "identifier": "OPSM Top Ryde_1551",
        "sap_id": "1551",
        "name": "OPSM Top Ryde",
        "address_1": "109-129 Blaxland Rd",
        "address_2": "",
        "address_3": "",
        "city": "Ryde",
        "state": "NSW",
        "postal_code": "2112",
        "country": "AU",
        "phone": "(02) 9807 6211",
        "fax": "(02) 9807 4677",
        "services": "Collect & Return",
        "hours": "Mon: 09:00-18:00; Tue: 09:00-18:00; Wed: 09:00-18:00; Thu: 09:00-21:00; Fri: 09:00-18:00; Sat: 09:00-18:00; Sun: 10:00-17:00",
        "full_address": "109-129 Blaxland Rd, Ryde, NSW, 2112"
      }
    },
    {
      "type": "Feature",
      "geometry": {
        "type": "Point",
        "coordinates": [
          152.10689,
          -32.73537
        ]
      },
      "properties": {
        "identifier": "OPSM Salamander Bay_1375",
        "sap_id": "1375",
        "name": "OPSM Salamander Bay",
        "address_1": "2 Town Centre Circuit",
        "address_2": "",
        "address_3": "",
        "city": "Salamander Bay",
        "state": "NSW",
        "postal_code": "2317",
        "country": "AU",
        "phone": "(02) 4982 0770",
        "fax": "(02) 4982 0430",
        "services": "Collect & Return",
        "hours": "Mon: 09:00-17:30; Tue: 09:00-17:30; Wed: 09:00-17:30; Thu: 09:00-19:30; Fri: 09:00-17:30; Sat: 09:00-17:00; Sun: 10:00-16:00",
        "full_address": "2 Town Centre Circuit, Salamander Bay, NSW, 2317"
      }
    },
    {
      "type": "Feature",
      "geometry": {
        "type": "Point",
        "coordinates": [
          150.8393,
          -34.5629
        ]
      },
      "properties": {
        "identifier": "SHELLHARBOUR_1105",
        "sap_id": "1105",
        "name": "SHELLHARBOUR",
        "address_1": "Shop 1004-1005",
        "address_2": "",
        "address_3": "",
        "city": "Shellharbour",
        "state": "NSW",
        "postal_code": "2529",
        "country": "AU",
        "phone": "(02) 4296 7777",
        "fax": "(02) 4296 5000",
        "services": "Dry Eye, Collect & Return",
        "hours": "Mon: 09:00-17:30; Tue: 09:00-17:30; Wed: 09:00-17:30; Thu: 09:00-21:00; Fri: 09:00-17:30; Sat: 09:00-16:00; Sun: 10:00-16:00",
        "full_address": "Shop 1004-1005, Shellharbour, NSW, 2529"
      }
    },
    {
      "type": "Feature",
      "geometry": {
        "type": "Point",
        "coordinates": [
          151.1639,
          -32.566
        ]
      },
      "properties": {
        "identifier": "OPSM Singleton_4702",
        "sap_id": "4702",
        "name": "OPSM Singleton",
        "address_1": "1 Gowrie St",
        "address_2": "",
        "address_3": "",
        "city": "Singleton",
        "state": "NSW",
        "postal_code": "2330",
        "country": "AU",
        "phone": "(02) 6571 1266",
        "fax": "(02) 6571 1316",
        "services": "",
        "hours": "Mon: 09:00-17:30; Tue: 09:00-17:30; Wed: 09:00-17:30; Thu: 09:00-17:30; Fri: 09:00-17:30; Sat: 09:00-13:00; Sun: closed",
        "full_address": "1 Gowrie St, Singleton, NSW, 2330"
      }
    },
    {
      "type": "Feature",
      "geometry": {
        "type": "Point",
        "coordinates": [
          151.15871,
          -33.72977
        ]
      },
      "properties": {
        "identifier": "OPSM St Ives_1398",
        "sap_id": "1398",
        "name": "OPSM St Ives",
        "address_1": "166 Mona Vale Rd",
        "address_2": "",
        "address_3": "",
        "city": "St Ives",
        "state": "NSW",
        "postal_code": "2075",
        "country": "AU",
        "phone": "(02) 9449 1066",
        "fax": "(02) 9449 1319",
        "services": "Collect & Return",
        "hours": "Mon: 09:00-17:30; Tue: 09:00-17:30; Wed: 09:00-17:30; Thu: 09:00-19:00; Fri: 09:00-17:30; Sat: 09:00-17:00; Sun: 10:00-16:00",
        "full_address": "166 Mona Vale Rd, St Ives, NSW, 2075"
      }
    },
    {
      "type": "Feature",
      "geometry": {
        "type": "Point",
        "coordinates": [
          151.20677,
          -33.87025
        ]
      },
      "properties": {
        "identifier": "OPSM George Street_1304",
        "sap_id": "1304",
        "name": "OPSM George Street",
        "address_1": "413 George St",
        "address_2": "",
        "address_3": "",
        "city": "Sydney",
        "state": "NSW",
        "postal_code": "2000",
        "country": "AU",
        "phone": "(02) 9299 3061",
        "fax": "(02) 9165 9218",
        "services": "Dry Eye, Collect & Return",
        "hours": "Mon: 09:00-18:30; Tue: 09:00-18:30; Wed: 09:00-18:30; Thu: 09:00-21:00; Fri: 09:00-18:30; Sat: 09:00-17:30; Sun: 10:00-17:00",
        "full_address": "413 George St, Sydney, NSW, 2000"
      }
    },
    {
      "type": "Feature",
      "geometry": {
        "type": "Point",
        "coordinates": [
          151.20677,
          -33.87025
        ]
      },
      "properties": {
        "identifier": "OPSM Macquarie St_1177",
        "sap_id": "1177",
        "name": "OPSM Macquarie St",
        "address_1": "183 Macquarie St",
        "address_2": "",
        "address_3": "",
        "city": "Sydney",
        "state": "NSW",
        "postal_code": "2000",
        "country": "AU",
        "phone": "(02) 9232 7995",
        "fax": "(02) 9221 1585",
        "services": "Dry Eye, Collect & Return",
        "hours": "Mon: 08:00-17:30; Tue: 08:00-17:30; Wed: 08:00-17:30; Thu: 08:00-17:30; Fri: 08:00-17:30; Sat: closed; Sun: closed",
        "full_address": "183 Macquarie St, Sydney, NSW, 2000"
      }
    },
    {
      "type": "Feature",
      "geometry": {
        "type": "Point",
        "coordinates": [
          151.10419,
          -34.01019
        ]
      },
      "properties": {
        "identifier": "Optometrist Sylvania by OPSM_2996",
        "sap_id": "2996",
        "name": "Optometrist Sylvania by OPSM",
        "address_1": "Shop 2, Southgate Shopping Centre",
        "address_2": "",
        "address_3": "",
        "city": "Sylvania",
        "state": "NSW",
        "postal_code": "2224",
        "country": "AU",
        "phone": "(02)95446655",
        "fax": "(02) 9522 9979",
        "services": "Collect & Return",
        "hours": "Mon: 09:00-17:30; Tue: 09:00-17:30; Wed: 09:00-17:30; Thu: 09:00-20:00; Fri: 09:00-17:30; Sat: 09:00-16:00; Sun: 10:00-15:00",
        "full_address": "Shop 2, Southgate Shopping Centre, Sylvania, NSW, 2224"
      }
    },
    {
      "type": "Feature",
      "geometry": {
        "type": "Point",
        "coordinates": [
          150.92956,
          -31.09066
        ]
      },
      "properties": {
        "identifier": "OPSM Tamworth_2938",
        "sap_id": "2938",
        "name": "OPSM Tamworth",
        "address_1": "335 Peel St",
        "address_2": "",
        "address_3": "",
        "city": "Tamworth",
        "state": "NSW",
        "postal_code": "2340",
        "country": "AU",
        "phone": "(02) 6766 3256",
        "fax": "(02) 6766 3471",
        "services": "Collect & Return",
        "hours": "Mon: 08:30-17:30; Tue: 08:30-17:30; Wed: 08:30-17:30; Thu: 08:30-17:30; Fri: 08:30-17:30; Sat: 09:00-17:00; Sun: closed",
        "full_address": "335 Peel St, Tamworth, NSW, 2340"
      }
    },
    {
      "type": "Feature",
      "geometry": {
        "type": "Point",
        "coordinates": [
          152.45861,
          -31.91072
        ]
      },
      "properties": {
        "identifier": "OPSM Taree_2298",
        "sap_id": "2298",
        "name": "OPSM Taree",
        "address_1": "60 Manning Street",
        "address_2": "",
        "address_3": "",
        "city": "Taree",
        "state": "NSW",
        "postal_code": "2430",
        "country": "AU",
        "phone": "(02) 6552 2391",
        "fax": "(02) 6551 2291",
        "services": "Collect & Return",
        "hours": "Mon: 09:00-17:30; Tue: 09:00-17:30; Wed: 09:00-17:30; Thu: 09:00-18:00; Fri: 09:00-17:30; Sat: 09:00-13:00; Sun: closed",
        "full_address": "60 Manning Street, Taree, NSW, 2430"
      }
    },
    {
      "type": "Feature",
      "geometry": {
        "type": "Point",
        "coordinates": [
          153.0921,
          -30.35346
        ]
      },
      "properties": {
        "identifier": "OPSM Toormina_1228",
        "sap_id": "1228",
        "name": "OPSM Toormina",
        "address_1": "5 Toormina Rd",
        "address_2": "",
        "address_3": "",
        "city": "Toormina",
        "state": "NSW",
        "postal_code": "2452",
        "country": "AU",
        "phone": "(02) 6653 1277",
        "fax": "(02) 6658 3141",
        "services": "Collect & Return",
        "hours": "Mon: 08:30-17:00; Tue: 08:30-17:00; Wed: 08:30-17:00; Thu: 08:30-19:00; Fri: 08:30-17:00; Sat: 09:00-16:00; Sun: closed",
        "full_address": "5 Toormina Rd, Toormina, NSW, 2452"
      }
    },
    {
      "type": "Feature",
      "geometry": {
        "type": "Point",
        "coordinates": [
          151.59539,
          -33.01256
        ]
      },
      "properties": {
        "identifier": "OPSM Toronto_2266",
        "sap_id": "2266",
        "name": "OPSM Toronto",
        "address_1": "47 The Blvd",
        "address_2": "",
        "address_3": "",
        "city": "Toronto",
        "state": "NSW",
        "postal_code": "2283",
        "country": "AU",
        "phone": "(02) 4950 5545",
        "fax": "(02) 4950 5568",
        "services": "Collect & Return",
        "hours": "Mon: 08:30-17:30; Tue: 08:30-17:30; Wed: 08:30-17:30; Thu: 08:30-17:30; Fri: 08:30-17:30; Sat: closed; Sun: closed",
        "full_address": "47 The Blvd, Toronto, NSW, 2283"
      }
    },
    {
      "type": "Feature",
      "geometry": {
        "type": "Point",
        "coordinates": [
          151.41389,
          -33.30802
        ]
      },
      "properties": {
        "identifier": "OPSM Tuggerah_1127",
        "sap_id": "1127",
        "name": "OPSM Tuggerah",
        "address_1": "Cnr Cobbs Rd &amp; Gavenlock Rd",
        "address_2": "",
        "address_3": "",
        "city": "Tuggerah",
        "state": "NSW",
        "postal_code": "2259",
        "country": "AU",
        "phone": "(02) 4353 5223",
        "fax": "(02) 4353 5230",
        "services": "Collect & Return",
        "hours": "Mon: 09:00-17:30; Tue: 09:00-17:30; Wed: 09:00-17:30; Thu: 09:00-19:00; Fri: 09:00-17:30; Sat: 09:00-17:00; Sun: 10:00-16:00",
        "full_address": "Cnr Cobbs Rd &amp; Gavenlock Rd, Tuggerah, NSW, 2259"
      }
    },
    {
      "type": "Feature",
      "geometry": {
        "type": "Point",
        "coordinates": [
          153.54382,
          -28.17218
        ]
      },
      "properties": {
        "identifier": "OPSM Tweed Mall_1107",
        "sap_id": "1107",
        "name": "OPSM Tweed Mall",
        "address_1": "Corner Bay St &amp; Wharf St",
        "address_2": "",
        "address_3": "",
        "city": "Tweed Heads",
        "state": "NSW",
        "postal_code": "2485",
        "country": "AU",
        "phone": "(07) 5536 3024",
        "fax": "(07) 5536 7826",
        "services": "Collect & Return",
        "hours": "Mon: 09:00-17:00; Tue: 09:00-17:00; Wed: 09:00-17:00; Thu: 09:00-17:30; Fri: 09:00-17:00; Sat: 09:00-15:00; Sun: closed",
        "full_address": "Corner Bay St &amp; Wharf St, Tweed Heads, NSW, 2485"
      }
    },
    {
      "type": "Feature",
      "geometry": {
        "type": "Point",
        "coordinates": [
          153.54608,
          -28.20204
        ]
      },
      "properties": {
        "identifier": "OPSM Tweed City_1406",
        "sap_id": "1406",
        "name": "OPSM Tweed City",
        "address_1": "SHOP 227 TWEED CITY SHOPPING CENTRE, 54 MINJUNGBAL",
        "address_2": "",
        "address_3": "",
        "city": "Tweed Heads South",
        "state": "NSW",
        "postal_code": "2486",
        "country": "AU",
        "phone": "(07) 3445 0552",
        "fax": "(07) 3445 0553",
        "services": "Dry Eye, Collect & Return",
        "hours": "Mon: 09:00-17:30; Tue: 09:00-17:30; Wed: 09:00-17:30; Thu: 09:00-20:00; Fri: 09:00-17:30; Sat: 09:00-16:00; Sun: 10:00-15:00",
        "full_address": "SHOP 227 TWEED CITY SHOPPING CENTRE, 54 MINJUNGBAL, Tweed Heads South, NSW, 2486"
      }
    },
    {
      "type": "Feature",
      "geometry": {
        "type": "Point",
        "coordinates": [
          150.47359,
          -35.35753
        ]
      },
      "properties": {
        "identifier": "OPSM Ulladulla_2993",
        "sap_id": "2993",
        "name": "OPSM Ulladulla",
        "address_1": "93 Princess Highway",
        "address_2": "",
        "address_3": "",
        "city": "Ulladulla",
        "state": "NSW",
        "postal_code": "2539",
        "country": "AU",
        "phone": "(02) 4455 1288",
        "fax": "(02) 4455 1278",
        "services": "Dry Eye, Collect & Return",
        "hours": "Mon: 09:00-17:30; Tue: 09:00-17:30; Wed: 09:00-17:30; Thu: 09:00-17:30; Fri: 09:00-17:30; Sat: 09:00-17:00; Sun: closed",
        "full_address": "93 Princess Highway, Ulladulla, NSW, 2539"
      }
    },
    {
      "type": "Feature",
      "geometry": {
        "type": "Point",
        "coordinates": [
          151.19366,
          -33.88367
        ]
      },
      "properties": {
        "identifier": "OPSM Broadway_1423",
        "sap_id": "1423",
        "name": "OPSM Broadway",
        "address_1": "1 Bay St",
        "address_2": "",
        "address_3": "",
        "city": "Ultimo",
        "state": "NSW",
        "postal_code": "2007",
        "country": "AU",
        "phone": "(02) 9212 6366",
        "fax": "(02) 9280 1142",
        "services": "Collect & Return",
        "hours": "Mon: 10:00-19:00; Tue: 10:00-19:00; Wed: 10:00-19:00; Thu: 10:00-21:00; Fri: 10:00-19:00; Sat: 09:00-18:00; Sun: 10:00-18:00",
        "full_address": "1 Bay St, Ultimo, NSW, 2007"
      }
    },
    {
      "type": "Feature",
      "geometry": {
        "type": "Point",
        "coordinates": [
          147.36967,
          -35.11539
        ]
      },
      "properties": {
        "identifier": "OPSM Wagga Wagga_1021",
        "sap_id": "1021",
        "name": "OPSM Wagga Wagga",
        "address_1": "87 Bayliss St",
        "address_2": "",
        "address_3": "",
        "city": "Wagga Wagga",
        "state": "NSW",
        "postal_code": "2650",
        "country": "AU",
        "phone": "(02) 6921 3160",
        "fax": "(02) 6921 2653",
        "services": "Dry Eye, Collect & Return",
        "hours": "Mon: 08:30-17:30; Tue: 08:30-17:30; Wed: 08:30-17:30; Thu: 08:30-20:00; Fri: 08:30-17:30; Sat: 08:30-16:00; Sun: 10:00-16:00",
        "full_address": "87 Bayliss St, Wagga Wagga, NSW, 2650"
      }
    },
    {
      "type": "Feature",
      "geometry": {
        "type": "Point",
        "coordinates": [
          151.668,
          -32.898
        ]
      },
      "properties": {
        "identifier": "OPSM Wallsend_2959",
        "sap_id": "2959",
        "name": "OPSM Wallsend",
        "address_1": "24 Kokera St",
        "address_2": "",
        "address_3": "",
        "city": "Wallsend",
        "state": "NSW",
        "postal_code": "2287",
        "country": "AU",
        "phone": "(02) 8865 8346",
        "fax": "(02) 8865 8349",
        "services": "Collect & Return",
        "hours": "Mon: 09:00-17:30; Tue: 09:00-17:30; Wed: 09:00-17:30; Thu: 09:00-17:30; Fri: 09:00-17:30; Sat: 09:00-16:00; Sun: 10:00-16:00",
        "full_address": "24 Kokera St, Wallsend, NSW, 2287"
      }
    },
    {
      "type": "Feature",
      "geometry": {
        "type": "Point",
        "coordinates": [
          151.29617,
          -33.69569
        ]
      },
      "properties": {
        "identifier": "OPSM Warriewood_1068",
        "sap_id": "1068",
        "name": "OPSM Warriewood",
        "address_1": "Jacksons Rd",
        "address_2": "",
        "address_3": "",
        "city": "Warriewood",
        "state": "NSW",
        "postal_code": "2102",
        "country": "AU",
        "phone": "(02) 9913 9071",
        "fax": "(02) 9913 9680",
        "services": "Collect & Return",
        "hours": "Mon: 09:00-17:30; Tue: 09:00-17:30; Wed: 09:00-17:30; Thu: 09:00-18:00; Fri: 09:00-17:30; Sat: 09:00-16:00; Sun: 10:00-16:00",
        "full_address": "Jacksons Rd, Warriewood, NSW, 2102"
      }
    },
    {
      "type": "Feature",
      "geometry": {
        "type": "Point",
        "coordinates": [
          152.73391,
          -31.45755
        ]
      },
      "properties": {
        "identifier": "OPSM Wauchope_2299",
        "sap_id": "2299",
        "name": "OPSM Wauchope",
        "address_1": "High St",
        "address_2": "",
        "address_3": "",
        "city": "Wauchope",
        "state": "NSW",
        "postal_code": "2446",
        "country": "AU",
        "phone": "(02) 6585 2755",
        "fax": "(02) 6586 4391",
        "services": "Collect & Return",
        "hours": "Mon: 09:00-17:00; Tue: 09:00-17:00; Wed: 09:00-17:00; Thu: 09:00-17:00; Fri: 09:00-17:00; Sat: closed; Sun: closed",
        "full_address": "High St, Wauchope, NSW, 2446"
      }
    },
    {
      "type": "Feature",
      "geometry": {
        "type": "Point",
        "coordinates": [
          150.89779,
          -33.85862
        ]
      },
      "properties": {
        "identifier": "OPSM Wetherill Park_1307",
        "sap_id": "1307",
        "name": "OPSM Wetherill Park",
        "address_1": "Polding St",
        "address_2": "",
        "address_3": "",
        "city": "Wetherill Park",
        "state": "NSW",
        "postal_code": "2164",
        "country": "AU",
        "phone": "(02) 9729 0339",
        "fax": "(02) 9609 5648",
        "services": "Collect & Return",
        "hours": "Mon: 09:00-17:30; Tue: 09:00-17:30; Wed: 09:00-17:30; Thu: 09:00-21:00; Fri: 09:00-17:30; Sat: 09:00-17:00; Sun: 10:00-16:00",
        "full_address": "Polding St, Wetherill Park, NSW, 2164"
      }
    },
    {
      "type": "Feature",
      "geometry": {
        "type": "Point",
        "coordinates": [
          150.96801,
          -33.77275
        ]
      },
      "properties": {
        "identifier": "OPSM Winston Hills_2928",
        "sap_id": "2928",
        "name": "OPSM Winston Hills",
        "address_1": "180 Caroline Chisholm Dr",
        "address_2": "",
        "address_3": "",
        "city": "Winston Hills",
        "state": "NSW",
        "postal_code": "2153",
        "country": "AU",
        "phone": "(02) 9674 8632",
        "fax": "(02) 9136 7668",
        "services": "Collect & Return",
        "hours": "Mon: 09:00-17:30; Tue: 09:00-17:30; Wed: 09:00-17:30; Thu: 09:00-20:00; Fri: 09:00-17:30; Sat: 09:00-17:00; Sun: 10:00-16:00",
        "full_address": "180 Caroline Chisholm Dr, Winston Hills, NSW, 2153"
      }
    },
    {
      "type": "Feature",
      "geometry": {
        "type": "Point",
        "coordinates": [
          150.8942,
          -34.42477
        ]
      },
      "properties": {
        "identifier": "OPSM Wollongong_1015",
        "sap_id": "1015",
        "name": "OPSM Wollongong",
        "address_1": "200 Crown St",
        "address_2": "",
        "address_3": "",
        "city": "Wollongong",
        "state": "NSW",
        "postal_code": "2500",
        "country": "AU",
        "phone": "(02) 4229 4444",
        "fax": "(02) 4229 4222",
        "services": "Collect & Return",
        "hours": "Mon: 09:00-17:30; Tue: 09:00-17:30; Wed: 09:00-17:30; Thu: 09:00-21:00; Fri: 09:00-17:30; Sat: 09:00-16:00; Sun: 10:00-16:00",
        "full_address": "200 Crown St, Wollongong, NSW, 2500"
      }
    },
    {
      "type": "Feature",
      "geometry": {
        "type": "Point",
        "coordinates": [
          151.32397,
          -33.48774
        ]
      },
      "properties": {
        "identifier": "OPSM Woy Woy_1311",
        "sap_id": "1311",
        "name": "OPSM Woy Woy",
        "address_1": "Railway St",
        "address_2": "",
        "address_3": "",
        "city": "Woy Woy",
        "state": "NSW",
        "postal_code": "2256",
        "country": "AU",
        "phone": "(02) 4342 3033",
        "fax": "(02) 4341 1209",
        "services": "Collect & Return",
        "hours": "Mon: 09:00-17:30; Tue: 09:00-17:30; Wed: 09:00-17:30; Thu: 09:00-19:00; Fri: 09:00-17:30; Sat: 09:00-16:00; Sun: 10:00-15:00",
        "full_address": "Railway St, Woy Woy, NSW, 2256"
      }
    },
    {
      "type": "Feature",
      "geometry": {
        "type": "Point",
        "coordinates": [
          133.88087,
          -23.69941
        ]
      },
      "properties": {
        "identifier": "OPSM Alice Springs_1582",
        "sap_id": "1582",
        "name": "OPSM Alice Springs",
        "address_1": "Hartley St",
        "address_2": "",
        "address_3": "",
        "city": "Alice Springs",
        "state": "NT",
        "postal_code": "0870",
        "country": "AU",
        "phone": "(08) 8952 8277",
        "fax": "(08) 8952 5558",
        "services": "Collect & Return",
        "hours": "Mon: 08:30-17:00; Tue: 08:30-17:00; Wed: 08:30-17:00; Thu: 08:30-17:00; Fri: 08:30-17:00; Sat: 08:30-15:00; Sun: closed",
        "full_address": "Hartley St, Alice Springs, NT, 0870"
      }
    },
    {
      "type": "Feature",
      "geometry": {
        "type": "Point",
        "coordinates": [
          130.88083,
          -12.37553
        ]
      },
      "properties": {
        "identifier": "OPSM Casuarina_1200",
        "sap_id": "1200",
        "name": "OPSM Casuarina",
        "address_1": "247 Trower Rd",
        "address_2": "",
        "address_3": "",
        "city": "Darwin",
        "state": "NT",
        "postal_code": "0810",
        "country": "AU",
        "phone": "(08) 8927 9377",
        "fax": "(08) 8927 4586",
        "services": "Dry Eye, Kids Vision Centre, Collect & Return",
        "hours": "Mon: 08:30-17:30; Tue: 08:30-17:30; Wed: 08:30-17:30; Thu: 08:30-17:30; Fri: 08:30-20:00; Sat: 08:30-17:00; Sun: 09:30-15:00",
        "full_address": "247 Trower Rd, Darwin, NT, 0810"
      }
    },
    {
      "type": "Feature",
      "geometry": {
        "type": "Point",
        "coordinates": [
          130.84219,
          -12.46378
        ]
      },
      "properties": {
        "identifier": "OPSM Darwin_1577",
        "sap_id": "1577",
        "name": "OPSM Darwin",
        "address_1": "Smith St Mall",
        "address_2": "",
        "address_3": "",
        "city": "Darwin",
        "state": "NT",
        "postal_code": "0800",
        "country": "AU",
        "phone": "(08) 8941 1577",
        "fax": "(08) 8981 6016",
        "services": "Kids Vision Centre, Collect & Return",
        "hours": "Mon: 08:30-17:00; Tue: 08:30-17:00; Wed: 08:30-17:00; Thu: 08:30-17:00; Fri: 08:30-17:00; Sat: closed; Sun: closed",
        "full_address": "Smith St Mall, Darwin, NT, 0800"
      }
    },
    {
      "type": "Feature",
      "geometry": {
        "type": "Point",
        "coordinates": [
          132.26553,
          -14.46567
        ]
      },
      "properties": {
        "identifier": "OPSM Katherine_1580",
        "sap_id": "1580",
        "name": "OPSM Katherine",
        "address_1": "Katherine Tce",
        "address_2": "",
        "address_3": "",
        "city": "Katherine",
        "state": "NT",
        "postal_code": "0851",
        "country": "AU",
        "phone": "(08) 8972 2035",
        "fax": "(08) 8971 0834",
        "services": "Collect & Return",
        "hours": "Mon: 08:30-17:00; Tue: 08:30-17:00; Wed: 08:30-17:00; Thu: 08:30-17:00; Fri: 08:30-17:00; Sat: closed; Sun: closed",
        "full_address": "Katherine Tce, Katherine, NT, 0851"
      }
    },
    {
      "type": "Feature",
      "geometry": {
        "type": "Point",
        "coordinates": [
          130.98307,
          -12.47133
        ]
      },
      "properties": {
        "identifier": "OPSM Palmerston_1191",
        "sap_id": "1191",
        "name": "OPSM Palmerston",
        "address_1": "1 Roystonea Ave",
        "address_2": "",
        "address_3": "",
        "city": "Yarrawonga",
        "state": "NT",
        "postal_code": "0830",
        "country": "AU",
        "phone": "(08) 8932 7320",
        "fax": "(08) 8932 7647",
        "services": "Kids Vision Centre, Collect & Return",
        "hours": "Mon: 08:30-17:30; Tue: 08:30-17:30; Wed: 08:30-17:30; Thu: 08:30-17:30; Fri: 08:30-20:00; Sat: 09:00-17:00; Sun: 10:00-15:00",
        "full_address": "1 Roystonea Ave, Yarrawonga, NT, 0830"
      }
    },
    {
      "type": "Feature",
      "geometry": {
        "type": "Point",
        "coordinates": [
          146.76274,
          -19.3001
        ]
      },
      "properties": {
        "identifier": "OPSM Townsville_1161",
        "sap_id": "1161",
        "name": "OPSM Townsville",
        "address_1": "310 Ross River Rd",
        "address_2": "",
        "address_3": "",
        "city": "Aitkenvale",
        "state": "QLD",
        "postal_code": "4814",
        "country": "AU",
        "phone": "(07) 4725 4822",
        "fax": "(07) 4725 4861",
        "services": "Collect & Return",
        "hours": "Mon: 09:00-17:30; Tue: 09:00-17:30; Wed: 09:00-17:30; Thu: 09:00-20:00; Fri: 09:00-17:30; Sat: 09:00-16:00; Sun: 10:00-15:00",
        "full_address": "310 Ross River Rd, Aitkenvale, QLD, 4814"
      }
    },
    {
      "type": "Feature",
      "geometry": {
        "type": "Point",
        "coordinates": [
          153.01364,
          -27.36192
        ]
      },
      "properties": {
        "identifier": "OPSM Aspley_2272",
        "sap_id": "2272",
        "name": "OPSM Aspley",
        "address_1": "59 Albany Creek Rd",
        "address_2": "",
        "address_3": "",
        "city": "Aspley",
        "state": "QLD",
        "postal_code": "4034",
        "country": "AU",
        "phone": "(07) 3263 8377",
        "fax": "(07) 3263 8128",
        "services": "Collect & Return",
        "hours": "Mon: 09:00-17:30; Tue: 09:00-17:30; Wed: 09:00-17:30; Thu: 09:00-19:00; Fri: 09:00-17:30; Sat: 09:00-16:00; Sun: 10:00-16:00",
        "full_address": "59 Albany Creek Rd, Aspley, QLD, 4034"
      }
    },
    {
      "type": "Feature",
      "geometry": {
        "type": "Point",
        "coordinates": [
          153.11627,
          -26.74019
        ]
      },
      "properties": {
        "identifier": "OPSM Birtinya_2982",
        "sap_id": "2982",
        "name": "OPSM Birtinya",
        "address_1": "8 The Avenue",
        "address_2": "",
        "address_3": "",
        "city": "Birtinya",
        "state": "QLD",
        "postal_code": "4575",
        "country": "AU",
        "phone": "(07) 5301 9276",
        "fax": "(07) 53019277",
        "services": "Collect & Return",
        "hours": "Mon: 09:00-17:30; Tue: 09:00-17:30; Wed: 09:00-17:30; Thu: 09:00-19:00; Fri: 09:00-17:30; Sat: 09:00-17:00; Sun: 10:30-16:00",
        "full_address": "8 The Avenue, Birtinya, QLD, 4575"
      }
    },
    {
      "type": "Feature",
      "geometry": {
        "type": "Point",
        "coordinates": [
          152.78985,
          -27.61489
        ]
      },
      "properties": {
        "identifier": "OPSM Booval_1065",
        "sap_id": "1065",
        "name": "OPSM Booval",
        "address_1": "139 Brisbane Rd",
        "address_2": "",
        "address_3": "",
        "city": "Booval",
        "state": "QLD",
        "postal_code": "4304",
        "country": "AU",
        "phone": "(07) 3281 2360",
        "fax": "(07) 3281 6340",
        "services": "Collect & Return",
        "hours": "Mon: 09:00-17:30; Tue: 09:00-17:30; Wed: 09:00-17:30; Thu: 09:00-20:00; Fri: 09:00-17:30; Sat: 09:00-16:00; Sun: closed",
        "full_address": "139 Brisbane Rd, Booval, QLD, 4304"
      }
    },
    {
      "type": "Feature",
      "geometry": {
        "type": "Point",
        "coordinates": [
          153.02556,
          -27.47015
        ]
      },
      "properties": {
        "identifier": "OPSM Albert St Brisbane_1513",
        "sap_id": "1513",
        "name": "OPSM Albert St Brisbane",
        "address_1": "186 Albert St",
        "address_2": "",
        "address_3": "",
        "city": "Brisbane",
        "state": "QLD",
        "postal_code": "4000",
        "country": "AU",
        "phone": "(07) 3229 2200",
        "fax": "(07) 3210 0952",
        "services": "Collect & Return",
        "hours": "Mon: 08:30-17:30; Tue: 08:30-17:30; Wed: 08:30-17:30; Thu: 08:30-17:30; Fri: 08:30-20:00; Sat: 09:00-17:00; Sun: 10:00-16:00",
        "full_address": "186 Albert St, Brisbane, QLD, 4000"
      }
    },
    {
      "type": "Feature",
      "geometry": {
        "type": "Point",
        "coordinates": [
          153.02646,
          -27.46945
        ]
      },
      "properties": {
        "identifier": "OPSM Wintergarden_1464",
        "sap_id": "1464",
        "name": "OPSM Wintergarden",
        "address_1": "170-209 Queen St",
        "address_2": "",
        "address_3": "",
        "city": "Brisbane",
        "state": "QLD",
        "postal_code": "4000",
        "country": "AU",
        "phone": "(07) 3221 1158",
        "fax": "(07) 3229 7008",
        "services": "Collect & Return",
        "hours": "Mon: 08:30-17:30; Tue: 08:30-17:30; Wed: 08:30-17:30; Thu: 08:30-17:30; Fri: 08:30-20:00; Sat: 09:00-17:00; Sun: 10:00-16:00",
        "full_address": "170-209 Queen St, Brisbane, QLD, 4000"
      }
    },
    {
      "type": "Feature",
      "geometry": {
        "type": "Point",
        "coordinates": [
          153.42698,
          -28.03722
        ]
      },
      "properties": {
        "identifier": "OPSM Pacific Fair_1495",
        "sap_id": "1495",
        "name": "OPSM Pacific Fair",
        "address_1": "2 Hooker Blvd",
        "address_2": "",
        "address_3": "",
        "city": "Broadbeach",
        "state": "QLD",
        "postal_code": "4218",
        "country": "AU",
        "phone": "(07) 5570 6204",
        "fax": "(07) 3557 0165",
        "services": "Dry Eye, Collect & Return",
        "hours": "Mon: 09:00-17:30; Tue: 09:00-17:30; Wed: 09:00-17:30; Thu: 09:00-21:00; Fri: 09:00-17:30; Sat: 09:00-17:30; Sun: 10:00-16:00",
        "full_address": "2 Hooker Blvd, Broadbeach, QLD, 4218"
      }
    },
    {
      "type": "Feature",
      "geometry": {
        "type": "Point",
        "coordinates": [
          153.04105,
          -27.66249
        ]
      },
      "properties": {
        "identifier": "OPSM Browns Plains_1357",
        "sap_id": "1357",
        "name": "OPSM Browns Plains",
        "address_1": "27-29 Browns Plains Rd",
        "address_2": "",
        "address_3": "",
        "city": "Browns Plains",
        "state": "QLD",
        "postal_code": "4118",
        "country": "AU",
        "phone": "(07) 3800 6911",
        "fax": "(07) 3800 5360",
        "services": "Collect & Return",
        "hours": "Mon: 09:00-17:30; Tue: 09:00-17:30; Wed: 09:00-17:30; Thu: 09:00-21:00; Fri: 09:00-17:30; Sat: 09:00-17:00; Sun: 10:00-16:00",
        "full_address": "27-29 Browns Plains Rd, Browns Plains, QLD, 4118"
      }
    },
    {
      "type": "Feature",
      "geometry": {
        "type": "Point",
        "coordinates": [
          153.12945,
          -26.70449
        ]
      },
      "properties": {
        "identifier": "OPSM Kawana Waters_7059",
        "sap_id": "7059",
        "name": "OPSM Kawana Waters",
        "address_1": "119 Point Cartwright Dr",
        "address_2": "",
        "address_3": "",
        "city": "Buddina",
        "state": "QLD",
        "postal_code": "4575",
        "country": "AU",
        "phone": "(07) 5478 1864",
        "fax": "(07) 5478 3983",
        "services": "",
        "hours": "Mon: 09:00-17:30; Tue: 09:00-17:30; Wed: 09:00-17:30; Thu: 09:00-20:00; Fri: 09:00-17:30; Sat: 09:00-17:00; Sun: 10:30-16:00",
        "full_address": "119 Point Cartwright Dr, Buddina, QLD, 4575"
      }
    },
    {
      "type": "Feature",
      "geometry": {
        "type": "Point",
        "coordinates": [
          152.34968,
          -24.87208
        ]
      },
      "properties": {
        "identifier": "OPSM Bundaberg Hinkler_1111",
        "sap_id": "1111",
        "name": "OPSM Bundaberg Hinkler",
        "address_1": "16 Maryborough St",
        "address_2": "",
        "address_3": "",
        "city": "Bundaberg",
        "state": "QLD",
        "postal_code": "4670",
        "country": "AU",
        "phone": "(07) 4152 4377",
        "fax": "(07) 4152 9165",
        "services": "Collect & Return",
        "hours": "Mon: 09:00-17:30; Tue: 09:00-17:30; Wed: 09:00-17:30; Thu: 09:00-21:00; Fri: 09:00-17:30; Sat: 09:00-16:00; Sun: 10:00-14:00",
        "full_address": "16 Maryborough St, Bundaberg, QLD, 4670"
      }
    },
    {
      "type": "Feature",
      "geometry": {
        "type": "Point",
        "coordinates": [
          152.31848,
          -24.88723
        ]
      },
      "properties": {
        "identifier": "OPSM Bundaberg Sugarland_1386",
        "sap_id": "1386",
        "name": "OPSM Bundaberg Sugarland",
        "address_1": "115 - 119 Takalvan St",
        "address_2": "",
        "address_3": "",
        "city": "Bundaberg",
        "state": "QLD",
        "postal_code": "4670",
        "country": "AU",
        "phone": "(07) 4151 7131",
        "fax": "(07) 4151 7136",
        "services": "Collect & Return",
        "hours": "Mon: 09:00-17:30; Tue: 09:00-17:30; Wed: 09:00-17:30; Thu: 09:00-21:00; Fri: 09:00-17:30; Sat: 09:00-16:00; Sun: 10:00-16:00",
        "full_address": "115 - 119 Takalvan St, Bundaberg, QLD, 4670"
      }
    },
    {
      "type": "Feature",
      "geometry": {
        "type": "Point",
        "coordinates": [
          153.44072,
          -28.09723
        ]
      },
      "properties": {
        "identifier": "OPSM Burleigh Heads_1085",
        "sap_id": "1085",
        "name": "OPSM Burleigh Heads",
        "address_1": "149 West Burleigh Rd",
        "address_2": "",
        "address_3": "",
        "city": "Burleigh Heads",
        "state": "QLD",
        "postal_code": "4220",
        "country": "AU",
        "phone": "(07) 5568 7023",
        "fax": "(07) 5568 7652",
        "services": "Collect & Return",
        "hours": "Mon: 09:00-17:30; Tue: 09:00-17:30; Wed: 09:00-17:30; Thu: 09:00-18:00; Fri: 09:00-17:30; Sat: 09:00-16:00; Sun: 10:00-15:00",
        "full_address": "149 West Burleigh Rd, Burleigh Heads, QLD, 4220"
      }
    },
    {
      "type": "Feature",
      "geometry": {
        "type": "Point",
        "coordinates": [
          145.77232,
          -16.9244
        ]
      },
      "properties": {
        "identifier": "OPSM Cairns Central_1336",
        "sap_id": "1336",
        "name": "OPSM Cairns Central",
        "address_1": "1-21 Mcleod St",
        "address_2": "",
        "address_3": "",
        "city": "Cairns",
        "state": "QLD",
        "postal_code": "4870",
        "country": "AU",
        "phone": "(07) 4051 1666",
        "fax": "(07) 4051 0747",
        "services": "Collect & Return",
        "hours": "Mon: 08:30-17:30; Tue: 08:30-17:30; Wed: 08:30-17:30; Thu: 08:30-20:00; Fri: 08:30-17:30; Sat: 09:00-16:00; Sun: 10:00-16:00",
        "full_address": "1-21 Mcleod St, Cairns, QLD, 4870"
      }
    },
    {
      "type": "Feature",
      "geometry": {
        "type": "Point",
        "coordinates": [
          145.69179,
          -16.83688
        ]
      },
      "properties": {
        "identifier": "OPSM Smithfield_1237",
        "sap_id": "1237",
        "name": "OPSM Smithfield",
        "address_1": "Captain Cook Hwy &amp; Kennedy Hwy",
        "address_2": "",
        "address_3": "",
        "city": "Cairns",
        "state": "QLD",
        "postal_code": "4878",
        "country": "AU",
        "phone": "(07) 4038 2555",
        "fax": "(07) 4038 2811",
        "services": "Collect & Return",
        "hours": "Mon: 09:00-17:30; Tue: 09:00-17:30; Wed: 09:00-17:30; Thu: 09:00-20:00; Fri: 09:00-17:30; Sat: 09:00-16:00; Sun: 10:00-15:00",
        "full_address": "Captain Cook Hwy &amp; Kennedy Hwy, Cairns, QLD, 4878"
      }
    },
    {
      "type": "Feature",
      "geometry": {
        "type": "Point",
        "coordinates": [
          153.12537,
          -26.80295
        ]
      },
      "properties": {
        "identifier": "OPSM Caloundra_1385",
        "sap_id": "1385",
        "name": "OPSM Caloundra",
        "address_1": "47 Bowman Rd",
        "address_2": "",
        "address_3": "",
        "city": "Caloundra",
        "state": "QLD",
        "postal_code": "4551",
        "country": "AU",
        "phone": "(07) 5491 5507",
        "fax": "(07) 5492 7641",
        "services": "Collect & Return",
        "hours": "Mon: 09:00-17:30; Tue: 09:00-17:30; Wed: 09:00-17:30; Thu: 09:00-20:00; Fri: 09:00-17:30; Sat: 09:00-17:00; Sun: 10:00-16:00",
        "full_address": "47 Bowman Rd, Caloundra, QLD, 4551"
      }
    },
    {
      "type": "Feature",
      "geometry": {
        "type": "Point",
        "coordinates": [
          153.09844,
          -27.47144
        ]
      },
      "properties": {
        "identifier": "OPSM Cannon Hill_1264",
        "sap_id": "1264",
        "name": "OPSM Cannon Hill",
        "address_1": "Wynnum Rd",
        "address_2": "",
        "address_3": "",
        "city": "Cannon Hill",
        "state": "QLD",
        "postal_code": "4170",
        "country": "AU",
        "phone": "(07) 3899 3255",
        "fax": "(07) 3899 5688",
        "services": "Collect & Return",
        "hours": "Mon: 09:00-17:30; Tue: 09:00-17:30; Wed: 09:00-17:30; Thu: 09:00-20:00; Fri: 09:00-17:30; Sat: 09:00-16:00; Sun: 10:00-16:00",
        "full_address": "Wynnum Rd, Cannon Hill, QLD, 4170"
      }
    },
    {
      "type": "Feature",
      "geometry": {
        "type": "Point",
        "coordinates": [
          153.19055,
          -27.52421
        ]
      },
      "properties": {
        "identifier": "OPSM Capalaba Park_1246",
        "sap_id": "1246",
        "name": "OPSM Capalaba Park",
        "address_1": "Cnr Mt Cotton Rd &amp; Redland Bay Rd",
        "address_2": "",
        "address_3": "",
        "city": "Capalaba",
        "state": "QLD",
        "postal_code": "4157",
        "country": "AU",
        "phone": "(07) 3823 3061",
        "fax": "(07) 3823 3067",
        "services": "Collect & Return",
        "hours": "Mon: 09:00-17:30; Tue: 09:00-17:30; Wed: 09:00-17:30; Thu: 09:00-21:00; Fri: 09:00-17:30; Sat: 09:00-16:00; Sun: 10:00-16:00",
        "full_address": "Cnr Mt Cotton Rd &amp; Redland Bay Rd, Capalaba, QLD, 4157"
      }
    },
    {
      "type": "Feature",
      "geometry": {
        "type": "Point",
        "coordinates": [
          153.10197,
          -27.50309
        ]
      },
      "properties": {
        "identifier": "OPSM Carindale_1266",
        "sap_id": "1266",
        "name": "OPSM Carindale",
        "address_1": "1151 Creek Rd",
        "address_2": "",
        "address_3": "",
        "city": "Carindale",
        "state": "QLD",
        "postal_code": "4152",
        "country": "AU",
        "phone": "(07) 3398 9911",
        "fax": "(07) 3324 9455",
        "services": "Dry Eye, Collect & Return",
        "hours": "Mon: 08:30-17:30; Tue: 08:30-17:30; Wed: 08:30-17:30; Thu: 08:30-20:00; Fri: 08:30-17:30; Sat: 08:30-17:00; Sun: 09:30-16:00",
        "full_address": "1151 Creek Rd, Carindale, QLD, 4152"
      }
    },
    {
      "type": "Feature",
      "geometry": {
        "type": "Point",
        "coordinates": [
          153.03289,
          -27.3828
        ]
      },
      "properties": {
        "identifier": "OPSM Chermside_1346",
        "sap_id": "1346",
        "name": "OPSM Chermside",
        "address_1": "Cnr Gympie Rd &amp; Hamilton Rd",
        "address_2": "",
        "address_3": "",
        "city": "Chermside",
        "state": "QLD",
        "postal_code": "4032",
        "country": "AU",
        "phone": "(07) 3350 1166",
        "fax": "(07) 3350 4303",
        "services": "Dry Eye, Collect & Return",
        "hours": "Mon: 09:00-17:30; Tue: 09:00-17:30; Wed: 09:00-17:30; Thu: 09:00-21:00; Fri: 09:00-17:30; Sat: 09:00-17:00; Sun: 10:00-16:00",
        "full_address": "Cnr Gympie Rd &amp; Hamilton Rd, Chermside, QLD, 4032"
      }
    },
    {
      "type": "Feature",
      "geometry": {
        "type": "Point",
        "coordinates": [
          153.26853,
          -27.52634
        ]
      },
      "properties": {
        "identifier": "OPSM Cleveland_1337",
        "sap_id": "1337",
        "name": "OPSM Cleveland",
        "address_1": "91 Middle St",
        "address_2": "",
        "address_3": "",
        "city": "Cleveland",
        "state": "QLD",
        "postal_code": "4163",
        "country": "AU",
        "phone": "(07) 3286 4399",
        "fax": "(07) 3286 9513",
        "services": "Collect & Return",
        "hours": "Mon: 09:00-17:30; Tue: 09:00-17:30; Wed: 09:00-17:30; Thu: 09:00-19:30; Fri: 09:00-17:30; Sat: 09:00-16:00; Sun: closed",
        "full_address": "91 Middle St, Cleveland, QLD, 4163"
      }
    },
    {
      "type": "Feature",
      "geometry": {
        "type": "Point",
        "coordinates": [
          153.31484,
          -27.85372
        ]
      },
      "properties": {
        "identifier": "OPSM Coomera_2974",
        "sap_id": "2974",
        "name": "OPSM Coomera",
        "address_1": "Foxwell Rd",
        "address_2": "",
        "address_3": "",
        "city": "Coomera",
        "state": "QLD",
        "postal_code": "4209",
        "country": "AU",
        "phone": "(07) 5613 0298",
        "fax": "(07) 5613 0299",
        "services": "Kids Vision Centre, Collect & Return",
        "hours": "Mon: 09:00-17:30; Tue: 09:00-17:30; Wed: 09:00-17:30; Thu: 09:00-21:00; Fri: 09:00-17:30; Sat: 09:00-17:00; Sun: 10:00-16:00",
        "full_address": "Foxwell Rd, Coomera, QLD, 4209"
      }
    },
    {
      "type": "Feature",
      "geometry": {
        "type": "Point",
        "coordinates": [
          145.74073,
          -16.94349
        ]
      },
      "properties": {
        "identifier": "OPSM Earlville_1162",
        "sap_id": "1162",
        "name": "OPSM Earlville",
        "address_1": "537 Mulgrave Rd",
        "address_2": "",
        "address_3": "",
        "city": "Earlville",
        "state": "QLD",
        "postal_code": "4870",
        "country": "AU",
        "phone": "(07) 4033 0407",
        "fax": "(07) 4033 0409",
        "services": "Collect & Return",
        "hours": "Mon: 09:00-17:30; Tue: 09:00-17:30; Wed: 09:00-17:30; Thu: 09:00-20:00; Fri: 09:00-17:30; Sat: 09:00-16:00; Sun: 10:00-16:00",
        "full_address": "537 Mulgrave Rd, Earlville, QLD, 4870"
      }
    },
    {
      "type": "Feature",
      "geometry": {
        "type": "Point",
        "coordinates": [
          153.46946,
          -28.13485
        ]
      },
      "properties": {
        "identifier": "OPSM Elanora_1569",
        "sap_id": "1569",
        "name": "OPSM Elanora",
        "address_1": "Guineas Creek Rd &amp; Kp Mcgrath Dr",
        "address_2": "",
        "address_3": "",
        "city": "Elanora",
        "state": "QLD",
        "postal_code": "4221",
        "country": "AU",
        "phone": "(07) 5598 1255",
        "fax": "(07) 5598 1252",
        "services": "Collect & Return",
        "hours": "Mon: 09:00-17:30; Tue: 09:00-17:30; Wed: 09:00-17:30; Thu: 09:00-20:00; Fri: 09:00-17:30; Sat: 09:00-17:00; Sun: 10:00-15:00",
        "full_address": "Guineas Creek Rd &amp; Kp Mcgrath Dr, Elanora, QLD, 4221"
      }
    },
    {
      "type": "Feature",
      "geometry": {
        "type": "Point",
        "coordinates": [
          153.02425,
          -27.50919
        ]
      },
      "properties": {
        "identifier": "OPSM FAIRFIELD_7009",
        "sap_id": "7009",
        "name": "OPSM FAIRFIELD",
        "address_1": "Cnr Fairfield Rd &amp; Brougham St",
        "address_2": "",
        "address_3": "",
        "city": "Fairfield",
        "state": "QLD",
        "postal_code": "4103",
        "country": "AU",
        "phone": "(07) 3846 2433",
        "fax": "(07) 3846 0527",
        "services": "Dry Eye",
        "hours": "Mon: 08:40-17:30; Tue: 08:40-17:30; Wed: 08:40-17:30; Thu: 09:00-20:00; Fri: 09:00-17:30; Sat: 09:00-16:00; Sun: closed",
        "full_address": "Cnr Fairfield Rd &amp; Brougham St, Fairfield, QLD, 4103"
      }
    },
    {
      "type": "Feature",
      "geometry": {
        "type": "Point",
        "coordinates": [
          151.24266,
          -23.87023
        ]
      },
      "properties": {
        "identifier": "OPSM Gladstone_1588",
        "sap_id": "1588",
        "name": "OPSM Gladstone",
        "address_1": "Cnr Dawson Hwy &amp; Philip St",
        "address_2": "",
        "address_3": "",
        "city": "Gladstone",
        "state": "QLD",
        "postal_code": "4680",
        "country": "AU",
        "phone": "(07) 4978 6421",
        "fax": "(07) 4978 6425",
        "services": "Kids Vision Centre, Collect & Return",
        "hours": "Mon: 09:00-17:30; Tue: 09:00-17:30; Wed: 09:00-17:30; Thu: 09:00-19:00; Fri: 09:00-17:30; Sat: 09:00-17:00; Sun: 10:00-16:00",
        "full_address": "Cnr Dawson Hwy &amp; Philip St, Gladstone, QLD, 4680"
      }
    },
    {
      "type": "Feature",
      "geometry": {
        "type": "Point",
        "coordinates": [
          153.33652,
          -27.926
        ]
      },
      "properties": {
        "identifier": "OPSM Helensvale Westfield_1069",
        "sap_id": "1069",
        "name": "OPSM Helensvale Westfield",
        "address_1": "1-29 Millaroo Dr",
        "address_2": "",
        "address_3": "",
        "city": "Helensvale",
        "state": "QLD",
        "postal_code": "4212",
        "country": "AU",
        "phone": "(07) 5580 3550",
        "fax": "(07) 5580 5440",
        "services": "Collect & Return",
        "hours": "Mon: 08:30-17:30; Tue: 08:30-17:30; Wed: 08:30-17:30; Thu: 08:30-20:00; Fri: 08:30-17:30; Sat: 09:00-17:00; Sun: 10:00-16:00",
        "full_address": "1-29 Millaroo Dr, Helensvale, QLD, 4212"
      }
    },
    {
      "type": "Feature",
      "geometry": {
        "type": "Point",
        "coordinates": [
          152.83497,
          -25.29023
        ]
      },
      "properties": {
        "identifier": "OPSM Stocklands Hervey Bay_1465",
        "sap_id": "1465",
        "name": "OPSM Stocklands Hervey Bay",
        "address_1": "6 Central Ave",
        "address_2": "",
        "address_3": "",
        "city": "Hervey Bay",
        "state": "QLD",
        "postal_code": "4655",
        "country": "AU",
        "phone": "(07) 4124 8355",
        "fax": "(07) 4124 6822",
        "services": "Collect & Return",
        "hours": "Mon: 09:00-17:30; Tue: 09:00-17:30; Wed: 09:00-17:30; Thu: 09:00-19:00; Fri: 09:00-17:30; Sat: 09:00-17:00; Sun: 10:00-15:00",
        "full_address": "6 Central Ave, Hervey Bay, QLD, 4655"
      }
    },
    {
      "type": "Feature",
      "geometry": {
        "type": "Point",
        "coordinates": [
          146.8179,
          -19.3158
        ]
      },
      "properties": {
        "identifier": "OPSM Fairfield Central Townsville_2958",
        "sap_id": "2958",
        "name": "OPSM Fairfield Central Townsville",
        "address_1": "2/30 Lakeside Dr",
        "address_2": "",
        "address_3": "",
        "city": "Idalia",
        "state": "QLD",
        "postal_code": "4811",
        "country": "AU",
        "phone": "(07) 4735 8721",
        "fax": "(07) 4735 8759",
        "services": "Return",
        "hours": "Mon: 09:00-17:30; Tue: 09:00-17:30; Wed: 09:00-17:30; Thu: 09:00-19:00; Fri: 09:00-17:30; Sat: 09:00-16:00; Sun: closed",
        "full_address": "2/30 Lakeside Dr, Idalia, QLD, 4811"
      }
    },
    {
      "type": "Feature",
      "geometry": {
        "type": "Point",
        "coordinates": [
          152.97269,
          -27.49969
        ]
      },
      "properties": {
        "identifier": "OPSM Indooroopilly_1277",
        "sap_id": "1277",
        "name": "OPSM Indooroopilly",
        "address_1": "322 Moggill Rd",
        "address_2": "",
        "address_3": "",
        "city": "Indooroopilly",
        "state": "QLD",
        "postal_code": "4068",
        "country": "AU",
        "phone": "(07) 3378 4266",
        "fax": "(07) 3378 4975",
        "services": "Dry Eye, Collect & Return",
        "hours": "Mon: 09:00-17:30; Tue: 09:00-17:30; Wed: 09:00-17:30; Thu: 09:00-21:00; Fri: 09:00-17:30; Sat: 09:00-17:00; Sun: 10:00-16:00",
        "full_address": "322 Moggill Rd, Indooroopilly, QLD, 4068"
      }
    },
    {
      "type": "Feature",
      "geometry": {
        "type": "Point",
        "coordinates": [
          146.03101,
          -17.52497
        ]
      },
      "properties": {
        "identifier": "OPSM Innisfail_1564",
        "sap_id": "1564",
        "name": "OPSM Innisfail",
        "address_1": "51-53 Edith Street",
        "address_2": "",
        "address_3": "",
        "city": "Innisfail",
        "state": "QLD",
        "postal_code": "4860",
        "country": "AU",
        "phone": "(07) 4061 4244",
        "fax": "(07) 4061 4238",
        "services": "Collect & Return",
        "hours": "Mon: 08:30-17:00; Tue: 08:30-17:00; Wed: 08:30-17:00; Thu: 08:30-17:00; Fri: 08:30-17:00; Sat: 08:30-12:00; Sun: closed",
        "full_address": "51-53 Edith Street, Innisfail, QLD, 4860"
      }
    },
    {
      "type": "Feature",
      "geometry": {
        "type": "Point",
        "coordinates": [
          151.83693,
          -26.54158
        ]
      },
      "properties": {
        "identifier": "OPSM Kingaroy_1570",
        "sap_id": "1570",
        "name": "OPSM Kingaroy",
        "address_1": "29 - 45 Alford St",
        "address_2": "",
        "address_3": "",
        "city": "Kingaroy",
        "state": "QLD",
        "postal_code": "4610",
        "country": "AU",
        "phone": "(07) 4162 7444",
        "fax": "(07) 4162 7441",
        "services": "Collect & Return",
        "hours": "Mon: 08:30-17:30; Tue: 08:30-17:30; Wed: 08:30-17:30; Thu: 08:30-19:00; Fri: 08:30-17:30; Sat: 08:30-16:00; Sun: closed",
        "full_address": "29 - 45 Alford St, Kingaroy, QLD, 4610"
      }
    },
    {
      "type": "Feature",
      "geometry": {
        "type": "Point",
        "coordinates": [
          153.0882,
          -27.22489
        ]
      },
      "properties": {
        "identifier": "OPSM Kippa Ring_2970",
        "sap_id": "2970",
        "name": "OPSM Kippa Ring",
        "address_1": "272 Anzac Ave",
        "address_2": "",
        "address_3": "",
        "city": "Kippa-Ring",
        "state": "QLD",
        "postal_code": "4021",
        "country": "AU",
        "phone": "(07) 3284 5811",
        "fax": "(07) 3284 5023",
        "services": "Collect & Return",
        "hours": "Mon: 09:00-17:30; Tue: 09:00-17:30; Wed: 09:00-17:30; Thu: 09:00-19:00; Fri: 09:00-17:30; Sat: 09:00-17:00; Sun: closed",
        "full_address": "272 Anzac Ave, Kippa-Ring, QLD, 4021"
      }
    },
    {
      "type": "Feature",
      "geometry": {
        "type": "Point",
        "coordinates": [
          146.72682,
          -19.31574
        ]
      },
      "properties": {
        "identifier": "OPSM Townsville The Willows_2283",
        "sap_id": "2283",
        "name": "OPSM Townsville The Willows",
        "address_1": "Thuringowa Dr",
        "address_2": "",
        "address_3": "",
        "city": "Kirwan",
        "state": "QLD",
        "postal_code": "4817",
        "country": "AU",
        "phone": "(07) 4723 8500",
        "fax": "(07) 4723 8499",
        "services": "Collect & Return",
        "hours": "Mon: 09:00-17:30; Tue: 09:00-17:30; Wed: 09:00-17:30; Thu: 09:00-20:00; Fri: 09:00-17:30; Sat: 09:00-16:00; Sun: 10:00-15:00",
        "full_address": "Thuringowa Dr, Kirwan, QLD, 4817"
      }
    },
    {
      "type": "Feature",
      "geometry": {
        "type": "Point",
        "coordinates": [
          149.1778,
          -21.13661
        ]
      },
      "properties": {
        "identifier": "OPSM Mackay_1295",
        "sap_id": "1295",
        "name": "OPSM Mackay",
        "address_1": "Cnr Mangrove Rd &amp; Victoria St",
        "address_2": "",
        "address_3": "",
        "city": "Mackay",
        "state": "QLD",
        "postal_code": "4740",
        "country": "AU",
        "phone": "(07) 4953 0861",
        "fax": "(07) 4953 0864",
        "services": "Collect & Return",
        "hours": "Mon: 08:30-17:30; Tue: 08:30-17:30; Wed: 08:30-17:30; Thu: 08:30-20:00; Fri: 08:30-17:30; Sat: 08:30-16:00; Sun: 10:00-16:00",
        "full_address": "Cnr Mangrove Rd &amp; Victoria St, Mackay, QLD, 4740"
      }
    },
    {
      "type": "Feature",
      "geometry": {
        "type": "Point",
        "coordinates": [
          149.15872,
          -21.11892
        ]
      },
      "properties": {
        "identifier": "OPSM Mackay Mt Pleasant_2264",
        "sap_id": "2264",
        "name": "OPSM Mackay Mt Pleasant",
        "address_1": "Cnr Phillip St &amp; Bucasia Rd",
        "address_2": "",
        "address_3": "",
        "city": "Mackay",
        "state": "QLD",
        "postal_code": "4740",
        "country": "AU",
        "phone": "(07) 4942 5161",
        "fax": "(07) 4942 5272",
        "services": "Collect & Return",
        "hours": "Mon: 08:30-17:30; Tue: 08:30-17:30; Wed: 08:30-17:30; Thu: 08:30-20:00; Fri: 08:30-17:30; Sat: 09:00-16:00; Sun: 10:00-15:00",
        "full_address": "Cnr Phillip St &amp; Bucasia Rd, Mackay, QLD, 4740"
      }
    },
    {
      "type": "Feature",
      "geometry": {
        "type": "Point",
        "coordinates": [
          153.01491,
          -27.24073
        ]
      },
      "properties": {
        "identifier": "OPSM North Lakes_2968",
        "sap_id": "2968",
        "name": "OPSM North Lakes",
        "address_1": "Cnr Anzac Ave &amp; North Lakes Dr",
        "address_2": "",
        "address_3": "",
        "city": "Mango Hill",
        "state": "QLD",
        "postal_code": "4509",
        "country": "AU",
        "phone": "(07) 3482 2099",
        "fax": "(07) 3491 6833",
        "services": "Kids Vision Centre, Collect & Return",
        "hours": "Mon: 09:00-17:30; Tue: 09:00-17:30; Wed: 09:00-17:30; Thu: 09:00-21:00; Fri: 09:00-17:30; Sat: 09:00-17:00; Sun: 10:00-16:00",
        "full_address": "Cnr Anzac Ave &amp; North Lakes Dr, Mango Hill, QLD, 4509"
      }
    },
    {
      "type": "Feature",
      "geometry": {
        "type": "Point",
        "coordinates": [
          153.08724,
          -26.65452
        ]
      },
      "properties": {
        "identifier": "OPSM Maroochydore_1263",
        "sap_id": "1263",
        "name": "OPSM Maroochydore",
        "address_1": "154 - 164 Horton Pde",
        "address_2": "",
        "address_3": "",
        "city": "Maroochydore",
        "state": "QLD",
        "postal_code": "4558",
        "country": "AU",
        "phone": "(07) 5479 3444",
        "fax": "(07) 5479 3555",
        "services": "Audiology, Dry Eye, Collect & Return",
        "hours": "Mon: 09:00-17:30; Tue: 09:00-17:30; Wed: 09:00-17:30; Thu: 09:00-21:00; Fri: 09:00-17:30; Sat: 09:00-17:00; Sun: 10:00-16:00",
        "full_address": "154 - 164 Horton Pde, Maroochydore, QLD, 4558"
      }
    },
    {
      "type": "Feature",
      "geometry": {
        "type": "Point",
        "coordinates": [
          152.6974,
          -25.53782
        ]
      },
      "properties": {
        "identifier": "OPSM Maryborough_1167",
        "sap_id": "1167",
        "name": "OPSM Maryborough",
        "address_1": "142 Lennox St",
        "address_2": "",
        "address_3": "",
        "city": "Maryborough",
        "state": "QLD",
        "postal_code": "4650",
        "country": "AU",
        "phone": "(07) 4121 3214",
        "fax": "(07) 4121 3083",
        "services": "Dry Eye, Collect & Return",
        "hours": "Mon: 08:00-17:30; Tue: 08:00-17:30; Wed: 08:00-17:30; Thu: 08:00-17:30; Fri: 08:00-17:30; Sat: 09:00-16:00; Sun: closed",
        "full_address": "142 Lennox St, Maryborough, QLD, 4650"
      }
    },
    {
      "type": "Feature",
      "geometry": {
        "type": "Point",
        "coordinates": [
          152.98036,
          -27.40933
        ]
      },
      "properties": {
        "identifier": "OPSM Brookside_1119",
        "sap_id": "1119",
        "name": "OPSM Brookside",
        "address_1": "Cnr Osborne Rd &amp; Burwood Rd",
        "address_2": "",
        "address_3": "",
        "city": "Mitchelton",
        "state": "QLD",
        "postal_code": "4053",
        "country": "AU",
        "phone": "(07) 3355 9388",
        "fax": "(07) 3355 9804",
        "services": "Dry Eye, Collect & Return",
        "hours": "Mon: 09:00-17:30; Tue: 09:00-17:30; Wed: 09:00-17:30; Thu: 09:00-21:00; Fri: 09:00-17:30; Sat: 09:00-17:00; Sun: 10:00-16:00",
        "full_address": "Cnr Osborne Rd &amp; Burwood Rd, Mitchelton, QLD, 4053"
      }
    },
    {
      "type": "Feature",
      "geometry": {
        "type": "Point",
        "coordinates": [
          152.95044,
          -27.10376
        ]
      },
      "properties": {
        "identifier": "OPSM Morayfield_1273",
        "sap_id": "1273",
        "name": "OPSM Morayfield",
        "address_1": "171 Morayfield Rd",
        "address_2": "",
        "address_3": "",
        "city": "Morayfield",
        "state": "QLD",
        "postal_code": "4506",
        "country": "AU",
        "phone": "(07) 5498 3755",
        "fax": "(07) 5498 9581",
        "services": "Collect & Return",
        "hours": "Mon: 09:00-17:30; Tue: 09:00-17:30; Wed: 09:00-17:30; Thu: 09:00-21:00; Fri: 09:00-17:30; Sat: 09:00-17:00; Sun: 10:00-16:00",
        "full_address": "171 Morayfield Rd, Morayfield, QLD, 4506"
      }
    },
    {
      "type": "Feature",
      "geometry": {
        "type": "Point",
        "coordinates": [
          153.0822,
          -27.53906
        ]
      },
      "properties": {
        "identifier": "OPSM Mt Gravatt Plaza_2270",
        "sap_id": "2270",
        "name": "OPSM Mt Gravatt Plaza",
        "address_1": "Cnr Logan Rd &amp; Creek Rd",
        "address_2": "",
        "address_3": "",
        "city": "Mount Gravatt",
        "state": "QLD",
        "postal_code": "4122",
        "country": "AU",
        "phone": "(07) 3849 8361",
        "fax": "(07) 3849 2381",
        "services": "Collect & Return",
        "hours": "Mon: 09:00-17:30; Tue: 09:00-17:30; Wed: 09:00-17:30; Thu: 09:00-19:00; Fri: 09:00-17:30; Sat: 09:00-16:00; Sun: closed",
        "full_address": "Cnr Logan Rd &amp; Creek Rd, Mount Gravatt, QLD, 4122"
      }
    },
    {
      "type": "Feature",
      "geometry": {
        "type": "Point",
        "coordinates": [
          139.49497,
          -20.7255
        ]
      },
      "properties": {
        "identifier": "OPSM Mt Isa_1585",
        "sap_id": "1585",
        "name": "OPSM Mt Isa",
        "address_1": "22 Simpson St",
        "address_2": "",
        "address_3": "",
        "city": "Mount Isa",
        "state": "QLD",
        "postal_code": "4825",
        "country": "AU",
        "phone": "(07) 4743 3839",
        "fax": "(07) 4743 9023",
        "services": "Kids Vision Centre, Collect & Return",
        "hours": "Mon: 08:30-17:00; Tue: 08:30-17:00; Wed: 08:30-17:00; Thu: 08:30-17:00; Fri: 08:30-17:00; Sat: closed; Sun: closed",
        "full_address": "22 Simpson St, Mount Isa, QLD, 4825"
      }
    },
    {
      "type": "Feature",
      "geometry": {
        "type": "Point",
        "coordinates": [
          152.93942,
          -27.54869
        ]
      },
      "properties": {
        "identifier": "OPSM Mt Ommaney_1274",
        "sap_id": "1274",
        "name": "OPSM Mt Ommaney",
        "address_1": "171 Dandenong Rd",
        "address_2": "",
        "address_3": "",
        "city": "Mt Ommaney",
        "state": "QLD",
        "postal_code": "4074",
        "country": "AU",
        "phone": "(07) 3279 0699",
        "fax": "(07) 3279 0559",
        "services": "Kids Vision Centre, Collect & Return",
        "hours": "Mon: 09:00-17:30; Tue: 09:00-17:30; Wed: 09:00-17:30; Thu: 09:00-21:00; Fri: 09:00-17:30; Sat: 09:00-17:00; Sun: 10:00-16:00",
        "full_address": "171 Dandenong Rd, Mt Ommaney, QLD, 4074"
      }
    },
    {
      "type": "Feature",
      "geometry": {
        "type": "Point",
        "coordinates": [
          153.0485,
          -26.4153
        ]
      },
      "properties": {
        "identifier": "OPSM Noosa_2998",
        "sap_id": "2998",
        "name": "OPSM Noosa",
        "address_1": "28 Eenie Creek Rd",
        "address_2": "",
        "address_3": "",
        "city": "Noosaville",
        "state": "QLD",
        "postal_code": "4566",
        "country": "AU",
        "phone": "(07) 5474 2399",
        "fax": "(07) 5474 4475",
        "services": "Collect & Return",
        "hours": "Mon: 09:00-17:30; Tue: 09:00-17:30; Wed: 09:00-17:30; Thu: 09:00-19:00; Fri: 09:00-17:30; Sat: 09:00-17:00; Sun: 10:00-16:00",
        "full_address": "28 Eenie Creek Rd, Noosaville, QLD, 4566"
      }
    },
    {
      "type": "Feature",
      "geometry": {
        "type": "Point",
        "coordinates": [
          152.75892,
          -27.60873
        ]
      },
      "properties": {
        "identifier": "OPSM Ipswich_2978",
        "sap_id": "2978",
        "name": "OPSM Ipswich",
        "address_1": "Cnr Down St &amp; The Terrace",
        "address_2": "",
        "address_3": "",
        "city": "North Ipswich",
        "state": "QLD",
        "postal_code": "4305",
        "country": "AU",
        "phone": "(07) 3557 0003",
        "fax": "(07) 3557 0382",
        "services": "Collect & Return",
        "hours": "Mon: 09:00-17:30; Tue: 09:00-17:30; Wed: 09:00-17:30; Thu: 09:00-21:00; Fri: 09:00-17:30; Sat: 09:00-17:00; Sun: 10:00-16:00",
        "full_address": "Cnr Down St &amp; The Terrace, North Ipswich, QLD, 4305"
      }
    },
    {
      "type": "Feature",
      "geometry": {
        "type": "Point",
        "coordinates": [
          152.83969,
          -25.28341
        ]
      },
      "properties": {
        "identifier": "OPSM Hervey Bay_1299",
        "sap_id": "1299",
        "name": "OPSM Hervey Bay",
        "address_1": "Cnr Hunter St &amp; Old Maryborough Rd",
        "address_2": "",
        "address_3": "",
        "city": "Pialba",
        "state": "QLD",
        "postal_code": "4655",
        "country": "AU",
        "phone": "(07) 4124 2627",
        "fax": "(07) 4124 1462",
        "services": "Collect & Return",
        "hours": "Mon: 08:30-17:00; Tue: 08:30-17:00; Wed: 08:30-17:00; Thu: 08:30-17:00; Fri: 08:30-17:00; Sat: 08:30-17:00; Sun: closed",
        "full_address": "Cnr Hunter St &amp; Old Maryborough Rd, Pialba, QLD, 4655"
      }
    },
    {
      "type": "Feature",
      "geometry": {
        "type": "Point",
        "coordinates": [
          153.38606,
          -28.07611
        ]
      },
      "properties": {
        "identifier": "OPSM Robina_1322",
        "sap_id": "1322",
        "name": "OPSM Robina",
        "address_1": "167-191 Robina Town Centre Dr",
        "address_2": "",
        "address_3": "",
        "city": "Robina Town Centre",
        "state": "QLD",
        "postal_code": "4230",
        "country": "AU",
        "phone": "(07) 5593 2199",
        "fax": "(07) 5593 2700",
        "services": "Collect & Return",
        "hours": "Mon: 09:00-17:30; Tue: 09:00-17:30; Wed: 09:00-17:30; Thu: 09:00-21:00; Fri: 09:00-17:30; Sat: 09:00-17:00; Sun: 10:00-16:00",
        "full_address": "167-191 Robina Town Centre Dr, Robina Town Centre, QLD, 4230"
      }
    },
    {
      "type": "Feature",
      "geometry": {
        "type": "Point",
        "coordinates": [
          150.52231,
          -23.35608
        ]
      },
      "properties": {
        "identifier": "OPSM Rockhampton_1064",
        "sap_id": "1064",
        "name": "OPSM Rockhampton",
        "address_1": "Yaamba Rd &amp; Bruce Hwy",
        "address_2": "",
        "address_3": "",
        "city": "Rockhampton",
        "state": "QLD",
        "postal_code": "4701",
        "country": "AU",
        "phone": "(07) 4928 0022",
        "fax": "(07) 4926 2875",
        "services": "Dry Eye, Collect & Return",
        "hours": "Mon: 09:00-17:30; Tue: 09:00-17:30; Wed: 09:00-17:30; Thu: 09:00-21:00; Fri: 09:00-17:30; Sat: 09:00-17:00; Sun: 10:00-16:00",
        "full_address": "Yaamba Rd &amp; Bruce Hwy, Rockhampton, QLD, 4701"
      }
    },
    {
      "type": "Feature",
      "geometry": {
        "type": "Point",
        "coordinates": [
          153.39963,
          -27.91408
        ]
      },
      "properties": {
        "identifier": "OPSM Runaway Bay_1076",
        "sap_id": "1076",
        "name": "OPSM Runaway Bay",
        "address_1": "10 - 12 Lae Dr",
        "address_2": "",
        "address_3": "",
        "city": "Runaway Bay",
        "state": "QLD",
        "postal_code": "4216",
        "country": "AU",
        "phone": "(07) 5529 1166",
        "fax": "(07) 5528 9992",
        "services": "Collect & Return",
        "hours": "Mon: 09:00-17:30; Tue: 09:00-17:30; Wed: 09:00-17:30; Thu: 09:00-20:00; Fri: 09:00-17:30; Sat: 09:00-17:00; Sun: 10:00-16:00",
        "full_address": "10 - 12 Lae Dr, Runaway Bay, QLD, 4216"
      }
    },
    {
      "type": "Feature",
      "geometry": {
        "type": "Point",
        "coordinates": [
          153.17229,
          -27.66046
        ]
      },
      "properties": {
        "identifier": "OPSM Loganholme_1562",
        "sap_id": "1562",
        "name": "OPSM Loganholme",
        "address_1": "3828-3846 Pacific Hwy",
        "address_2": "",
        "address_3": "",
        "city": "Shailer Park",
        "state": "QLD",
        "postal_code": "4128",
        "country": "AU",
        "phone": "(07) 3209 7525",
        "fax": "(07) 3801 2870",
        "services": "Collect & Return",
        "hours": "Mon: 08:30-17:30; Tue: 08:30-17:30; Wed: 08:30-17:30; Thu: 08:30-21:00; Fri: 08:30-17:30; Sat: 09:00-17:00; Sun: 10:00-16:00",
        "full_address": "3828-3846 Pacific Hwy, Shailer Park, QLD, 4128"
      }
    },
    {
      "type": "Feature",
      "geometry": {
        "type": "Point",
        "coordinates": [
          153.41572,
          -27.96859
        ]
      },
      "properties": {
        "identifier": "OPSM Southport_1343",
        "sap_id": "1343",
        "name": "OPSM Southport",
        "address_1": "42 Marine Pde",
        "address_2": "",
        "address_3": "",
        "city": "Southport",
        "state": "QLD",
        "postal_code": "4215",
        "country": "AU",
        "phone": "(07) 5531 1128",
        "fax": "(07) 5591 1224",
        "services": "Collect & Return",
        "hours": "Mon: 09:00-17:30; Tue: 09:00-17:30; Wed: 09:00-17:30; Thu: 09:00-20:00; Fri: 09:00-17:30; Sat: 09:00-17:00; Sun: 10:00-16:00",
        "full_address": "42 Marine Pde, Southport, QLD, 4215"
      }
    },
    {
      "type": "Feature",
      "geometry": {
        "type": "Point",
        "coordinates": [
          152.90262,
          -27.6774
        ]
      },
      "properties": {
        "identifier": "OPSM Springfield_1110",
        "sap_id": "1110",
        "name": "OPSM Springfield",
        "address_1": "1 Main St",
        "address_2": "",
        "address_3": "",
        "city": "Springfield Lakes",
        "state": "QLD",
        "postal_code": "4300",
        "country": "AU",
        "phone": "(07) 3470 0884",
        "fax": "(07) 3470 0889",
        "services": "Kids Vision Centre, Collect & Return",
        "hours": "Mon: 09:00-17:30; Tue: 09:00-17:30; Wed: 09:00-17:30; Thu: 09:00-21:00; Fri: 09:00-17:30; Sat: 09:00-17:00; Sun: 10:00-16:00",
        "full_address": "1 Main St, Springfield Lakes, QLD, 4300"
      }
    },
    {
      "type": "Feature",
      "geometry": {
        "type": "Point",
        "coordinates": [
          153.0122,
          -27.4117
        ]
      },
      "properties": {
        "identifier": "OPSM Stafford_7025",
        "sap_id": "7025",
        "name": "OPSM Stafford",
        "address_1": "400 Stafford Rd",
        "address_2": "",
        "address_3": "",
        "city": "Stafford",
        "state": "QLD",
        "postal_code": "4053",
        "country": "AU",
        "phone": "(07) 3352 7964",
        "fax": "(07) 3352 7968",
        "services": "Kids Vision Centre",
        "hours": "Mon: 09:00-17:30; Tue: 09:00-17:30; Wed: 09:00-17:30; Thu: 09:00-19:30; Fri: 09:00-17:30; Sat: 09:00-16:00; Sun: closed",
        "full_address": "400 Stafford Rd, Stafford, QLD, 4053"
      }
    },
    {
      "type": "Feature",
      "geometry": {
        "type": "Point",
        "coordinates": [
          152.99344,
          -27.30691
        ]
      },
      "properties": {
        "identifier": "OPSM Strathpine_1436",
        "sap_id": "1436",
        "name": "OPSM Strathpine",
        "address_1": "Strathpine Centre,295 Gympie Rd",
        "address_2": "",
        "address_3": "",
        "city": "Strathpine",
        "state": "QLD",
        "postal_code": "4500",
        "country": "AU",
        "phone": "(07) 3881 2899",
        "fax": "(07) 3881 2901",
        "services": "Audiology, Dry Eye, Collect & Return",
        "hours": "Mon: 09:00-17:30; Tue: 09:00-17:30; Wed: 09:00-17:00; Thu: 09:00-20:00; Fri: 09:00-17:30; Sat: 09:00-17:00; Sun: 10:00-16:00",
        "full_address": "Strathpine Centre,295 Gympie Rd, Strathpine, QLD, 4500"
      }
    },
    {
      "type": "Feature",
      "geometry": {
        "type": "Point",
        "coordinates": [
          153.06276,
          -27.56961
        ]
      },
      "properties": {
        "identifier": "OPSM Sunnybank_1268",
        "sap_id": "1268",
        "name": "OPSM Sunnybank",
        "address_1": "Cnr Mains Rd &amp; Mccullough St",
        "address_2": "",
        "address_3": "",
        "city": "Sunnybank",
        "state": "QLD",
        "postal_code": "4109",
        "country": "AU",
        "phone": "(07) 3344 2406",
        "fax": "(07) 3344 4709",
        "services": "Kids Vision Centre, Collect & Return",
        "hours": "Mon: 09:00-17:30; Tue: 09:00-17:30; Wed: 09:00-17:30; Thu: 09:00-20:00; Fri: 09:00-17:30; Sat: 09:00-16:00; Sun: 10:00-16:00",
        "full_address": "Cnr Mains Rd &amp; Mccullough St, Sunnybank, QLD, 4109"
      }
    },
    {
      "type": "Feature",
      "geometry": {
        "type": "Point",
        "coordinates": [
          152.95269,
          -27.44597
        ]
      },
      "properties": {
        "identifier": "OPSM The Gap_1387",
        "sap_id": "1387",
        "name": "OPSM The Gap",
        "address_1": "1000 Waterworks Rd",
        "address_2": "",
        "address_3": "",
        "city": "The Gap",
        "state": "QLD",
        "postal_code": "4061",
        "country": "AU",
        "phone": "(07) 3300 6400",
        "fax": "(07) 3300 0313",
        "services": "Kids Vision Centre, Collect & Return",
        "hours": "Mon: 09:00-17:30; Tue: 09:00-17:30; Wed: 09:00-17:30; Thu: 09:00-19:00; Fri: 09:00-17:30; Sat: 09:00-17:00; Sun: 10:00-16:00",
        "full_address": "1000 Waterworks Rd, The Gap, QLD, 4061"
      }
    },
    {
      "type": "Feature",
      "geometry": {
        "type": "Point",
        "coordinates": [
          152.99289,
          -27.48504
        ]
      },
      "properties": {
        "identifier": "OPSM Toowong_1565",
        "sap_id": "1565",
        "name": "OPSM Toowong",
        "address_1": "9 Serwood Rd",
        "address_2": "",
        "address_3": "",
        "city": "Toowong",
        "state": "QLD",
        "postal_code": "4066",
        "country": "AU",
        "phone": "(07) 3371 7733",
        "fax": "(07) 3371 0810",
        "services": "Collect & Return",
        "hours": "Mon: 09:00-17:30; Tue: 09:00-17:30; Wed: 09:00-17:30; Thu: 09:00-21:00; Fri: 09:00-17:30; Sat: 09:00-17:00; Sun: closed",
        "full_address": "9 Serwood Rd, Toowong, QLD, 4066"
      }
    },
    {
      "type": "Feature",
      "geometry": {
        "type": "Point",
        "coordinates": [
          151.93255,
          -27.56466
        ]
      },
      "properties": {
        "identifier": "OPSM Clifford Gardens_1339",
        "sap_id": "1339",
        "name": "OPSM Clifford Gardens",
        "address_1": "Cnr Anzac Ave &amp; James St",
        "address_2": "",
        "address_3": "",
        "city": "Toowoomba",
        "state": "QLD",
        "postal_code": "4350",
        "country": "AU",
        "phone": "(07) 4634 1934",
        "fax": "(07) 4634 1609",
        "services": "Collect & Return",
        "hours": "Mon: 08:30-17:30; Tue: 08:30-17:30; Wed: 08:30-17:30; Thu: 08:30-20:00; Fri: 08:30-17:30; Sat: 08:30-16:00; Sun: 10:00-15:00",
        "full_address": "Cnr Anzac Ave &amp; James St, Toowoomba, QLD, 4350"
      }
    },
    {
      "type": "Feature",
      "geometry": {
        "type": "Point",
        "coordinates": [
          151.94874,
          -27.5615
        ]
      },
      "properties": {
        "identifier": "OPSM Toowoomba_1062",
        "sap_id": "1062",
        "name": "OPSM Toowoomba",
        "address_1": "Cnr Margaret St &amp; Clifford St",
        "address_2": "",
        "address_3": "",
        "city": "Toowoomba",
        "state": "QLD",
        "postal_code": "4350",
        "country": "AU",
        "phone": "(07) 4638 5799",
        "fax": "(07) 4639 3276",
        "services": "Dry Eye, Collect & Return",
        "hours": "Mon: 08:30-17:30; Tue: 08:30-17:30; Wed: 08:30-17:30; Thu: 08:30-21:00; Fri: 08:30-17:00; Sat: 08:30-17:00; Sun: 10:00-16:00",
        "full_address": "Cnr Margaret St &amp; Clifford St, Toowoomba, QLD, 4350"
      }
    },
    {
      "type": "Feature",
      "geometry": {
        "type": "Point",
        "coordinates": [
          146.79091,
          -19.27202
        ]
      },
      "properties": {
        "identifier": "OPSM Castletown_1169",
        "sap_id": "1169",
        "name": "OPSM Castletown",
        "address_1": "Cnr Woolcock St &amp; Kings Rd",
        "address_2": "",
        "address_3": "",
        "city": "Townsville",
        "state": "QLD",
        "postal_code": "4810",
        "country": "AU",
        "phone": "(07) 4721 6831",
        "fax": "(07) 4721 6827",
        "services": "Dry Eye, Collect & Return",
        "hours": "Mon: 09:00-17:30; Tue: 09:00-17:30; Wed: 09:00-17:30; Thu: 09:00-20:00; Fri: 09:00-17:30; Sat: 09:00-16:00; Sun: 10:00-15:00",
        "full_address": "Cnr Woolcock St &amp; Kings Rd, Townsville, QLD, 4810"
      }
    },
    {
      "type": "Feature",
      "geometry": {
        "type": "Point",
        "coordinates": [
          153.08298,
          -27.56303
        ]
      },
      "properties": {
        "identifier": "OPSM Mt Gravatt Westfield_1262",
        "sap_id": "1262",
        "name": "OPSM Mt Gravatt Westfield",
        "address_1": "Kessells Rd",
        "address_2": "",
        "address_3": "",
        "city": "Upper Mount Gravatt",
        "state": "QLD",
        "postal_code": "4122",
        "country": "AU",
        "phone": "(07) 3343 3944",
        "fax": "(07) 3349 2356",
        "services": "Dry Eye, Collect & Return",
        "hours": "Mon: 08:30-17:30; Tue: 08:30-17:30; Wed: 08:30-17:30; Thu: 08:30-21:00; Fri: 08:30-17:30; Sat: 08:30-17:00; Sun: 09:30-16:00",
        "full_address": "Kessells Rd, Upper Mount Gravatt, QLD, 4122"
      }
    },
    {
      "type": "Feature",
      "geometry": {
        "type": "Point",
        "coordinates": [
          153.28017,
          -27.58784
        ]
      },
      "properties": {
        "identifier": "OPSM Victoria Point_1552",
        "sap_id": "1552",
        "name": "OPSM Victoria Point",
        "address_1": "2-34 Bunker Rd",
        "address_2": "",
        "address_3": "",
        "city": "Victoria Point",
        "state": "QLD",
        "postal_code": "4165",
        "country": "AU",
        "phone": "(07) 3820 8237",
        "fax": "(07) 3820 6585",
        "services": "Collect & Return",
        "hours": "Mon: 09:00-17:30; Tue: 09:00-17:30; Wed: 09:00-17:30; Thu: 09:00-21:00; Fri: 09:00-17:30; Sat: 09:00-17:00; Sun: 10:00-16:00",
        "full_address": "2-34 Bunker Rd, Victoria Point, QLD, 4165"
      }
    },
    {
      "type": "Feature",
      "geometry": {
        "type": "Point",
        "coordinates": [
          150.74536,
          -23.12788
        ]
      },
      "properties": {
        "identifier": "OPSM Bay Plaza Yeppoon_2957",
        "sap_id": "2957",
        "name": "OPSM Bay Plaza Yeppoon",
        "address_1": "64-76 James St",
        "address_2": "",
        "address_3": "",
        "city": "Yeppoon",
        "state": "QLD",
        "postal_code": "4703",
        "country": "AU",
        "phone": "(07) 4910 8762",
        "fax": "(07) 4910 8764",
        "services": "Collect & Return",
        "hours": "Mon: 09:00-17:30; Tue: 09:00-17:30; Wed: 09:00-17:30; Thu: 09:00-19:00; Fri: 09:00-17:30; Sat: 09:00-16:00; Sun: closed",
        "full_address": "64-76 James St, Yeppoon, QLD, 4703"
      }
    },
    {
      "type": "Feature",
      "geometry": {
        "type": "Point",
        "coordinates": [
          138.59267,
          -35.07489
        ]
      },
      "properties": {
        "identifier": "Vision Hub Aberfoyle Park by OPSM_2961",
        "sap_id": "2961",
        "name": "Vision Hub Aberfoyle Park by OPSM",
        "address_1": "Shop 31/130-150 Hub Drive",
        "address_2": "",
        "address_3": "",
        "city": "Aberfoyle Park",
        "state": "SA",
        "postal_code": "5159",
        "country": "AU",
        "phone": "(08)83706588",
        "fax": "(08) 8370 6589",
        "services": "Kids Vision Centre, Collect & Return",
        "hours": "Mon: 09:00-17:30; Tue: 09:00-17:30; Wed: 09:00-17:30; Thu: 09:00-18:00; Fri: 09:00-17:30; Sat: 09:00-13:00; Sun: closed",
        "full_address": "Shop 31/130-150 Hub Drive, Aberfoyle Park, SA, 5159"
      }
    },
    {
      "type": "Feature",
      "geometry": {
        "type": "Point",
        "coordinates": [
          138.60226,
          -34.92302
        ]
      },
      "properties": {
        "identifier": "OPSM Adelaide Rundle Mall_1376",
        "sap_id": "1376",
        "name": "OPSM Adelaide Rundle Mall",
        "address_1": "71 Rundle Mall",
        "address_2": "",
        "address_3": "",
        "city": "Adelaide",
        "state": "SA",
        "postal_code": "5000",
        "country": "AU",
        "phone": "(08) 8212  5192",
        "fax": "(08) 8231 9881",
        "services": "Audiology, Dry Eye, Collect & Return",
        "hours": "Mon: 08:30-17:30; Tue: 08:30-17:30; Wed: 08:30-17:30; Thu: 08:30-17:30; Fri: 08:30-21:00; Sat: 09:00-17:00; Sun: 09:00-17:00",
        "full_address": "71 Rundle Mall, Adelaide, SA, 5000"
      }
    },
    {
      "type": "Feature",
      "geometry": {
        "type": "Point",
        "coordinates": [
          138.6023,
          -34.92143
        ]
      },
      "properties": {
        "identifier": "OPSM Bagot House_1050",
        "sap_id": "1050",
        "name": "OPSM Bagot House",
        "address_1": "198 North Terrace",
        "address_2": "",
        "address_3": "",
        "city": "Adelaide",
        "state": "SA",
        "postal_code": "5000",
        "country": "AU",
        "phone": "(08) 8305 1000",
        "fax": "08 8232 6541",
        "services": "Collect & Return",
        "hours": "Mon: 08:30-17:30; Tue: 08:30-17:30; Wed: 08:30-17:00; Thu: 08:30-17:30; Fri: 08:30-18:00; Sat: 09:00-17:00; Sun: 09:00-17:00",
        "full_address": "198 North Terrace, Adelaide, SA, 5000"
      }
    },
    {
      "type": "Feature",
      "geometry": {
        "type": "Point",
        "coordinates": [
          140.60188,
          -34.2867
        ]
      },
      "properties": {
        "identifier": "OPSM Berri_1579",
        "sap_id": "1579",
        "name": "OPSM Berri",
        "address_1": "24 Denny St",
        "address_2": "",
        "address_3": "",
        "city": "Berri",
        "state": "SA",
        "postal_code": "5343",
        "country": "AU",
        "phone": "(08) 8582 2974",
        "fax": "(08) 8582 2194",
        "services": "Collect & Return",
        "hours": "Mon: 09:00-17:30; Tue: 09:00-17:30; Wed: 09:00-17:30; Thu: 09:00-17:30; Fri: 09:00-17:30; Sat: closed; Sun: closed",
        "full_address": "24 Denny St, Berri, SA, 5343"
      }
    },
    {
      "type": "Feature",
      "geometry": {
        "type": "Point",
        "coordinates": [
          138.57246,
          -34.98117
        ]
      },
      "properties": {
        "identifier": "OPSM Edwardstown_1572",
        "sap_id": "1572",
        "name": "OPSM Edwardstown",
        "address_1": "992 South Rd",
        "address_2": "",
        "address_3": "",
        "city": "Edwardstown",
        "state": "SA",
        "postal_code": "5039",
        "country": "AU",
        "phone": "(08) 8277 6822",
        "fax": "(08) 8374 1397",
        "services": "Collect & Return",
        "hours": "Mon: 09:00-17:30; Tue: 09:00-17:30; Wed: 09:00-17:30; Thu: 09:00-20:00; Fri: 09:00-17:30; Sat: 09:00-17:00; Sun: 11:00-17:00",
        "full_address": "992 South Rd, Edwardstown, SA, 5039"
      }
    },
    {
      "type": "Feature",
      "geometry": {
        "type": "Point",
        "coordinates": [
          138.66765,
          -34.71849
        ]
      },
      "properties": {
        "identifier": "OPSM Elizabeth_1155",
        "sap_id": "1155",
        "name": "OPSM Elizabeth",
        "address_1": "50 Elizabeth Way",
        "address_2": "",
        "address_3": "",
        "city": "Elizabeth",
        "state": "SA",
        "postal_code": "5112",
        "country": "AU",
        "phone": "(08) 8252 1255",
        "fax": "(08) 8287 0699",
        "services": "Kids Vision Centre, Collect & Return",
        "hours": "Mon: 09:00-17:30; Tue: 09:00-17:30; Wed: 09:00-17:30; Thu: 09:00-21:00; Fri: 09:00-17:30; Sat: 09:00-17:00; Sun: 09:00-17:00",
        "full_address": "50 Elizabeth Way, Elizabeth, SA, 5112"
      }
    },
    {
      "type": "Feature",
      "geometry": {
        "type": "Point",
        "coordinates": [
          138.656,
          -34.9048
        ]
      },
      "properties": {
        "identifier": "OPSM Firle 2_1422",
        "sap_id": "1422",
        "name": "OPSM Firle 2",
        "address_1": "171 Glynburn Rd",
        "address_2": "",
        "address_3": "",
        "city": "Firle",
        "state": "SA",
        "postal_code": "5070",
        "country": "AU",
        "phone": "(08) 8332 9788",
        "fax": "(08) 8364 2843",
        "services": "Kids Vision Centre, Collect & Return",
        "hours": "Mon: 09:00-17:30; Tue: 09:00-17:30; Wed: 09:00-17:30; Thu: 09:00-18:30; Fri: 09:00-17:30; Sat: 09:00-17:00; Sun: closed",
        "full_address": "171 Glynburn Rd, Firle, SA, 5070"
      }
    },
    {
      "type": "Feature",
      "geometry": {
        "type": "Point",
        "coordinates": [
          138.7491,
          -34.6002
        ]
      },
      "properties": {
        "identifier": "OPSM Gawler_1251",
        "sap_id": "1251",
        "name": "OPSM Gawler",
        "address_1": "56 Murray St",
        "address_2": "",
        "address_3": "",
        "city": "Gawler",
        "state": "SA",
        "postal_code": "5118",
        "country": "AU",
        "phone": "(08) 8522 1580",
        "fax": "(08) 8522 5055",
        "services": "Collect & Return",
        "hours": "Mon: 09:00-17:30; Tue: 09:00-17:30; Wed: 09:00-17:30; Thu: 09:00-20:00; Fri: 09:00-17:30; Sat: 09:00-17:00; Sun: closed",
        "full_address": "56 Murray St, Gawler, SA, 5118"
      }
    },
    {
      "type": "Feature",
      "geometry": {
        "type": "Point",
        "coordinates": [
          138.51955,
          -34.97916
        ]
      },
      "properties": {
        "identifier": "OPSM Glenelg_1211",
        "sap_id": "1211",
        "name": "OPSM Glenelg",
        "address_1": "Cnr Brighton Rd &amp; Jetty Rd",
        "address_2": "",
        "address_3": "",
        "city": "Glenelg",
        "state": "SA",
        "postal_code": "5045",
        "country": "AU",
        "phone": "(08) 8294 2566",
        "fax": "(08) 8294 2993",
        "services": "Dry Eye, Collect & Return",
        "hours": "Mon: 08:30-17:30; Tue: 08:30-17:30; Wed: 08:30-17:30; Thu: 08:30-18:00; Fri: 08:30-17:30; Sat: 08:30-17:00; Sun: 11:00-17:00",
        "full_address": "Cnr Brighton Rd &amp; Jetty Rd, Glenelg, SA, 5045"
      }
    },
    {
      "type": "Feature",
      "geometry": {
        "type": "Point",
        "coordinates": [
          138.64148,
          -34.94124
        ]
      },
      "properties": {
        "identifier": "OPSM Burnside_1011",
        "sap_id": "1011",
        "name": "OPSM Burnside",
        "address_1": "447 Portrush Rd",
        "address_2": "",
        "address_3": "",
        "city": "Glenside",
        "state": "SA",
        "postal_code": "5065",
        "country": "AU",
        "phone": "(08) 8338 6400",
        "fax": "(08) 8338 5318",
        "services": "Dry Eye, Kids Vision Centre, Collect & Return",
        "hours": "Mon: 09:00-17:30; Tue: 09:00-17:30; Wed: 09:00-17:30; Thu: 09:00-21:00; Fri: 09:00-17:30; Sat: 09:00-17:00; Sun: 11:00-17:00",
        "full_address": "447 Portrush Rd, Glenside, SA, 5065"
      }
    },
    {
      "type": "Feature",
      "geometry": {
        "type": "Point",
        "coordinates": [
          138.69436,
          -34.79034
        ]
      },
      "properties": {
        "identifier": "OPSM Golden Grove_1468",
        "sap_id": "1468",
        "name": "OPSM Golden Grove",
        "address_1": "Cnr The Golden Way &amp; The Grove Way",
        "address_2": "",
        "address_3": "",
        "city": "Golden Grove",
        "state": "SA",
        "postal_code": "5125",
        "country": "AU",
        "phone": "(08) 8289 3544",
        "fax": "(08) 8289 1136",
        "services": "Collect & Return",
        "hours": "Mon: 09:00-17:30; Tue: 09:00-17:30; Wed: 09:00-17:30; Thu: 09:00-20:00; Fri: 09:00-17:30; Sat: 09:00-17:00; Sun: 09:00-17:00",
        "full_address": "Cnr The Golden Way &amp; The Grove Way, Golden Grove, SA, 5125"
      }
    },
    {
      "type": "Feature",
      "geometry": {
        "type": "Point",
        "coordinates": [
          138.54961,
          -34.87401
        ]
      },
      "properties": {
        "identifier": "OPSM Arndale_1648",
        "sap_id": "1648",
        "name": "OPSM Arndale",
        "address_1": "Cnr Hanson Rd &amp; Torrens Rd",
        "address_2": "",
        "address_3": "",
        "city": "Kilkenny",
        "state": "SA",
        "postal_code": "5009",
        "country": "AU",
        "phone": "(08) 8345 2471",
        "fax": "(08) 8243 0340",
        "services": "Collect & Return",
        "hours": "Mon: 09:00-17:30; Tue: 09:00-17:30; Wed: 09:00-17:30; Thu: 09:00-20:00; Fri: 09:00-17:30; Sat: 09:00-17:00; Sun: closed",
        "full_address": "Cnr Hanson Rd &amp; Torrens Rd, Kilkenny, SA, 5009"
      }
    },
    {
      "type": "Feature",
      "geometry": {
        "type": "Point",
        "coordinates": [
          138.69223,
          -34.83077
        ]
      },
      "properties": {
        "identifier": "OPSM Tea Tree Plaza_1231",
        "sap_id": "1231",
        "name": "OPSM Tea Tree Plaza",
        "address_1": "976 North East Rd",
        "address_2": "",
        "address_3": "",
        "city": "Modbury",
        "state": "SA",
        "postal_code": "5092",
        "country": "AU",
        "phone": "(08) 8264 3000",
        "fax": "(08) 8396 3178",
        "services": "Kids Vision Centre, Collect & Return",
        "hours": "Mon: 08:30-17:30; Tue: 08:30-17:30; Wed: 08:30-17:30; Thu: 08:30-21:00; Fri: 08:30-17:30; Sat: 08:30-17:00; Sun: 09:00-17:00",
        "full_address": "976 North East Rd, Modbury, SA, 5092"
      }
    },
    {
      "type": "Feature",
      "geometry": {
        "type": "Point",
        "coordinates": [
          138.54753,
          -35.11402
        ]
      },
      "properties": {
        "identifier": "OPSM Southgate Square_2934",
        "sap_id": "2934",
        "name": "OPSM Southgate Square",
        "address_1": "Cnr Sherriffs &amp; Hillier Rd",
        "address_2": "",
        "address_3": "",
        "city": "Morphett Vale",
        "state": "SA",
        "postal_code": "5162",
        "country": "AU",
        "phone": "(08) 8305 1015",
        "fax": "(08) 8305 1016",
        "services": "Kids Vision Centre, Collect & Return",
        "hours": "Mon: 09:00-17:30; Tue: 09:00-17:30; Wed: 09:00-17:30; Thu: 09:00-19:00; Fri: 09:00-17:30; Sat: 09:00-17:00; Sun: closed",
        "full_address": "Cnr Sherriffs &amp; Hillier Rd, Morphett Vale, SA, 5162"
      }
    },
    {
      "type": "Feature",
      "geometry": {
        "type": "Point",
        "coordinates": [
          138.85975,
          -35.06489
        ]
      },
      "properties": {
        "identifier": "OPSM Mt Barker_1245",
        "sap_id": "1245",
        "name": "OPSM Mt Barker",
        "address_1": "13 Mclaren St",
        "address_2": "",
        "address_3": "",
        "city": "Mount Barker",
        "state": "SA",
        "postal_code": "5251",
        "country": "AU",
        "phone": "(08) 8391 0121",
        "fax": "(08) 8398 2918",
        "services": "Collect & Return",
        "hours": "Mon: 09:00-17:30; Tue: 09:00-17:30; Wed: 09:00-17:30; Thu: 09:00-21:00; Fri: 09:00-17:30; Sat: 09:00-17:00; Sun: 11:00-17:00",
        "full_address": "13 Mclaren St, Mount Barker, SA, 5251"
      }
    },
    {
      "type": "Feature",
      "geometry": {
        "type": "Point",
        "coordinates": [
          140.77727,
          -37.82989
        ]
      },
      "properties": {
        "identifier": "OPSM Mount Gambier_1584",
        "sap_id": "1584",
        "name": "OPSM Mount Gambier",
        "address_1": "21 Helen St",
        "address_2": "",
        "address_3": "",
        "city": "Mount Gambier",
        "state": "SA",
        "postal_code": "5290",
        "country": "AU",
        "phone": "(08) 8725 7222",
        "fax": "(08) 8723 1306",
        "services": "Collect & Return",
        "hours": "Mon: 09:00-17:30; Tue: 09:00-17:30; Wed: 09:00-17:30; Thu: 09:00-19:00; Fri: 09:00-17:30; Sat: 09:00-13:00; Sun: closed",
        "full_address": "21 Helen St, Mount Gambier, SA, 5290"
      }
    },
    {
      "type": "Feature",
      "geometry": {
        "type": "Point",
        "coordinates": [
          138.49432,
          -35.13839
        ]
      },
      "properties": {
        "identifier": "OPSM Colonnades_7071",
        "sap_id": "7071",
        "name": "OPSM Colonnades",
        "address_1": "Cnr Goldsmith Rd &amp; Beach Rd",
        "address_2": "",
        "address_3": "",
        "city": "Noarlunga",
        "state": "SA",
        "postal_code": "5168",
        "country": "AU",
        "phone": "(08) 8384 3399",
        "fax": "(08) 8384 1212",
        "services": "",
        "hours": "Mon: 09:00-17:30; Tue: 09:00-17:30; Wed: 09:00-17:30; Thu: 09:00-21:00; Fri: 09:00-17:30; Sat: 09:00-17:00; Sun: 11:00-16:00",
        "full_address": "Cnr Goldsmith Rd &amp; Beach Rd, Noarlunga, SA, 5168"
      }
    },
    {
      "type": "Feature",
      "geometry": {
        "type": "Point",
        "coordinates": [
          138.59559,
          -34.90724
        ]
      },
      "properties": {
        "identifier": "OPSM North Adelaide_1058",
        "sap_id": "1058",
        "name": "OPSM North Adelaide",
        "address_1": "67 O'Connell St",
        "address_2": "",
        "address_3": "",
        "city": "North Adelaide",
        "state": "SA",
        "postal_code": "5006",
        "country": "AU",
        "phone": "(08) 8239 0400",
        "fax": "(08) 8267 1365",
        "services": "Dry Eye, Collect & Return",
        "hours": "Mon: 09:00-17:30; Tue: 09:00-17:30; Wed: 09:00-17:30; Thu: 09:00-19:00; Fri: 09:00-17:30; Sat: 09:00-17:00; Sun: closed",
        "full_address": "67 O'Connell St, North Adelaide, SA, 5006"
      }
    },
    {
      "type": "Feature",
      "geometry": {
        "type": "Point",
        "coordinates": [
          138.63568,
          -34.92102
        ]
      },
      "properties": {
        "identifier": "OPSM Norwood_2989",
        "sap_id": "2989",
        "name": "OPSM Norwood",
        "address_1": "161 The Parade",
        "address_2": "",
        "address_3": "",
        "city": "Norwood",
        "state": "SA",
        "postal_code": "5067",
        "country": "AU",
        "phone": "(08) 8305 1011",
        "fax": "(08)8305 1012",
        "services": "Kids Vision Centre, Collect & Return",
        "hours": "Mon: 09:00-17:30; Tue: 09:00-17:30; Wed: 09:00-17:30; Thu: 09:00-21:00; Fri: 09:00-17:30; Sat: 09:00-17:00; Sun: 11:00-17:00",
        "full_address": "161 The Parade, Norwood, SA, 5067"
      }
    },
    {
      "type": "Feature",
      "geometry": {
        "type": "Point",
        "coordinates": [
          138.54628,
          -35.01659
        ]
      },
      "properties": {
        "identifier": "OPSM Marion_1254",
        "sap_id": "1254",
        "name": "OPSM Marion",
        "address_1": "297 Diagonal Rd",
        "address_2": "",
        "address_3": "",
        "city": "Oaklands Park",
        "state": "SA",
        "postal_code": "5046",
        "country": "AU",
        "phone": "(08) 8296 5388",
        "fax": "(08) 8296 6856",
        "services": "Audiology, Dry Eye, Collect & Return",
        "hours": "Mon: 08:30-17:30; Tue: 08:30-17:30; Wed: 08:30-17:30; Thu: 08:30-21:00; Fri: 08:30-17:30; Sat: 08:30-17:00; Sun: 09:00-17:00",
        "full_address": "297 Diagonal Rd, Oaklands Park, SA, 5046"
      }
    },
    {
      "type": "Feature",
      "geometry": {
        "type": "Point",
        "coordinates": [
          138.58704,
          -35.00053
        ]
      },
      "properties": {
        "identifier": "Vision Hub Pasadena by OPSM_2962",
        "sap_id": "2962",
        "name": "Vision Hub Pasadena by OPSM",
        "address_1": "Shop 22/20 Five Ash Drive",
        "address_2": "",
        "address_3": "",
        "city": "Pasadena",
        "state": "SA",
        "postal_code": "5042",
        "country": "AU",
        "phone": "(08) 8277 8595",
        "fax": "(08) 8357 6227",
        "services": "Kids Vision Centre, Collect & Return",
        "hours": "Mon: 09:00-17:30; Tue: 09:00-17:30; Wed: 09:00-17:30; Thu: 09:00-19:00; Fri: 09:00-17:30; Sat: 09:00-17:00; Sun: closed",
        "full_address": "Shop 22/20 Five Ash Drive, Pasadena, SA, 5042"
      }
    },
    {
      "type": "Feature",
      "geometry": {
        "type": "Point",
        "coordinates": [
          135.85852,
          -34.72203
        ]
      },
      "properties": {
        "identifier": "OPSM Port Lincoln_1586",
        "sap_id": "1586",
        "name": "OPSM Port Lincoln",
        "address_1": "19 Liverpool St",
        "address_2": "",
        "address_3": "",
        "city": "Port Lincoln",
        "state": "SA",
        "postal_code": "5606",
        "country": "AU",
        "phone": "(08) 8682 2729",
        "fax": "(08) 8682 2882",
        "services": "Collect & Return",
        "hours": "Mon: 09:00-17:30; Tue: 09:00-17:30; Wed: 09:00-17:30; Thu: 09:00-17:30; Fri: 09:00-17:30; Sat: 09:00-13:00; Sun: closed",
        "full_address": "19 Liverpool St, Port Lincoln, SA, 5606"
      }
    },
    {
      "type": "Feature",
      "geometry": {
        "type": "Point",
        "coordinates": [
          138.60192,
          -34.87545
        ]
      },
      "properties": {
        "identifier": "OPSM North Park_1256",
        "sap_id": "1256",
        "name": "OPSM North Park",
        "address_1": "264 Main North Rd",
        "address_2": "",
        "address_3": "",
        "city": "Prospect Adelaide",
        "state": "SA",
        "postal_code": "5082",
        "country": "AU",
        "phone": "(08) 8269 5244",
        "fax": "(08) 8269 4426",
        "services": "Collect & Return",
        "hours": "Mon: 09:00-17:30; Tue: 09:00-17:30; Wed: 09:00-17:30; Thu: 09:00-20:30; Fri: 09:00-17:30; Sat: 09:00-17:00; Sun: closed",
        "full_address": "264 Main North Rd, Prospect Adelaide, SA, 5082"
      }
    },
    {
      "type": "Feature",
      "geometry": {
        "type": "Point",
        "coordinates": [
          138.64561,
          -34.76038
        ]
      },
      "properties": {
        "identifier": "OPSM Salisbury_1066",
        "sap_id": "1066",
        "name": "OPSM Salisbury",
        "address_1": "68 John St",
        "address_2": "",
        "address_3": "",
        "city": "Salisbury",
        "state": "SA",
        "postal_code": "5108",
        "country": "AU",
        "phone": "(08) 8258 6211",
        "fax": "(08) 8281 8223",
        "services": "Collect & Return",
        "hours": "Mon: 09:00-17:30; Tue: 09:00-17:30; Wed: 09:00-17:30; Thu: 09:00-21:00; Fri: 09:00-17:30; Sat: 09:00-17:00; Sun: closed",
        "full_address": "68 John St, Salisbury, SA, 5108"
      }
    },
    {
      "type": "Feature",
      "geometry": {
        "type": "Point",
        "coordinates": [
          138.47908,
          -35.18854
        ]
      },
      "properties": {
        "identifier": "OPSM Seaford_1514",
        "sap_id": "1514",
        "name": "OPSM Seaford",
        "address_1": "Commercial Rd &amp; The Prde",
        "address_2": "",
        "address_3": "",
        "city": "Seaford",
        "state": "SA",
        "postal_code": "5169",
        "country": "AU",
        "phone": "(08) 8386 3400",
        "fax": "(08) 8386 3422",
        "services": "Kids Vision Centre, Collect & Return",
        "hours": "Mon: 09:00-17:30; Tue: 09:00-17:30; Wed: 09:00-17:30; Thu: 09:00-20:00; Fri: 09:00-17:30; Sat: 09:00-17:00; Sun: closed",
        "full_address": "Commercial Rd &amp; The Prde, Seaford, SA, 5169"
      }
    },
    {
      "type": "Feature",
      "geometry": {
        "type": "Point",
        "coordinates": [
          138.61054,
          -34.97552
        ]
      },
      "properties": {
        "identifier": "OPSM Mitcham_1289",
        "sap_id": "1289",
        "name": "OPSM Mitcham",
        "address_1": "119 Belair Rd",
        "address_2": "",
        "address_3": "",
        "city": "Torrens Park",
        "state": "SA",
        "postal_code": "5062",
        "country": "AU",
        "phone": "(08) 8272 6300",
        "fax": "(08) 8373 4723",
        "services": "Collect & Return",
        "hours": "Mon: 09:00-18:00; Tue: 09:00-18:00; Wed: 09:00-18:00; Thu: 09:00-19:00; Fri: 09:00-18:00; Sat: 09:30-17:00; Sun: 09:00-17:00",
        "full_address": "119 Belair Rd, Torrens Park, SA, 5062"
      }
    },
    {
      "type": "Feature",
      "geometry": {
        "type": "Point",
        "coordinates": [
          138.56479,
          -34.91373
        ]
      },
      "properties": {
        "identifier": "OPSM Brickworks_2930",
        "sap_id": "2930",
        "name": "OPSM Brickworks",
        "address_1": "Cnr South Rd &amp; Ashwin Prde",
        "address_2": "",
        "address_3": "",
        "city": "Torrensville",
        "state": "SA",
        "postal_code": "5031",
        "country": "AU",
        "phone": "(08) 8305 1020",
        "fax": "(08) 8305 1021",
        "services": "Collect & Return",
        "hours": "Mon: 09:00-17:30; Tue: 09:00-17:30; Wed: 09:00-17:30; Thu: 09:00-20:00; Fri: 09:00-17:30; Sat: 09:00-17:00; Sun: 11:00-16:00",
        "full_address": "Cnr South Rd &amp; Ashwin Prde, Torrensville, SA, 5031"
      }
    },
    {
      "type": "Feature",
      "geometry": {
        "type": "Point",
        "coordinates": [
          138.62196,
          -35.55585
        ]
      },
      "properties": {
        "identifier": "OPSM Victor Harbor_7082",
        "sap_id": "7082",
        "name": "OPSM Victor Harbor",
        "address_1": "77 Torrens St",
        "address_2": "",
        "address_3": "",
        "city": "Victor Harbor",
        "state": "SA",
        "postal_code": "5211",
        "country": "AU",
        "phone": "(08) 8552 2655",
        "fax": "(08) 8552 5166",
        "services": "",
        "hours": "Mon: 09:00-17:30; Tue: 09:00-17:30; Wed: 09:00-17:30; Thu: 09:00-17:30; Fri: 09:00-17:30; Sat: 09:00-13:00; Sun: closed",
        "full_address": "77 Torrens St, Victor Harbor, SA, 5211"
      }
    },
    {
      "type": "Feature",
      "geometry": {
        "type": "Point",
        "coordinates": [
          138.49075,
          -34.87943
        ]
      },
      "properties": {
        "identifier": "OPSM West Lakes_1081",
        "sap_id": "1081",
        "name": "OPSM West Lakes",
        "address_1": "111 West Lakes Mall Blvd",
        "address_2": "",
        "address_3": "",
        "city": "West Lakes",
        "state": "SA",
        "postal_code": "5021",
        "country": "AU",
        "phone": "(08) 8355 6188",
        "fax": "(08) 8355 6180",
        "services": "Collect & Return",
        "hours": "Mon: 09:00-17:30; Tue: 09:00-17:30; Wed: 09:00-17:30; Thu: 09:00-21:00; Fri: 09:00-17:30; Sat: 09:00-17:00; Sun: 09:00-17:00",
        "full_address": "111 West Lakes Mall Blvd, West Lakes, SA, 5021"
      }
    },
    {
      "type": "Feature",
      "geometry": {
        "type": "Point",
        "coordinates": [
          137.53215,
          -33.0278
        ]
      },
      "properties": {
        "identifier": "OPSM Whyalla_1583",
        "sap_id": "1583",
        "name": "OPSM Whyalla",
        "address_1": "Nicolson Ave",
        "address_2": "",
        "address_3": "",
        "city": "Whyalla",
        "state": "SA",
        "postal_code": "5608",
        "country": "AU",
        "phone": "(08) 8645 2722",
        "fax": "(08) 8645 2023",
        "services": "Collect & Return",
        "hours": "Mon: 08:30-17:30; Tue: 08:30-17:30; Wed: 08:30-17:30; Thu: 08:30-19:00; Fri: 08:30-17:30; Sat: 08:30-13:30; Sun: closed",
        "full_address": "Nicolson Ave, Whyalla, SA, 5608"
      }
    },
    {
      "type": "Feature",
      "geometry": {
        "type": "Point",
        "coordinates": [
          138.54753,
          -35.11402
        ]
      },
      "properties": {
        "identifier": "OPSM Woodcroft_1573",
        "sap_id": "1573",
        "name": "OPSM Woodcroft",
        "address_1": "Cnr Bains &amp; Panalatinga Rd",
        "address_2": "",
        "address_3": "",
        "city": "Woodcroft",
        "state": "SA",
        "postal_code": "5162",
        "country": "AU",
        "phone": "(08) 8325 2011",
        "fax": "(08) 8325 2349",
        "services": "Collect & Return",
        "hours": "Mon: 09:00-17:30; Tue: 09:00-17:30; Wed: 09:00-17:30; Thu: 09:00-18:00; Fri: 09:00-17:30; Sat: 09:00-17:00; Sun: closed",
        "full_address": "Cnr Bains &amp; Panalatinga Rd, Woodcroft, SA, 5162"
      }
    },
    {
      "type": "Feature",
      "geometry": {
        "type": "Point",
        "coordinates": [
          145.90485,
          -41.05206
        ]
      },
      "properties": {
        "identifier": "OPSM Burnie_2287",
        "sap_id": "2287",
        "name": "OPSM Burnie",
        "address_1": "46 Mount St",
        "address_2": "",
        "address_3": "",
        "city": "Burnie",
        "state": "TAS",
        "postal_code": "7320",
        "country": "AU",
        "phone": "(03) 6431 8177",
        "fax": "(03) 6431 6122",
        "services": "Collect & Return",
        "hours": "Mon: 08:30-17:30; Tue: 08:30-17:30; Wed: 08:30-17:30; Thu: 08:30-17:30; Fri: 08:30-17:30; Sat: 08:30-16:00; Sun: closed",
        "full_address": "46 Mount St, Burnie, TAS, 7320"
      }
    },
    {
      "type": "Feature",
      "geometry": {
        "type": "Point",
        "coordinates": [
          146.3602,
          -41.1805
        ]
      },
      "properties": {
        "identifier": "OPSM Devonport_2294",
        "sap_id": "2294",
        "name": "OPSM Devonport",
        "address_1": "31 Rooke St",
        "address_2": "",
        "address_3": "",
        "city": "Devonport",
        "state": "TAS",
        "postal_code": "7310",
        "country": "AU",
        "phone": "(03) 6423 1166",
        "fax": "(03) 6423 6616",
        "services": "Dry Eye, Collect & Return",
        "hours": "Mon: 08:30-17:30; Tue: 08:30-17:30; Wed: 08:30-17:30; Thu: 08:30-17:30; Fri: 08:30-17:30; Sat: 09:00-16:00; Sun: 10:00-15:00",
        "full_address": "31 Rooke St, Devonport, TAS, 7310"
      }
    },
    {
      "type": "Feature",
      "geometry": {
        "type": "Point",
        "coordinates": [
          147.27323,
          -42.83223
        ]
      },
      "properties": {
        "identifier": "OPSM Glenorchy_1662",
        "sap_id": "1662",
        "name": "OPSM Glenorchy",
        "address_1": "387 - 393 Main Rd",
        "address_2": "",
        "address_3": "",
        "city": "Glenorchy",
        "state": "TAS",
        "postal_code": "7010",
        "country": "AU",
        "phone": "(03) 6272 1670",
        "fax": "(03) 6273 0883",
        "services": "Collect & Return",
        "hours": "Mon: 09:00-17:30; Tue: 09:00-17:30; Wed: 09:00-17:30; Thu: 09:00-17:30; Fri: 09:00-19:00; Sat: 09:00-17:00; Sun: 10:00-15:00",
        "full_address": "387 - 393 Main Rd, Glenorchy, TAS, 7010"
      }
    },
    {
      "type": "Feature",
      "geometry": {
        "type": "Point",
        "coordinates": [
          147.32788,
          -42.88319
        ]
      },
      "properties": {
        "identifier": "OPSM Hobart Collins St_2293",
        "sap_id": "2293",
        "name": "OPSM Hobart Collins St",
        "address_1": "140 Collins St",
        "address_2": "",
        "address_3": "",
        "city": "Hobart",
        "state": "TAS",
        "postal_code": "7000",
        "country": "AU",
        "phone": "(03) 6270 6555",
        "fax": "(03) 8354 6273",
        "services": "Dry Eye, Collect & Return",
        "hours": "Mon: 08:30-17:30; Tue: 08:30-17:30; Wed: 08:30-17:30; Thu: 08:30-17:30; Fri: 08:30-17:30; Sat: 09:00-17:00; Sun: 10:00-15:00",
        "full_address": "140 Collins St, Hobart, TAS, 7000"
      }
    },
    {
      "type": "Feature",
      "geometry": {
        "type": "Point",
        "coordinates": [
          147.15871,
          -41.46717
        ]
      },
      "properties": {
        "identifier": "OPSM Kingsmeadow_1666",
        "sap_id": "1666",
        "name": "OPSM Kingsmeadow",
        "address_1": "106 Hobart Rd",
        "address_2": "",
        "address_3": "",
        "city": "Kings Meadows",
        "state": "TAS",
        "postal_code": "7249",
        "country": "AU",
        "phone": "(03) 6344 5555",
        "fax": "(03) 6344 2897",
        "services": "Collect & Return",
        "hours": "Mon: 09:00-17:30; Tue: 09:00-17:30; Wed: 09:00-17:30; Thu: 09:00-19:00; Fri: 09:00-17:30; Sat: 09:00-16:00; Sun: 10:00-15:00",
        "full_address": "106 Hobart Rd, Kings Meadows, TAS, 7249"
      }
    },
    {
      "type": "Feature",
      "geometry": {
        "type": "Point",
        "coordinates": [
          147.31091,
          -42.9746
        ]
      },
      "properties": {
        "identifier": "OPSM Kingston_2292",
        "sap_id": "2292",
        "name": "OPSM Kingston",
        "address_1": "2 Kingston Plaza",
        "address_2": "",
        "address_3": "",
        "city": "Kingston",
        "state": "TAS",
        "postal_code": "7050",
        "country": "AU",
        "phone": "(03) 6229 9911",
        "fax": "(03) 6229 9922",
        "services": "Collect & Return",
        "hours": "Mon: 09:00-17:30; Tue: 09:00-17:30; Wed: 09:00-17:30; Thu: 09:00-17:30; Fri: 09:00-17:30; Sat: 09:00-14:00; Sun: closed",
        "full_address": "2 Kingston Plaza, Kingston, TAS, 7050"
      }
    },
    {
      "type": "Feature",
      "geometry": {
        "type": "Point",
        "coordinates": [
          147.14029,
          -41.43637
        ]
      },
      "properties": {
        "identifier": "OPSM Launceston_2291",
        "sap_id": "2291",
        "name": "OPSM Launceston",
        "address_1": "64 Brisbane St",
        "address_2": "",
        "address_3": "",
        "city": "Launceston",
        "state": "TAS",
        "postal_code": "7250",
        "country": "AU",
        "phone": "(03) 6331 1755",
        "fax": "(03) 6334 7999",
        "services": "Collect & Return",
        "hours": "Mon: 09:00-17:30; Tue: 09:00-17:30; Wed: 09:00-17:30; Thu: 09:00-17:30; Fri: 09:00-17:30; Sat: 09:00-16:00; Sun: closed",
        "full_address": "64 Brisbane St, Launceston, TAS, 7250"
      }
    },
    {
      "type": "Feature",
      "geometry": {
        "type": "Point",
        "coordinates": [
          147.29339,
          -42.84597
        ]
      },
      "properties": {
        "identifier": "OPSM Moonah_2290",
        "sap_id": "2290",
        "name": "OPSM Moonah",
        "address_1": "110 Main Rd",
        "address_2": "",
        "address_3": "",
        "city": "Moonah",
        "state": "TAS",
        "postal_code": "7009",
        "country": "AU",
        "phone": "(03) 6272 0733",
        "fax": "(03) 6272 0214",
        "services": "Collect & Return",
        "hours": "Mon: 09:00-17:30; Tue: 09:00-17:30; Wed: 09:00-17:30; Thu: 09:00-17:30; Fri: 09:00-17:30; Sat: 09:00-13:00; Sun: closed",
        "full_address": "110 Main Rd, Moonah, TAS, 7009"
      }
    },
    {
      "type": "Feature",
      "geometry": {
        "type": "Point",
        "coordinates": [
          147.37075,
          -42.86681
        ]
      },
      "properties": {
        "identifier": "OPSM Rosny_2289",
        "sap_id": "2289",
        "name": "OPSM Rosny",
        "address_1": "13 Bayfield St",
        "address_2": "",
        "address_3": "",
        "city": "Rosny",
        "state": "TAS",
        "postal_code": "7018",
        "country": "AU",
        "phone": "(03) 6244 6600",
        "fax": "(03) 6245 0270",
        "services": "Collect & Return",
        "hours": "Mon: 09:00-17:30; Tue: 09:00-17:30; Wed: 09:00-17:30; Thu: 09:00-17:30; Fri: 09:00-17:30; Sat: 09:00-16:00; Sun: closed",
        "full_address": "13 Bayfield St, Rosny, TAS, 7018"
      }
    },
    {
      "type": "Feature",
      "geometry": {
        "type": "Point",
        "coordinates": [
          145.72552,
          -40.99001
        ]
      },
      "properties": {
        "identifier": "OPSM Wynyard_2288",
        "sap_id": "2288",
        "name": "OPSM Wynyard",
        "address_1": "124 Goldie St",
        "address_2": "",
        "address_3": "",
        "city": "Wynyard",
        "state": "TAS",
        "postal_code": "7325",
        "country": "AU",
        "phone": "(03) 6442 4440",
        "fax": "(03) 6442 4091",
        "services": "Collect & Return",
        "hours": "Mon: closed; Tue: 17:30-closed; Wed: 08:30-17:30; Thu: closed; Fri: closed; Sat: closed; Sun: closed",
        "full_address": "124 Goldie St, Wynyard, TAS, 7325"
      }
    },
    {
      "type": "Feature",
      "geometry": {
        "type": "Point",
        "coordinates": [
          144.88516,
          -37.7143
        ]
      },
      "properties": {
        "identifier": "OPSM Airport West_1488",
        "sap_id": "1488",
        "name": "OPSM Airport West",
        "address_1": "29 - 35 Louis St",
        "address_2": "",
        "address_3": "",
        "city": "Airport West",
        "state": "VIC",
        "postal_code": "3042",
        "country": "AU",
        "phone": "(03) 9335 2077",
        "fax": "(03) 9335 2845",
        "services": "Collect & Return",
        "hours": "Mon: 09:00-17:30; Tue: 09:00-17:30; Wed: 09:00-17:30; Thu: 09:00-21:00; Fri: 09:00-21:00; Sat: 09:00-17:00; Sun: 10:00-17:00",
        "full_address": "29 - 35 Louis St, Airport West, VIC, 3042"
      }
    },
    {
      "type": "Feature",
      "geometry": {
        "type": "Point",
        "coordinates": [
          144.8475,
          -37.82781
        ]
      },
      "properties": {
        "identifier": "OPSM Altona Gate_1428",
        "sap_id": "1428",
        "name": "OPSM Altona Gate",
        "address_1": "124 - 134 Millers Rd",
        "address_2": "",
        "address_3": "",
        "city": "Altona Gate",
        "state": "VIC",
        "postal_code": "3025",
        "country": "AU",
        "phone": "(03) 9315 1510",
        "fax": "(03) 9315 2350",
        "services": "Collect & Return",
        "hours": "Mon: 09:00-17:30; Tue: 09:00-17:30; Wed: 09:00-17:30; Thu: 09:00-20:00; Fri: 09:00-20:00; Sat: 09:00-17:00; Sun: 10:00-17:00",
        "full_address": "124 - 134 Millers Rd, Altona Gate, VIC, 3025"
      }
    },
    {
      "type": "Feature",
      "geometry": {
        "type": "Point",
        "coordinates": [
          147.62948,
          -37.82561
        ]
      },
      "properties": {
        "identifier": "OPSM Bairnsdale_2914",
        "sap_id": "2914",
        "name": "OPSM Bairnsdale",
        "address_1": "111 Nicholson St",
        "address_2": "",
        "address_3": "",
        "city": "Bairnsdale",
        "state": "VIC",
        "postal_code": "3875",
        "country": "AU",
        "phone": "(03)5152 6741",
        "fax": "(03) 5152 6751",
        "services": "Collect & Return",
        "hours": "Mon: 09:00-17:30; Tue: 09:00-17:30; Wed: 09:00-17:30; Thu: 09:00-17:30; Fri: 09:00-17:30; Sat: closed; Sun: closed",
        "full_address": "111 Nicholson St, Bairnsdale, VIC, 3875"
      }
    },
    {
      "type": "Feature",
      "geometry": {
        "type": "Point",
        "coordinates": [
          143.85536,
          -37.56287
        ]
      },
      "properties": {
        "identifier": "OPSM Ballarat_1057",
        "sap_id": "1057",
        "name": "OPSM Ballarat",
        "address_1": "18 Armstrong St South",
        "address_2": "",
        "address_3": "",
        "city": "Ballarat",
        "state": "VIC",
        "postal_code": "3350",
        "country": "AU",
        "phone": "(03) 5333 3120",
        "fax": "(03) 5333 4472",
        "services": "Collect & Return",
        "hours": "Mon: 09:00-17:30; Tue: 09:00-17:30; Wed: 09:00-17:30; Thu: 09:00-17:30; Fri: 09:00-20:00; Sat: 09:00-17:00; Sun: 11:00-16:00",
        "full_address": "18 Armstrong St South, Ballarat, VIC, 3350"
      }
    },
    {
      "type": "Feature",
      "geometry": {
        "type": "Point",
        "coordinates": [
          143.85536,
          -37.56287
        ]
      },
      "properties": {
        "identifier": "OPSM Ballarat Bridge Mall_2261",
        "sap_id": "2261",
        "name": "OPSM Ballarat Bridge Mall",
        "address_1": "Sturt St",
        "address_2": "",
        "address_3": "",
        "city": "Ballarat",
        "state": "VIC",
        "postal_code": "3350",
        "country": "AU",
        "phone": "(03) 5332 8285",
        "fax": "(03) 5332 2522",
        "services": "Collect & Return",
        "hours": "Mon: 09:00-17:30; Tue: 09:00-17:30; Wed: 09:00-17:30; Thu: 09:00-17:30; Fri: 09:00-17:30; Sat: 09:00-16:00; Sun: closed",
        "full_address": "Sturt St, Ballarat, VIC, 3350"
      }
    },
    {
      "type": "Feature",
      "geometry": {
        "type": "Point",
        "coordinates": [
          144.28054,
          -36.76571
        ]
      },
      "properties": {
        "identifier": "OPSM Bendigo Marketplace_1037",
        "sap_id": "1037",
        "name": "OPSM Bendigo Marketplace",
        "address_1": "116-120 Mitchell St",
        "address_2": "",
        "address_3": "",
        "city": "Bendigo",
        "state": "VIC",
        "postal_code": "3550",
        "country": "AU",
        "phone": "(03) 5443 4662",
        "fax": "(03) 5441 6209",
        "services": "Audiology, Dry Eye, Collect & Return",
        "hours": "Mon: 09:00-17:30; Tue: 09:00-17:30; Wed: 09:00-17:30; Thu: 09:00-18:00; Fri: 09:00-19:00; Sat: 09:00-17:00; Sun: 10:00-16:00",
        "full_address": "116-120 Mitchell St, Bendigo, VIC, 3550"
      }
    },
    {
      "type": "Feature",
      "geometry": {
        "type": "Point",
        "coordinates": [
          144.2809,
          -36.7609
        ]
      },
      "properties": {
        "identifier": "QUEEN ST BENDIGO_7008",
        "sap_id": "7008",
        "name": "QUEEN ST BENDIGO",
        "address_1": "23 Queen St",
        "address_2": "",
        "address_3": "",
        "city": "Bendigo",
        "state": "VIC",
        "postal_code": "3550",
        "country": "AU",
        "phone": "(03) 5441 6086",
        "fax": "(03) 5441 6152",
        "services": "",
        "hours": "Mon: 08:30-17:30; Tue: 08:30-17:30; Wed: 08:30-17:30; Thu: 08:30-17:30; Fri: 08:30-17:30; Sat: 08:30-13:00; Sun: closed",
        "full_address": "23 Queen St, Bendigo, VIC, 3550"
      }
    },
    {
      "type": "Feature",
      "geometry": {
        "type": "Point",
        "coordinates": [
          145.03733,
          -37.91834
        ]
      },
      "properties": {
        "identifier": "OPSM Bentleigh_1134",
        "sap_id": "1134",
        "name": "OPSM Bentleigh",
        "address_1": "414 Centre Rd",
        "address_2": "",
        "address_3": "",
        "city": "Bentleigh",
        "state": "VIC",
        "postal_code": "3204",
        "country": "AU",
        "phone": "(03) 9557 6005",
        "fax": "(03) 9557 8834",
        "services": "Collect & Return",
        "hours": "Mon: 09:00-17:30; Tue: 09:00-17:30; Wed: 09:00-17:30; Thu: 09:00-19:00; Fri: 09:00-17:30; Sat: 09:00-17:00; Sun: 10:00-14:00",
        "full_address": "414 Centre Rd, Bentleigh, VIC, 3204"
      }
    },
    {
      "type": "Feature",
      "geometry": {
        "type": "Point",
        "coordinates": [
          145.34692,
          -38.03083
        ]
      },
      "properties": {
        "identifier": "OPSM Berwick_7046",
        "sap_id": "7046",
        "name": "OPSM Berwick",
        "address_1": "57 High St",
        "address_2": "",
        "address_3": "",
        "city": "Berwick",
        "state": "VIC",
        "postal_code": "3806",
        "country": "AU",
        "phone": "(03) 9707 5556",
        "fax": "(03) 9707 2185",
        "services": "",
        "hours": "Mon: 09:00-17:30; Tue: 09:00-17:30; Wed: 09:00-17:30; Thu: 09:00-19:30; Fri: 09:00-17:30; Sat: 09:00-15:00; Sun: closed",
        "full_address": "57 High St, Berwick, VIC, 3806"
      }
    },
    {
      "type": "Feature",
      "geometry": {
        "type": "Point",
        "coordinates": [
          144.99437,
          -37.91347
        ]
      },
      "properties": {
        "identifier": "OPSM Middle Brighton_7075",
        "sap_id": "7075",
        "name": "OPSM Middle Brighton",
        "address_1": "45 Church St.",
        "address_2": "",
        "address_3": "",
        "city": "Brighton",
        "state": "VIC",
        "postal_code": "3186",
        "country": "AU",
        "phone": "(03) 9592 7522",
        "fax": "(03) 9593 2482",
        "services": "",
        "hours": "Mon: 09:00-17:30; Tue: 09:00-17:30; Wed: 09:00-17:30; Thu: 08:30-18:00; Fri: 09:00-17:30; Sat: 09:00-17:00; Sun: 10:00-15:00",
        "full_address": "45 Church St., Brighton, VIC, 3186"
      }
    },
    {
      "type": "Feature",
      "geometry": {
        "type": "Point",
        "coordinates": [
          144.9622,
          -37.7756
        ]
      },
      "properties": {
        "identifier": "OPSM Brunswick_1482",
        "sap_id": "1482",
        "name": "OPSM Brunswick",
        "address_1": "Barkly St",
        "address_2": "",
        "address_3": "",
        "city": "Brunswick",
        "state": "VIC",
        "postal_code": "3056",
        "country": "AU",
        "phone": "(03) 9387 8122",
        "fax": "(03) 9387 2297",
        "services": "Collect & Return",
        "hours": "Mon: 09:00-17:30; Tue: 09:00-17:30; Wed: 09:00-17:30; Thu: 09:00-20:00; Fri: 09:00-19:00; Sat: 09:00-17:00; Sun: 10:00-17:00",
        "full_address": "Barkly St, Brunswick, VIC, 3056"
      }
    },
    {
      "type": "Feature",
      "geometry": {
        "type": "Point",
        "coordinates": [
          145.08171,
          -37.8861
        ]
      },
      "properties": {
        "identifier": "OPSM Chadstone_1410",
        "sap_id": "1410",
        "name": "OPSM Chadstone",
        "address_1": "1341 Dandenong Rd",
        "address_2": "",
        "address_3": "",
        "city": "Chadstone",
        "state": "VIC",
        "postal_code": "3148",
        "country": "AU",
        "phone": "(03) 9563 1872",
        "fax": "(03) 9569 0266",
        "services": "Dry Eye, Collect & Return",
        "hours": "Mon: 08:30-17:30; Tue: 08:30-17:30; Wed: 08:30-17:30; Thu: 08:30-21:00; Fri: 08:30-21:00; Sat: 08:30-21:00; Sun: 09:30-19:00",
        "full_address": "1341 Dandenong Rd, Chadstone, VIC, 3148"
      }
    },
    {
      "type": "Feature",
      "geometry": {
        "type": "Point",
        "coordinates": [
          145.05578,
          -37.95848
        ]
      },
      "properties": {
        "identifier": "OPSM Southland_1407",
        "sap_id": "1407",
        "name": "OPSM Southland",
        "address_1": "1239 Nepean Hwy",
        "address_2": "",
        "address_3": "",
        "city": "Cheltenham",
        "state": "VIC",
        "postal_code": "3192",
        "country": "AU",
        "phone": "(03) 9584 3404",
        "fax": "(03) 9585 0760",
        "services": "Dry Eye, Collect & Return",
        "hours": "Mon: 08:30-17:30; Tue: 08:30-17:30; Wed: 08:30-17:30; Thu: 08:30-21:00; Fri: 08:30-21:00; Sat: 08:30-17:00; Sun: 09:30-17:00",
        "full_address": "1239 Nepean Hwy, Cheltenham, VIC, 3192"
      }
    },
    {
      "type": "Feature",
      "geometry": {
        "type": "Point",
        "coordinates": [
          145.31338,
          -37.75715
        ]
      },
      "properties": {
        "identifier": "OPSM Chirnside Park_1649",
        "sap_id": "1649",
        "name": "OPSM Chirnside Park",
        "address_1": "Cnr Marroondah Hwy &amp; Edward Rd",
        "address_2": "",
        "address_3": "",
        "city": "Chirnside Park",
        "state": "VIC",
        "postal_code": "3116",
        "country": "AU",
        "phone": "(03) 9727 1877",
        "fax": "(03) 9727 1707",
        "services": "Collect & Return",
        "hours": "Mon: 09:00-17:30; Tue: 09:00-17:30; Wed: 09:00-17:30; Thu: 09:00-21:00; Fri: 09:00-21:00; Sat: 09:00-17:00; Sun: 10:00-17:00",
        "full_address": "Cnr Marroondah Hwy &amp; Edward Rd, Chirnside Park, VIC, 3116"
      }
    },
    {
      "type": "Feature",
      "geometry": {
        "type": "Point",
        "coordinates": [
          145.05696,
          -37.83047
        ]
      },
      "properties": {
        "identifier": "OPSM Camberwell_1043",
        "sap_id": "1043",
        "name": "OPSM Camberwell",
        "address_1": "586-590 Burke Rd",
        "address_2": "",
        "address_3": "",
        "city": "City of Camberwell",
        "state": "VIC",
        "postal_code": "3124",
        "country": "AU",
        "phone": "(03) 9882 5171",
        "fax": "(03) 9882 9984",
        "services": "Collect & Return",
        "hours": "Mon: 09:00-17:30; Tue: 09:00-17:30; Wed: 09:00-17:30; Thu: 09:00-19:00; Fri: 09:00-19:00; Sat: 09:00-17:00; Sun: 10:00-17:00",
        "full_address": "586-590 Burke Rd, City of Camberwell, VIC, 3124"
      }
    },
    {
      "type": "Feature",
      "geometry": {
        "type": "Point",
        "coordinates": [
          145.65102,
          -35.92005
        ]
      },
      "properties": {
        "identifier": "OPSM Cobram_2254",
        "sap_id": "2254",
        "name": "OPSM Cobram",
        "address_1": "26 William St",
        "address_2": "",
        "address_3": "",
        "city": "Cobram",
        "state": "VIC",
        "postal_code": "3644",
        "country": "AU",
        "phone": "(03) 5872 2366",
        "fax": "(03) 5871 1006",
        "services": "Collect & Return",
        "hours": "Mon: 09:00-17:30; Tue: 09:00-17:30; Wed: 09:00-17:30; Thu: 09:00-17:30; Fri: 09:00-17:30; Sat: 09:00-15:00; Sun: closed",
        "full_address": "26 William St, Cobram, VIC, 3644"
      }
    },
    {
      "type": "Feature",
      "geometry": {
        "type": "Point",
        "coordinates": [
          144.96503,
          -37.74157
        ]
      },
      "properties": {
        "identifier": "OPSM Coburg_1144",
        "sap_id": "1144",
        "name": "OPSM Coburg",
        "address_1": "55 Waterfield St",
        "address_2": "",
        "address_3": "",
        "city": "Coburg",
        "state": "VIC",
        "postal_code": "3058",
        "country": "AU",
        "phone": "(03) 9354 8730",
        "fax": "(03) 9354 8911",
        "services": "Collect & Return",
        "hours": "Mon: 09:00-17:30; Tue: 09:00-17:30; Wed: 09:00-17:30; Thu: 09:00-17:30; Fri: 09:00-17:30; Sat: 09:00-16:00; Sun: closed",
        "full_address": "55 Waterfield St, Coburg, VIC, 3058"
      }
    },
    {
      "type": "Feature",
      "geometry": {
        "type": "Point",
        "coordinates": [
          144.35598,
          -38.07533
        ]
      },
      "properties": {
        "identifier": "OPSM Corio Village_1291",
        "sap_id": "1291",
        "name": "OPSM Corio Village",
        "address_1": "Cnr Bacchus Marsh &amp; Purnell Rd",
        "address_2": "",
        "address_3": "",
        "city": "Corio",
        "state": "VIC",
        "postal_code": "3214",
        "country": "AU",
        "phone": "(03) 5274 2277",
        "fax": "(03) 5274 2279",
        "services": "Collect & Return",
        "hours": "Mon: 09:00-17:30; Tue: 09:00-17:30; Wed: 09:00-17:30; Thu: 09:00-17:30; Fri: 09:00-19:00; Sat: 09:00-17:00; Sun: 10:00-17:00",
        "full_address": "Cnr Bacchus Marsh &amp; Purnell Rd, Corio, VIC, 3214"
      }
    },
    {
      "type": "Feature",
      "geometry": {
        "type": "Point",
        "coordinates": [
          144.91476,
          -37.59268
        ]
      },
      "properties": {
        "identifier": "OPSM Craigieburn_2282",
        "sap_id": "2282",
        "name": "OPSM Craigieburn",
        "address_1": "340 Craigieburn Rd",
        "address_2": "",
        "address_3": "",
        "city": "Craigieburn",
        "state": "VIC",
        "postal_code": "3064",
        "country": "AU",
        "phone": "(03) 9219 0594",
        "fax": "(03) 9219 0567",
        "services": "Collect & Return",
        "hours": "Mon: 09:00-17:30; Tue: 09:00-17:30; Wed: 09:00-17:30; Thu: 09:00-21:00; Fri: 09:00-21:00; Sat: 09:00-17:00; Sun: 10:00-17:00",
        "full_address": "340 Craigieburn Rd, Craigieburn, VIC, 3064"
      }
    },
    {
      "type": "Feature",
      "geometry": {
        "type": "Point",
        "coordinates": [
          145.28248,
          -38.10894
        ]
      },
      "properties": {
        "identifier": "OPSM Cranbourne_1290",
        "sap_id": "1290",
        "name": "OPSM Cranbourne",
        "address_1": "High St",
        "address_2": "",
        "address_3": "",
        "city": "Cranbourne",
        "state": "VIC",
        "postal_code": "3977",
        "country": "AU",
        "phone": "(03) 5995 2977",
        "fax": "(03) 5995 2957",
        "services": "Collect & Return",
        "hours": "Mon: 09:00-17:30; Tue: 09:00-17:30; Wed: 09:00-17:30; Thu: 09:00-21:00; Fri: 09:00-21:00; Sat: 09:00-17:00; Sun: 10:00-17:00",
        "full_address": "High St, Cranbourne, VIC, 3977"
      }
    },
    {
      "type": "Feature",
      "geometry": {
        "type": "Point",
        "coordinates": [
          145.28133,
          -37.79629
        ]
      },
      "properties": {
        "identifier": "OPSM Croydon_2999",
        "sap_id": "2999",
        "name": "OPSM Croydon",
        "address_1": "100 Main St",
        "address_2": "",
        "address_3": "",
        "city": "Croydon",
        "state": "VIC",
        "postal_code": "3136",
        "country": "AU",
        "phone": "(03) 9725 7633",
        "fax": "(03) 9723 7341",
        "services": "Collect & Return",
        "hours": "Mon: 09:00-17:30; Tue: 09:00-17:30; Wed: 09:00-17:30; Thu: 09:00-17:30; Fri: 09:00-17:30; Sat: 09:00-13:00; Sun: closed",
        "full_address": "100 Main St, Croydon, VIC, 3136"
      }
    },
    {
      "type": "Feature",
      "geometry": {
        "type": "Point",
        "coordinates": [
          145.21746,
          -37.98766
        ]
      },
      "properties": {
        "identifier": "OPSM Dandenong_1486",
        "sap_id": "1486",
        "name": "OPSM Dandenong",
        "address_1": "Dandenong Square",
        "address_2": "",
        "address_3": "",
        "city": "Dandenong",
        "state": "VIC",
        "postal_code": "3175",
        "country": "AU",
        "phone": "(03) 9792 1383",
        "fax": "(03) 9794 7802",
        "services": "Audiology, Dry Eye, Collect & Return",
        "hours": "Mon: 09:00-17:30; Tue: 09:00-17:30; Wed: 09:00-17:30; Thu: 09:00-19:00; Fri: 09:00-19:00; Sat: 09:00-17:00; Sun: 10:00-17:00",
        "full_address": "Dandenong Square, Dandenong, VIC, 3175"
      }
    },
    {
      "type": "Feature",
      "geometry": {
        "type": "Point",
        "coordinates": [
          144.77559,
          -37.75162
        ]
      },
      "properties": {
        "identifier": "OPSM Brimbank_1312",
        "sap_id": "1312",
        "name": "OPSM Brimbank",
        "address_1": "Cnr Neale Rd &amp; Station Rd",
        "address_2": "",
        "address_3": "",
        "city": "Deer Park",
        "state": "VIC",
        "postal_code": "3023",
        "country": "AU",
        "phone": "(03) 9363 8022",
        "fax": "(03) 9363 8094",
        "services": "Audiology, Dry Eye, Collect & Return",
        "hours": "Mon: 09:00-17:30; Tue: 09:00-17:30; Wed: 09:00-17:30; Thu: 09:00-19:00; Fri: 09:00-17:30; Sat: 09:00-17:00; Sun: 10:00-17:00",
        "full_address": "Cnr Neale Rd &amp; Station Rd, Deer Park, VIC, 3023"
      }
    },
    {
      "type": "Feature",
      "geometry": {
        "type": "Point",
        "coordinates": [
          145.1262,
          -37.78511
        ]
      },
      "properties": {
        "identifier": "OPSM Doncaster_1214",
        "sap_id": "1214",
        "name": "OPSM Doncaster",
        "address_1": "619 Doncaster Rd",
        "address_2": "",
        "address_3": "",
        "city": "Doncaster",
        "state": "VIC",
        "postal_code": "3108",
        "country": "AU",
        "phone": "(03) 9848 3299",
        "fax": "(03) 9840 1456",
        "services": "Dry Eye, Collect & Return",
        "hours": "Mon: 09:00-17:30; Tue: 09:00-17:30; Wed: 09:00-17:30; Thu: 09:00-21:00; Fri: 09:00-21:00; Sat: 09:00-17:30; Sun: 10:00-17:00",
        "full_address": "619 Doncaster Rd, Doncaster, VIC, 3108"
      }
    },
    {
      "type": "Feature",
      "geometry": {
        "type": "Point",
        "coordinates": [
          145.00537,
          -37.88471
        ]
      },
      "properties": {
        "identifier": "OPSM Elsternwick_1156",
        "sap_id": "1156",
        "name": "OPSM Elsternwick",
        "address_1": "409 Glen Huntly Rd",
        "address_2": "",
        "address_3": "",
        "city": "Elsternwick",
        "state": "VIC",
        "postal_code": "3185",
        "country": "AU",
        "phone": "(03) 9528 6329",
        "fax": "(03) 9532 8202",
        "services": "Collect & Return",
        "hours": "Mon: 09:00-17:30; Tue: 09:00-17:30; Wed: 09:00-17:30; Thu: 09:00-19:00; Fri: 09:00-17:30; Sat: 09:00-17:00; Sun: 13:00-17:00",
        "full_address": "409 Glen Huntly Rd, Elsternwick, VIC, 3185"
      }
    },
    {
      "type": "Feature",
      "geometry": {
        "type": "Point",
        "coordinates": [
          145.0191,
          -37.65371
        ]
      },
      "properties": {
        "identifier": "OPSM Pacific Epping_1032",
        "sap_id": "1032",
        "name": "OPSM Pacific Epping",
        "address_1": "High St &amp; Cooper St",
        "address_2": "",
        "address_3": "",
        "city": "Epping",
        "state": "VIC",
        "postal_code": "3076",
        "country": "AU",
        "phone": "(03) 9408 9280",
        "fax": "(03) 9408 9285",
        "services": "Collect & Return",
        "hours": "Mon: 09:00-17:30; Tue: 09:00-17:30; Wed: 09:00-17:30; Thu: 09:00-21:00; Fri: 09:00-21:00; Sat: 09:00-17:00; Sun: 10:00-17:00",
        "full_address": "High St &amp; Cooper St, Epping, VIC, 3076"
      }
    },
    {
      "type": "Feature",
      "geometry": {
        "type": "Point",
        "coordinates": [
          145.16488,
          -37.83544
        ]
      },
      "properties": {
        "identifier": "OPSM Forest Hill Chase_1487",
        "sap_id": "1487",
        "name": "OPSM Forest Hill Chase",
        "address_1": "270 Canterbury Rd",
        "address_2": "",
        "address_3": "",
        "city": "Forest Hill",
        "state": "VIC",
        "postal_code": "3131",
        "country": "AU",
        "phone": "(03) 9894 1600",
        "fax": "(03) 9878 2821",
        "services": "Dry Eye, Collect & Return",
        "hours": "Mon: 09:00-17:30; Tue: 09:00-17:30; Wed: 09:00-17:30; Thu: 09:00-21:00; Fri: 09:00-21:00; Sat: 09:00-17:00; Sun: 10:00-17:00",
        "full_address": "270 Canterbury Rd, Forest Hill, VIC, 3131"
      }
    },
    {
      "type": "Feature",
      "geometry": {
        "type": "Point",
        "coordinates": [
          145.12404,
          -38.14193
        ]
      },
      "properties": {
        "identifier": "OPSM Frankston_1087",
        "sap_id": "1087",
        "name": "OPSM Frankston",
        "address_1": "2 Olsen St",
        "address_2": "",
        "address_3": "",
        "city": "Frankston",
        "state": "VIC",
        "postal_code": "3199",
        "country": "AU",
        "phone": "(03) 9770 1101",
        "fax": "(03) 9770 2934",
        "services": "Dry Eye, Collect & Return",
        "hours": "Mon: 09:00-17:30; Tue: 09:00-17:30; Wed: 09:00-17:30; Thu: 09:00-21:00; Fri: 09:00-21:00; Sat: 09:00-17:00; Sun: 10:00-17:00",
        "full_address": "2 Olsen St, Frankston, VIC, 3199"
      }
    },
    {
      "type": "Feature",
      "geometry": {
        "type": "Point",
        "coordinates": [
          144.36199,
          -38.14725
        ]
      },
      "properties": {
        "identifier": "OPSM Geelong_1485",
        "sap_id": "1485",
        "name": "OPSM Geelong",
        "address_1": "95 Malop St",
        "address_2": "",
        "address_3": "",
        "city": "Geelong",
        "state": "VIC",
        "postal_code": "3220",
        "country": "AU",
        "phone": "(03) 5222 4399",
        "fax": "(03) 5222 3637",
        "services": "Dry Eye, Collect & Return",
        "hours": "Mon: 09:00-17:30; Tue: 09:00-17:30; Wed: 09:00-17:30; Thu: 09:00-17:30; Fri: 09:00-21:00; Sat: 09:00-17:00; Sun: 10:00-17:00",
        "full_address": "95 Malop St, Geelong, VIC, 3220"
      }
    },
    {
      "type": "Feature",
      "geometry": {
        "type": "Point",
        "coordinates": [
          145.16521,
          -37.87631
        ]
      },
      "properties": {
        "identifier": "OPSM Glen Waverley_1152",
        "sap_id": "1152",
        "name": "OPSM Glen Waverley",
        "address_1": "235 Springvale Rd",
        "address_2": "",
        "address_3": "",
        "city": "Glen Waverley",
        "state": "VIC",
        "postal_code": "3150",
        "country": "AU",
        "phone": "(03) 9887 8699",
        "fax": "(03) 9887 8346",
        "services": "Dry Eye, Collect & Return",
        "hours": "Mon: 09:00-17:30; Tue: 09:00-17:30; Wed: 09:00-17:30; Thu: 09:00-21:00; Fri: 09:00-21:00; Sat: 09:00-17:00; Sun: 10:00-17:00",
        "full_address": "235 Springvale Rd, Glen Waverley, VIC, 3150"
      }
    },
    {
      "type": "Feature",
      "geometry": {
        "type": "Point",
        "coordinates": [
          145.10263,
          -37.70286
        ]
      },
      "properties": {
        "identifier": "OPSM Greensborough_1157",
        "sap_id": "1157",
        "name": "OPSM Greensborough",
        "address_1": "25 Main St",
        "address_2": "",
        "address_3": "",
        "city": "Greensborough",
        "state": "VIC",
        "postal_code": "3088",
        "country": "AU",
        "phone": "(03) 9435 6784",
        "fax": "(03) 9432 0443",
        "services": "Dry Eye, Collect & Return",
        "hours": "Mon: 09:00-17:30; Tue: 09:00-17:30; Wed: 09:00-17:30; Thu: 09:00-21:00; Fri: 09:00-21:00; Sat: 09:00-17:00; Sun: 10:00-17:00",
        "full_address": "25 Main St, Greensborough, VIC, 3088"
      }
    },
    {
      "type": "Feature",
      "geometry": {
        "type": "Point",
        "coordinates": [
          145.02896,
          -37.82193
        ]
      },
      "properties": {
        "identifier": "OPSM Eye Hub_1507",
        "sap_id": "1507",
        "name": "OPSM Eye Hub",
        "address_1": "174-176 Burwood Rd",
        "address_2": "",
        "address_3": "",
        "city": "Hawthorn",
        "state": "VIC",
        "postal_code": "3122",
        "country": "AU",
        "phone": "(03) 9819 5424",
        "fax": "(03) 9819 5481",
        "services": "Dry Eye, Kids Vision Centre, Collect & Return",
        "hours": "Mon: 08:30-18:00; Tue: 08:30-18:00; Wed: 08:30-18:00; Thu: 08:30-18:30; Fri: 08:30-18:00; Sat: 09:00-17:00; Sun: 10:00-17:00",
        "full_address": "174-176 Burwood Rd, Hawthorn, VIC, 3122"
      }
    },
    {
      "type": "Feature",
      "geometry": {
        "type": "Point",
        "coordinates": [
          145.04172,
          -37.76826
        ]
      },
      "properties": {
        "identifier": "OPSM Ivanhoe_1089",
        "sap_id": "1089",
        "name": "OPSM Ivanhoe",
        "address_1": "4-12 Livingstone St",
        "address_2": "",
        "address_3": "",
        "city": "Ivanhoe",
        "state": "VIC",
        "postal_code": "3079",
        "country": "AU",
        "phone": "(03) 9499 6100",
        "fax": "(03) 9499 3260",
        "services": "Collect & Return",
        "hours": "Mon: 09:00-17:30; Tue: 09:00-17:30; Wed: 09:00-17:30; Thu: 09:00-17:30; Fri: 09:00-19:00; Sat: 09:00-17:00; Sun: 10:00-17:00",
        "full_address": "4-12 Livingstone St, Ivanhoe, VIC, 3079"
      }
    },
    {
      "type": "Feature",
      "geometry": {
        "type": "Point",
        "coordinates": [
          145.1723,
          -37.99223
        ]
      },
      "properties": {
        "identifier": "OPSM Parkmore_1078",
        "sap_id": "1078",
        "name": "OPSM Parkmore",
        "address_1": "317 Cheltenham Rd",
        "address_2": "",
        "address_3": "",
        "city": "Keysborough",
        "state": "VIC",
        "postal_code": "3173",
        "country": "AU",
        "phone": "(03) 9701 8425",
        "fax": "(03) 9701 8427",
        "services": "Collect & Return",
        "hours": "Mon: 09:00-17:30; Tue: 09:00-17:30; Wed: 09:00-17:30; Thu: 09:00-19:30; Fri: 09:00-19:30; Sat: 09:00-17:00; Sun: 10:00-17:00",
        "full_address": "317 Cheltenham Rd, Keysborough, VIC, 3173"
      }
    },
    {
      "type": "Feature",
      "geometry": {
        "type": "Point",
        "coordinates": [
          145.02843,
          -37.86245
        ]
      },
      "properties": {
        "identifier": "OPSM Malvern_7076",
        "sap_id": "7076",
        "name": "OPSM Malvern",
        "address_1": "110-122 Wattletree Rd",
        "address_2": "",
        "address_3": "",
        "city": "Malvern",
        "state": "VIC",
        "postal_code": "3144",
        "country": "AU",
        "phone": "(03) 9509 1436",
        "fax": "(03) 9576 0053",
        "services": "",
        "hours": "Mon: 09:00-17:30; Tue: 09:00-17:30; Wed: 09:00-17:30; Thu: 09:00-17:30; Fri: 09:00-17:30; Sat: 09:00-17:00; Sun: 11:00-15:00",
        "full_address": "110-122 Wattletree Rd, Malvern, VIC, 3144"
      }
    },
    {
      "type": "Feature",
      "geometry": {
        "type": "Point",
        "coordinates": [
          144.88915,
          -37.77333
        ]
      },
      "properties": {
        "identifier": "OPSM Highpoint_1478",
        "sap_id": "1478",
        "name": "OPSM Highpoint",
        "address_1": "200 Rosamond Rd",
        "address_2": "",
        "address_3": "",
        "city": "Maribyrnong",
        "state": "VIC",
        "postal_code": "3032",
        "country": "AU",
        "phone": "(03) 9318 3444",
        "fax": "(03) 9318 1874",
        "services": "Audiology, Dry Eye, Collect & Return",
        "hours": "Mon: 08:30-17:30; Tue: 08:30-17:30; Wed: 08:30-17:30; Thu: 08:30-21:00; Fri: 08:30-21:00; Sat: 08:30-18:00; Sun: 10:00-17:00",
        "full_address": "200 Rosamond Rd, Maribyrnong, VIC, 3032"
      }
    },
    {
      "type": "Feature",
      "geometry": {
        "type": "Point",
        "coordinates": [
          144.96337,
          -37.81137
        ]
      },
      "properties": {
        "identifier": "OPSM 233 Collins St_1589",
        "sap_id": "1589",
        "name": "OPSM 233 Collins St",
        "address_1": "233 - 239 Collins St",
        "address_2": "",
        "address_3": "",
        "city": "Melbourne",
        "state": "VIC",
        "postal_code": "3000",
        "country": "AU",
        "phone": "(03) 9650 8822",
        "fax": "(03) 9650 7959",
        "services": "Collect & Return",
        "hours": "Mon: 09:00-17:30; Tue: 09:00-17:30; Wed: 09:00-17:30; Thu: 09:00-17:30; Fri: 09:00-19:00; Sat: 09:00-17:00; Sun: 10:00-17:00",
        "full_address": "233 - 239 Collins St, Melbourne, VIC, 3000"
      }
    },
    {
      "type": "Feature",
      "geometry": {
        "type": "Point",
        "coordinates": [
          144.96337,
          -37.81137
        ]
      },
      "properties": {
        "identifier": "OPSM Bourke Street_1472",
        "sap_id": "1472",
        "name": "OPSM Bourke Street",
        "address_1": "335 Bourke St",
        "address_2": "",
        "address_3": "",
        "city": "Melbourne",
        "state": "VIC",
        "postal_code": "3000",
        "country": "AU",
        "phone": "(03) 9670 9885",
        "fax": "(03) 9606 0479",
        "services": "Dry Eye, Collect & Return",
        "hours": "Mon: 08:30-18:00; Tue: 08:30-18:00; Wed: 08:30-18:00; Thu: 08:30-18:00; Fri: 08:30-18:00; Sat: 09:00-17:00; Sun: 10:00-17:00",
        "full_address": "335 Bourke St, Melbourne, VIC, 3000"
      }
    },
    {
      "type": "Feature",
      "geometry": {
        "type": "Point",
        "coordinates": [
          144.97268,
          -37.81416
        ]
      },
      "properties": {
        "identifier": "OPSM Collins Place_1030",
        "sap_id": "1030",
        "name": "OPSM Collins Place",
        "address_1": "45 Collins St",
        "address_2": "",
        "address_3": "",
        "city": "Melbourne",
        "state": "VIC",
        "postal_code": "3000",
        "country": "AU",
        "phone": "(03) 9650 3599",
        "fax": "(03) 9654 7657",
        "services": "Collect & Return",
        "hours": "Mon: 09:00-17:30; Tue: 09:00-17:30; Wed: 09:00-17:30; Thu: 09:00-17:30; Fri: 09:00-17:30; Sat: 09:00-17:00; Sun: closed",
        "full_address": "45 Collins St, Melbourne, VIC, 3000"
      }
    },
    {
      "type": "Feature",
      "geometry": {
        "type": "Point",
        "coordinates": [
          144.96337,
          -37.81137
        ]
      },
      "properties": {
        "identifier": "OPSM Melbourne Central_1091",
        "sap_id": "1091",
        "name": "OPSM Melbourne Central",
        "address_1": "211 La Trobe St",
        "address_2": "",
        "address_3": "",
        "city": "Melbourne",
        "state": "VIC",
        "postal_code": "3000",
        "country": "AU",
        "phone": "(03) 9650 2365",
        "fax": "(03) 9650 7982",
        "services": "Collect & Return",
        "hours": "Mon: 10:00-18:30; Tue: 10:00-18:30; Wed: 10:00-18:30; Thu: 10:00-20:00; Fri: 10:00-20:00; Sat: 10:00-18:00; Sun: 10:00-18:00",
        "full_address": "211 La Trobe St, Melbourne, VIC, 3000"
      }
    },
    {
      "type": "Feature",
      "geometry": {
        "type": "Point",
        "coordinates": [
          144.56483,
          -37.68577
        ]
      },
      "properties": {
        "identifier": "OPSM MELTON_2352",
        "sap_id": "2352",
        "name": "OPSM MELTON",
        "address_1": "Cnr High &amp; Coburn Rd",
        "address_2": "",
        "address_3": "",
        "city": "Melton",
        "state": "VIC",
        "postal_code": "3337",
        "country": "AU",
        "phone": "(03) 9743 4768",
        "fax": "(03) 9743 6372",
        "services": "Collect & Return",
        "hours": "Mon: 09:00-17:30; Tue: 09:00-17:30; Wed: 09:00-17:30; Thu: 09:00-19:00; Fri: 09:00-19:00; Sat: 09:00-17:00; Sun: 10:00-17:00",
        "full_address": "Cnr High &amp; Coburn Rd, Melton, VIC, 3337"
      }
    },
    {
      "type": "Feature",
      "geometry": {
        "type": "Point",
        "coordinates": [
          145.07333,
          -37.65169
        ]
      },
      "properties": {
        "identifier": "OPSM Plenty Valley_1506",
        "sap_id": "1506",
        "name": "OPSM Plenty Valley",
        "address_1": "415 Mcdonalds Rd",
        "address_2": "",
        "address_3": "",
        "city": "Mill Park",
        "state": "VIC",
        "postal_code": "3082",
        "country": "AU",
        "phone": "(03) 9436 7688",
        "fax": "(03) 9437 9024",
        "services": "Collect & Return",
        "hours": "Mon: 09:00-17:30; Tue: 09:00-17:30; Wed: 09:00-17:30; Thu: 09:00-21:00; Fri: 09:00-21:00; Sat: 09:00-17:00; Sun: 10:00-17:00",
        "full_address": "415 Mcdonalds Rd, Mill Park, VIC, 3082"
      }
    },
    {
      "type": "Feature",
      "geometry": {
        "type": "Point",
        "coordinates": [
          144.92092,
          -37.76675
        ]
      },
      "properties": {
        "identifier": "OPSM Moonee Ponds_7081",
        "sap_id": "7081",
        "name": "OPSM Moonee Ponds",
        "address_1": "114 Puckle St",
        "address_2": "",
        "address_3": "",
        "city": "Moonee Ponds",
        "state": "VIC",
        "postal_code": "3039",
        "country": "AU",
        "phone": "(03) 9370 4407",
        "fax": "(03) 9370 0740",
        "services": "Dry Eye",
        "hours": "Mon: 09:00-17:30; Tue: 09:00-17:30; Wed: 09:00-17:30; Thu: 09:00-17:30; Fri: 09:00-17:30; Sat: 09:00-17:00; Sun: 11:00-15:00",
        "full_address": "114 Puckle St, Moonee Ponds, VIC, 3039"
      }
    },
    {
      "type": "Feature",
      "geometry": {
        "type": "Point",
        "coordinates": [
          145.03952,
          -38.21891
        ]
      },
      "properties": {
        "identifier": "OPSM Mornington_1148",
        "sap_id": "1148",
        "name": "OPSM Mornington",
        "address_1": "78 Barkly St",
        "address_2": "",
        "address_3": "",
        "city": "Mornington",
        "state": "VIC",
        "postal_code": "3931",
        "country": "AU",
        "phone": "(03) 5975 6576",
        "fax": "(03) 5977 0226",
        "services": "Dry Eye, Collect & Return",
        "hours": "Mon: 08:30-17:30; Tue: 08:30-17:30; Wed: 08:30-17:30; Thu: 08:30-19:00; Fri: 08:30-19:00; Sat: 08:30-17:00; Sun: 10:00-17:00",
        "full_address": "78 Barkly St, Mornington, VIC, 3931"
      }
    },
    {
      "type": "Feature",
      "geometry": {
        "type": "Point",
        "coordinates": [
          146.42936,
          -38.23713
        ]
      },
      "properties": {
        "identifier": "OPSM Morwell_1145",
        "sap_id": "1145",
        "name": "OPSM Morwell",
        "address_1": "Cnr Centre Valley Rd &amp; Princes Dr",
        "address_2": "",
        "address_3": "",
        "city": "Morwell",
        "state": "VIC",
        "postal_code": "3840",
        "country": "AU",
        "phone": "(03) 5134 1284",
        "fax": "(03) 5133 6984",
        "services": "Collect & Return",
        "hours": "Mon: 08:30-17:30; Tue: 08:30-17:30; Wed: 08:30-17:30; Thu: 08:30-18:00; Fri: 08:30-19:00; Sat: 09:00-17:00; Sun: 10:00-16:00",
        "full_address": "Cnr Centre Valley Rd &amp; Princes Dr, Morwell, VIC, 3840"
      }
    },
    {
      "type": "Feature",
      "geometry": {
        "type": "Point",
        "coordinates": [
          145.18944,
          -37.93583
        ]
      },
      "properties": {
        "identifier": "OPSM Waverley Gardens_1242",
        "sap_id": "1242",
        "name": "OPSM Waverley Gardens",
        "address_1": "Police Rd &amp; Jackson Rd",
        "address_2": "",
        "address_3": "",
        "city": "Mulgrave",
        "state": "VIC",
        "postal_code": "3170",
        "country": "AU",
        "phone": "(03) 9547 7455",
        "fax": "(03) 9547 7076",
        "services": "Collect & Return",
        "hours": "Mon: 09:00-17:30; Tue: 09:00-17:30; Wed: 09:00-17:30; Thu: 09:00-19:00; Fri: 09:00-19:00; Sat: 09:00-17:00; Sun: 10:00-17:00",
        "full_address": "Police Rd &amp; Jackson Rd, Mulgrave, VIC, 3170"
      }
    },
    {
      "type": "Feature",
      "geometry": {
        "type": "Point",
        "coordinates": [
          145.30145,
          -38.01753
        ]
      },
      "properties": {
        "identifier": "OPSM Fountain Gate Level 1_1360",
        "sap_id": "1360",
        "name": "OPSM Fountain Gate Level 1",
        "address_1": "Overland Dr Fountain Gate",
        "address_2": "",
        "address_3": "",
        "city": "Narre Warren",
        "state": "VIC",
        "postal_code": "3805",
        "country": "AU",
        "phone": "(03) 9704 9344",
        "fax": "(03) 9796 6101",
        "services": "Collect & Return",
        "hours": "Mon: 09:00-17:30; Tue: 09:00-17:30; Wed: 09:00-17:30; Thu: 09:00-21:00; Fri: 09:00-21:00; Sat: 09:00-17:00; Sun: 10:00-17:00",
        "full_address": "Overland Dr Fountain Gate, Narre Warren, VIC, 3805"
      }
    },
    {
      "type": "Feature",
      "geometry": {
        "type": "Point",
        "coordinates": [
          145.00181,
          -37.76857
        ]
      },
      "properties": {
        "identifier": "OPSM Northcote_1286",
        "sap_id": "1286",
        "name": "OPSM Northcote",
        "address_1": "3 Separation St",
        "address_2": "",
        "address_3": "",
        "city": "Northcote",
        "state": "VIC",
        "postal_code": "3070",
        "country": "AU",
        "phone": "(03) 9481 4700",
        "fax": "(03) 9481 6022",
        "services": "Collect & Return",
        "hours": "Mon: 09:00-17:30; Tue: 09:00-17:30; Wed: 09:00-17:30; Thu: 09:00-17:30; Fri: 09:00-17:30; Sat: 09:00-17:00; Sun: 10:00-17:00",
        "full_address": "3 Separation St, Northcote, VIC, 3070"
      }
    },
    {
      "type": "Feature",
      "geometry": {
        "type": "Point",
        "coordinates": [
          145.4545,
          -38.0641
        ]
      },
      "properties": {
        "identifier": "OPSM PAKENHAM_7012",
        "sap_id": "7012",
        "name": "OPSM PAKENHAM",
        "address_1": "16-36 Lakeside Boulevarde",
        "address_2": "",
        "address_3": "",
        "city": "Pakenham",
        "state": "VIC",
        "postal_code": "3810",
        "country": "AU",
        "phone": "(03) 5940 5858",
        "fax": "(03) 5940 4310",
        "services": "",
        "hours": "Mon: 09:00-17:30; Tue: 09:00-17:30; Wed: 09:00-17:30; Thu: 09:00-19:30; Fri: 09:00-17:30; Sat: 09:00-15:00; Sun: closed",
        "full_address": "16-36 Lakeside Boulevarde, Pakenham, VIC, 3810"
      }
    },
    {
      "type": "Feature",
      "geometry": {
        "type": "Point",
        "coordinates": [
          145.0306,
          -37.73919
        ]
      },
      "properties": {
        "identifier": "OPSM Northland_1419",
        "sap_id": "1419",
        "name": "OPSM Northland",
        "address_1": "2 - 50 Murray Rd",
        "address_2": "",
        "address_3": "",
        "city": "Preston",
        "state": "VIC",
        "postal_code": "3072",
        "country": "AU",
        "phone": "(03) 9471 0057",
        "fax": "(03) 9471 0372",
        "services": "Dry Eye, Collect & Return",
        "hours": "Mon: 09:00-17:30; Tue: 09:00-17:30; Wed: 09:00-17:30; Thu: 09:00-21:00; Fri: 09:00-21:00; Sat: 09:00-17:00; Sun: 10:00-17:00",
        "full_address": "2 - 50 Murray Rd, Preston, VIC, 3072"
      }
    },
    {
      "type": "Feature",
      "geometry": {
        "type": "Point",
        "coordinates": [
          145.01052,
          -37.81248
        ]
      },
      "properties": {
        "identifier": "OPSM Victoria Gardens_1341",
        "sap_id": "1341",
        "name": "OPSM Victoria Gardens",
        "address_1": "Cnr Victoria St &amp; Burnley St",
        "address_2": "",
        "address_3": "",
        "city": "Richmond",
        "state": "VIC",
        "postal_code": "3121",
        "country": "AU",
        "phone": "(03) 9429 4716",
        "fax": "(03) 9429 7826",
        "services": "Collect & Return",
        "hours": "Mon: 09:00-17:30; Tue: 09:00-17:30; Wed: 09:00-17:30; Thu: 09:00-20:00; Fri: 09:00-20:00; Sat: 09:00-17:00; Sun: 10:00-17:00",
        "full_address": "Cnr Victoria St &amp; Burnley St, Richmond, VIC, 3121"
      }
    },
    {
      "type": "Feature",
      "geometry": {
        "type": "Point",
        "coordinates": [
          145.22815,
          -37.81308
        ]
      },
      "properties": {
        "identifier": "OPSM Ringwood_1149",
        "sap_id": "1149",
        "name": "OPSM Ringwood",
        "address_1": "171 - 175 Maroondah Hwy",
        "address_2": "",
        "address_3": "",
        "city": "Ringwood",
        "state": "VIC",
        "postal_code": "3134",
        "country": "AU",
        "phone": "(03) 9870 7976",
        "fax": "(03) 9879 6968",
        "services": "Dry Eye, Collect & Return",
        "hours": "Mon: 09:00-17:30; Tue: 09:00-17:30; Wed: 09:00-17:30; Thu: 09:00-21:00; Fri: 09:00-21:00; Sat: 09:00-17:00; Sun: 10:00-17:00",
        "full_address": "171 - 175 Maroondah Hwy, Ringwood, VIC, 3134"
      }
    },
    {
      "type": "Feature",
      "geometry": {
        "type": "Point",
        "coordinates": [
          144.89134,
          -38.36139
        ]
      },
      "properties": {
        "identifier": "OPSM Rosebud_2932",
        "sap_id": "2932",
        "name": "OPSM Rosebud",
        "address_1": "Boneo Rd &amp; Mccombe St",
        "address_2": "",
        "address_3": "",
        "city": "Rosebud",
        "state": "VIC",
        "postal_code": "3939",
        "country": "AU",
        "phone": "(03) 8354 6290",
        "fax": "(03) 8354 6291",
        "services": "Collect & Return",
        "hours": "Mon: 09:00-17:30; Tue: 09:00-17:30; Wed: 09:00-17:30; Thu: 09:00-19:00; Fri: 09:00-19:00; Sat: 09:00-17:00; Sun: 10:00-17:00",
        "full_address": "Boneo Rd &amp; Mccombe St, Rosebud, VIC, 3939"
      }
    },
    {
      "type": "Feature",
      "geometry": {
        "type": "Point",
        "coordinates": [
          145.40093,
          -36.37933
        ]
      },
      "properties": {
        "identifier": "OPSM Shepparton_1046",
        "sap_id": "1046",
        "name": "OPSM Shepparton",
        "address_1": "178 Maude St",
        "address_2": "",
        "address_3": "",
        "city": "Shepparton",
        "state": "VIC",
        "postal_code": "3630",
        "country": "AU",
        "phone": "(03) 5821 3861",
        "fax": "(03) 5821 0016",
        "services": "Collect & Return",
        "hours": "Mon: 08:30-17:30; Tue: 08:30-17:30; Wed: 08:30-17:30; Thu: 08:30-17:30; Fri: 08:30-17:30; Sat: 08:30-16:00; Sun: closed",
        "full_address": "178 Maude St, Shepparton, VIC, 3630"
      }
    },
    {
      "type": "Feature",
      "geometry": {
        "type": "Point",
        "coordinates": [
          144.99101,
          -37.83885
        ]
      },
      "properties": {
        "identifier": "OPSM South Yarra_7077",
        "sap_id": "7077",
        "name": "OPSM South Yarra",
        "address_1": "137 Toorak Rd",
        "address_2": "",
        "address_3": "",
        "city": "South Yarra",
        "state": "VIC",
        "postal_code": "3141",
        "country": "AU",
        "phone": "(03) 9866 4604",
        "fax": "(03) 9866 4048",
        "services": "",
        "hours": "Mon: 09:00-17:30; Tue: 09:00-17:30; Wed: 09:00-17:30; Thu: 08:30-17:30; Fri: 09:00-17:30; Sat: 09:00-17:00; Sun: closed",
        "full_address": "137 Toorak Rd, South Yarra, VIC, 3141"
      }
    },
    {
      "type": "Feature",
      "geometry": {
        "type": "Point",
        "coordinates": [
          144.7297,
          -37.5777
        ]
      },
      "properties": {
        "identifier": "OPSM Sunbury_4710",
        "sap_id": "4710",
        "name": "OPSM Sunbury",
        "address_1": "2 Evans Street Sunbury Square Shopping Centre",
        "address_2": "",
        "address_3": "",
        "city": "Sunbury",
        "state": "VIC",
        "postal_code": "3429",
        "country": "AU",
        "phone": "03 9744 5000",
        "fax": "(02) 9899 2234",
        "services": "",
        "hours": "Mon: 09:00-17:30; Tue: 09:00-17:30; Wed: 09:00-17:30; Thu: 09:00-19:00; Fri: 09:00-17:30; Sat: 09:00-17:00; Sun: closed",
        "full_address": "2 Evans Street Sunbury Square Shopping Centre, Sunbury, VIC, 3429"
      }
    },
    {
      "type": "Feature",
      "geometry": {
        "type": "Point",
        "coordinates": [
          144.77584,
          -37.70003
        ]
      },
      "properties": {
        "identifier": "OPSM Sydenham_1131",
        "sap_id": "1131",
        "name": "OPSM Sydenham",
        "address_1": "Cnr Kings Rd &amp; Melton Hwy",
        "address_2": "",
        "address_3": "",
        "city": "Sydenham",
        "state": "VIC",
        "postal_code": "3037",
        "country": "AU",
        "phone": "(03) 9390 3400",
        "fax": "(03) 9390 2944",
        "services": "Dry Eye, Collect & Return",
        "hours": "Mon: 09:00-17:30; Tue: 09:00-17:30; Wed: 09:00-17:30; Thu: 09:00-21:00; Fri: 09:00-21:00; Sat: 09:00-17:00; Sun: 10:00-17:00",
        "full_address": "Cnr Kings Rd &amp; Melton Hwy, Sydenham, VIC, 3037"
      }
    },
    {
      "type": "Feature",
      "geometry": {
        "type": "Point",
        "coordinates": [
          146.53867,
          -38.19466
        ]
      },
      "properties": {
        "identifier": "OPSM Traralgon_1302",
        "sap_id": "1302",
        "name": "OPSM Traralgon",
        "address_1": "146-188 Franklin St",
        "address_2": "",
        "address_3": "",
        "city": "Traralgon",
        "state": "VIC",
        "postal_code": "3844",
        "country": "AU",
        "phone": "(03) 5174 0377",
        "fax": "(03) 5174 1098",
        "services": "Collect & Return",
        "hours": "Mon: 08:30-17:30; Tue: 08:30-17:30; Wed: 08:30-17:30; Thu: 08:30-18:00; Fri: 08:30-19:00; Sat: 09:00-17:00; Sun: 10:00-16:00",
        "full_address": "146-188 Franklin St, Traralgon, VIC, 3844"
      }
    },
    {
      "type": "Feature",
      "geometry": {
        "type": "Point",
        "coordinates": [
          146.32591,
          -36.35599
        ]
      },
      "properties": {
        "identifier": "OPSM Wangaratta_1040",
        "sap_id": "1040",
        "name": "OPSM Wangaratta",
        "address_1": "34A Murphy St",
        "address_2": "",
        "address_3": "",
        "city": "Wangaratta",
        "state": "VIC",
        "postal_code": "3677",
        "country": "AU",
        "phone": "(03) 5721 8650",
        "fax": "(03) 5721 2178",
        "services": "Dry Eye, Collect & Return",
        "hours": "Mon: 09:00-17:30; Tue: 09:00-17:30; Wed: 09:00-17:30; Thu: 09:00-17:30; Fri: 09:00-17:30; Sat: 09:00-16:00; Sun: closed",
        "full_address": "34A Murphy St, Wangaratta, VIC, 3677"
      }
    },
    {
      "type": "Feature",
      "geometry": {
        "type": "Point",
        "coordinates": [
          145.23919,
          -37.86895
        ]
      },
      "properties": {
        "identifier": "OPSM Knox City_1467",
        "sap_id": "1467",
        "name": "OPSM Knox City",
        "address_1": "425 Burwood Hwy",
        "address_2": "",
        "address_3": "",
        "city": "Wantirna",
        "state": "VIC",
        "postal_code": "3152",
        "country": "AU",
        "phone": "(03) 9887 2944",
        "fax": "(03) 9887 2520",
        "services": "Dry Eye, Collect & Return",
        "hours": "Mon: 09:00-17:30; Tue: 09:00-17:30; Wed: 09:00-17:30; Thu: 09:00-21:00; Fri: 09:00-21:00; Sat: 09:00-17:00; Sun: 10:00-17:00",
        "full_address": "425 Burwood Hwy, Wantirna, VIC, 3152"
      }
    },
    {
      "type": "Feature",
      "geometry": {
        "type": "Point",
        "coordinates": [
          142.48449,
          -38.38224
        ]
      },
      "properties": {
        "identifier": "OPSM Warrnambool_1136",
        "sap_id": "1136",
        "name": "OPSM Warrnambool",
        "address_1": "155 Liebig St",
        "address_2": "",
        "address_3": "",
        "city": "Warrnambool",
        "state": "VIC",
        "postal_code": "3280",
        "country": "AU",
        "phone": "(03) 5562 3506",
        "fax": "(03) 5561 5293",
        "services": "Collect & Return",
        "hours": "Mon: 09:00-17:30; Tue: 09:00-17:30; Wed: 09:00-17:30; Thu: 09:00-17:30; Fri: 09:00-17:30; Sat: 09:00-14:00; Sun: closed",
        "full_address": "155 Liebig St, Warrnambool, VIC, 3280"
      }
    },
    {
      "type": "Feature",
      "geometry": {
        "type": "Point",
        "coordinates": [
          144.3194,
          -38.1989
        ]
      },
      "properties": {
        "identifier": "OPSM Waurn Ponds_7064",
        "sap_id": "7064",
        "name": "OPSM Waurn Ponds",
        "address_1": "173- 199 Pioneer Rd",
        "address_2": "",
        "address_3": "",
        "city": "Waurn Ponds",
        "state": "VIC",
        "postal_code": "3216",
        "country": "AU",
        "phone": "(03) 5243 9288",
        "fax": "(03) 5243 9811",
        "services": "",
        "hours": "Mon: 09:00-18:00; Tue: 09:00-18:00; Wed: 09:00-18:00; Thu: 09:00-18:00; Fri: 09:00-18:00; Sat: 09:00-17:00; Sun: 09:00-17:00",
        "full_address": "173- 199 Pioneer Rd, Waurn Ponds, VIC, 3216"
      }
    },
    {
      "type": "Feature",
      "geometry": {
        "type": "Point",
        "coordinates": [
          143.82396,
          -37.53425
        ]
      },
      "properties": {
        "identifier": "OPSM Wendouree_7014",
        "sap_id": "7014",
        "name": "OPSM Wendouree",
        "address_1": "Gillies St",
        "address_2": "",
        "address_3": "",
        "city": "Wendouree",
        "state": "VIC",
        "postal_code": "3355",
        "country": "AU",
        "phone": "(03) 5338 1831",
        "fax": "(03) 5339 3008",
        "services": "Dry Eye",
        "hours": "Mon: 09:00-17:30; Tue: 09:00-17:30; Wed: 09:00-17:30; Thu: 09:00-18:00; Fri: 09:00-19:00; Sat: 09:00-17:00; Sun: 11:00-15:00",
        "full_address": "Gillies St, Wendouree, VIC, 3355"
      }
    },
    {
      "type": "Feature",
      "geometry": {
        "type": "Point",
        "coordinates": [
          144.68019,
          -37.87533
        ]
      },
      "properties": {
        "identifier": "OPSM Werribee Plaza_1655",
        "sap_id": "1655",
        "name": "OPSM Werribee Plaza",
        "address_1": "10 PACIFIC WERRIBEE CNR HEATHS RD &amp;",
        "address_2": "",
        "address_3": "",
        "city": "Werribee",
        "state": "VIC",
        "postal_code": "3030",
        "country": "AU",
        "phone": "(03) 9749 5000",
        "fax": "(03) 9749 5399",
        "services": "Audiology, Dry Eye, Collect & Return",
        "hours": "Mon: 09:00-17:30; Tue: 09:00-17:30; Wed: 09:00-17:30; Thu: 09:00-19:30; Fri: 09:00-19:30; Sat: 09:00-17:00; Sun: 10:00-17:00",
        "full_address": "10 PACIFIC WERRIBEE CNR HEATHS RD &amp;, Werribee, VIC, 3030"
      }
    },
    {
      "type": "Feature",
      "geometry": {
        "type": "Point",
        "coordinates": [
          145.11831,
          -37.51166
        ]
      },
      "properties": {
        "identifier": "OPSM Whittlesea_1170",
        "sap_id": "1170",
        "name": "OPSM Whittlesea",
        "address_1": "66 Church St",
        "address_2": "",
        "address_3": "",
        "city": "Whittlesea",
        "state": "VIC",
        "postal_code": "3757",
        "country": "AU",
        "phone": "(03) 9716 3268",
        "fax": "(03) 9716 3713",
        "services": "Collect & Return",
        "hours": "Mon: 09:00-17:30; Tue: 09:00-17:30; Wed: 09:00-17:30; Thu: 09:00-19:00; Fri: 09:00-18:00; Sat: 09:00-17:00; Sun: closed",
        "full_address": "66 Church St, Whittlesea, VIC, 3757"
      }
    },
    {
      "type": "Feature",
      "geometry": {
        "type": "Point",
        "coordinates": [
          146.88789,
          -36.12228
        ]
      },
      "properties": {
        "identifier": "OPSM  WODONGA_2267",
        "sap_id": "2267",
        "name": "OPSM  WODONGA",
        "address_1": "135 High St",
        "address_2": "",
        "address_3": "",
        "city": "Wodonga",
        "state": "VIC",
        "postal_code": "3690",
        "country": "AU",
        "phone": "(02) 6024 1043",
        "fax": "(02) 6056 2871",
        "services": "Collect & Return",
        "hours": "Mon: 09:00-17:30; Tue: 09:00-17:30; Wed: 09:00-17:30; Thu: 09:00-17:30; Fri: 09:00-17:30; Sat: 09:00-13:00; Sun: closed",
        "full_address": "135 High St, Wodonga, VIC, 3690"
      }
    },
    {
      "type": "Feature",
      "geometry": {
        "type": "Point",
        "coordinates": [
          117.88369,
          -35.02289
        ]
      },
      "properties": {
        "identifier": "OPSM Albany_1195",
        "sap_id": "1195",
        "name": "OPSM Albany",
        "address_1": "238 York St",
        "address_2": "",
        "address_3": "",
        "city": "Albany",
        "state": "WA",
        "postal_code": "6330",
        "country": "AU",
        "phone": "(08) 9842 3356",
        "fax": "(08) 9842 3358",
        "services": "Collect & Return",
        "hours": "Mon: 08:00-17:30; Tue: 08:00-17:30; Wed: 08:00-17:30; Thu: 09:00-17:30; Fri: 08:00-17:30; Sat: 09:00-14:00; Sun: closed",
        "full_address": "238 York St, Albany, WA, 6330"
      }
    },
    {
      "type": "Feature",
      "geometry": {
        "type": "Point",
        "coordinates": [
          116.01583,
          -32.15302
        ]
      },
      "properties": {
        "identifier": "OPSM Armadale_1306",
        "sap_id": "1306",
        "name": "OPSM Armadale",
        "address_1": "Jull St",
        "address_2": "",
        "address_3": "",
        "city": "Armadale",
        "state": "WA",
        "postal_code": "6112",
        "country": "AU",
        "phone": "(08) 9497 2233",
        "fax": "(08) 9497 2032",
        "services": "Collect & Return",
        "hours": "Mon: 09:00-17:30; Tue: 09:00-17:30; Wed: 09:00-17:30; Thu: 09:00-20:00; Fri: 09:00-17:30; Sat: 09:00-17:00; Sun: 11:00-17:00",
        "full_address": "Jull St, Armadale, WA, 6112"
      }
    },
    {
      "type": "Feature",
      "geometry": {
        "type": "Point",
        "coordinates": [
          115.81486,
          -32.33287
        ]
      },
      "properties": {
        "identifier": "OPSM Baldivis_1515",
        "sap_id": "1515",
        "name": "OPSM Baldivis",
        "address_1": "Cnr Safety Bay Rd &amp; Settlers Ave",
        "address_2": "",
        "address_3": "",
        "city": "Baldivis",
        "state": "WA",
        "postal_code": "6171",
        "country": "AU",
        "phone": "(08) 9523 2333",
        "fax": "(08) 9523 2399",
        "services": "Kids Vision Centre, Collect & Return",
        "hours": "Mon: 09:00-17:30; Tue: 09:00-17:30; Wed: 09:00-17:30; Thu: 09:00-20:00; Fri: 09:00-17:30; Sat: 09:00-17:00; Sun: 11:00-17:00",
        "full_address": "Cnr Safety Bay Rd &amp; Settlers Ave, Baldivis, WA, 6171"
      }
    },
    {
      "type": "Feature",
      "geometry": {
        "type": "Point",
        "coordinates": [
          115.83543,
          -32.034
        ]
      },
      "properties": {
        "identifier": "OPSM Garden City Booragoon_1442",
        "sap_id": "1442",
        "name": "OPSM Garden City Booragoon",
        "address_1": "125 Riseley St",
        "address_2": "",
        "address_3": "",
        "city": "Booragoon",
        "state": "WA",
        "postal_code": "6154",
        "country": "AU",
        "phone": "(08) 9364 9577",
        "fax": "(08) 9316 2826",
        "services": "Kids Vision Centre, Collect & Return",
        "hours": "Mon: 08:30-17:30; Tue: 08:30-17:30; Wed: 08:30-17:30; Thu: 08:30-21:00; Fri: 08:30-17:30; Sat: 09:00-17:00; Sun: 11:00-17:00",
        "full_address": "125 Riseley St, Booragoon, WA, 6154"
      }
    },
    {
      "type": "Feature",
      "geometry": {
        "type": "Point",
        "coordinates": [
          122.22873,
          -17.95251
        ]
      },
      "properties": {
        "identifier": "OPSM Broome_1027",
        "sap_id": "1027",
        "name": "OPSM Broome",
        "address_1": "106 Frederick St",
        "address_2": "",
        "address_3": "",
        "city": "Broome",
        "state": "WA",
        "postal_code": "6725",
        "country": "AU",
        "phone": "(08) 9192 3444",
        "fax": "(08) 9192 3449",
        "services": "Collect & Return",
        "hours": "Mon: 08:00-17:00; Tue: 08:00-17:00; Wed: 08:00-17:00; Thu: 08:00-17:00; Fri: 08:00-17:00; Sat: 09:00-13:00; Sun: closed",
        "full_address": "106 Frederick St, Broome, WA, 6725"
      }
    },
    {
      "type": "Feature",
      "geometry": {
        "type": "Point",
        "coordinates": [
          115.85692,
          -32.06404
        ]
      },
      "properties": {
        "identifier": "OPSM Bull Creek_1516",
        "sap_id": "1516",
        "name": "OPSM Bull Creek",
        "address_1": "44 Benningfield Rd",
        "address_2": "",
        "address_3": "",
        "city": "Bull Creek",
        "state": "WA",
        "postal_code": "6149",
        "country": "AU",
        "phone": "(08) 9310 5775",
        "fax": "(08) 9310 7507",
        "services": "Collect & Return",
        "hours": "Mon: 09:00-17:30; Tue: 09:00-17:30; Wed: 09:00-17:30; Thu: 09:00-19:00; Fri: 09:00-17:30; Sat: 09:00-17:00; Sun: closed",
        "full_address": "44 Benningfield Rd, Bull Creek, WA, 6149"
      }
    },
    {
      "type": "Feature",
      "geometry": {
        "type": "Point",
        "coordinates": [
          115.64027,
          -33.32597
        ]
      },
      "properties": {
        "identifier": "OPSM Bunbury Centrepoint_1382",
        "sap_id": "1382",
        "name": "OPSM Bunbury Centrepoint",
        "address_1": "Cnr Blair St",
        "address_2": "",
        "address_3": "",
        "city": "Bunbury",
        "state": "WA",
        "postal_code": "6230",
        "country": "AU",
        "phone": "(08) 9792 5055",
        "fax": "(08) 9792 5044",
        "services": "Collect & Return",
        "hours": "Mon: 09:00-17:30; Tue: 09:00-17:30; Wed: 09:00-17:30; Thu: 09:00-19:00; Fri: 09:00-17:30; Sat: 09:00-17:00; Sun: 10:00-15:00",
        "full_address": "Cnr Blair St, Bunbury, WA, 6230"
      }
    },
    {
      "type": "Feature",
      "geometry": {
        "type": "Point",
        "coordinates": [
          115.66005,
          -33.33696
        ]
      },
      "properties": {
        "identifier": "OPSM Bunbury Forum_1283",
        "sap_id": "1283",
        "name": "OPSM Bunbury Forum",
        "address_1": "Sandridge Rd &amp; Pennant Rd",
        "address_2": "",
        "address_3": "",
        "city": "Bunbury",
        "state": "WA",
        "postal_code": "6230",
        "country": "AU",
        "phone": "(08) 9721 6809",
        "fax": "(08) 9791 2140",
        "services": "Collect & Return",
        "hours": "Mon: 09:00-17:30; Tue: 09:00-17:30; Wed: 09:00-17:30; Thu: 09:00-19:00; Fri: 09:00-17:30; Sat: 09:00-17:00; Sun: closed",
        "full_address": "Sandridge Rd &amp; Pennant Rd, Bunbury, WA, 6230"
      }
    },
    {
      "type": "Feature",
      "geometry": {
        "type": "Point",
        "coordinates": [
          115.34636,
          -33.6508
        ]
      },
      "properties": {
        "identifier": "OPSM Busselton_1197",
        "sap_id": "1197",
        "name": "OPSM Busselton",
        "address_1": "64 Prince St",
        "address_2": "",
        "address_3": "",
        "city": "Busselton",
        "state": "WA",
        "postal_code": "6280",
        "country": "AU",
        "phone": "(08) 9754 4413",
        "fax": "(08) 9754 4416",
        "services": "Collect & Return",
        "hours": "Mon: 08:30-17:00; Tue: 08:30-17:00; Wed: 08:30-17:00; Thu: 08:30-17:00; Fri: 08:30-17:00; Sat: 09:00-14:00; Sun: closed",
        "full_address": "64 Prince St, Busselton, WA, 6280"
      }
    },
    {
      "type": "Feature",
      "geometry": {
        "type": "Point",
        "coordinates": [
          115.3429,
          -33.65118
        ]
      },
      "properties": {
        "identifier": "OPSM Busselton Central_4610",
        "sap_id": "4610",
        "name": "OPSM Busselton Central",
        "address_1": "Prince St",
        "address_2": "",
        "address_3": "",
        "city": "Busselton",
        "state": "WA",
        "postal_code": "6280",
        "country": "AU",
        "phone": "(08) 6149 5427",
        "fax": "(08) 6149 5428",
        "services": "Audiology",
        "hours": "Mon: 09:00-17:30; Tue: 09:00-17:30; Wed: 09:00-17:30; Thu: 09:00-17:30; Fri: 09:00-17:30; Sat: 09:00-17:00; Sun: closed",
        "full_address": "Prince St, Busselton, WA, 6280"
      }
    },
    {
      "type": "Feature",
      "geometry": {
        "type": "Point",
        "coordinates": [
          115.91733,
          -32.08547
        ]
      },
      "properties": {
        "identifier": "OPSM Livingston_1395",
        "sap_id": "1395",
        "name": "OPSM Livingston",
        "address_1": "Cnr Ranford Rd &amp; Nicholson Rd",
        "address_2": "",
        "address_3": "",
        "city": "Canning Vale",
        "state": "WA",
        "postal_code": "6155",
        "country": "AU",
        "phone": "(08) 9456 1100",
        "fax": "(08) 9456 1164",
        "services": "Kids Vision Centre, Collect & Return",
        "hours": "Mon: 09:00-17:30; Tue: 09:00-17:30; Wed: 09:00-17:30; Thu: 09:00-21:00; Fri: 09:00-17:30; Sat: 09:00-17:00; Sun: 11:00-17:00",
        "full_address": "Cnr Ranford Rd &amp; Nicholson Rd, Canning Vale, WA, 6155"
      }
    },
    {
      "type": "Feature",
      "geometry": {
        "type": "Point",
        "coordinates": [
          115.93871,
          -32.02018
        ]
      },
      "properties": {
        "identifier": "OPSM Carousel_1366",
        "sap_id": "1366",
        "name": "OPSM Carousel",
        "address_1": "1382 Albany Hwy",
        "address_2": "",
        "address_3": "",
        "city": "Cannington",
        "state": "WA",
        "postal_code": "6107",
        "country": "AU",
        "phone": "(08) 9356 2707",
        "fax": "(08) 9356 2709",
        "services": "Kids Vision Centre, Collect & Return",
        "hours": "Mon: 09:00-17:30; Tue: 09:00-17:30; Wed: 09:00-17:30; Thu: 09:00-21:00; Fri: 09:00-17:30; Sat: 09:00-17:00; Sun: 11:00-17:00",
        "full_address": "1382 Albany Hwy, Cannington, WA, 6107"
      }
    },
    {
      "type": "Feature",
      "geometry": {
        "type": "Point",
        "coordinates": [
          115.77959,
          -31.98223
        ]
      },
      "properties": {
        "identifier": "OPSM CLAREMONT_1418",
        "sap_id": "1418",
        "name": "OPSM CLAREMONT",
        "address_1": "9 Bayview Terrace",
        "address_2": "",
        "address_3": "",
        "city": "Claremont",
        "state": "WA",
        "postal_code": "6010",
        "country": "AU",
        "phone": "(08) 9383 3943",
        "fax": "",
        "services": "Kids Vision Centre, Collect & Return",
        "hours": "Mon: 09:00-17:30; Tue: 09:00-17:30; Wed: 09:00-17:30; Thu: 09:00-21:00; Fri: 09:00-17:30; Sat: 09:00-17:00; Sun: 11:00-17:00",
        "full_address": "9 Bayview Terrace, Claremont, WA, 6010"
      }
    },
    {
      "type": "Feature",
      "geometry": {
        "type": "Point",
        "coordinates": [
          115.71794,
          -31.69123
        ]
      },
      "properties": {
        "identifier": "OPSM Ocean Keys_1059",
        "sap_id": "1059",
        "name": "OPSM Ocean Keys",
        "address_1": "36 Ocean Keys Blvd",
        "address_2": "",
        "address_3": "",
        "city": "Clarkson",
        "state": "WA",
        "postal_code": "6030",
        "country": "AU",
        "phone": "(08) 9407 9166",
        "fax": "(08) 9407 9498",
        "services": "Collect & Return",
        "hours": "Mon: 09:00-17:30; Tue: 09:00-17:30; Wed: 09:00-17:30; Thu: 09:00-21:00; Fri: 09:00-17:30; Sat: 09:00-17:00; Sun: 11:00-17:00",
        "full_address": "36 Ocean Keys Blvd, Clarkson, WA, 6030"
      }
    },
    {
      "type": "Feature",
      "geometry": {
        "type": "Point",
        "coordinates": [
          115.93592,
          -31.96409
        ]
      },
      "properties": {
        "identifier": "OPSM Belmont Forum_7047",
        "sap_id": "7047",
        "name": "OPSM Belmont Forum",
        "address_1": "227 Belmont Ave",
        "address_2": "",
        "address_3": "",
        "city": "Cloverdale",
        "state": "WA",
        "postal_code": "6105",
        "country": "AU",
        "phone": "(08) 9277 6023",
        "fax": "(08) 9478 3950",
        "services": "",
        "hours": "Mon: 09:00-17:30; Tue: 09:00-17:30; Wed: 09:00-17:30; Thu: 09:00-18:00; Fri: 09:00-17:30; Sat: 09:00-17:00; Sun: closed",
        "full_address": "227 Belmont Ave, Cloverdale, WA, 6105"
      }
    },
    {
      "type": "Feature",
      "geometry": {
        "type": "Point",
        "coordinates": [
          116.15416,
          -33.35865
        ]
      },
      "properties": {
        "identifier": "OPSM Collie_1561",
        "sap_id": "1561",
        "name": "OPSM Collie",
        "address_1": "56-58 Forrest St",
        "address_2": "",
        "address_3": "",
        "city": "Collie",
        "state": "WA",
        "postal_code": "6225",
        "country": "AU",
        "phone": "(08) 9734 3800",
        "fax": "(08) 9734 4659",
        "services": "Collect & Return",
        "hours": "Mon: 09:00-17:00; Tue: 09:00-17:30; Wed: 09:00-17:30; Thu: 09:00-17:30; Fri: 09:00-17:00; Sat: closed; Sun: closed",
        "full_address": "56-58 Forrest St, Collie, WA, 6225"
      }
    },
    {
      "type": "Feature",
      "geometry": {
        "type": "Point",
        "coordinates": [
          115.76128,
          -31.99783
        ]
      },
      "properties": {
        "identifier": "OPSM Cottesloe_2985",
        "sap_id": "2985",
        "name": "OPSM Cottesloe",
        "address_1": "Napoleon St",
        "address_2": "",
        "address_3": "",
        "city": "Cottesloe",
        "state": "WA",
        "postal_code": "6011",
        "country": "AU",
        "phone": "(08) 6488 0691",
        "fax": "(08) 6488 0692",
        "services": "Collect & Return",
        "hours": "Mon: 08:30-17:00; Tue: 08:30-17:00; Wed: 08:30-17:00; Thu: 08:30-17:00; Fri: 08:30-17:00; Sat: 08:30-13:00; Sun: closed",
        "full_address": "Napoleon St, Cottesloe, WA, 6011"
      }
    },
    {
      "type": "Feature",
      "geometry": {
        "type": "Point",
        "coordinates": [
          115.87183,
          -31.89566
        ]
      },
      "properties": {
        "identifier": "OPSM Dianella_1571",
        "sap_id": "1571",
        "name": "OPSM Dianella",
        "address_1": "Cnr Alexander Dr &amp; Grand Promenade",
        "address_2": "",
        "address_3": "",
        "city": "Dianella",
        "state": "WA",
        "postal_code": "6059",
        "country": "AU",
        "phone": "(08) 9276 4871",
        "fax": "(08) 9275 2155",
        "services": "Collect & Return",
        "hours": "Mon: 08:30-17:00; Tue: 08:30-17:00; Wed: 08:30-17:00; Thu: 08:30-19:00; Fri: 08:30-17:00; Sat: 09:00-17:00; Sun: closed",
        "full_address": "Cnr Alexander Dr &amp; Grand Promenade, Dianella, WA, 6059"
      }
    },
    {
      "type": "Feature",
      "geometry": {
        "type": "Point",
        "coordinates": [
          115.97026,
          -31.78222
        ]
      },
      "properties": {
        "identifier": "OPSM Ellenbrook_1557",
        "sap_id": "1557",
        "name": "OPSM Ellenbrook",
        "address_1": "Cnr Main St &amp; The Promenade",
        "address_2": "",
        "address_3": "",
        "city": "Ellenbrook",
        "state": "WA",
        "postal_code": "6069",
        "country": "AU",
        "phone": "(08) 9296 9400",
        "fax": "(08) 9296 9411",
        "services": "Collect & Return",
        "hours": "Mon: 09:00-17:30; Tue: 09:00-17:30; Wed: 09:00-17:30; Thu: 09:00-20:00; Fri: 09:00-17:30; Sat: 09:00-17:00; Sun: 11:00-17:00",
        "full_address": "Cnr Main St &amp; The Promenade, Ellenbrook, WA, 6069"
      }
    },
    {
      "type": "Feature",
      "geometry": {
        "type": "Point",
        "coordinates": [
          121.89086,
          -33.85814
        ]
      },
      "properties": {
        "identifier": "OPSM Esperance_1567",
        "sap_id": "1567",
        "name": "OPSM Esperance",
        "address_1": "1 Forrest Rd",
        "address_2": "",
        "address_3": "",
        "city": "Esperance",
        "state": "WA",
        "postal_code": "6450",
        "country": "AU",
        "phone": "(08) 9071 4586",
        "fax": "(08) 9071 5363",
        "services": "Collect & Return",
        "hours": "Mon: 08:30-17:00; Tue: 08:30-17:00; Wed: 08:30-17:00; Thu: 08:30-17:00; Fri: 08:30-17:00; Sat: 09:00-13:00; Sun: closed",
        "full_address": "1 Forrest Rd, Esperance, WA, 6450"
      }
    },
    {
      "type": "Feature",
      "geometry": {
        "type": "Point",
        "coordinates": [
          115.79281,
          -31.93754
        ]
      },
      "properties": {
        "identifier": "OPSM Floreat_1112",
        "sap_id": "1112",
        "name": "OPSM Floreat",
        "address_1": "1 Howtree Pl",
        "address_2": "",
        "address_3": "",
        "city": "Floreat",
        "state": "WA",
        "postal_code": "6014",
        "country": "AU",
        "phone": "(08) 9287 1839",
        "fax": "(08) 9284 0140",
        "services": "Kids Vision Centre, Collect & Return",
        "hours": "Mon: 09:00-17:30; Tue: 09:00-17:30; Wed: 09:00-17:30; Thu: 09:00-20:00; Fri: 09:00-17:30; Sat: 09:00-17:00; Sun: 11:00-17:00",
        "full_address": "1 Howtree Pl, Floreat, WA, 6014"
      }
    },
    {
      "type": "Feature",
      "geometry": {
        "type": "Point",
        "coordinates": [
          115.74673,
          -32.05547
        ]
      },
      "properties": {
        "identifier": "OPSM Fremantle_1083",
        "sap_id": "1083",
        "name": "OPSM Fremantle",
        "address_1": "89 Market St",
        "address_2": "",
        "address_3": "",
        "city": "Fremantle",
        "state": "WA",
        "postal_code": "6160",
        "country": "AU",
        "phone": "(08) 9335 3066",
        "fax": "(08) 9430 4636",
        "services": "Collect & Return",
        "hours": "Mon: 08:30-17:30; Tue: 08:30-17:30; Wed: 08:30-17:30; Thu: 08:30-19:00; Fri: 08:30-17:30; Sat: 08:30-16:00; Sun: 11:00-17:00",
        "full_address": "89 Market St, Fremantle, WA, 6160"
      }
    },
    {
      "type": "Feature",
      "geometry": {
        "type": "Point",
        "coordinates": [
          114.61651,
          -28.76711
        ]
      },
      "properties": {
        "identifier": "OPSM Geraldton_1354",
        "sap_id": "1354",
        "name": "OPSM Geraldton",
        "address_1": "110 Chapman Rd",
        "address_2": "",
        "address_3": "",
        "city": "Geraldton",
        "state": "WA",
        "postal_code": "6530",
        "country": "AU",
        "phone": "(08) 9964 4711",
        "fax": "(08) 9964 4686",
        "services": "Collect & Return",
        "hours": "Mon: 08:30-17:00; Tue: 08:30-17:00; Wed: 08:30-17:00; Thu: 08:30-18:00; Fri: 08:30-17:00; Sat: closed; Sun: closed",
        "full_address": "110 Chapman Rd, Geraldton, WA, 6530"
      }
    },
    {
      "type": "Feature",
      "geometry": {
        "type": "Point",
        "coordinates": [
          115.74863,
          -31.79707
        ]
      },
      "properties": {
        "identifier": "OPSM Whitford City_1447",
        "sap_id": "1447",
        "name": "OPSM Whitford City",
        "address_1": "Whitfords Ave &amp; Marmion Ave",
        "address_2": "",
        "address_3": "",
        "city": "Hillarys",
        "state": "WA",
        "postal_code": "6025",
        "country": "AU",
        "phone": "(08) 9307 7960",
        "fax": "(08) 9307 7962",
        "services": "Collect & Return",
        "hours": "Mon: 08:30-17:30; Tue: 08:30-17:30; Wed: 08:30-17:30; Thu: 08:30-21:00; Fri: 08:30-17:30; Sat: 08:30-17:00; Sun: 11:00-17:00",
        "full_address": "Whitfords Ave &amp; Marmion Ave, Hillarys, WA, 6025"
      }
    },
    {
      "type": "Feature",
      "geometry": {
        "type": "Point",
        "coordinates": [
          115.79995,
          -31.9013
        ]
      },
      "properties": {
        "identifier": "OPSM Innaloo_1361",
        "sap_id": "1361",
        "name": "OPSM Innaloo",
        "address_1": "Ellen Sterling Boulevard",
        "address_2": "",
        "address_3": "",
        "city": "Innaloo",
        "state": "WA",
        "postal_code": "6018",
        "country": "AU",
        "phone": "(08) 9244 4300",
        "fax": "(08) 9244 4301",
        "services": "Collect & Return",
        "hours": "Mon: 09:00-17:30; Tue: 09:00-17:30; Wed: 09:00-17:30; Thu: 09:00-21:00; Fri: 09:00-17:30; Sat: 09:00-17:00; Sun: 11:00-17:00",
        "full_address": "Ellen Sterling Boulevard, Innaloo, WA, 6018"
      }
    },
    {
      "type": "Feature",
      "geometry": {
        "type": "Point",
        "coordinates": [
          115.76621,
          -31.7441
        ]
      },
      "properties": {
        "identifier": "OPSM Joondalup_1404",
        "sap_id": "1404",
        "name": "OPSM Joondalup",
        "address_1": "420 Joondalup Dr",
        "address_2": "",
        "address_3": "",
        "city": "Joondalup",
        "state": "WA",
        "postal_code": "6027",
        "country": "AU",
        "phone": "(08) 9300 0377",
        "fax": "(08) 9300 0370",
        "services": "Collect & Return",
        "hours": "Mon: 08:30-17:30; Tue: 08:30-17:30; Wed: 08:30-17:30; Thu: 08:30-21:00; Fri: 08:30-17:30; Sat: 09:00-17:00; Sun: 11:00-17:00",
        "full_address": "420 Joondalup Dr, Joondalup, WA, 6027"
      }
    },
    {
      "type": "Feature",
      "geometry": {
        "type": "Point",
        "coordinates": [
          116.063,
          -31.969
        ]
      },
      "properties": {
        "identifier": "OPSM KALAMUNDA_7011",
        "sap_id": "7011",
        "name": "OPSM KALAMUNDA",
        "address_1": "39 Railway Rd",
        "address_2": "",
        "address_3": "",
        "city": "Kalamunda",
        "state": "WA",
        "postal_code": "6076",
        "country": "AU",
        "phone": "(08) 9257 2911",
        "fax": "(08) 9257 2922",
        "services": "",
        "hours": "Mon: 09:00-17:00; Tue: 09:00-17:00; Wed: 09:00-17:00; Thu: 09:00-18:00; Fri: 09:00-17:00; Sat: 09:00-14:00; Sun: closed",
        "full_address": "39 Railway Rd, Kalamunda, WA, 6076"
      }
    },
    {
      "type": "Feature",
      "geometry": {
        "type": "Point",
        "coordinates": [
          121.47098,
          -30.74833
        ]
      },
      "properties": {
        "identifier": "OPSM Kalgoorlie_1007",
        "sap_id": "1007",
        "name": "OPSM Kalgoorlie",
        "address_1": "296 Hannan St",
        "address_2": "",
        "address_3": "",
        "city": "Kalgoorlie",
        "state": "WA",
        "postal_code": "6430",
        "country": "AU",
        "phone": "(08) 9091 4442",
        "fax": "(08) 9091 4491",
        "services": "Collect & Return",
        "hours": "Mon: 08:30-17:00; Tue: 08:30-17:00; Wed: 08:30-17:00; Thu: 08:30-17:00; Fri: 08:30-17:00; Sat: 09:00-14:00; Sun: closed",
        "full_address": "296 Hannan St, Kalgoorlie, WA, 6430"
      }
    },
    {
      "type": "Feature",
      "geometry": {
        "type": "Point",
        "coordinates": [
          116.84575,
          -20.73557
        ]
      },
      "properties": {
        "identifier": "OPSM Karratha_1233",
        "sap_id": "1233",
        "name": "OPSM Karratha",
        "address_1": "12-42 Welcome Rd",
        "address_2": "",
        "address_3": "",
        "city": "Karratha",
        "state": "WA",
        "postal_code": "6714",
        "country": "AU",
        "phone": "(08) 9143 1208",
        "fax": "(08) 9143 1217",
        "services": "Collect & Return",
        "hours": "Mon: 09:00-17:30; Tue: 09:00-17:30; Wed: 09:00-17:30; Thu: 09:00-19:00; Fri: 09:00-17:30; Sat: closed; Sun: closed",
        "full_address": "12-42 Welcome Rd, Karratha, WA, 6714"
      }
    },
    {
      "type": "Feature",
      "geometry": {
        "type": "Point",
        "coordinates": [
          115.77838,
          -31.87684
        ]
      },
      "properties": {
        "identifier": "OPSM Karrinyup_1370",
        "sap_id": "1370",
        "name": "OPSM Karrinyup",
        "address_1": "200 Karrinyup Rd",
        "address_2": "",
        "address_3": "",
        "city": "Karrinyup",
        "state": "WA",
        "postal_code": "6018",
        "country": "AU",
        "phone": "(08) 9446 5994",
        "fax": "(08) 9446 5300",
        "services": "Collect & Return",
        "hours": "Mon: 09:00-17:30; Tue: 09:00-17:30; Wed: 09:00-17:30; Thu: 09:00-21:00; Fri: 09:00-17:30; Sat: 09:00-17:00; Sun: 11:00-17:00",
        "full_address": "200 Karrinyup Rd, Karrinyup, WA, 6018"
      }
    },
    {
      "type": "Feature",
      "geometry": {
        "type": "Point",
        "coordinates": [
          115.81466,
          -32.24485
        ]
      },
      "properties": {
        "identifier": "OPSM Kwinana_4636",
        "sap_id": "4636",
        "name": "OPSM Kwinana",
        "address_1": "4 Chisham Ave",
        "address_2": "",
        "address_3": "",
        "city": "Kwinana",
        "state": "WA",
        "postal_code": "6167",
        "country": "AU",
        "phone": "(08) 9419 1056",
        "fax": "(08) 9419 3869",
        "services": "Dry Eye, Kids Vision Centre",
        "hours": "Mon: 09:00-17:30; Tue: 09:00-17:30; Wed: 09:00-17:30; Thu: 09:00-19:00; Fri: 09:00-17:30; Sat: 09:00-17:00; Sun: 11:00-17:00",
        "full_address": "4 Chisham Ave, Kwinana, WA, 6167"
      }
    },
    {
      "type": "Feature",
      "geometry": {
        "type": "Point",
        "coordinates": [
          115.9774,
          -32.0531
        ]
      },
      "properties": {
        "identifier": "OPSM Maddington_1427",
        "sap_id": "1427",
        "name": "OPSM Maddington",
        "address_1": "143 Attfield St",
        "address_2": "",
        "address_3": "",
        "city": "Maddington",
        "state": "WA",
        "postal_code": "6109",
        "country": "AU",
        "phone": "(08) 9459 9599",
        "fax": "(08) 9493 1599",
        "services": "Collect & Return",
        "hours": "Mon: 09:00-17:30; Tue: 09:00-17:30; Wed: 09:00-17:30; Thu: 09:00-19:00; Fri: 09:00-17:30; Sat: 09:00-17:00; Sun: 11:00-17:00",
        "full_address": "143 Attfield St, Maddington, WA, 6109"
      }
    },
    {
      "type": "Feature",
      "geometry": {
        "type": "Point",
        "coordinates": [
          115.70342,
          -32.54888
        ]
      },
      "properties": {
        "identifier": "OPSM Halls Head_1517",
        "sap_id": "1517",
        "name": "OPSM Halls Head",
        "address_1": "14 Guava Way",
        "address_2": "",
        "address_3": "",
        "city": "Mandurah",
        "state": "WA",
        "postal_code": "6210",
        "country": "AU",
        "phone": "(08) 9581 2777",
        "fax": "(08) 9581 4777",
        "services": "Collect & Return",
        "hours": "Mon: 09:00-17:30; Tue: 09:00-17:30; Wed: 09:00-17:30; Thu: 09:00-20:00; Fri: 09:00-17:30; Sat: 09:00-17:00; Sun: 10:00-16:00",
        "full_address": "14 Guava Way, Mandurah, WA, 6210"
      }
    },
    {
      "type": "Feature",
      "geometry": {
        "type": "Point",
        "coordinates": [
          115.74374,
          -32.53551
        ]
      },
      "properties": {
        "identifier": "OPSM Mandurah Forum_1405",
        "sap_id": "1405",
        "name": "OPSM Mandurah Forum",
        "address_1": "330 Pinjarra Rd",
        "address_2": "",
        "address_3": "",
        "city": "Mandurah",
        "state": "WA",
        "postal_code": "6210",
        "country": "AU",
        "phone": "(08) 6488 0660",
        "fax": "(08) 6488 0661",
        "services": "Collect & Return",
        "hours": "Mon: 08:30-17:30; Tue: 08:30-17:30; Wed: 08:30-17:30; Thu: 08:30-20:00; Fri: 08:30-17:30; Sat: 09:00-17:00; Sun: 10:00-16:00",
        "full_address": "330 Pinjarra Rd, Mandurah, WA, 6210"
      }
    },
    {
      "type": "Feature",
      "geometry": {
        "type": "Point",
        "coordinates": [
          115.07377,
          -33.95295
        ]
      },
      "properties": {
        "identifier": "OPSM Margaret River_1115",
        "sap_id": "1115",
        "name": "OPSM Margaret River",
        "address_1": "145 Bussell Hwy",
        "address_2": "",
        "address_3": "",
        "city": "Margaret River",
        "state": "WA",
        "postal_code": "6285",
        "country": "AU",
        "phone": "(08) 9757 3370",
        "fax": "(08) 9757 9466",
        "services": "Kids Vision Centre, Collect & Return",
        "hours": "Mon: 08:30-17:00; Tue: 08:30-17:00; Wed: 08:30-17:00; Thu: 08:30-17:00; Fri: 08:30-17:00; Sat: 08:30-12:30; Sun: closed",
        "full_address": "145 Bussell Hwy, Margaret River, WA, 6285"
      }
    },
    {
      "type": "Feature",
      "geometry": {
        "type": "Point",
        "coordinates": [
          116.01051,
          -31.88979
        ]
      },
      "properties": {
        "identifier": "OPSM Midland Gate_1281",
        "sap_id": "1281",
        "name": "OPSM Midland Gate",
        "address_1": "274 Great Eastern Hwy",
        "address_2": "",
        "address_3": "",
        "city": "Midland",
        "state": "WA",
        "postal_code": "6056",
        "country": "AU",
        "phone": "(08) 9274 3565",
        "fax": "(08) 9274 4114",
        "services": "Dry Eye, Collect & Return",
        "hours": "Mon: 08:30-17:30; Tue: 08:30-17:30; Wed: 08:30-17:30; Thu: 08:30-21:00; Fri: 08:30-17:30; Sat: 08:30-17:00; Sun: 11:00-17:00",
        "full_address": "274 Great Eastern Hwy, Midland, WA, 6056"
      }
    },
    {
      "type": "Feature",
      "geometry": {
        "type": "Point",
        "coordinates": [
          115.86233,
          -31.87051
        ]
      },
      "properties": {
        "identifier": "OPSM Mirrabooka_2280",
        "sap_id": "2280",
        "name": "OPSM Mirrabooka",
        "address_1": "43 Yirrigan Dr",
        "address_2": "",
        "address_3": "",
        "city": "Mirrabooka",
        "state": "WA",
        "postal_code": "6061",
        "country": "AU",
        "phone": "(08) 9344 4344",
        "fax": "(08) 9344 4355",
        "services": "Collect & Return",
        "hours": "Mon: 09:00-17:30; Tue: 09:00-17:30; Wed: 09:00-17:30; Thu: 09:00-21:00; Fri: 09:00-17:30; Sat: 09:00-17:00; Sun: closed",
        "full_address": "43 Yirrigan Dr, Mirrabooka, WA, 6061"
      }
    },
    {
      "type": "Feature",
      "geometry": {
        "type": "Point",
        "coordinates": [
          115.89937,
          -31.89777
        ]
      },
      "properties": {
        "identifier": "OPSM Morley Galleria_1198",
        "sap_id": "1198",
        "name": "OPSM Morley Galleria",
        "address_1": "Cnr Collier Rd &amp; Walter Rd W",
        "address_2": "",
        "address_3": "",
        "city": "Morley",
        "state": "WA",
        "postal_code": "6062",
        "country": "AU",
        "phone": "(08) 9276 5856",
        "fax": "(08) 9276 4040",
        "services": "Collect & Return",
        "hours": "Mon: 09:00-17:30; Tue: 09:00-17:30; Wed: 09:00-17:30; Thu: 09:00-21:00; Fri: 09:00-17:30; Sat: 09:00-17:00; Sun: 11:00-17:00",
        "full_address": "Cnr Collier Rd &amp; Walter Rd W, Morley, WA, 6062"
      }
    },
    {
      "type": "Feature",
      "geometry": {
        "type": "Point",
        "coordinates": [
          115.83725,
          -31.92046
        ]
      },
      "properties": {
        "identifier": "OPSM Mt Hawthorn_1425",
        "sap_id": "1425",
        "name": "OPSM Mt Hawthorn",
        "address_1": "180 Scarborough Beach Rd",
        "address_2": "",
        "address_3": "",
        "city": "Mount Hawthorn",
        "state": "WA",
        "postal_code": "6016",
        "country": "AU",
        "phone": "(08) 9443 5266",
        "fax": "(08) 9443 5277",
        "services": "Collect & Return",
        "hours": "Mon: 09:00-17:30; Tue: 09:00-17:30; Wed: 09:00-17:30; Thu: 09:00-18:00; Fri: 09:00-17:30; Sat: 09:00-17:00; Sun: closed",
        "full_address": "180 Scarborough Beach Rd, Mount Hawthorn, WA, 6016"
      }
    },
    {
      "type": "Feature",
      "geometry": {
        "type": "Point",
        "coordinates": [
          116.6724,
          -31.65412
        ]
      },
      "properties": {
        "identifier": "OPSM Northam_1365",
        "sap_id": "1365",
        "name": "OPSM Northam",
        "address_1": "171 Fitzgerald St",
        "address_2": "",
        "address_3": "",
        "city": "Northam",
        "state": "WA",
        "postal_code": "6401",
        "country": "AU",
        "phone": "(08) 9622 3363",
        "fax": "(08) 9622 5051",
        "services": "Collect & Return",
        "hours": "Mon: 09:00-17:00; Tue: 09:00-17:00; Wed: 09:00-17:00; Thu: 09:00-17:00; Fri: 09:00-17:00; Sat: closed; Sun: closed",
        "full_address": "171 Fitzgerald St, Northam, WA, 6401"
      }
    },
    {
      "type": "Feature",
      "geometry": {
        "type": "Point",
        "coordinates": [
          115.85743,
          -31.95336
        ]
      },
      "properties": {
        "identifier": "OPSM Perth Hay St_1082",
        "sap_id": "1082",
        "name": "OPSM Perth Hay St",
        "address_1": "726 Hay St",
        "address_2": "",
        "address_3": "",
        "city": "Perth",
        "state": "WA",
        "postal_code": "6000",
        "country": "AU",
        "phone": "(08) 9321 5333",
        "fax": "(08) 9321 6565",
        "services": "Collect & Return",
        "hours": "Mon: 08:30-17:30; Tue: 08:30-17:30; Wed: 08:30-17:30; Thu: 08:30-17:30; Fri: 08:30-17:30; Sat: 09:00-16:00; Sun: 11:00-16:00",
        "full_address": "726 Hay St, Perth, WA, 6000"
      }
    },
    {
      "type": "Feature",
      "geometry": {
        "type": "Point",
        "coordinates": [
          115.90569,
          -32.03971
        ]
      },
      "properties": {
        "identifier": "OPSM Riverton_1369",
        "sap_id": "1369",
        "name": "OPSM Riverton",
        "address_1": "High Rd &amp; Willeri Rd",
        "address_2": "",
        "address_3": "",
        "city": "Riverton",
        "state": "WA",
        "postal_code": "6148",
        "country": "AU",
        "phone": "(08) 9354 1733",
        "fax": "(08) 9354 1515",
        "services": "Collect & Return",
        "hours": "Mon: 09:00-17:30; Tue: 09:00-17:30; Wed: 09:00-17:30; Thu: 09:00-19:00; Fri: 09:00-17:30; Sat: 09:00-17:00; Sun: 11:00-17:00",
        "full_address": "High Rd &amp; Willeri Rd, Riverton, WA, 6148"
      }
    },
    {
      "type": "Feature",
      "geometry": {
        "type": "Point",
        "coordinates": [
          115.74829,
          -32.28955
        ]
      },
      "properties": {
        "identifier": "OPSM Rockingham_1285",
        "sap_id": "1285",
        "name": "OPSM Rockingham",
        "address_1": "1 Council Ave",
        "address_2": "",
        "address_3": "",
        "city": "Rockingham",
        "state": "WA",
        "postal_code": "6168",
        "country": "AU",
        "phone": "(08) 9527 1444",
        "fax": "(08) 9592 4020",
        "services": "Collect & Return",
        "hours": "Mon: 09:00-17:30; Tue: 09:00-17:30; Wed: 09:00-17:30; Thu: 09:00-21:00; Fri: 09:00-17:30; Sat: 09:00-17:00; Sun: 11:00-17:00",
        "full_address": "1 Council Ave, Rockingham, WA, 6168"
      }
    },
    {
      "type": "Feature",
      "geometry": {
        "type": "Point",
        "coordinates": [
          115.75829,
          -32.40769
        ]
      },
      "properties": {
        "identifier": "OPSM Secret Harbour_2933",
        "sap_id": "2933",
        "name": "OPSM Secret Harbour",
        "address_1": "Secret Harbour Blvd",
        "address_2": "",
        "address_3": "",
        "city": "Secret Harbour",
        "state": "WA",
        "postal_code": "6173",
        "country": "AU",
        "phone": "(08) 6149 5423",
        "fax": "(08) 6149 5425",
        "services": "Kids Vision Centre, Collect & Return",
        "hours": "Mon: 09:00-17:30; Tue: 09:00-17:30; Wed: 09:00-17:30; Thu: 09:00-20:00; Fri: 09:00-17:30; Sat: 09:00-17:00; Sun: 11:00-17:00",
        "full_address": "Secret Harbour Blvd, Secret Harbour, WA, 6173"
      }
    },
    {
      "type": "Feature",
      "geometry": {
        "type": "Point",
        "coordinates": [
          118.59987,
          -20.41027
        ]
      },
      "properties": {
        "identifier": "OPSM South Hedland_1042",
        "sap_id": "1042",
        "name": "OPSM South Hedland",
        "address_1": "9/31 Throssel Rd",
        "address_2": "",
        "address_3": "",
        "city": "South Hedland",
        "state": "WA",
        "postal_code": "6722",
        "country": "AU",
        "phone": "(08) 9140 2323",
        "fax": "(08) 9140 2324",
        "services": "Collect & Return",
        "hours": "Mon: 08:30-17:00; Tue: 08:30-17:00; Wed: 08:30-17:00; Thu: 08:30-17:00; Fri: 08:30-17:00; Sat: closed; Sun: closed",
        "full_address": "9/31 Throssel Rd, South Hedland, WA, 6722"
      }
    },
    {
      "type": "Feature",
      "geometry": {
        "type": "Point",
        "coordinates": [
          115.86383,
          -31.98085
        ]
      },
      "properties": {
        "identifier": "OPSM South Perth_2354",
        "sap_id": "2354",
        "name": "OPSM South Perth",
        "address_1": "90 Angelo St",
        "address_2": "",
        "address_3": "",
        "city": "South Perth",
        "state": "WA",
        "postal_code": "6151",
        "country": "AU",
        "phone": "(08) 9367 2789",
        "fax": "(08) 9367 3429",
        "services": "Collect & Return",
        "hours": "Mon: 09:00-17:30; Tue: 09:00-17:30; Wed: 09:00-17:30; Thu: 09:00-17:30; Fri: 09:00-17:30; Sat: 09:00-17:00; Sun: closed",
        "full_address": "90 Angelo St, South Perth, WA, 6151"
      }
    },
    {
      "type": "Feature",
      "geometry": {
        "type": "Point",
        "coordinates": [
          115.78462,
          -32.09791
        ]
      },
      "properties": {
        "identifier": "OPSM Phoenix_1426",
        "sap_id": "1426",
        "name": "OPSM Phoenix",
        "address_1": "254 Rockingham Rd",
        "address_2": "",
        "address_3": "",
        "city": "Spearwood",
        "state": "WA",
        "postal_code": "6163",
        "country": "AU",
        "phone": "(08) 9418 5000",
        "fax": "(08) 9434 2741",
        "services": "Collect & Return",
        "hours": "Mon: 09:00-17:30; Tue: 09:00-17:30; Wed: 09:00-17:30; Thu: 09:00-19:00; Fri: 09:00-17:30; Sat: 09:00-17:00; Sun: closed",
        "full_address": "254 Rockingham Rd, Spearwood, WA, 6163"
      }
    },
    {
      "type": "Feature",
      "geometry": {
        "type": "Point",
        "coordinates": [
          115.82417,
          -31.94653
        ]
      },
      "properties": {
        "identifier": "OPSM Subiaco_1288",
        "sap_id": "1288",
        "name": "OPSM Subiaco",
        "address_1": "30 Rokeby Rd",
        "address_2": "",
        "address_3": "",
        "city": "Subiaco",
        "state": "WA",
        "postal_code": "6008",
        "country": "AU",
        "phone": "(08) 9388 1706",
        "fax": "(08) 9388 8001",
        "services": "Collect & Return",
        "hours": "Mon: 08:30-17:00; Tue: 08:30-17:00; Wed: 08:30-17:00; Thu: 08:30-18:00; Fri: 08:30-17:00; Sat: 08:30-14:30; Sun: closed",
        "full_address": "30 Rokeby Rd, Subiaco, WA, 6008"
      }
    },
    {
      "type": "Feature",
      "geometry": {
        "type": "Point",
        "coordinates": [
          115.85798,
          -32.13112
        ]
      },
      "properties": {
        "identifier": "OPSM Gateways_1424",
        "sap_id": "1424",
        "name": "OPSM Gateways",
        "address_1": "816 Beeliar Dr",
        "address_2": "",
        "address_3": "",
        "city": "Success",
        "state": "WA",
        "postal_code": "6164",
        "country": "AU",
        "phone": "(08) 9498 5855",
        "fax": "(08) 9498 5866",
        "services": "Kids Vision Centre, Collect & Return",
        "hours": "Mon: 09:00-17:30; Tue: 09:00-17:30; Wed: 09:00-17:30; Thu: 09:00-21:00; Fri: 09:00-17:30; Sat: 09:00-17:00; Sun: 11:00-17:00",
        "full_address": "816 Beeliar Dr, Success, WA, 6164"
      }
    },
    {
      "type": "Feature",
      "geometry": {
        "type": "Point",
        "coordinates": [
          115.80512,
          -31.75272
        ]
      },
      "properties": {
        "identifier": "OPSM Wanneroo_2935",
        "sap_id": "2935",
        "name": "OPSM Wanneroo",
        "address_1": "950 Wanneroo Rd",
        "address_2": "",
        "address_3": "",
        "city": "Wanneroo",
        "state": "WA",
        "postal_code": "6065",
        "country": "AU",
        "phone": "08 6206 0597",
        "fax": "08 8305 1019",
        "services": "Collect & Return",
        "hours": "Mon: 09:00-17:30; Tue: 09:00-17:30; Wed: 09:00-17:30; Thu: 09:00-20:00; Fri: 09:00-17:30; Sat: 09:00-17:00; Sun: 11:00-17:00",
        "full_address": "950 Wanneroo Rd, Wanneroo, WA, 6065"
      }
    },
    {
      "type": "Feature",
      "geometry": {
        "type": "Point",
        "coordinates": [
          115.76261,
          -32.34614
        ]
      },
      "properties": {
        "identifier": "OPSM Warnbro_1249",
        "sap_id": "1249",
        "name": "OPSM Warnbro",
        "address_1": "206 Warnbro Sound Ave",
        "address_2": "",
        "address_3": "",
        "city": "Warnbro",
        "state": "WA",
        "postal_code": "6169",
        "country": "AU",
        "phone": "(08) 9593 0000",
        "fax": "(08) 9593 6751",
        "services": "Collect & Return",
        "hours": "Mon: 09:00-17:30; Tue: 09:00-17:30; Wed: 09:00-17:30; Thu: 09:00-18:30; Fri: 09:00-17:30; Sat: 09:00-17:00; Sun: 11:00-17:00",
        "full_address": "206 Warnbro Sound Ave, Warnbro, WA, 6169"
      }
    },
    {
      "type": "Feature",
      "geometry": {
        "type": "Point",
        "coordinates": [
          115.81088,
          -31.844
        ]
      },
      "properties": {
        "identifier": "OPSM Warwick_1077",
        "sap_id": "1077",
        "name": "OPSM Warwick",
        "address_1": "Cnr Beach Rd &amp; Ernidale Rd",
        "address_2": "",
        "address_3": "",
        "city": "Warwick",
        "state": "WA",
        "postal_code": "6024",
        "country": "AU",
        "phone": "(08) 9246 5588",
        "fax": "(08) 9246 5623",
        "services": "Collect & Return",
        "hours": "Mon: 09:00-17:30; Tue: 09:00-17:30; Wed: 09:00-17:30; Thu: 09:00-19:00; Fri: 09:00-17:30; Sat: 09:00-17:00; Sun: closed",
        "full_address": "Cnr Beach Rd &amp; Ernidale Rd, Warwick, WA, 6024"
      }
    }
  ]
}