name,sap_id,identifier,state,city,postal_code,address_1,address_2,address_3,full_address,phone,fax,latitude,longitude,services,hours
OPSM Belconnen,1221,OPSM Belconnen_1221,ACT,Belconnen,2617,3 Benjamin Way,,,"3 Benjamin Way, Belconnen, ACT, 2617",(02) 6251 4245,(02) 6251 6886,-35.23839,149.06656,"Dry Eye, Collect & Return",Mon: 09:00-17:30; Tue: 09:00-17:30; Wed: 09:00-17:30; Thu: 09:00-17:30; Fri: 09:00-21:00; Sat: 09:00-17:00; Sun: 10:00-16:00
OPSM Canberra,1029,OPSM Canberra_1029,ACT,Canberra,2601,Bunda St,,,"Bunda St, Canberra, ACT, 2601",(02) 6249 7344,(02) 6247 8597,-35.28001,149.13431,"Dry Eye, Collect & Return",Mon: 08:30-17:30; Tue: 08:30-17:30; Wed: 08:30-17:30; Thu: 08:30-17:30; Fri: 08:30-21:00; Sat: 09:00-17:00; Sun: 10:00-16:00
OPSM Gungahlin,1121,OPSM Gungahlin_1121,ACT,Gungahlin,2912,30 Hibbersen St,,,"30 Hibbersen St, Gungahlin, ACT, 2912",(02) 6241 7933,(02) 6255 4191,-35.18548,149.1332,"Audiology, Dry Eye, Collect & Return",Mon: 09:00-17:30; Tue: 09:00-17:30; Wed: 09:00-17:30; Thu: 09:00-17:30; Fri: 09:00-21:00; Sat: 09:00-17:00; Sun: 10:00-16:00
OPSM Tuggeranong,1009,OPSM Tuggeranong_1009,ACT,Tuggeranong,2900,Cnr Pitman St &amp; Anketell St,,,"Cnr Pitman St &amp; Anketell St, Tuggeranong, ACT, 2900",(02) 6293 1133,(02) 6293 1334,-35.41651,149.06704,Collect & Return,Mon: 09:00-17:30; Tue: 09:00-17:30; Wed: 09:00-17:30; Thu: 09:00-17:30; Fri: 09:00-19:00; Sat: 09:00-17:00; Sun: 10:00-16:00
OPSM Weston,2265,OPSM Weston_2265,ACT,Weston Creek,2611,Brierly St,,,"Brierly St, Weston Creek, ACT, 2611",(02) 6288 0599,(02) 6288 0598,-35.34148,149.05272,Collect & Return,Mon: 09:00-17:30; Tue: 09:00-17:30; Wed: 09:00-17:30; Thu: 09:00-17:30; Fri: 09:00-19:00; Sat: 09:00-17:00; Sun: 10:00-16:00
OPSM Woden,1226,OPSM Woden_1226,ACT,Woden Valley,2606,Keltie St,,,"Keltie St, Woden Valley, ACT, 2606",(02) 6282 1043,(02) 6282 3724,-35.34644,149.0855,"Dry Eye, Collect & Return",Mon: 09:00-17:30; Tue: 09:00-17:30; Wed: 09:00-17:30; Thu: 09:00-17:30; Fri: 09:00-21:00; Sat: 09:00-17:00; Sun: 10:00-16:00
OPSM Albury,1017,OPSM Albury_1017,NSW,Albury,2640,569 Dean St,,,"569 Dean St, Albury, NSW, 2640",(02) 6021 3381,(02) 6041 5310,-36.08091,146.91603,"Audiology, Dry Eye, Collect & Return",Mon: 08:30-17:30; Tue: 08:30-17:30; Wed: 08:30-17:30; Thu: 08:30-17:30; Fri: 08:30-17:30; Sat: 08:30-16:00; Sun: closed
OPSM Armidale,1108,OPSM Armidale_1108,NSW,Armidale,2350,Cnr Beardy &amp; Jessie St,,,"Cnr Beardy &amp; Jessie St, Armidale, NSW, 2350",(02) 6772 3242,(02) 6772 8301,-30.51218,151.66266,Collect & Return,Mon: 09:00-17:30; Tue: 09:00-17:30; Wed: 09:00-17:30; Thu: 09:00-17:30; Fri: 09:00-17:30; Sat: 09:00-16:00; Sun: closed
OPSM Ashfield,1175,OPSM Ashfield_1175,NSW,Ashfield,2131,260A Liverpool Rd,,,"260A Liverpool Rd, Ashfield, NSW, 2131",(02) 9798 0645,(02) 9716 4813,-33.88953,151.12414,Collect & Return,Mon: 09:00-17:30; Tue: 09:00-17:30; Wed: 09:00-17:30; Thu: 09:00-19:00; Fri: 09:00-17:30; Sat: 09:00-16:00; Sun: 10:00-16:00
OPSM Balgowlah,2986,OPSM Balgowlah_2986,NSW,Balgowlah,2093,197-215 Condamine St,,,"197-215 Condamine St, Balgowlah, NSW, 2093",(02) 9949 5023,(02) 9907 8263,-33.79323,151.26431,Collect & Return,Mon: 09:00-17:30; Tue: 09:00-17:30; Wed: 09:00-17:30; Thu: 09:00-18:00; Fri: 09:00-17:30; Sat: 09:00-17:00; Sun: 10:00-16:00
OPSM Ballina,1259,OPSM Ballina_1259,NSW,Ballina,2478,Cnr Kerr St &amp; Fox St,,,"Cnr Kerr St &amp; Fox St, Ballina, NSW, 2478",(02) 6686 5071,(02) 6681 4032,-28.85811,153.55944,Collect & Return,Mon: 08:30-17:30; Tue: 08:30-17:30; Wed: 08:30-17:30; Thu: 08:30-20:00; Fri: 08:30-17:30; Sat: 08:30-16:00; Sun: 10:00-15:00
OPSM Balmain,2984,OPSM Balmain_2984,NSW,Balmain,2041,270 Darling St,,,"270 Darling St, Balmain, NSW, 2041",(02) 9001 0514,(02) 9059 5812,-33.8578,151.18176,Collect & Return,Mon: 09:00-17:30; Tue: 09:00-17:30; Wed: 09:00-17:30; Thu: 09:00-19:00; Fri: 09:00-17:30; Sat: 09:00-17:00; Sun: 10:00-17:00
Opsm Bankstown,1178,Opsm Bankstown_1178,NSW,Bankstown,2200,"Bankstown Central, Stacey Street",,,"Bankstown Central, Stacey Street, Bankstown, NSW, 2200",(02) 9709 2420,(02) 9790 2316,-33.9163,151.03819,"Audiology, Dry Eye, Collect & Return",Mon: 09:00-17:30; Tue: 09:00-17:30; Wed: 09:00-17:30; Thu: 09:00-21:00; Fri: 09:00-17:30; Sat: 09:00-17:00; Sun: 10:00-16:00
OPSM Bateau Bay,2990,OPSM Bateau Bay_2990,NSW,Bateau Bay,2261,The Entrance Rd,,,"The Entrance Rd, Bateau Bay, NSW, 2261",(02) 4333 4370,(02) 4332 5024,-33.37342,151.47296,Collect & Return,Mon: 08:30-17:30; Tue: 08:30-17:30; Wed: 08:30-17:30; Thu: 08:30-18:00; Fri: 08:30-17:30; Sat: 09:00-16:00; Sun: 10:00-16:00
OPSM Batemans Bay,2995,OPSM Batemans Bay_2995,NSW,Batemans Bay,2536,Orient St,,,"Orient St, Batemans Bay, NSW, 2536",(02) 4472 7088,(02) 4472 7398,-35.70684,150.17782,Collect & Return,Mon: 09:00-17:30; Tue: 09:00-17:30; Wed: 09:00-17:30; Thu: 09:00-17:30; Fri: 09:00-17:30; Sat: 09:00-17:30; Sun: closed
OPSM Bathurst,1020,OPSM Bathurst_1020,NSW,Bathurst,2795,121 Howick St,,,"121 Howick St, Bathurst, NSW, 2795",(02) 6331 4023,(02) 6331 2132,-33.41777,149.58267,Collect & Return,Mon: 09:00-17:30; Tue: 09:00-17:30; Wed: 09:00-17:30; Thu: 09:00-20:00; Fri: 09:00-17:30; Sat: 09:00-17:30; Sun: 09:30-16:00
Jason Harley Bega by OPSM,2943,Jason Harley Bega by OPSM_2943,NSW,Bega,2550,1/209 Carp St,,,"1/209 Carp St, Bega, NSW, 2550",(02) 6492 5511,(02) 6492 0061,-35.35179,149.23459,Collect & Return,Mon: 09:00-17:30; Tue: 09:00-17:30; Wed: 09:00-17:30; Thu: 09:00-17:30; Fri: 09:00-17:30; Sat: closed; Sun: closed
OPSM Blacktown,1462,OPSM Blacktown_1462,NSW,Blacktown,2148,17 Patrick St,,,"17 Patrick St, Blacktown, NSW, 2148",(02) 9622 4400,(02) 9622 7496,-33.77046,150.90623,Collect & Return,Mon: 09:00-17:30; Tue: 09:00-17:30; Wed: 09:00-17:30; Thu: 09:00-21:00; Fri: 09:00-17:30; Sat: 09:00-17:00; Sun: 10:00-17:00
OPSM Bondi Junction,1103,OPSM Bondi Junction_1103,NSW,Bondi Junction,2022,251 Oxford St,,,"251 Oxford St, Bondi Junction, NSW, 2022",(02) 9389 4044,(02) 9389 4435,-33.89151,151.25231,"Dry Eye, Collect & Return",Mon: 09:00-17:30; Tue: 09:00-17:30; Wed: 09:00-17:30; Thu: 09:00-20:00; Fri: 09:00-17:30; Sat: 09:00-17:00; Sun: 10:00-17:00
OPSM Bowral,1658,OPSM Bowral_1658,NSW,Bowral,2576,320 - 326 Bong Bong St,,,"320 - 326 Bong Bong St, Bowral, NSW, 2576",(02) 4862 1190,(02) 4862 2573,-34.48032,150.41777,Collect & Return,Mon: 09:00-17:30; Tue: 09:00-17:30; Wed: 09:00-17:30; Thu: 09:00-17:30; Fri: 09:00-17:30; Sat: 10:00-13:00; Sun: closed
OPSM Broken Hill,7062,OPSM Broken Hill_7062,NSW,Broken Hill,2880,249 Argent Street,,,"249 Argent Street, Broken Hill, NSW, 2880",(08) 8087 3202,(08) 8088 3793,-31.95918,141.46465,,Mon: 09:00-17:30; Tue: 09:00-17:30; Wed: 09:00-17:30; Thu: 09:00-17:30; Fri: 09:00-17:30; Sat: 09:00-13:00; Sun: closed
OPSM Warringah Mall,1201,OPSM Warringah Mall_1201,NSW,Brookvale,2100,145 Old Pittwater Rd,,,"145 Old Pittwater Rd, Brookvale, NSW, 2100",(02) 9905 2666,(02) 9905 6008,-33.76669,151.26572,"Dry Eye, Collect & Return",Mon: 09:00-17:30; Tue: 09:00-17:30; Wed: 09:00-17:30; Thu: 09:00-21:00; Fri: 09:00-17:30; Sat: 09:00-17:00; Sun: 10:00-17:00
OPSM Burwood,2216,OPSM Burwood_2216,NSW,Burwood,2134,Burwood Rd,,,"Burwood Rd, Burwood, NSW, 2134",(02) 9747 3925,(02) 9744 1358,-33.8748,151.10507,Collect & Return,Mon: 09:30-18:00; Tue: 09:30-18:00; Wed: 09:30-18:00; Thu: 09:30-21:00; Fri: 09:30-18:00; Sat: 09:00-18:00; Sun: 10:00-18:00
OPSM Byron Bay,2992,OPSM Byron Bay_2992,NSW,Byron Bay,2481,56 Jonson St,,,"56 Jonson St, Byron Bay, NSW, 2481",(02) 8840 3720,(02) 8840 3722,-28.64371,153.61203,Collect & Return,Mon: 09:00-17:30; Tue: 09:00-17:30; Wed: 09:00-17:30; Thu: 09:00-17:30; Fri: 09:00-17:30; Sat: 09:00-16:00; Sun: 10:00-16:00
OPSM Macarthur Square,1192,OPSM Macarthur Square_1192,NSW,Campbelltown,2560,200 Gilchrist Dr,,,"200 Gilchrist Dr, Campbelltown, NSW, 2560",(02) 4625 2773,(02) 4625 5330,-34.0773,150.79812,Collect & Return,Mon: 09:00-17:30; Tue: 09:00-17:30; Wed: 09:00-17:30; Thu: 09:00-21:00; Fri: 09:00-17:30; Sat: 09:00-17:00; Sun: 10:00-17:00
OPSM Castle Towers,1321,OPSM Castle Towers_1321,NSW,Castle Hill,2154,341 CASTLE TOWERS SHOPPING CENTRE,,,"341 CASTLE TOWERS SHOPPING CENTRE, Castle Hill, NSW, 2154",(02) 9634 6157,(02) 9899 2234,-33.73048,151.00542,"Dry Eye, Kids Vision Centre, Return",Mon: 09:00-17:30; Tue: 09:00-17:30; Wed: 09:00-17:30; Thu: 09:00-21:00; Fri: 09:00-17:30; Sat: 08:30-17:00; Sun: 09:00-17:00
OPSM Charlestown,1219,OPSM Charlestown_1219,NSW,Charlestown,2290,Pearson St,,,"Pearson St, Charlestown, NSW, 2290",(02) 4943 9066,(02) 4942 1708,-32.96465,151.69361,"Dry Eye, Collect & Return",Mon: 08:30-17:30; Tue: 08:30-17:30; Wed: 08:30-17:30; Thu: 08:30-21:00; Fri: 08:30-17:30; Sat: 08:30-17:00; Sun: 10:00-16:00
OPSM Chatswood Westfield,1460,OPSM Chatswood Westfield_1460,NSW,Chatswood,2067,1 Anderson St,,,"1 Anderson St, Chatswood, NSW, 2067",(02) 9413 2055,(02) 9413 2118,-33.79671,151.18381,"Dry Eye, Kids Vision Centre, Collect & Return",Mon: 09:30-18:00; Tue: 09:30-18:00; Wed: 09:30-18:00; Thu: 09:30-21:00; Fri: 09:30-18:00; Sat: 09:00-18:00; Sun: 10:00-18:00
OPSM Cherrybrook,1086,OPSM Cherrybrook_1086,NSW,Cherrybrook,2126,41 - 47 Shepherds Dr,,,"41 - 47 Shepherds Dr, Cherrybrook, NSW, 2126",(02) 9481 4287,(02) 9481 4298,-33.7207,151.04392,"Dry Eye, Kids Vision Centre, Collect & Return",Mon: 09:00-17:30; Tue: 09:00-17:30; Wed: 09:00-17:30; Thu: 09:00-20:00; Fri: 09:00-17:30; Sat: 09:00-17:00; Sun: 10:00-16:00
OPSM Coffs Harbour,1229,OPSM Coffs Harbour_1229,NSW,Coffs Harbour,2450,253 Pacific Hwy,,,"253 Pacific Hwy, Coffs Harbour, NSW, 2450",(02) 6652 3893,(02) 6651 3002,-30.2828,153.13172,Collect & Return,Mon: 09:00-17:30; Tue: 09:00-17:30; Wed: 09:00-17:30; Thu: 09:00-19:00; Fri: 09:00-17:30; Sat: 09:00-17:00; Sun: closed
OPSM Crows Nest,1439,OPSM Crows Nest_1439,NSW,Crows Nest,2065,106 Willoughby Rd,,,"106 Willoughby Rd, Crows Nest, NSW, 2065",(02) 9438 2100,(02) 9436 3024,-33.82462,151.20054,Collect & Return,Mon: 09:00-17:30; Tue: 09:00-17:30; Wed: 09:00-17:30; Thu: 09:00-18:00; Fri: 09:00-17:30; Sat: 09:00-17:00; Sun: 10:00-16:00
OPSM Dapto,1133,OPSM Dapto_1133,NSW,Dapto,2530,Cnr Princes Hwy &amp; Moombara St,,,"Cnr Princes Hwy &amp; Moombara St, Dapto, NSW, 2530",(02) 4261 5550,(02) 4262 2017,-34.49482,150.79449,Collect & Return,Mon: 09:00-17:30; Tue: 09:00-17:30; Wed: 09:00-17:30; Thu: 09:00-19:00; Fri: 09:00-17:30; Sat: 09:00-16:00; Sun: 10:00-16:00
OPSM Dee Why,1205,OPSM Dee Why_1205,NSW,Dee Why,2099,15-19 Pacific Pde,,,"15-19 Pacific Pde, Dee Why, NSW, 2099",(02) 9981 2442,(02) 9982 8315,-33.75462,151.28482,Collect & Return,Mon: 09:00-17:30; Tue: 09:00-17:30; Wed: 09:00-17:30; Thu: 09:00-17:30; Fri: 09:00-17:30; Sat: 09:00-17:00; Sun: 10:00-16:00
OPSM Dubbo,1227,OPSM Dubbo_1227,NSW,Dubbo,2830,177 Macquarie St,,,"177 Macquarie St, Dubbo, NSW, 2830",(02) 6882 4710,(02) 6884 0102,-32.25026,148.60056,Collect & Return,Mon: 09:00-17:30; Tue: 09:00-17:30; Wed: 09:00-17:30; Thu: 09:00-19:00; Fri: 09:00-17:30; Sat: 09:00-16:00; Sun: 10:00-16:00
OPSM Green Hills,1403,OPSM Green Hills_1403,NSW,East Maitland,2323,1 Molly Morgan Dr,,,"1 Molly Morgan Dr, East Maitland, NSW, 2323",(02) 83213480,(02) 8321 3481,-32.76187,151.59151,Collect & Return,Mon: 09:00-17:30; Tue: 09:00-17:30; Wed: 09:00-17:30; Thu: 09:00-21:00; Fri: 09:00-17:30; Sat: 09:00-17:00; Sun: 10:00-16:00
OPSM Erina,1416,OPSM Erina_1416,NSW,Erina,2250,Terrigal Dr,,,"Terrigal Dr, Erina, NSW, 2250",(02) 4365 1024,(02) 4365 2907,-33.43802,151.39395,"Dry Eye, Collect & Return",Mon: 08:30-17:30; Tue: 08:30-17:30; Wed: 08:30-17:30; Thu: 08:30-20:00; Fri: 08:30-17:30; Sat: 09:00-17:00; Sun: 10:00-16:00
OPSM Forster,1350,OPSM Forster_1350,NSW,Forster,2428,Breese Pde,,,"Breese Pde, Forster, NSW, 2428",(02) 6555 7254,(02) 6555 7258,-32.19959,152.52014,Collect & Return,Mon: 09:00-17:30; Tue: 09:00-17:30; Wed: 09:00-17:30; Thu: 09:00-17:30; Fri: 09:00-17:30; Sat: 09:00-16:00; Sun: closed
OPSM Forestway,1473,OPSM Forestway_1473,NSW,Frenchs Forest,2086,20 Forest Way,,,"20 Forest Way, Frenchs Forest, NSW, 2086",(02) 9452 1555,(02) 9975 2793,-33.75016,151.22431,Collect & Return,Mon: 09:00-17:30; Tue: 09:00-17:30; Wed: 09:00-17:30; Thu: 09:00-17:30; Fri: 09:00-17:30; Sat: 09:00-17:00; Sun: closed
OPSM Gordon,1113,OPSM Gordon_1113,NSW,Gordon,2072,767 Pacific Hwy,,,"767 Pacific Hwy, Gordon, NSW, 2072",(02) 9498 6031,(02) 9498 6919,-33.75507,151.15273,Collect & Return,Mon: 09:00-17:30; Tue: 09:00-17:30; Wed: 09:00-17:30; Thu: 09:00-17:30; Fri: 09:00-17:30; Sat: 09:00-13:00; Sun: closed
OPSM Goulburn,1016,OPSM Goulburn_1016,NSW,Goulburn,2580,217 Auburn St,,,"217 Auburn St, Goulburn, NSW, 2580",(02) 4821 1074,(02) 4821 6765,-34.75267,149.72049,Collect & Return,Mon: 09:00-17:30; Tue: 09:00-17:30; Wed: 09:00-17:30; Thu: 09:00-17:30; Fri: 09:00-17:30; Sat: 09:00-13:00; Sun: closed
OPSM Griffith,1550,OPSM Griffith_1550,NSW,Griffith,2680,314 Banna Ave,,,"314 Banna Ave, Griffith, NSW, 2680",(02) 6962 2198,(02) 6962 2122,-34.28805,146.0452,Collect & Return,Mon: 08:30-17:30; Tue: 08:30-17:30; Wed: 08:30-17:30; Thu: 08:30-17:30; Fri: 08:30-17:30; Sat: 08:30-13:00; Sun: closed
OPSM Hornsby,1102,OPSM Hornsby_1102,NSW,Hornsby,2077,236 Pacific Hwy,,,"236 Pacific Hwy, Hornsby, NSW, 2077",(02) 9477 3439,(02) 9476 4447,-33.70429,151.0999,Collect & Return,Mon: 09:00-17:30; Tue: 09:00-17:30; Wed: 09:00-17:30; Thu: 09:00-21:00; Fri: 09:00-17:30; Sat: 09:00-17:00; Sun: 10:00-17:00
OPSM Hurstville,2217,OPSM Hurstville_2217,NSW,Hurstville,2220,Cnr Cross St &amp; Park Rd,,,"Cnr Cross St &amp; Park Rd, Hurstville, NSW, 2220",(02) 9579 5955,(08) 8232 6541,-33.96595,151.10515,"Dry Eye, Collect & Return",Mon: 09:30-18:00; Tue: 09:30-18:00; Wed: 09:30-18:00; Thu: 09:30-21:00; Fri: 09:30-18:00; Sat: 09:30-18:00; Sun: 10:00-18:00
OPSM Jesmond,4719,OPSM Jesmond_4719,NSW,Jesmond,2299,28 Blue Gum Rd,,,"28 Blue Gum Rd, Jesmond, NSW, 2299",(02) 4951 7488,(02) 4950 1884,-32.9024,151.6901,,Mon: 09:00-17:30; Tue: 09:00-17:30; Wed: 09:00-17:30; Thu: 09:00-18:00; Fri: 09:00-17:30; Sat: 09:00-16:00; Sun: closed
OPSM Katoomba,1279,OPSM Katoomba_1279,NSW,Katoomba,2780,Katoomba St,,,"Katoomba St, Katoomba, NSW, 2780",(02) 4782 2525,(02) 4782 4995,-33.71558,150.31107,Collect & Return,Mon: 09:00-17:30; Tue: 09:00-17:30; Wed: 09:00-17:30; Thu: 09:00-17:30; Fri: 09:00-17:30; Sat: 09:00-14:00; Sun: closed
OPSM Kempsey,2218,OPSM Kempsey_2218,NSW,Kempsey,2440,1A Belgrave St,,,"1A Belgrave St, Kempsey, NSW, 2440",(02) 6562 5886,(02) 6562 5887,-31.08043,152.84123,Collect & Return,Mon: 09:00-17:00; Tue: 09:00-17:00; Wed: 09:00-17:00; Thu: 09:00-17:00; Fri: 09:00-17:00; Sat: closed; Sun: closed
OPSM Kotara,1396,OPSM Kotara_1396,NSW,Kotara,2289,Cnr Northcott Dr &amp; Park Ave,,,"Cnr Northcott Dr &amp; Park Ave, Kotara, NSW, 2289",(02) 4956 1544,(02) 4956 1728,-32.94249,151.7113,Collect & Return,Mon: 09:00-17:30; Tue: 09:00-17:30; Wed: 09:00-17:30; Thu: 09:00-21:00; Fri: 09:00-17:30; Sat: 09:00-17:00; Sun: 10:00-16:00
OPSM Lake Haven,1320,OPSM Lake Haven_1320,NSW,Lake Haven,2263,92 Lake Haven Dr,,,"92 Lake Haven Dr, Lake Haven, NSW, 2263",(02) 4393 2904,(02) 4393 2906,-33.24173,151.50465,Collect & Return,Mon: 09:00-17:30; Tue: 09:00-17:30; Wed: 09:00-17:30; Thu: 09:00-21:00; Fri: 09:00-17:30; Sat: 09:00-17:00; Sun: 10:00-16:00
OPSM Laurieton,2295,OPSM Laurieton_2295,NSW,Laurieton,2443,8/16 Laurie St,,,"8/16 Laurie St, Laurieton, NSW, 2443",(02) 6559 9007,(02) 6559 5216,-31.65243,152.79572,Collect & Return,Mon: 09:00-17:00; Tue: 09:00-17:00; Wed: 09:00-17:00; Thu: 09:00-17:00; Fri: 09:00-17:00; Sat: closed; Sun: closed
OPSM Lavington,1243,OPSM Lavington_1243,NSW,Lavington,2641,351 Griffith Rd,,,"351 Griffith Rd, Lavington, NSW, 2641",(02) 6040 6077,(02) 6040 6054,-36.04846,146.93501,Collect & Return,Mon: 09:00-17:30; Tue: 09:00-17:30; Wed: 09:00-17:30; Thu: 09:00-19:00; Fri: 09:00-17:30; Sat: 09:00-16:00; Sun: closed
OPSM Leichhardt,1179,OPSM Leichhardt_1179,NSW,Leichhardt,2040,Cnr Marion St &amp; Flood St,,,"Cnr Marion St &amp; Flood St, Leichhardt, NSW, 2040",(02) 9569 4289,(02) 9564 2662,-33.88495,151.14919,Collect & Return,Mon: 09:00-17:30; Tue: 09:00-17:30; Wed: 09:00-17:30; Thu: 09:00-20:30; Fri: 09:00-17:30; Sat: 09:00-17:00; Sun: 10:00-16:00
OPSM Lismore,1210,OPSM Lismore_1210,NSW,Lismore,2480,Cnr Brewster St &amp; Uralba St,,,"Cnr Brewster St &amp; Uralba St, Lismore, NSW, 2480",(02) 6621 2095,(02) 6621 2168,-28.8105,153.28656,Collect & Return,Mon: 09:00-17:30; Tue: 09:00-17:30; Wed: 09:00-17:30; Thu: 09:00-20:00; Fri: 09:00-17:30; Sat: 09:00-16:00; Sun: 09:00-16:00
OPSM Liverpool,1106,OPSM Liverpool_1106,NSW,Liverpool,2170,Macquarie St,,,"Macquarie St, Liverpool, NSW, 2170",(02) 9602 3105,(02) 9822 4905,-33.91883,150.92359,Collect & Return,Mon: 09:00-17:30; Tue: 09:00-17:30; Wed: 09:00-17:30; Thu: 09:00-21:00; Fri: 09:00-17:30; Sat: 09:00-17:00; Sun: 10:00-17:00
OPSM Maitland,1013,OPSM Maitland_1013,NSW,Maitland,2320,418 High St,,,"418 High St, Maitland, NSW, 2320",(02) 4933 6923,(02) 4933 2252,-32.73188,151.55492,Collect & Return,Mon: 08:30-17:30; Tue: 08:30-17:30; Wed: 08:30-17:30; Thu: 08:30-18:00; Fri: 08:30-17:30; Sat: 09:00-16:00; Sun: 10:00-16:00
OPSM Marrickville,2991,OPSM Marrickville_2991,NSW,Marrickville,2204,20 Smidmore St,,,"20 Smidmore St, Marrickville, NSW, 2204",(02) 9136 7697,,-33.90808,151.17218,Collect & Return,Mon: 09:00-17:30; Tue: 09:00-17:30; Wed: 09:00-17:30; Thu: 09:00-19:00; Fri: 09:00-17:30; Sat: 09:00-17:00; Sun: 10:00-16:00
Jason Harley Merimbula by OPSM,2942,Jason Harley Merimbula by OPSM_2942,NSW,Merimbula,2548,40 Market Street,,,"40 Market Street, Merimbula, NSW, 2548",(02) 6495 3104,(02) 6495 4579,-36.88782,149.91068,Collect & Return,Mon: 09:00-17:30; Tue: 09:00-17:30; Wed: 09:00-17:30; Thu: 09:00-17:30; Fri: 09:00-17:30; Sat: closed; Sun: closed
OPSM Miranda,1174,OPSM Miranda_1174,NSW,Miranda,2228,600 The Kingsway,,,"600 The Kingsway, Miranda, NSW, 2228",(02) 9524 6789,(02) 9524 5409,-34.03555,151.10063,"Dry Eye, Collect & Return",Mon: 09:00-18:00; Tue: 09:00-18:00; Wed: 09:00-18:00; Thu: 09:00-21:00; Fri: 09:00-18:00; Sat: 09:00-18:00; Sun: 10:00-18:00
OPSM Mona Vale,2941,OPSM Mona Vale_2941,NSW,Mona Vale,2103,Bungan St,,,"Bungan St, Mona Vale, NSW, 2103",(02) 9999 4756,(02) 9997 6316,-33.67635,151.30329,Collect & Return,Mon: 09:00-17:30; Tue: 09:00-17:30; Wed: 09:00-17:30; Thu: 09:00-17:30; Fri: 09:00-17:30; Sat: 09:00-13:00; Sun: closed
OPSM Mosman Bridgepoint,2967,OPSM Mosman Bridgepoint_2967,NSW,Mosman,2088,Cnr Brady St &amp; Military Rd,,,"Cnr Brady St &amp; Military Rd, Mosman, NSW, 2088",(02) 9969 8761,(02) 9968 1258,-33.82412,151.24024,Collect & Return,Mon: 09:00-17:30; Tue: 09:00-17:30; Wed: 09:00-17:30; Thu: 09:00-19:00; Fri: 09:00-17:30; Sat: 09:00-16:00; Sun: closed
OPSM Mt Druitt,1193,OPSM Mt Druitt_1193,NSW,Mount Druitt,2770,Cnr Luxford Ave &amp; Carlisle Ave,,,"Cnr Luxford Ave &amp; Carlisle Ave, Mount Druitt, NSW, 2770",(02) 9625 7056,(02) 9832 2962,-33.76684,150.82053,Collect & Return,Mon: 09:00-17:30; Tue: 09:00-17:30; Wed: 09:00-17:30; Thu: 09:00-21:00; Fri: 09:00-17:30; Sat: 09:00-17:00; Sun: 10:00-16:00
OPSM Lake Macquarie,1217,OPSM Lake Macquarie_1217,NSW,Mt Hutton,2290,46 Wilson Rd,,,"46 Wilson Rd, Mt Hutton, NSW, 2290",(02) 4945 4090,(02) 4945 1708,-32.98427,151.67253,Collect & Return,Mon: 09:00-17:30; Tue: 09:00-17:30; Wed: 09:00-17:30; Thu: 09:00-19:00; Fri: 09:00-17:30; Sat: 09:00-16:00; Sun: closed
OPSM Narellan,1056,OPSM Narellan_1056,NSW,Narellan,2567,326 Camden Valley Way,,,"326 Camden Valley Way, Narellan, NSW, 2567",(02) 4648 2742,(02) 4648 2745,-34.04195,150.73702,Collect & Return,Mon: 09:00-17:30; Tue: 09:00-17:30; Wed: 09:00-17:30; Thu: 09:00-21:00; Fri: 09:00-17:30; Sat: 09:00-17:00; Sun: 10:00-16:00
OPSM Newcastle,4718,OPSM Newcastle_4718,NSW,Newcastle,2300,122-132 Hunter St,,,"122-132 Hunter St, Newcastle, NSW, 2300",(02) 4929 5211,(02) 4929 3158,-32.927,151.7824,,Mon: 09:00-17:00; Tue: 09:00-17:00; Wed: 09:00-17:00; Thu: 09:00-17:00; Fri: 09:00-17:00; Sat: 09:00-13:00; Sun: closed
OPSM Macquarie Centre,1213,OPSM Macquarie Centre_1213,NSW,North Ryde,2113,Cnr Herring And Waterloo Rd,,,"Cnr Herring And Waterloo Rd, North Ryde, NSW, 2113",(02) 9878 4377,(02) 9878 2929,-33.77671,151.12051,"Dry Eye, Kids Vision Centre, Collect & Return",Mon: 09:00-17:30; Tue: 09:00-17:30; Wed: 09:00-17:30; Thu: 09:00-21:00; Fri: 09:00-17:30; Sat: 09:00-17:30; Sun: 10:00-17:30
OPSM North Sydney,2200,OPSM North Sydney_2200,NSW,North Sydney,2060,100 Miller St,,,"100 Miller St, North Sydney, NSW, 2060",(02) 8866 1629,,-33.83753,151.20657,Collect & Return,Mon: 08:30-17:30; Tue: 08:30-17:30; Wed: 08:30-17:30; Thu: 08:30-17:30; Fri: 08:30-17:30; Sat: 09:00-16:00; Sun: closed
OPSM Nowra,2994,OPSM Nowra_2994,NSW,Nowra,2540,Kinghorne St,,,"Kinghorne St, Nowra, NSW, 2540",(02) 4421 3420,(02) 4421 4872,-34.87433,150.60319,Collect & Return,Mon: 09:00-17:30; Tue: 09:00-17:30; Wed: 09:00-17:30; Thu: 09:00-17:30; Fri: 09:00-17:30; Sat: closed; Sun: closed
OPSM Oran Park,4614,OPSM Oran Park_4614,NSW,Oran Park,2570,351 Oran Park Dr.,,,"351 Oran Park Dr., Oran Park, NSW, 2570",(02) 4744 3831,(02) 4744 3832,-34.01285,150.74166,,Mon: 09:00-17:30; Tue: 09:00-17:30; Wed: 09:00-17:30; Thu: 09:00-21:00; Fri: 09:00-17:30; Sat: 09:00-17:00; Sun: 10:00-16:00
OPSM Orange,1028,OPSM Orange_1028,NSW,Orange,2800,227-237 Summer St,,,"227-237 Summer St, Orange, NSW, 2800",(02) 6362 1284,(02) 6363 1890,-33.28296,149.10032,"Dry Eye, Collect & Return",Mon: 09:00-17:30; Tue: 09:00-17:30; Wed: 09:00-17:30; Thu: 09:00-19:00; Fri: 09:00-17:30; Sat: 09:00-16:00; Sun: 10:00-15:00
OPSM Eastgardens,1180,OPSM Eastgardens_1180,NSW,Pagewood,2035,152 Bunnerong Rd,,,"152 Bunnerong Rd, Pagewood, NSW, 2035",(02) 9349 3377,(02) 9349 6232,-33.945,151.22597,Collect & Return,Mon: 09:00-17:30; Tue: 09:00-17:30; Wed: 09:00-17:30; Thu: 09:00-21:00; Fri: 09:00-17:30; Sat: 09:00-17:00; Sun: 10:00-17:00
OPSM Parkes,1117,OPSM Parkes_1117,NSW,Parkes,2870,299 Clarinda St,,,"299 Clarinda St, Parkes, NSW, 2870",(02) 6862 1576,(02) 6862 5034,-33.13424,148.17464,Collect & Return,Mon: 09:00-17:00; Tue: 09:00-17:00; Wed: 09:00-17:00; Thu: 09:00-17:00; Fri: 09:00-17:00; Sat: 09:00-12:00; Sun: closed
OPSM Parramatta,1326,OPSM Parramatta_1326,NSW,Parramatta,2150,159-175 Church St,,,"159-175 Church St, Parramatta, NSW, 2150",(02) 9633 2394,(02) 9689 3429,-33.81736,151.00279,"Dry Eye, Collect & Return",Mon: 09:30-18:00; Tue: 09:30-18:00; Wed: 09:30-18:00; Thu: 09:30-21:00; Fri: 09:30-18:00; Sat: 09:00-18:00; Sun: 10:00-18:00
OPSM Nepean,1300,OPSM Nepean_1300,NSW,Penrith,2750,Cnr Station St &amp; Woodriff St,,,"Cnr Station St &amp; Woodriff St, Penrith, NSW, 2750",(02) 4722 8593,(02) 4722 8721,-33.75743,150.69256,Collect & Return,Mon: 09:00-17:30; Tue: 09:00-17:30; Wed: 09:00-17:30; Thu: 09:00-20:00; Fri: 09:00-17:30; Sat: 09:00-17:00; Sun: 10:00-16:00
OPSM Penrith Plaza,1328,OPSM Penrith Plaza_1328,NSW,Penrith,2750,585 High St,,,"585 High St, Penrith, NSW, 2750",(02) 4721 8477,(02) 4732 1014,-33.75154,150.6927,"Dry Eye, Collect & Return",Mon: 09:00-17:30; Tue: 09:00-17:30; Wed: 09:00-17:30; Thu: 09:00-21:00; Fri: 09:00-17:30; Sat: 09:00-17:00; Sun: 10:00-17:00
OPSM Plumpton,1351,OPSM Plumpton_1351,NSW,Plumpton,2761,Hyatts Rd &amp; Jersey Rd,,,"Hyatts Rd &amp; Jersey Rd, Plumpton, NSW, 2761",(02) 9677 2387,(02) 9677 2397,-33.7458,150.83603,Collect & Return,Mon: 09:00-17:30; Tue: 09:00-17:30; Wed: 09:00-17:30; Thu: 09:00-21:00; Fri: 09:00-17:30; Sat: 09:00-17:00; Sun: 10:00-16:00
OPSM Port Central,2297,OPSM Port Central_2297,NSW,Port Macquarie,2444,40-42 Horton St,,,"40-42 Horton St, Port Macquarie, NSW, 2444",(02) 6583 1377,(02) 6583 8683,-31.42759,152.89538,Collect & Return,Mon: 09:00-17:30; Tue: 09:00-17:30; Wed: 09:00-17:30; Thu: 09:00-18:30; Fri: 09:00-17:30; Sat: 09:00-17:00; Sun: closed
OPSM Port Macquarie,2296,OPSM Port Macquarie_2296,NSW,Port Macquarie,2444,Cnr Park &amp; Bay St,,,"Cnr Park &amp; Bay St, Port Macquarie, NSW, 2444",(02) 6583 4271,(02) 6583 7264,-31.42759,152.89538,Collect & Return,Mon: 09:00-17:30; Tue: 09:00-17:30; Wed: 09:00-17:30; Thu: 09:00-19:00; Fri: 09:00-17:30; Sat: 09:00-16:30; Sun: 10:00-16:00
OPSM Queanbeyan,1384,OPSM Queanbeyan_1384,NSW,Queanbeyan,2620,131 Monaro St,,,"131 Monaro St, Queanbeyan, NSW, 2620",(02) 6299 4411,(02) 6297 4295,-35.35179,149.23459,"Kids Vision Centre, Collect & Return",Mon: 09:00-17:30; Tue: 09:00-17:30; Wed: 09:00-17:30; Thu: 09:00-19:00; Fri: 09:00-17:30; Sat: 09:00-17:00; Sun: 10:00-16:00
OPSM Randwick,2971,OPSM Randwick_2971,NSW,Randwick,2031,73 Belmore Rd,,,"73 Belmore Rd, Randwick, NSW, 2031",(02) 9399 3365,(02) 9399 8329,-33.91542,151.24106,Collect & Return,Mon: 09:00-17:30; Tue: 09:00-17:30; Wed: 09:00-17:30; Thu: 09:00-18:00; Fri: 09:00-17:30; Sat: 09:00-16:00; Sun: 10:00-16:00
OPSM Raymond Terrace,1430,OPSM Raymond Terrace_1430,NSW,Raymond Terrace,2324,Port Stephens St,,,"Port Stephens St, Raymond Terrace, NSW, 2324",(02) 4987 3171,(02) 4987 3510,-32.76086,151.74363,Collect & Return,Mon: 09:00-17:30; Tue: 09:00-17:30; Wed: 09:00-17:30; Thu: 09:00-19:00; Fri: 09:00-17:30; Sat: 09:00-17:00; Sun: 10:00-16:00
OPSM Rhodes,2966,OPSM Rhodes_2966,NSW,Rhodes,2138,1 Rider Blvd,,,"1 Rider Blvd, Rhodes, NSW, 2138",(02) 9743 5616,(02) 9743 3372,-33.83515,151.08538,Collect & Return,Mon: 09:00-18:00; Tue: 09:00-18:00; Wed: 09:00-18:00; Thu: 09:00-21:00; Fri: 09:00-18:00; Sat: 09:00-18:00; Sun: 10:00-18:00
OPSM Richmond,1257,OPSM Richmond_1257,NSW,Richmond,2753,253 Windsor St,,,"253 Windsor St, Richmond, NSW, 2753",(02) 4578 4093,(02) 4578 1687,-33.59608,150.75006,Collect & Return,Mon: 09:00-17:30; Tue: 09:00-17:30; Wed: 09:00-17:30; Thu: 09:00-20:00; Fri: 09:00-17:30; Sat: 08:30-16:00; Sun: closed
OPSM Roselands,1415,OPSM Roselands_1415,NSW,Roselands,2196,Roselands Dr,,,"Roselands Dr, Roselands, NSW, 2196",(02) 9759 0825,(02) 9750 3196,-33.93492,151.06921,Collect & Return,Mon: 09:00-17:30; Tue: 09:00-17:30; Wed: 09:00-17:30; Thu: 09:00-21:00; Fri: 09:00-17:30; Sat: 09:00-17:00; Sun: 10:00-16:00
OPSM Rouse Hill,4633,OPSM Rouse Hill_4633,NSW,Rouse Hill,2155,10-14 Market Place,,,"10-14 Market Place, Rouse Hill, NSW, 2155",(02) 8882 9399,0291367653,-33.69094,150.92434,"Audiology, Dry Eye, Kids Vision Centre, Collect & Return",Mon: 09:00-18:00; Tue: 09:00-18:00; Wed: 09:00-18:00; Thu: 09:00-21:00; Fri: 09:00-18:00; Sat: 09:00-18:00; Sun: 10:00-17:00
OPSM Top Ryde,1551,OPSM Top Ryde_1551,NSW,Ryde,2112,109-129 Blaxland Rd,,,"109-129 Blaxland Rd, Ryde, NSW, 2112",(02) 9807 6211,(02) 9807 4677,-33.8121,151.10571,Collect & Return,Mon: 09:00-18:00; Tue: 09:00-18:00; Wed: 09:00-18:00; Thu: 09:00-21:00; Fri: 09:00-18:00; Sat: 09:00-18:00; Sun: 10:00-17:00
OPSM Salamander Bay,1375,OPSM Salamander Bay_1375,NSW,Salamander Bay,2317,2 Town Centre Circuit,,,"2 Town Centre Circuit, Salamander Bay, NSW, 2317",(02) 4982 0770,(02) 4982 0430,-32.73537,152.10689,Collect & Return,Mon: 09:00-17:30; Tue: 09:00-17:30; Wed: 09:00-17:30; Thu: 09:00-19:30; Fri: 09:00-17:30; Sat: 09:00-17:00; Sun: 10:00-16:00
SHELLHARBOUR,1105,SHELLHARBOUR_1105,NSW,Shellharbour,2529,Shop 1004-1005,,,"Shop 1004-1005, Shellharbour, NSW, 2529",(02) 4296 7777,(02) 4296 5000,-34.5629,150.8393,"Dry Eye, Collect & Return",Mon: 09:00-17:30; Tue: 09:00-17:30; Wed: 09:00-17:30; Thu: 09:00-21:00; Fri: 09:00-17:30; Sat: 09:00-16:00; Sun: 10:00-16:00
OPSM Singleton,4702,OPSM Singleton_4702,NSW,Singleton,2330,1 Gowrie St,,,"1 Gowrie St, Singleton, NSW, 2330",(02) 6571 1266,(02) 6571 1316,-32.566,151.1639,,Mon: 09:00-17:30; Tue: 09:00-17:30; Wed: 09:00-17:30; Thu: 09:00-17:30; Fri: 09:00-17:30; Sat: 09:00-13:00; Sun: closed
OPSM St Ives,1398,OPSM St Ives_1398,NSW,St Ives,2075,166 Mona Vale Rd,,,"166 Mona Vale Rd, St Ives, NSW, 2075",(02) 9449 1066,(02) 9449 1319,-33.72977,151.15871,Collect & Return,Mon: 09:00-17:30; Tue: 09:00-17:30; Wed: 09:00-17:30; Thu: 09:00-19:00; Fri: 09:00-17:30; Sat: 09:00-17:00; Sun: 10:00-16:00
OPSM George Street,1304,OPSM George Street_1304,NSW,Sydney,2000,413 George St,,,"413 George St, Sydney, NSW, 2000",(02) 9299 3061,(02) 9165 9218,-33.87025,151.20677,"Dry Eye, Collect & Return",Mon: 09:00-18:30; Tue: 09:00-18:30; Wed: 09:00-18:30; Thu: 09:00-21:00; Fri: 09:00-18:30; Sat: 09:00-17:30; Sun: 10:00-17:00
OPSM Macquarie St,1177,OPSM Macquarie St_1177,NSW,Sydney,2000,183 Macquarie St,,,"183 Macquarie St, Sydney, NSW, 2000",(02) 9232 7995,(02) 9221 1585,-33.87025,151.20677,"Dry Eye, Collect & Return",Mon: 08:00-17:30; Tue: 08:00-17:30; Wed: 08:00-17:30; Thu: 08:00-17:30; Fri: 08:00-17:30; Sat: closed; Sun: closed
Optometrist Sylvania by OPSM,2996,Optometrist Sylvania by OPSM_2996,NSW,Sylvania,2224,"Shop 2, Southgate Shopping Centre",,,"Shop 2, Southgate Shopping Centre, Sylvania, NSW, 2224",(02)95446655,(02) 9522 9979,-34.01019,151.10419,Collect & Return,Mon: 09:00-17:30; Tue: 09:00-17:30; Wed: 09:00-17:30; Thu: 09:00-20:00; Fri: 09:00-17:30; Sat: 09:00-16:00; Sun: 10:00-15:00
OPSM Tamworth,2938,OPSM Tamworth_2938,NSW,Tamworth,2340,335 Peel St,,,"335 Peel St, Tamworth, NSW, 2340",(02) 6766 3256,(02) 6766 3471,-31.09066,150.92956,Collect & Return,Mon: 08:30-17:30; Tue: 08:30-17:30; Wed: 08:30-17:30; Thu: 08:30-17:30; Fri: 08:30-17:30; Sat: 09:00-17:00; Sun: closed
OPSM Taree,2298,OPSM Taree_2298,NSW,Taree,2430,60 Manning Street,,,"60 Manning Street, Taree, NSW, 2430",(02) 6552 2391,(02) 6551 2291,-31.91072,152.45861,Collect & Return,Mon: 09:00-17:30; Tue: 09:00-17:30; Wed: 09:00-17:30; Thu: 09:00-18:00; Fri: 09:00-17:30; Sat: 09:00-13:00; Sun: closed
OPSM Toormina,1228,OPSM Toormina_1228,NSW,Toormina,2452,5 Toormina Rd,,,"5 Toormina Rd, Toormina, NSW, 2452",(02) 6653 1277,(02) 6658 3141,-30.35346,153.0921,Collect & Return,Mon: 08:30-17:00; Tue: 08:30-17:00; Wed: 08:30-17:00; Thu: 08:30-19:00; Fri: 08:30-17:00; Sat: 09:00-16:00; Sun: closed
OPSM Toronto,2266,OPSM Toronto_2266,NSW,Toronto,2283,47 The Blvd,,,"47 The Blvd, Toronto, NSW, 2283",(02) 4950 5545,(02) 4950 5568,-33.01256,151.59539,Collect & Return,Mon: 08:30-17:30; Tue: 08:30-17:30; Wed: 08:30-17:30; Thu: 08:30-17:30; Fri: 08:30-17:30; Sat: closed; Sun: closed
OPSM Tuggerah,1127,OPSM Tuggerah_1127,NSW,Tuggerah,2259,Cnr Cobbs Rd &amp; Gavenlock Rd,,,"Cnr Cobbs Rd &amp; Gavenlock Rd, Tuggerah, NSW, 2259",(02) 4353 5223,(02) 4353 5230,-33.30802,151.41389,Collect & Return,Mon: 09:00-17:30; Tue: 09:00-17:30; Wed: 09:00-17:30; Thu: 09:00-19:00; Fri: 09:00-17:30; Sat: 09:00-17:00; Sun: 10:00-16:00
OPSM Tweed Mall,1107,OPSM Tweed Mall_1107,NSW,Tweed Heads,2485,Corner Bay St &amp; Wharf St,,,"Corner Bay St &amp; Wharf St, Tweed Heads, NSW, 2485",(07) 5536 3024,(07) 5536 7826,-28.17218,153.54382,Collect & Return,Mon: 09:00-17:00; Tue: 09:00-17:00; Wed: 09:00-17:00; Thu: 09:00-17:30; Fri: 09:00-17:00; Sat: 09:00-15:00; Sun: closed
OPSM Tweed City,1406,OPSM Tweed City_1406,NSW,Tweed Heads South,2486,"SHOP 227 TWEED CITY SHOPPING CENTRE, 54 MINJUNGBAL",,,"SHOP 227 TWEED CITY SHOPPING CENTRE, 54 MINJUNGBAL, Tweed Heads South, NSW, 2486",(07) 3445 0552,(07) 3445 0553,-28.20204,153.54608,"Dry Eye, Collect & Return",Mon: 09:00-17:30; Tue: 09:00-17:30; Wed: 09:00-17:30; Thu: 09:00-20:00; Fri: 09:00-17:30; Sat: 09:00-16:00; Sun: 10:00-15:00
OPSM Ulladulla,2993,OPSM Ulladulla_2993,NSW,Ulladulla,2539,93 Princess Highway,,,"93 Princess Highway, Ulladulla, NSW, 2539",(02) 4455 1288,(02) 4455 1278,-35.35753,150.47359,"Dry Eye, Collect & Return",Mon: 09:00-17:30; Tue: 09:00-17:30; Wed: 09:00-17:30; Thu: 09:00-17:30; Fri: 09:00-17:30; Sat: 09:00-17:00; Sun: closed
OPSM Broadway,1423,OPSM Broadway_1423,NSW,Ultimo,2007,1 Bay St,,,"1 Bay St, Ultimo, NSW, 2007",(02) 9212 6366,(02) 9280 1142,-33.88367,151.19366,Collect & Return,Mon: 10:00-19:00; Tue: 10:00-19:00; Wed: 10:00-19:00; Thu: 10:00-21:00; Fri: 10:00-19:00; Sat: 09:00-18:00; Sun: 10:00-18:00
OPSM Wagga Wagga,1021,OPSM Wagga Wagga_1021,NSW,Wagga Wagga,2650,87 Bayliss St,,,"87 Bayliss St, Wagga Wagga, NSW, 2650",(02) 6921 3160,(02) 6921 2653,-35.11539,147.36967,"Dry Eye, Collect & Return",Mon: 08:30-17:30; Tue: 08:30-17:30; Wed: 08:30-17:30; Thu: 08:30-20:00; Fri: 08:30-17:30; Sat: 08:30-16:00; Sun: 10:00-16:00
OPSM Wallsend,2959,OPSM Wallsend_2959,NSW,Wallsend,2287,24 Kokera St,,,"24 Kokera St, Wallsend, NSW, 2287",(02) 8865 8346,(02) 8865 8349,-32.898,151.668,Collect & Return,Mon: 09:00-17:30; Tue: 09:00-17:30; Wed: 09:00-17:30; Thu: 09:00-17:30; Fri: 09:00-17:30; Sat: 09:00-16:00; Sun: 10:00-16:00
OPSM Warriewood,1068,OPSM Warriewood_1068,NSW,Warriewood,2102,Jacksons Rd,,,"Jacksons Rd, Warriewood, NSW, 2102",(02) 9913 9071,(02) 9913 9680,-33.69569,151.29617,Collect & Return,Mon: 09:00-17:30; Tue: 09:00-17:30; Wed: 09:00-17:30; Thu: 09:00-18:00; Fri: 09:00-17:30; Sat: 09:00-16:00; Sun: 10:00-16:00
OPSM Wauchope,2299,OPSM Wauchope_2299,NSW,Wauchope,2446,High St,,,"High St, Wauchope, NSW, 2446",(02) 6585 2755,(02) 6586 4391,-31.45755,152.73391,Collect & Return,Mon: 09:00-17:00; Tue: 09:00-17:00; Wed: 09:00-17:00; Thu: 09:00-17:00; Fri: 09:00-17:00; Sat: closed; Sun: closed
OPSM Wetherill Park,1307,OPSM Wetherill Park_1307,NSW,Wetherill Park,2164,Polding St,,,"Polding St, Wetherill Park, NSW, 2164",(02) 9729 0339,(02) 9609 5648,-33.85862,150.89779,Collect & Return,Mon: 09:00-17:30; Tue: 09:00-17:30; Wed: 09:00-17:30; Thu: 09:00-21:00; Fri: 09:00-17:30; Sat: 09:00-17:00; Sun: 10:00-16:00
OPSM Winston Hills,2928,OPSM Winston Hills_2928,NSW,Winston Hills,2153,180 Caroline Chisholm Dr,,,"180 Caroline Chisholm Dr, Winston Hills, NSW, 2153",(02) 9674 8632,(02) 9136 7668,-33.77275,150.96801,Collect & Return,Mon: 09:00-17:30; Tue: 09:00-17:30; Wed: 09:00-17:30; Thu: 09:00-20:00; Fri: 09:00-17:30; Sat: 09:00-17:00; Sun: 10:00-16:00
OPSM Wollongong,1015,OPSM Wollongong_1015,NSW,Wollongong,2500,200 Crown St,,,"200 Crown St, Wollongong, NSW, 2500",(02) 4229 4444,(02) 4229 4222,-34.42477,150.8942,Collect & Return,Mon: 09:00-17:30; Tue: 09:00-17:30; Wed: 09:00-17:30; Thu: 09:00-21:00; Fri: 09:00-17:30; Sat: 09:00-16:00; Sun: 10:00-16:00
OPSM Woy Woy,1311,OPSM Woy Woy_1311,NSW,Woy Woy,2256,Railway St,,,"Railway St, Woy Woy, NSW, 2256",(02) 4342 3033,(02) 4341 1209,-33.48774,151.32397,Collect & Return,Mon: 09:00-17:30; Tue: 09:00-17:30; Wed: 09:00-17:30; Thu: 09:00-19:00; Fri: 09:00-17:30; Sat: 09:00-16:00; Sun: 10:00-15:00
OPSM Alice Springs,1582,OPSM Alice Springs_1582,NT,Alice Springs,0870,Hartley St,,,"Hartley St, Alice Springs, NT, 0870",(08) 8952 8277,(08) 8952 5558,-23.69941,133.88087,Collect & Return,Mon: 08:30-17:00; Tue: 08:30-17:00; Wed: 08:30-17:00; Thu: 08:30-17:00; Fri: 08:30-17:00; Sat: 08:30-15:00; Sun: closed
OPSM Casuarina,1200,OPSM Casuarina_1200,NT,Darwin,0810,247 Trower Rd,,,"247 Trower Rd, Darwin, NT, 0810",(08) 8927 9377,(08) 8927 4586,-12.37553,130.88083,"Dry Eye, Kids Vision Centre, Collect & Return",Mon: 08:30-17:30; Tue: 08:30-17:30; Wed: 08:30-17:30; Thu: 08:30-17:30; Fri: 08:30-20:00; Sat: 08:30-17:00; Sun: 09:30-15:00
OPSM Darwin,1577,OPSM Darwin_1577,NT,Darwin,0800,Smith St Mall,,,"Smith St Mall, Darwin, NT, 0800",(08) 8941 1577,(08) 8981 6016,-12.46378,130.84219,"Kids Vision Centre, Collect & Return",Mon: 08:30-17:00; Tue: 08:30-17:00; Wed: 08:30-17:00; Thu: 08:30-17:00; Fri: 08:30-17:00; Sat: closed; Sun: closed
OPSM Katherine,1580,OPSM Katherine_1580,NT,Katherine,0851,Katherine Tce,,,"Katherine Tce, Katherine, NT, 0851",(08) 8972 2035,(08) 8971 0834,-14.46567,132.26553,Collect & Return,Mon: 08:30-17:00; Tue: 08:30-17:00; Wed: 08:30-17:00; Thu: 08:30-17:00; Fri: 08:30-17:00; Sat: closed; Sun: closed
OPSM Palmerston,1191,OPSM Palmerston_1191,NT,Yarrawonga,0830,1 Roystonea Ave,,,"1 Roystonea Ave, Yarrawonga, NT, 0830",(08) 8932 7320,(08) 8932 7647,-12.47133,130.98307,"Kids Vision Centre, Collect & Return",Mon: 08:30-17:30; Tue: 08:30-17:30; Wed: 08:30-17:30; Thu: 08:30-17:30; Fri: 08:30-20:00; Sat: 09:00-17:00; Sun: 10:00-15:00
OPSM Townsville,1161,OPSM Townsville_1161,QLD,Aitkenvale,4814,310 Ross River Rd,,,"310 Ross River Rd, Aitkenvale, QLD, 4814",(07) 4725 4822,(07) 4725 4861,-19.3001,146.76274,Collect & Return,Mon: 09:00-17:30; Tue: 09:00-17:30; Wed: 09:00-17:30; Thu: 09:00-20:00; Fri: 09:00-17:30; Sat: 09:00-16:00; Sun: 10:00-15:00
OPSM Aspley,2272,OPSM Aspley_2272,QLD,Aspley,4034,59 Albany Creek Rd,,,"59 Albany Creek Rd, Aspley, QLD, 4034",(07) 3263 8377,(07) 3263 8128,-27.36192,153.01364,Collect & Return,Mon: 09:00-17:30; Tue: 09:00-17:30; Wed: 09:00-17:30; Thu: 09:00-19:00; Fri: 09:00-17:30; Sat: 09:00-16:00; Sun: 10:00-16:00
OPSM Birtinya,2982,OPSM Birtinya_2982,QLD,Birtinya,4575,8 The Avenue,,,"8 The Avenue, Birtinya, QLD, 4575",(07) 5301 9276,(07) 53019277,-26.74019,153.11627,Collect & Return,Mon: 09:00-17:30; Tue: 09:00-17:30; Wed: 09:00-17:30; Thu: 09:00-19:00; Fri: 09:00-17:30; Sat: 09:00-17:00; Sun: 10:30-16:00
OPSM Booval,1065,OPSM Booval_1065,QLD,Booval,4304,139 Brisbane Rd,,,"139 Brisbane Rd, Booval, QLD, 4304",(07) 3281 2360,(07) 3281 6340,-27.61489,152.78985,Collect & Return,Mon: 09:00-17:30; Tue: 09:00-17:30; Wed: 09:00-17:30; Thu: 09:00-20:00; Fri: 09:00-17:30; Sat: 09:00-16:00; Sun: closed
OPSM Albert St Brisbane,1513,OPSM Albert St Brisbane_1513,QLD,Brisbane,4000,186 Albert St,,,"186 Albert St, Brisbane, QLD, 4000",(07) 3229 2200,(07) 3210 0952,-27.47015,153.02556,Collect & Return,Mon: 08:30-17:30; Tue: 08:30-17:30; Wed: 08:30-17:30; Thu: 08:30-17:30; Fri: 08:30-20:00; Sat: 09:00-17:00; Sun: 10:00-16:00
OPSM Wintergarden,1464,OPSM Wintergarden_1464,QLD,Brisbane,4000,170-209 Queen St,,,"170-209 Queen St, Brisbane, QLD, 4000",(07) 3221 1158,(07) 3229 7008,-27.46945,153.02646,Collect & Return,Mon: 08:30-17:30; Tue: 08:30-17:30; Wed: 08:30-17:30; Thu: 08:30-17:30; Fri: 08:30-20:00; Sat: 09:00-17:00; Sun: 10:00-16:00
OPSM Pacific Fair,1495,OPSM Pacific Fair_1495,QLD,Broadbeach,4218,2 Hooker Blvd,,,"2 Hooker Blvd, Broadbeach, QLD, 4218",(07) 5570 6204,(07) 3557 0165,-28.03722,153.42698,"Dry Eye, Collect & Return",Mon: 09:00-17:30; Tue: 09:00-17:30; Wed: 09:00-17:30; Thu: 09:00-21:00; Fri: 09:00-17:30; Sat: 09:00-17:30; Sun: 10:00-16:00
OPSM Browns Plains,1357,OPSM Browns Plains_1357,QLD,Browns Plains,4118,27-29 Browns Plains Rd,,,"27-29 Browns Plains Rd, Browns Plains, QLD, 4118",(07) 3800 6911,(07) 3800 5360,-27.66249,153.04105,Collect & Return,Mon: 09:00-17:30; Tue: 09:00-17:30; Wed: 09:00-17:30; Thu: 09:00-21:00; Fri: 09:00-17:30; Sat: 09:00-17:00; Sun: 10:00-16:00
OPSM Kawana Waters,7059,OPSM Kawana Waters_7059,QLD,Buddina,4575,119 Point Cartwright Dr,,,"119 Point Cartwright Dr, Buddina, QLD, 4575",(07) 5478 1864,(07) 5478 3983,-26.70449,153.12945,,Mon: 09:00-17:30; Tue: 09:00-17:30; Wed: 09:00-17:30; Thu: 09:00-20:00; Fri: 09:00-17:30; Sat: 09:00-17:00; Sun: 10:30-16:00
OPSM Bundaberg Hinkler,1111,OPSM Bundaberg Hinkler_1111,QLD,Bundaberg,4670,16 Maryborough St,,,"16 Maryborough St, Bundaberg, QLD, 4670",(07) 4152 4377,(07) 4152 9165,-24.87208,152.34968,Collect & Return,Mon: 09:00-17:30; Tue: 09:00-17:30; Wed: 09:00-17:30; Thu: 09:00-21:00; Fri: 09:00-17:30; Sat: 09:00-16:00; Sun: 10:00-14:00
OPSM Bundaberg Sugarland,1386,OPSM Bundaberg Sugarland_1386,QLD,Bundaberg,4670,115 - 119 Takalvan St,,,"115 - 119 Takalvan St, Bundaberg, QLD, 4670",(07) 4151 7131,(07) 4151 7136,-24.88723,152.31848,Collect & Return,Mon: 09:00-17:30; Tue: 09:00-17:30; Wed: 09:00-17:30; Thu: 09:00-21:00; Fri: 09:00-17:30; Sat: 09:00-16:00; Sun: 10:00-16:00
OPSM Burleigh Heads,1085,OPSM Burleigh Heads_1085,QLD,Burleigh Heads,4220,149 West Burleigh Rd,,,"149 West Burleigh Rd, Burleigh Heads, QLD, 4220",(07) 5568 7023,(07) 5568 7652,-28.09723,153.44072,Collect & Return,Mon: 09:00-17:30; Tue: 09:00-17:30; Wed: 09:00-17:30; Thu: 09:00-18:00; Fri: 09:00-17:30; Sat: 09:00-16:00; Sun: 10:00-15:00
OPSM Cairns Central,1336,OPSM Cairns Central_1336,QLD,Cairns,4870,1-21 Mcleod St,,,"1-21 Mcleod St, Cairns, QLD, 4870",(07) 4051 1666,(07) 4051 0747,-16.9244,145.77232,Collect & Return,Mon: 08:30-17:30; Tue: 08:30-17:30; Wed: 08:30-17:30; Thu: 08:30-20:00; Fri: 08:30-17:30; Sat: 09:00-16:00; Sun: 10:00-16:00
OPSM Smithfield,1237,OPSM Smithfield_1237,QLD,Cairns,4878,Captain Cook Hwy &amp; Kennedy Hwy,,,"Captain Cook Hwy &amp; Kennedy Hwy, Cairns, QLD, 4878",(07) 4038 2555,(07) 4038 2811,-16.83688,145.69179,Collect & Return,Mon: 09:00-17:30; Tue: 09:00-17:30; Wed: 09:00-17:30; Thu: 09:00-20:00; Fri: 09:00-17:30; Sat: 09:00-16:00; Sun: 10:00-15:00
OPSM Caloundra,1385,OPSM Caloundra_1385,QLD,Caloundra,4551,47 Bowman Rd,,,"47 Bowman Rd, Caloundra, QLD, 4551",(07) 5491 5507,(07) 5492 7641,-26.80295,153.12537,Collect & Return,Mon: 09:00-17:30; Tue: 09:00-17:30; Wed: 09:00-17:30; Thu: 09:00-20:00; Fri: 09:00-17:30; Sat: 09:00-17:00; Sun: 10:00-16:00
OPSM Cannon Hill,1264,OPSM Cannon Hill_1264,QLD,Cannon Hill,4170,Wynnum Rd,,,"Wynnum Rd, Cannon Hill, QLD, 4170",(07) 3899 3255,(07) 3899 5688,-27.47144,153.09844,Collect & Return,Mon: 09:00-17:30; Tue: 09:00-17:30; Wed: 09:00-17:30; Thu: 09:00-20:00; Fri: 09:00-17:30; Sat: 09:00-16:00; Sun: 10:00-16:00
OPSM Capalaba Park,1246,OPSM Capalaba Park_1246,QLD,Capalaba,4157,Cnr Mt Cotton Rd &amp; Redland Bay Rd,,,"Cnr Mt Cotton Rd &amp; Redland Bay Rd, Capalaba, QLD, 4157",(07) 3823 3061,(07) 3823 3067,-27.52421,153.19055,Collect & Return,Mon: 09:00-17:30; Tue: 09:00-17:30; Wed: 09:00-17:30; Thu: 09:00-21:00; Fri: 09:00-17:30; Sat: 09:00-16:00; Sun: 10:00-16:00
OPSM Carindale,1266,OPSM Carindale_1266,QLD,Carindale,4152,1151 Creek Rd,,,"1151 Creek Rd, Carindale, QLD, 4152",(07) 3398 9911,(07) 3324 9455,-27.50309,153.10197,"Dry Eye, Collect & Return",Mon: 08:30-17:30; Tue: 08:30-17:30; Wed: 08:30-17:30; Thu: 08:30-20:00; Fri: 08:30-17:30; Sat: 08:30-17:00; Sun: 09:30-16:00
OPSM Chermside,1346,OPSM Chermside_1346,QLD,Chermside,4032,Cnr Gympie Rd &amp; Hamilton Rd,,,"Cnr Gympie Rd &amp; Hamilton Rd, Chermside, QLD, 4032",(07) 3350 1166,(07) 3350 4303,-27.3828,153.03289,"Dry Eye, Collect & Return",Mon: 09:00-17:30; Tue: 09:00-17:30; Wed: 09:00-17:30; Thu: 09:00-21:00; Fri: 09:00-17:30; Sat: 09:00-17:00; Sun: 10:00-16:00
OPSM Cleveland,1337,OPSM Cleveland_1337,QLD,Cleveland,4163,91 Middle St,,,"91 Middle St, Cleveland, QLD, 4163",(07) 3286 4399,(07) 3286 9513,-27.52634,153.26853,Collect & Return,Mon: 09:00-17:30; Tue: 09:00-17:30; Wed: 09:00-17:30; Thu: 09:00-19:30; Fri: 09:00-17:30; Sat: 09:00-16:00; Sun: closed
OPSM Coomera,2974,OPSM Coomera_2974,QLD,Coomera,4209,Foxwell Rd,,,"Foxwell Rd, Coomera, QLD, 4209",(07) 5613 0298,(07) 5613 0299,-27.85372,153.31484,"Kids Vision Centre, Collect & Return",Mon: 09:00-17:30; Tue: 09:00-17:30; Wed: 09:00-17:30; Thu: 09:00-21:00; Fri: 09:00-17:30; Sat: 09:00-17:00; Sun: 10:00-16:00
OPSM Earlville,1162,OPSM Earlville_1162,QLD,Earlville,4870,537 Mulgrave Rd,,,"537 Mulgrave Rd, Earlville, QLD, 4870",(07) 4033 0407,(07) 4033 0409,-16.94349,145.74073,Collect & Return,Mon: 09:00-17:30; Tue: 09:00-17:30; Wed: 09:00-17:30; Thu: 09:00-20:00; Fri: 09:00-17:30; Sat: 09:00-16:00; Sun: 10:00-16:00
OPSM Elanora,1569,OPSM Elanora_1569,QLD,Elanora,4221,Guineas Creek Rd &amp; Kp Mcgrath Dr,,,"Guineas Creek Rd &amp; Kp Mcgrath Dr, Elanora, QLD, 4221",(07) 5598 1255,(07) 5598 1252,-28.13485,153.46946,Collect & Return,Mon: 09:00-17:30; Tue: 09:00-17:30; Wed: 09:00-17:30; Thu: 09:00-20:00; Fri: 09:00-17:30; Sat: 09:00-17:00; Sun: 10:00-15:00
OPSM FAIRFIELD,7009,OPSM FAIRFIELD_7009,QLD,Fairfield,4103,Cnr Fairfield Rd &amp; Brougham St,,,"Cnr Fairfield Rd &amp; Brougham St, Fairfield, QLD, 4103",(07) 3846 2433,(07) 3846 0527,-27.50919,153.02425,Dry Eye,Mon: 08:40-17:30; Tue: 08:40-17:30; Wed: 08:40-17:30; Thu: 09:00-20:00; Fri: 09:00-17:30; Sat: 09:00-16:00; Sun: closed
OPSM Gladstone,1588,OPSM Gladstone_1588,QLD,Gladstone,4680,Cnr Dawson Hwy &amp; Philip St,,,"Cnr Dawson Hwy &amp; Philip St, Gladstone, QLD, 4680",(07) 4978 6421,(07) 4978 6425,-23.87023,151.24266,"Kids Vision Centre, Collect & Return",Mon: 09:00-17:30; Tue: 09:00-17:30; Wed: 09:00-17:30; Thu: 09:00-19:00; Fri: 09:00-17:30; Sat: 09:00-17:00; Sun: 10:00-16:00
OPSM Helensvale Westfield,1069,OPSM Helensvale Westfield_1069,QLD,Helensvale,4212,1-29 Millaroo Dr,,,"1-29 Millaroo Dr, Helensvale, QLD, 4212",(07) 5580 3550,(07) 5580 5440,-27.926,153.33652,Collect & Return,Mon: 08:30-17:30; Tue: 08:30-17:30; Wed: 08:30-17:30; Thu: 08:30-20:00; Fri: 08:30-17:30; Sat: 09:00-17:00; Sun: 10:00-16:00
OPSM Stocklands Hervey Bay,1465,OPSM Stocklands Hervey Bay_1465,QLD,Hervey Bay,4655,6 Central Ave,,,"6 Central Ave, Hervey Bay, QLD, 4655",(07) 4124 8355,(07) 4124 6822,-25.29023,152.83497,Collect & Return,Mon: 09:00-17:30; Tue: 09:00-17:30; Wed: 09:00-17:30; Thu: 09:00-19:00; Fri: 09:00-17:30; Sat: 09:00-17:00; Sun: 10:00-15:00
OPSM Fairfield Central Townsville,2958,OPSM Fairfield Central Townsville_2958,QLD,Idalia,4811,2/30 Lakeside Dr,,,"2/30 Lakeside Dr, Idalia, QLD, 4811",(07) 4735 8721,(07) 4735 8759,-19.3158,146.8179,Return,Mon: 09:00-17:30; Tue: 09:00-17:30; Wed: 09:00-17:30; Thu: 09:00-19:00; Fri: 09:00-17:30; Sat: 09:00-16:00; Sun: closed
OPSM Indooroopilly,1277,OPSM Indooroopilly_1277,QLD,Indooroopilly,4068,322 Moggill Rd,,,"322 Moggill Rd, Indooroopilly, QLD, 4068",(07) 3378 4266,(07) 3378 4975,-27.49969,152.97269,"Dry Eye, Collect & Return",Mon: 09:00-17:30; Tue: 09:00-17:30; Wed: 09:00-17:30; Thu: 09:00-21:00; Fri: 09:00-17:30; Sat: 09:00-17:00; Sun: 10:00-16:00
OPSM Innisfail,1564,OPSM Innisfail_1564,QLD,Innisfail,4860,51-53 Edith Street,,,"51-53 Edith Street, Innisfail, QLD, 4860",(07) 4061 4244,(07) 4061 4238,-17.52497,146.03101,Collect & Return,Mon: 08:30-17:00; Tue: 08:30-17:00; Wed: 08:30-17:00; Thu: 08:30-17:00; Fri: 08:30-17:00; Sat: 08:30-12:00; Sun: closed
OPSM Kingaroy,1570,OPSM Kingaroy_1570,QLD,Kingaroy,4610,29 - 45 Alford St,,,"29 - 45 Alford St, Kingaroy, QLD, 4610",(07) 4162 7444,(07) 4162 7441,-26.54158,151.83693,Collect & Return,Mon: 08:30-17:30; Tue: 08:30-17:30; Wed: 08:30-17:30; Thu: 08:30-19:00; Fri: 08:30-17:30; Sat: 08:30-16:00; Sun: closed
OPSM Kippa Ring,2970,OPSM Kippa Ring_2970,QLD,Kippa-Ring,4021,272 Anzac Ave,,,"272 Anzac Ave, Kippa-Ring, QLD, 4021",(07) 3284 5811,(07) 3284 5023,-27.22489,153.0882,Collect & Return,Mon: 09:00-17:30; Tue: 09:00-17:30; Wed: 09:00-17:30; Thu: 09:00-19:00; Fri: 09:00-17:30; Sat: 09:00-17:00; Sun: closed
OPSM Townsville The Willows,2283,OPSM Townsville The Willows_2283,QLD,Kirwan,4817,Thuringowa Dr,,,"Thuringowa Dr, Kirwan, QLD, 4817",(07) 4723 8500,(07) 4723 8499,-19.31574,146.72682,Collect & Return,Mon: 09:00-17:30; Tue: 09:00-17:30; Wed: 09:00-17:30; Thu: 09:00-20:00; Fri: 09:00-17:30; Sat: 09:00-16:00; Sun: 10:00-15:00
OPSM Mackay,1295,OPSM Mackay_1295,QLD,Mackay,4740,Cnr Mangrove Rd &amp; Victoria St,,,"Cnr Mangrove Rd &amp; Victoria St, Mackay, QLD, 4740",(07) 4953 0861,(07) 4953 0864,-21.13661,149.1778,Collect & Return,Mon: 08:30-17:30; Tue: 08:30-17:30; Wed: 08:30-17:30; Thu: 08:30-20:00; Fri: 08:30-17:30; Sat: 08:30-16:00; Sun: 10:00-16:00
OPSM Mackay Mt Pleasant,2264,OPSM Mackay Mt Pleasant_2264,QLD,Mackay,4740,Cnr Phillip St &amp; Bucasia Rd,,,"Cnr Phillip St &amp; Bucasia Rd, Mackay, QLD, 4740",(07) 4942 5161,(07) 4942 5272,-21.11892,149.15872,Collect & Return,Mon: 08:30-17:30; Tue: 08:30-17:30; Wed: 08:30-17:30; Thu: 08:30-20:00; Fri: 08:30-17:30; Sat: 09:00-16:00; Sun: 10:00-15:00
OPSM North Lakes,2968,OPSM North Lakes_2968,QLD,Mango Hill,4509,Cnr Anzac Ave &amp; North Lakes Dr,,,"Cnr Anzac Ave &amp; North Lakes Dr, Mango Hill, QLD, 4509",(07) 3482 2099,(07) 3491 6833,-27.24073,153.01491,"Kids Vision Centre, Collect & Return",Mon: 09:00-17:30; Tue: 09:00-17:30; Wed: 09:00-17:30; Thu: 09:00-21:00; Fri: 09:00-17:30; Sat: 09:00-17:00; Sun: 10:00-16:00
OPSM Maroochydore,1263,OPSM Maroochydore_1263,QLD,Maroochydore,4558,154 - 164 Horton Pde,,,"154 - 164 Horton Pde, Maroochydore, QLD, 4558",(07) 5479 3444,(07) 5479 3555,-26.65452,153.08724,"Audiology, Dry Eye, Collect & Return",Mon: 09:00-17:30; Tue: 09:00-17:30; Wed: 09:00-17:30; Thu: 09:00-21:00; Fri: 09:00-17:30; Sat: 09:00-17:00; Sun: 10:00-16:00
OPSM Maryborough,1167,OPSM Maryborough_1167,QLD,Maryborough,4650,142 Lennox St,,,"142 Lennox St, Maryborough, QLD, 4650",(07) 4121 3214,(07) 4121 3083,-25.53782,152.6974,"Dry Eye, Collect & Return",Mon: 08:00-17:30; Tue: 08:00-17:30; Wed: 08:00-17:30; Thu: 08:00-17:30; Fri: 08:00-17:30; Sat: 09:00-16:00; Sun: closed
OPSM Brookside,1119,OPSM Brookside_1119,QLD,Mitchelton,4053,Cnr Osborne Rd &amp; Burwood Rd,,,"Cnr Osborne Rd &amp; Burwood Rd, Mitchelton, QLD, 4053",(07) 3355 9388,(07) 3355 9804,-27.40933,152.98036,"Dry Eye, Collect & Return",Mon: 09:00-17:30; Tue: 09:00-17:30; Wed: 09:00-17:30; Thu: 09:00-21:00; Fri: 09:00-17:30; Sat: 09:00-17:00; Sun: 10:00-16:00
OPSM Morayfield,1273,OPSM Morayfield_1273,QLD,Morayfield,4506,171 Morayfield Rd,,,"171 Morayfield Rd, Morayfield, QLD, 4506",(07) 5498 3755,(07) 5498 9581,-27.10376,152.95044,Collect & Return,Mon: 09:00-17:30; Tue: 09:00-17:30; Wed: 09:00-17:30; Thu: 09:00-21:00; Fri: 09:00-17:30; Sat: 09:00-17:00; Sun: 10:00-16:00
OPSM Mt Gravatt Plaza,2270,OPSM Mt Gravatt Plaza_2270,QLD,Mount Gravatt,4122,Cnr Logan Rd &amp; Creek Rd,,,"Cnr Logan Rd &amp; Creek Rd, Mount Gravatt, QLD, 4122",(07) 3849 8361,(07) 3849 2381,-27.53906,153.0822,Collect & Return,Mon: 09:00-17:30; Tue: 09:00-17:30; Wed: 09:00-17:30; Thu: 09:00-19:00; Fri: 09:00-17:30; Sat: 09:00-16:00; Sun: closed
OPSM Mt Isa,1585,OPSM Mt Isa_1585,QLD,Mount Isa,4825,22 Simpson St,,,"22 Simpson St, Mount Isa, QLD, 4825",(07) 4743 3839,(07) 4743 9023,-20.7255,139.49497,"Kids Vision Centre, Collect & Return",Mon: 08:30-17:00; Tue: 08:30-17:00; Wed: 08:30-17:00; Thu: 08:30-17:00; Fri: 08:30-17:00; Sat: closed; Sun: closed
OPSM Mt Ommaney,1274,OPSM Mt Ommaney_1274,QLD,Mt Ommaney,4074,171 Dandenong Rd,,,"171 Dandenong Rd, Mt Ommaney, QLD, 4074",(07) 3279 0699,(07) 3279 0559,-27.54869,152.93942,"Kids Vision Centre, Collect & Return",Mon: 09:00-17:30; Tue: 09:00-17:30; Wed: 09:00-17:30; Thu: 09:00-21:00; Fri: 09:00-17:30; Sat: 09:00-17:00; Sun: 10:00-16:00
OPSM Noosa,2998,OPSM Noosa_2998,QLD,Noosaville,4566,28 Eenie Creek Rd,,,"28 Eenie Creek Rd, Noosaville, QLD, 4566",(07) 5474 2399,(07) 5474 4475,-26.4153,153.0485,Collect & Return,Mon: 09:00-17:30; Tue: 09:00-17:30; Wed: 09:00-17:30; Thu: 09:00-19:00; Fri: 09:00-17:30; Sat: 09:00-17:00; Sun: 10:00-16:00
OPSM Ipswich,2978,OPSM Ipswich_2978,QLD,North Ipswich,4305,Cnr Down St &amp; The Terrace,,,"Cnr Down St &amp; The Terrace, North Ipswich, QLD, 4305",(07) 3557 0003,(07) 3557 0382,-27.60873,152.75892,Collect & Return,Mon: 09:00-17:30; Tue: 09:00-17:30; Wed: 09:00-17:30; Thu: 09:00-21:00; Fri: 09:00-17:30; Sat: 09:00-17:00; Sun: 10:00-16:00
OPSM Hervey Bay,1299,OPSM Hervey Bay_1299,QLD,Pialba,4655,Cnr Hunter St &amp; Old Maryborough Rd,,,"Cnr Hunter St &amp; Old Maryborough Rd, Pialba, QLD, 4655",(07) 4124 2627,(07) 4124 1462,-25.28341,152.83969,Collect & Return,Mon: 08:30-17:00; Tue: 08:30-17:00; Wed: 08:30-17:00; Thu: 08:30-17:00; Fri: 08:30-17:00; Sat: 08:30-17:00; Sun: closed
OPSM Robina,1322,OPSM Robina_1322,QLD,Robina Town Centre,4230,167-191 Robina Town Centre Dr,,,"167-191 Robina Town Centre Dr, Robina Town Centre, QLD, 4230",(07) 5593 2199,(07) 5593 2700,-28.07611,153.38606,Collect & Return,Mon: 09:00-17:30; Tue: 09:00-17:30; Wed: 09:00-17:30; Thu: 09:00-21:00; Fri: 09:00-17:30; Sat: 09:00-17:00; Sun: 10:00-16:00
OPSM Rockhampton,1064,OPSM Rockhampton_1064,QLD,Rockhampton,4701,Yaamba Rd &amp; Bruce Hwy,,,"Yaamba Rd &amp; Bruce Hwy, Rockhampton, QLD, 4701",(07) 4928 0022,(07) 4926 2875,-23.35608,150.52231,"Dry Eye, Collect & Return",Mon: 09:00-17:30; Tue: 09:00-17:30; Wed: 09:00-17:30; Thu: 09:00-21:00; Fri: 09:00-17:30; Sat: 09:00-17:00; Sun: 10:00-16:00
OPSM Runaway Bay,1076,OPSM Runaway Bay_1076,QLD,Runaway Bay,4216,10 - 12 Lae Dr,,,"10 - 12 Lae Dr, Runaway Bay, QLD, 4216",(07) 5529 1166,(07) 5528 9992,-27.91408,153.39963,Collect & Return,Mon: 09:00-17:30; Tue: 09:00-17:30; Wed: 09:00-17:30; Thu: 09:00-20:00; Fri: 09:00-17:30; Sat: 09:00-17:00; Sun: 10:00-16:00
OPSM Loganholme,1562,OPSM Loganholme_1562,QLD,Shailer Park,4128,3828-3846 Pacific Hwy,,,"3828-3846 Pacific Hwy, Shailer Park, QLD, 4128",(07) 3209 7525,(07) 3801 2870,-27.66046,153.17229,Collect & Return,Mon: 08:30-17:30; Tue: 08:30-17:30; Wed: 08:30-17:30; Thu: 08:30-21:00; Fri: 08:30-17:30; Sat: 09:00-17:00; Sun: 10:00-16:00
OPSM Southport,1343,OPSM Southport_1343,QLD,Southport,4215,42 Marine Pde,,,"42 Marine Pde, Southport, QLD, 4215",(07) 5531 1128,(07) 5591 1224,-27.96859,153.41572,Collect & Return,Mon: 09:00-17:30; Tue: 09:00-17:30; Wed: 09:00-17:30; Thu: 09:00-20:00; Fri: 09:00-17:30; Sat: 09:00-17:00; Sun: 10:00-16:00
OPSM Springfield,1110,OPSM Springfield_1110,QLD,Springfield Lakes,4300,1 Main St,,,"1 Main St, Springfield Lakes, QLD, 4300",(07) 3470 0884,(07) 3470 0889,-27.6774,152.90262,"Kids Vision Centre, Collect & Return",Mon: 09:00-17:30; Tue: 09:00-17:30; Wed: 09:00-17:30; Thu: 09:00-21:00; Fri: 09:00-17:30; Sat: 09:00-17:00; Sun: 10:00-16:00
OPSM Stafford,7025,OPSM Stafford_7025,QLD,Stafford,4053,400 Stafford Rd,,,"400 Stafford Rd, Stafford, QLD, 4053",(07) 3352 7964,(07) 3352 7968,-27.4117,153.0122,Kids Vision Centre,Mon: 09:00-17:30; Tue: 09:00-17:30; Wed: 09:00-17:30; Thu: 09:00-19:30; Fri: 09:00-17:30; Sat: 09:00-16:00; Sun: closed
OPSM Strathpine,1436,OPSM Strathpine_1436,QLD,Strathpine,4500,"Strathpine Centre,295 Gympie Rd",,,"Strathpine Centre,295 Gympie Rd, Strathpine, QLD, 4500",(07) 3881 2899,(07) 3881 2901,-27.30691,152.99344,"Audiology, Dry Eye, Collect & Return",Mon: 09:00-17:30; Tue: 09:00-17:30; Wed: 09:00-17:00; Thu: 09:00-20:00; Fri: 09:00-17:30; Sat: 09:00-17:00; Sun: 10:00-16:00
OPSM Sunnybank,1268,OPSM Sunnybank_1268,QLD,Sunnybank,4109,Cnr Mains Rd &amp; Mccullough St,,,"Cnr Mains Rd &amp; Mccullough St, Sunnybank, QLD, 4109",(07) 3344 2406,(07) 3344 4709,-27.56961,153.06276,"Kids Vision Centre, Collect & Return",Mon: 09:00-17:30; Tue: 09:00-17:30; Wed: 09:00-17:30; Thu: 09:00-20:00; Fri: 09:00-17:30; Sat: 09:00-16:00; Sun: 10:00-16:00
OPSM The Gap,1387,OPSM The Gap_1387,QLD,The Gap,4061,1000 Waterworks Rd,,,"1000 Waterworks Rd, The Gap, QLD, 4061",(07) 3300 6400,(07) 3300 0313,-27.44597,152.95269,"Kids Vision Centre, Collect & Return",Mon: 09:00-17:30; Tue: 09:00-17:30; Wed: 09:00-17:30; Thu: 09:00-19:00; Fri: 09:00-17:30; Sat: 09:00-17:00; Sun: 10:00-16:00
OPSM Toowong,1565,OPSM Toowong_1565,QLD,Toowong,4066,9 Serwood Rd,,,"9 Serwood Rd, Toowong, QLD, 4066",(07) 3371 7733,(07) 3371 0810,-27.48504,152.99289,Collect & Return,Mon: 09:00-17:30; Tue: 09:00-17:30; Wed: 09:00-17:30; Thu: 09:00-21:00; Fri: 09:00-17:30; Sat: 09:00-17:00; Sun: closed
OPSM Clifford Gardens,1339,OPSM Clifford Gardens_1339,QLD,Toowoomba,4350,Cnr Anzac Ave &amp; James St,,,"Cnr Anzac Ave &amp; James St, Toowoomba, QLD, 4350",(07) 4634 1934,(07) 4634 1609,-27.56466,151.93255,Collect & Return,Mon: 08:30-17:30; Tue: 08:30-17:30; Wed: 08:30-17:30; Thu: 08:30-20:00; Fri: 08:30-17:30; Sat: 08:30-16:00; Sun: 10:00-15:00
OPSM Toowoomba,1062,OPSM Toowoomba_1062,QLD,Toowoomba,4350,Cnr Margaret St &amp; Clifford St,,,"Cnr Margaret St &amp; Clifford St, Toowoomba, QLD, 4350",(07) 4638 5799,(07) 4639 3276,-27.5615,151.94874,"Dry Eye, Collect & Return",Mon: 08:30-17:30; Tue: 08:30-17:30; Wed: 08:30-17:30; Thu: 08:30-21:00; Fri: 08:30-17:00; Sat: 08:30-17:00; Sun: 10:00-16:00
OPSM Castletown,1169,OPSM Castletown_1169,QLD,Townsville,4810,Cnr Woolcock St &amp; Kings Rd,,,"Cnr Woolcock St &amp; Kings Rd, Townsville, QLD, 4810",(07) 4721 6831,(07) 4721 6827,-19.27202,146.79091,"Dry Eye, Collect & Return",Mon: 09:00-17:30; Tue: 09:00-17:30; Wed: 09:00-17:30; Thu: 09:00-20:00; Fri: 09:00-17:30; Sat: 09:00-16:00; Sun: 10:00-15:00
OPSM Mt Gravatt Westfield,1262,OPSM Mt Gravatt Westfield_1262,QLD,Upper Mount Gravatt,4122,Kessells Rd,,,"Kessells Rd, Upper Mount Gravatt, QLD, 4122",(07) 3343 3944,(07) 3349 2356,-27.56303,153.08298,"Dry Eye, Collect & Return",Mon: 08:30-17:30; Tue: 08:30-17:30; Wed: 08:30-17:30; Thu: 08:30-21:00; Fri: 08:30-17:30; Sat: 08:30-17:00; Sun: 09:30-16:00
OPSM Victoria Point,1552,OPSM Victoria Point_1552,QLD,Victoria Point,4165,2-34 Bunker Rd,,,"2-34 Bunker Rd, Victoria Point, QLD, 4165",(07) 3820 8237,(07) 3820 6585,-27.58784,153.28017,Collect & Return,Mon: 09:00-17:30; Tue: 09:00-17:30; Wed: 09:00-17:30; Thu: 09:00-21:00; Fri: 09:00-17:30; Sat: 09:00-17:00; Sun: 10:00-16:00
OPSM Bay Plaza Yeppoon,2957,OPSM Bay Plaza Yeppoon_2957,QLD,Yeppoon,4703,64-76 James St,,,"64-76 James St, Yeppoon, QLD, 4703",(07) 4910 8762,(07) 4910 8764,-23.12788,150.74536,Collect & Return,Mon: 09:00-17:30; Tue: 09:00-17:30; Wed: 09:00-17:30; Thu: 09:00-19:00; Fri: 09:00-17:30; Sat: 09:00-16:00; Sun: closed
Vision Hub Aberfoyle Park by OPSM,2961,Vision Hub Aberfoyle Park by OPSM_2961,SA,Aberfoyle Park,5159,Shop 31/130-150 Hub Drive,,,"Shop 31/130-150 Hub Drive, Aberfoyle Park, SA, 5159",(08)83706588,(08) 8370 6589,-35.07489,138.59267,"Kids Vision Centre, Collect & Return",Mon: 09:00-17:30; Tue: 09:00-17:30; Wed: 09:00-17:30; Thu: 09:00-18:00; Fri: 09:00-17:30; Sat: 09:00-13:00; Sun: closed
OPSM Adelaide Rundle Mall,1376,OPSM Adelaide Rundle Mall_1376,SA,Adelaide,5000,71 Rundle Mall,,,"71 Rundle Mall, Adelaide, SA, 5000",(08) 8212  5192,(08) 8231 9881,-34.92302,138.60226,"Audiology, Dry Eye, Collect & Return",Mon: 08:30-17:30; Tue: 08:30-17:30; Wed: 08:30-17:30; Thu: 08:30-17:30; Fri: 08:30-21:00; Sat: 09:00-17:00; Sun: 09:00-17:00
OPSM Bagot House,1050,OPSM Bagot House_1050,SA,Adelaide,5000,198 North Terrace,,,"198 North Terrace, Adelaide, SA, 5000",(08) 8305 1000,08 8232 6541,-34.92143,138.6023,Collect & Return,Mon: 08:30-17:30; Tue: 08:30-17:30; Wed: 08:30-17:00; Thu: 08:30-17:30; Fri: 08:30-18:00; Sat: 09:00-17:00; Sun: 09:00-17:00
OPSM Berri,1579,OPSM Berri_1579,SA,Berri,5343,24 Denny St,,,"24 Denny St, Berri, SA, 5343",(08) 8582 2974,(08) 8582 2194,-34.2867,140.60188,Collect & Return,Mon: 09:00-17:30; Tue: 09:00-17:30; Wed: 09:00-17:30; Thu: 09:00-17:30; Fri: 09:00-17:30; Sat: closed; Sun: closed
OPSM Edwardstown,1572,OPSM Edwardstown_1572,SA,Edwardstown,5039,992 South Rd,,,"992 South Rd, Edwardstown, SA, 5039",(08) 8277 6822,(08) 8374 1397,-34.98117,138.57246,Collect & Return,Mon: 09:00-17:30; Tue: 09:00-17:30; Wed: 09:00-17:30; Thu: 09:00-20:00; Fri: 09:00-17:30; Sat: 09:00-17:00; Sun: 11:00-17:00
OPSM Elizabeth,1155,OPSM Elizabeth_1155,SA,Elizabeth,5112,50 Elizabeth Way,,,"50 Elizabeth Way, Elizabeth, SA, 5112",(08) 8252 1255,(08) 8287 0699,-34.71849,138.66765,"Kids Vision Centre, Collect & Return",Mon: 09:00-17:30; Tue: 09:00-17:30; Wed: 09:00-17:30; Thu: 09:00-21:00; Fri: 09:00-17:30; Sat: 09:00-17:00; Sun: 09:00-17:00
OPSM Firle 2,1422,OPSM Firle 2_1422,SA,Firle,5070,171 Glynburn Rd,,,"171 Glynburn Rd, Firle, SA, 5070",(08) 8332 9788,(08) 8364 2843,-34.9048,138.656,"Kids Vision Centre, Collect & Return",Mon: 09:00-17:30; Tue: 09:00-17:30; Wed: 09:00-17:30; Thu: 09:00-18:30; Fri: 09:00-17:30; Sat: 09:00-17:00; Sun: closed
OPSM Gawler,1251,OPSM Gawler_1251,SA,Gawler,5118,56 Murray St,,,"56 Murray St, Gawler, SA, 5118",(08) 8522 1580,(08) 8522 5055,-34.6002,138.7491,Collect & Return,Mon: 09:00-17:30; Tue: 09:00-17:30; Wed: 09:00-17:30; Thu: 09:00-20:00; Fri: 09:00-17:30; Sat: 09:00-17:00; Sun: closed
OPSM Glenelg,1211,OPSM Glenelg_1211,SA,Glenelg,5045,Cnr Brighton Rd &amp; Jetty Rd,,,"Cnr Brighton Rd &amp; Jetty Rd, Glenelg, SA, 5045",(08) 8294 2566,(08) 8294 2993,-34.97916,138.51955,"Dry Eye, Collect & Return",Mon: 08:30-17:30; Tue: 08:30-17:30; Wed: 08:30-17:30; Thu: 08:30-18:00; Fri: 08:30-17:30; Sat: 08:30-17:00; Sun: 11:00-17:00
OPSM Burnside,1011,OPSM Burnside_1011,SA,Glenside,5065,447 Portrush Rd,,,"447 Portrush Rd, Glenside, SA, 5065",(08) 8338 6400,(08) 8338 5318,-34.94124,138.64148,"Dry Eye, Kids Vision Centre, Collect & Return",Mon: 09:00-17:30; Tue: 09:00-17:30; Wed: 09:00-17:30; Thu: 09:00-21:00; Fri: 09:00-17:30; Sat: 09:00-17:00; Sun: 11:00-17:00
OPSM Golden Grove,1468,OPSM Golden Grove_1468,SA,Golden Grove,5125,Cnr The Golden Way &amp; The Grove Way,,,"Cnr The Golden Way &amp; The Grove Way, Golden Grove, SA, 5125",(08) 8289 3544,(08) 8289 1136,-34.79034,138.69436,Collect & Return,Mon: 09:00-17:30; Tue: 09:00-17:30; Wed: 09:00-17:30; Thu: 09:00-20:00; Fri: 09:00-17:30; Sat: 09:00-17:00; Sun: 09:00-17:00
OPSM Arndale,1648,OPSM Arndale_1648,SA,Kilkenny,5009,Cnr Hanson Rd &amp; Torrens Rd,,,"Cnr Hanson Rd &amp; Torrens Rd, Kilkenny, SA, 5009",(08) 8345 2471,(08) 8243 0340,-34.87401,138.54961,Collect & Return,Mon: 09:00-17:30; Tue: 09:00-17:30; Wed: 09:00-17:30; Thu: 09:00-20:00; Fri: 09:00-17:30; Sat: 09:00-17:00; Sun: closed
OPSM Tea Tree Plaza,1231,OPSM Tea Tree Plaza_1231,SA,Modbury,5092,976 North East Rd,,,"976 North East Rd, Modbury, SA, 5092",(08) 8264 3000,(08) 8396 3178,-34.83077,138.69223,"Kids Vision Centre, Collect & Return",Mon: 08:30-17:30; Tue: 08:30-17:30; Wed: 08:30-17:30; Thu: 08:30-21:00; Fri: 08:30-17:30; Sat: 08:30-17:00; Sun: 09:00-17:00
OPSM Southgate Square,2934,OPSM Southgate Square_2934,SA,Morphett Vale,5162,Cnr Sherriffs &amp; Hillier Rd,,,"Cnr Sherriffs &amp; Hillier Rd, Morphett Vale, SA, 5162",(08) 8305 1015,(08) 8305 1016,-35.11402,138.54753,"Kids Vision Centre, Collect & Return",Mon: 09:00-17:30; Tue: 09:00-17:30; Wed: 09:00-17:30; Thu: 09:00-19:00; Fri: 09:00-17:30; Sat: 09:00-17:00; Sun: closed
OPSM Mt Barker,1245,OPSM Mt Barker_1245,SA,Mount Barker,5251,13 Mclaren St,,,"13 Mclaren St, Mount Barker, SA, 5251",(08) 8391 0121,(08) 8398 2918,-35.06489,138.85975,Collect & Return,Mon: 09:00-17:30; Tue: 09:00-17:30; Wed: 09:00-17:30; Thu: 09:00-21:00; Fri: 09:00-17:30; Sat: 09:00-17:00; Sun: 11:00-17:00
OPSM Mount Gambier,1584,OPSM Mount Gambier_1584,SA,Mount Gambier,5290,21 Helen St,,,"21 Helen St, Mount Gambier, SA, 5290",(08) 8725 7222,(08) 8723 1306,-37.82989,140.77727,Collect & Return,Mon: 09:00-17:30; Tue: 09:00-17:30; Wed: 09:00-17:30; Thu: 09:00-19:00; Fri: 09:00-17:30; Sat: 09:00-13:00; Sun: closed
OPSM Colonnades,7071,OPSM Colonnades_7071,SA,Noarlunga,5168,Cnr Goldsmith Rd &amp; Beach Rd,,,"Cnr Goldsmith Rd &amp; Beach Rd, Noarlunga, SA, 5168",(08) 8384 3399,(08) 8384 1212,-35.13839,138.49432,,Mon: 09:00-17:30; Tue: 09:00-17:30; Wed: 09:00-17:30; Thu: 09:00-21:00; Fri: 09:00-17:30; Sat: 09:00-17:00; Sun: 11:00-16:00
OPSM North Adelaide,1058,OPSM North Adelaide_1058,SA,North Adelaide,5006,67 O'Connell St,,,"67 O'Connell St, North Adelaide, SA, 5006",(08) 8239 0400,(08) 8267 1365,-34.90724,138.59559,"Dry Eye, Collect & Return",Mon: 09:00-17:30; Tue: 09:00-17:30; Wed: 09:00-17:30; Thu: 09:00-19:00; Fri: 09:00-17:30; Sat: 09:00-17:00; Sun: closed
OPSM Norwood,2989,OPSM Norwood_2989,SA,Norwood,5067,161 The Parade,,,"161 The Parade, Norwood, SA, 5067",(08) 8305 1011,(08)8305 1012,-34.92102,138.63568,"Kids Vision Centre, Collect & Return",Mon: 09:00-17:30; Tue: 09:00-17:30; Wed: 09:00-17:30; Thu: 09:00-21:00; Fri: 09:00-17:30; Sat: 09:00-17:00; Sun: 11:00-17:00
OPSM Marion,1254,OPSM Marion_1254,SA,Oaklands Park,5046,297 Diagonal Rd,,,"297 Diagonal Rd, Oaklands Park, SA, 5046",(08) 8296 5388,(08) 8296 6856,-35.01659,138.54628,"Audiology, Dry Eye, Collect & Return",Mon: 08:30-17:30; Tue: 08:30-17:30; Wed: 08:30-17:30; Thu: 08:30-21:00; Fri: 08:30-17:30; Sat: 08:30-17:00; Sun: 09:00-17:00
Vision Hub Pasadena by OPSM,2962,Vision Hub Pasadena by OPSM_2962,SA,Pasadena,5042,Shop 22/20 Five Ash Drive,,,"Shop 22/20 Five Ash Drive, Pasadena, SA, 5042",(08) 8277 8595,(08) 8357 6227,-35.00053,138.58704,"Kids Vision Centre, Collect & Return",Mon: 09:00-17:30; Tue: 09:00-17:30; Wed: 09:00-17:30; Thu: 09:00-19:00; Fri: 09:00-17:30; Sat: 09:00-17:00; Sun: closed
OPSM Port Lincoln,1586,OPSM Port Lincoln_1586,SA,Port Lincoln,5606,19 Liverpool St,,,"19 Liverpool St, Port Lincoln, SA, 5606",(08) 8682 2729,(08) 8682 2882,-34.72203,135.85852,Collect & Return,Mon: 09:00-17:30; Tue: 09:00-17:30; Wed: 09:00-17:30; Thu: 09:00-17:30; Fri: 09:00-17:30; Sat: 09:00-13:00; Sun: closed
OPSM North Park,1256,OPSM North Park_1256,SA,Prospect Adelaide,5082,264 Main North Rd,,,"264 Main North Rd, Prospect Adelaide, SA, 5082",(08) 8269 5244,(08) 8269 4426,-34.87545,138.60192,Collect & Return,Mon: 09:00-17:30; Tue: 09:00-17:30; Wed: 09:00-17:30; Thu: 09:00-20:30; Fri: 09:00-17:30; Sat: 09:00-17:00; Sun: closed
OPSM Salisbury,1066,OPSM Salisbury_1066,SA,Salisbury,5108,68 John St,,,"68 John St, Salisbury, SA, 5108",(08) 8258 6211,(08) 8281 8223,-34.76038,138.64561,Collect & Return,Mon: 09:00-17:30; Tue: 09:00-17:30; Wed: 09:00-17:30; Thu: 09:00-21:00; Fri: 09:00-17:30; Sat: 09:00-17:00; Sun: closed
OPSM Seaford,1514,OPSM Seaford_1514,SA,Seaford,5169,Commercial Rd &amp; The Prde,,,"Commercial Rd &amp; The Prde, Seaford, SA, 5169",(08) 8386 3400,(08) 8386 3422,-35.18854,138.47908,"Kids Vision Centre, Collect & Return",Mon: 09:00-17:30; Tue: 09:00-17:30; Wed: 09:00-17:30; Thu: 09:00-20:00; Fri: 09:00-17:30; Sat: 09:00-17:00; Sun: closed
OPSM Mitcham,1289,OPSM Mitcham_1289,SA,Torrens Park,5062,119 Belair Rd,,,"119 Belair Rd, Torrens Park, SA, 5062",(08) 8272 6300,(08) 8373 4723,-34.97552,138.61054,Collect & Return,Mon: 09:00-18:00; Tue: 09:00-18:00; Wed: 09:00-18:00; Thu: 09:00-19:00; Fri: 09:00-18:00; Sat: 09:30-17:00; Sun: 09:00-17:00
OPSM Brickworks,2930,OPSM Brickworks_2930,SA,Torrensville,5031,Cnr South Rd &amp; Ashwin Prde,,,"Cnr South Rd &amp; Ashwin Prde, Torrensville, SA, 5031",(08) 8305 1020,(08) 8305 1021,-34.91373,138.56479,Collect & Return,Mon: 09:00-17:30; Tue: 09:00-17:30; Wed: 09:00-17:30; Thu: 09:00-20:00; Fri: 09:00-17:30; Sat: 09:00-17:00; Sun: 11:00-16:00
OPSM Victor Harbor,7082,OPSM Victor Harbor_7082,SA,Victor Harbor,5211,77 Torrens St,,,"77 Torrens St, Victor Harbor, SA, 5211",(08) 8552 2655,(08) 8552 5166,-35.55585,138.62196,,Mon: 09:00-17:30; Tue: 09:00-17:30; Wed: 09:00-17:30; Thu: 09:00-17:30; Fri: 09:00-17:30; Sat: 09:00-13:00; Sun: closed
OPSM West Lakes,1081,OPSM West Lakes_1081,SA,West Lakes,5021,111 West Lakes Mall Blvd,,,"111 West Lakes Mall Blvd, West Lakes, SA, 5021",(08) 8355 6188,(08) 8355 6180,-34.87943,138.49075,Collect & Return,Mon: 09:00-17:30; Tue: 09:00-17:30; Wed: 09:00-17:30; Thu: 09:00-21:00; Fri: 09:00-17:30; Sat: 09:00-17:00; Sun: 09:00-17:00
OPSM Whyalla,1583,OPSM Whyalla_1583,SA,Whyalla,5608,Nicolson Ave,,,"Nicolson Ave, Whyalla, SA, 5608",(08) 8645 2722,(08) 8645 2023,-33.0278,137.53215,Collect & Return,Mon: 08:30-17:30; Tue: 08:30-17:30; Wed: 08:30-17:30; Thu: 08:30-19:00; Fri: 08:30-17:30; Sat: 08:30-13:30; Sun: closed
OPSM Woodcroft,1573,OPSM Woodcroft_1573,SA,Woodcroft,5162,Cnr Bains &amp; Panalatinga Rd,,,"Cnr Bains &amp; Panalatinga Rd, Woodcroft, SA, 5162",(08) 8325 2011,(08) 8325 2349,-35.11402,138.54753,Collect & Return,Mon: 09:00-17:30; Tue: 09:00-17:30; Wed: 09:00-17:30; Thu: 09:00-18:00; Fri: 09:00-17:30; Sat: 09:00-17:00; Sun: closed
OPSM Burnie,2287,OPSM Burnie_2287,TAS,Burnie,7320,46 Mount St,,,"46 Mount St, Burnie, TAS, 7320",(03) 6431 8177,(03) 6431 6122,-41.05206,145.90485,Collect & Return,Mon: 08:30-17:30; Tue: 08:30-17:30; Wed: 08:30-17:30; Thu: 08:30-17:30; Fri: 08:30-17:30; Sat: 08:30-16:00; Sun: closed
OPSM Devonport,2294,OPSM Devonport_2294,TAS,Devonport,7310,31 Rooke St,,,"31 Rooke St, Devonport, TAS, 7310",(03) 6423 1166,(03) 6423 6616,-41.1805,146.3602,"Dry Eye, Collect & Return",Mon: 08:30-17:30; Tue: 08:30-17:30; Wed: 08:30-17:30; Thu: 08:30-17:30; Fri: 08:30-17:30; Sat: 09:00-16:00; Sun: 10:00-15:00
OPSM Glenorchy,1662,OPSM Glenorchy_1662,TAS,Glenorchy,7010,387 - 393 Main Rd,,,"387 - 393 Main Rd, Glenorchy, TAS, 7010",(03) 6272 1670,(03) 6273 0883,-42.83223,147.27323,Collect & Return,Mon: 09:00-17:30; Tue: 09:00-17:30; Wed: 09:00-17:30; Thu: 09:00-17:30; Fri: 09:00-19:00; Sat: 09:00-17:00; Sun: 10:00-15:00
OPSM Hobart Collins St,2293,OPSM Hobart Collins St_2293,TAS,Hobart,7000,140 Collins St,,,"140 Collins St, Hobart, TAS, 7000",(03) 6270 6555,(03) 8354 6273,-42.88319,147.32788,"Dry Eye, Collect & Return",Mon: 08:30-17:30; Tue: 08:30-17:30; Wed: 08:30-17:30; Thu: 08:30-17:30; Fri: 08:30-17:30; Sat: 09:00-17:00; Sun: 10:00-15:00
OPSM Kingsmeadow,1666,OPSM Kingsmeadow_1666,TAS,Kings Meadows,7249,106 Hobart Rd,,,"106 Hobart Rd, Kings Meadows, TAS, 7249",(03) 6344 5555,(03) 6344 2897,-41.46717,147.15871,Collect & Return,Mon: 09:00-17:30; Tue: 09:00-17:30; Wed: 09:00-17:30; Thu: 09:00-19:00; Fri: 09:00-17:30; Sat: 09:00-16:00; Sun: 10:00-15:00
OPSM Kingston,2292,OPSM Kingston_2292,TAS,Kingston,7050,2 Kingston Plaza,,,"2 Kingston Plaza, Kingston, TAS, 7050",(03) 6229 9911,(03) 6229 9922,-42.9746,147.31091,Collect & Return,Mon: 09:00-17:30; Tue: 09:00-17:30; Wed: 09:00-17:30; Thu: 09:00-17:30; Fri: 09:00-17:30; Sat: 09:00-14:00; Sun: closed
OPSM Launceston,2291,OPSM Launceston_2291,TAS,Launceston,7250,64 Brisbane St,,,"64 Brisbane St, Launceston, TAS, 7250",(03) 6331 1755,(03) 6334 7999,-41.43637,147.14029,Collect & Return,Mon: 09:00-17:30; Tue: 09:00-17:30; Wed: 09:00-17:30; Thu: 09:00-17:30; Fri: 09:00-17:30; Sat: 09:00-16:00; Sun: closed
OPSM Moonah,2290,OPSM Moonah_2290,TAS,Moonah,7009,110 Main Rd,,,"110 Main Rd, Moonah, TAS, 7009",(03) 6272 0733,(03) 6272 0214,-42.84597,147.29339,Collect & Return,Mon: 09:00-17:30; Tue: 09:00-17:30; Wed: 09:00-17:30; Thu: 09:00-17:30; Fri: 09:00-17:30; Sat: 09:00-13:00; Sun: closed
OPSM Rosny,2289,OPSM Rosny_2289,TAS,Rosny,7018,13 Bayfield St,,,"13 Bayfield St, Rosny, TAS, 7018",(03) 6244 6600,(03) 6245 0270,-42.86681,147.37075,Collect & Return,Mon: 09:00-17:30; Tue: 09:00-17:30; Wed: 09:00-17:30; Thu: 09:00-17:30; Fri: 09:00-17:30; Sat: 09:00-16:00; Sun: closed
OPSM Wynyard,2288,OPSM Wynyard_2288,TAS,Wynyard,7325,124 Goldie St,,,"124 Goldie St, Wynyard, TAS, 7325",(03) 6442 4440,(03) 6442 4091,-40.99001,145.72552,Collect & Return,Mon: closed; Tue: 17:30-closed; Wed: 08:30-17:30; Thu: closed; Fri: closed; Sat: closed; Sun: closed
OPSM Airport West,1488,OPSM Airport West_1488,VIC,Airport West,3042,29 - 35 Louis St,,,"29 - 35 Louis St, Airport West, VIC, 3042",(03) 9335 2077,(03) 9335 2845,-37.7143,144.88516,Collect & Return,Mon: 09:00-17:30; Tue: 09:00-17:30; Wed: 09:00-17:30; Thu: 09:00-21:00; Fri: 09:00-21:00; Sat: 09:00-17:00; Sun: 10:00-17:00
OPSM Altona Gate,1428,OPSM Altona Gate_1428,VIC,Altona Gate,3025,124 - 134 Millers Rd,,,"124 - 134 Millers Rd, Altona Gate, VIC, 3025",(03) 9315 1510,(03) 9315 2350,-37.82781,144.8475,Collect & Return,Mon: 09:00-17:30; Tue: 09:00-17:30; Wed: 09:00-17:30; Thu: 09:00-20:00; Fri: 09:00-20:00; Sat: 09:00-17:00; Sun: 10:00-17:00
OPSM Bairnsdale,2914,OPSM Bairnsdale_2914,VIC,Bairnsdale,3875,111 Nicholson St,,,"111 Nicholson St, Bairnsdale, VIC, 3875",(03)5152 6741,(03) 5152 6751,-37.82561,147.62948,Collect & Return,Mon: 09:00-17:30; Tue: 09:00-17:30; Wed: 09:00-17:30; Thu: 09:00-17:30; Fri: 09:00-17:30; Sat: closed; Sun: closed
OPSM Ballarat,1057,OPSM Ballarat_1057,VIC,Ballarat,3350,18 Armstrong St South,,,"18 Armstrong St South, Ballarat, VIC, 3350",(03) 5333 3120,(03) 5333 4472,-37.56287,143.85536,Collect & Return,Mon: 09:00-17:30; Tue: 09:00-17:30; Wed: 09:00-17:30; Thu: 09:00-17:30; Fri: 09:00-20:00; Sat: 09:00-17:00; Sun: 11:00-16:00
OPSM Ballarat Bridge Mall,2261,OPSM Ballarat Bridge Mall_2261,VIC,Ballarat,3350,Sturt St,,,"Sturt St, Ballarat, VIC, 3350",(03) 5332 8285,(03) 5332 2522,-37.56287,143.85536,Collect & Return,Mon: 09:00-17:30; Tue: 09:00-17:30; Wed: 09:00-17:30; Thu: 09:00-17:30; Fri: 09:00-17:30; Sat: 09:00-16:00; Sun: closed
OPSM Bendigo Marketplace,1037,OPSM Bendigo Marketplace_1037,VIC,Bendigo,3550,116-120 Mitchell St,,,"116-120 Mitchell St, Bendigo, VIC, 3550",(03) 5443 4662,(03) 5441 6209,-36.76571,144.28054,"Audiology, Dry Eye, Collect & Return",Mon: 09:00-17:30; Tue: 09:00-17:30; Wed: 09:00-17:30; Thu: 09:00-18:00; Fri: 09:00-19:00; Sat: 09:00-17:00; Sun: 10:00-16:00
QUEEN ST BENDIGO,7008,QUEEN ST BENDIGO_7008,VIC,Bendigo,3550,23 Queen St,,,"23 Queen St, Bendigo, VIC, 3550",(03) 5441 6086,(03) 5441 6152,-36.7609,144.2809,,Mon: 08:30-17:30; Tue: 08:30-17:30; Wed: 08:30-17:30; Thu: 08:30-17:30; Fri: 08:30-17:30; Sat: 08:30-13:00; Sun: closed
OPSM Bentleigh,1134,OPSM Bentleigh_1134,VIC,Bentleigh,3204,414 Centre Rd,,,"414 Centre Rd, Bentleigh, VIC, 3204",(03) 9557 6005,(03) 9557 8834,-37.91834,145.03733,Collect & Return,Mon: 09:00-17:30; Tue: 09:00-17:30; Wed: 09:00-17:30; Thu: 09:00-19:00; Fri: 09:00-17:30; Sat: 09:00-17:00; Sun: 10:00-14:00
OPSM Berwick,7046,OPSM Berwick_7046,VIC,Berwick,3806,57 High St,,,"57 High St, Berwick, VIC, 3806",(03) 9707 5556,(03) 9707 2185,-38.03083,145.34692,,Mon: 09:00-17:30; Tue: 09:00-17:30; Wed: 09:00-17:30; Thu: 09:00-19:30; Fri: 09:00-17:30; Sat: 09:00-15:00; Sun: closed
OPSM Middle Brighton,7075,OPSM Middle Brighton_7075,VIC,Brighton,3186,45 Church St.,,,"45 Church St., Brighton, VIC, 3186",(03) 9592 7522,(03) 9593 2482,-37.91347,144.99437,,Mon: 09:00-17:30; Tue: 09:00-17:30; Wed: 09:00-17:30; Thu: 08:30-18:00; Fri: 09:00-17:30; Sat: 09:00-17:00; Sun: 10:00-15:00
OPSM Brunswick,1482,OPSM Brunswick_1482,VIC,Brunswick,3056,Barkly St,,,"Barkly St, Brunswick, VIC, 3056",(03) 9387 8122,(03) 9387 2297,-37.7756,144.9622,Collect & Return,Mon: 09:00-17:30; Tue: 09:00-17:30; Wed: 09:00-17:30; Thu: 09:00-20:00; Fri: 09:00-19:00; Sat: 09:00-17:00; Sun: 10:00-17:00
OPSM Chadstone,1410,OPSM Chadstone_1410,VIC,Chadstone,3148,1341 Dandenong Rd,,,"1341 Dandenong Rd, Chadstone, VIC, 3148",(03) 9563 1872,(03) 9569 0266,-37.8861,145.08171,"Dry Eye, Collect & Return",Mon: 08:30-17:30; Tue: 08:30-17:30; Wed: 08:30-17:30; Thu: 08:30-21:00; Fri: 08:30-21:00; Sat: 08:30-21:00; Sun: 09:30-19:00
OPSM Southland,1407,OPSM Southland_1407,VIC,Cheltenham,3192,1239 Nepean Hwy,,,"1239 Nepean Hwy, Cheltenham, VIC, 3192",(03) 9584 3404,(03) 9585 0760,-37.95848,145.05578,"Dry Eye, Collect & Return",Mon: 08:30-17:30; Tue: 08:30-17:30; Wed: 08:30-17:30; Thu: 08:30-21:00; Fri: 08:30-21:00; Sat: 08:30-17:00; Sun: 09:30-17:00
OPSM Chirnside Park,1649,OPSM Chirnside Park_1649,VIC,Chirnside Park,3116,Cnr Marroondah Hwy &amp; Edward Rd,,,"Cnr Marroondah Hwy &amp; Edward Rd, Chirnside Park, VIC, 3116",(03) 9727 1877,(03) 9727 1707,-37.75715,145.31338,Collect & Return,Mon: 09:00-17:30; Tue: 09:00-17:30; Wed: 09:00-17:30; Thu: 09:00-21:00; Fri: 09:00-21:00; Sat: 09:00-17:00; Sun: 10:00-17:00
OPSM Camberwell,1043,OPSM Camberwell_1043,VIC,City of Camberwell,3124,586-590 Burke Rd,,,"586-590 Burke Rd, City of Camberwell, VIC, 3124",(03) 9882 5171,(03) 9882 9984,-37.83047,145.05696,Collect & Return,Mon: 09:00-17:30; Tue: 09:00-17:30; Wed: 09:00-17:30; Thu: 09:00-19:00; Fri: 09:00-19:00; Sat: 09:00-17:00; Sun: 10:00-17:00
OPSM Cobram,2254,OPSM Cobram_2254,VIC,Cobram,3644,26 William St,,,"26 William St, Cobram, VIC, 3644",(03) 5872 2366,(03) 5871 1006,-35.92005,145.65102,Collect & Return,Mon: 09:00-17:30; Tue: 09:00-17:30; Wed: 09:00-17:30; Thu: 09:00-17:30; Fri: 09:00-17:30; Sat: 09:00-15:00; Sun: closed
OPSM Coburg,1144,OPSM Coburg_1144,VIC,Coburg,3058,55 Waterfield St,,,"55 Waterfield St, Coburg, VIC, 3058",(03) 9354 8730,(03) 9354 8911,-37.74157,144.96503,Collect & Return,Mon: 09:00-17:30; Tue: 09:00-17:30; Wed: 09:00-17:30; Thu: 09:00-17:30; Fri: 09:00-17:30; Sat: 09:00-16:00; Sun: closed
OPSM Corio Village,1291,OPSM Corio Village_1291,VIC,Corio,3214,Cnr Bacchus Marsh &amp; Purnell Rd,,,"Cnr Bacchus Marsh &amp; Purnell Rd, Corio, VIC, 3214",(03) 5274 2277,(03) 5274 2279,-38.07533,144.35598,Collect & Return,Mon: 09:00-17:30; Tue: 09:00-17:30; Wed: 09:00-17:30; Thu: 09:00-17:30; Fri: 09:00-19:00; Sat: 09:00-17:00; Sun: 10:00-17:00
OPSM Craigieburn,2282,OPSM Craigieburn_2282,VIC,Craigieburn,3064,340 Craigieburn Rd,,,"340 Craigieburn Rd, Craigieburn, VIC, 3064",(03) 9219 0594,(03) 9219 0567,-37.59268,144.91476,Collect & Return,Mon: 09:00-17:30; Tue: 09:00-17:30; Wed: 09:00-17:30; Thu: 09:00-21:00; Fri: 09:00-21:00; Sat: 09:00-17:00; Sun: 10:00-17:00
OPSM Cranbourne,1290,OPSM Cranbourne_1290,VIC,Cranbourne,3977,High St,,,"High St, Cranbourne, VIC, 3977",(03) 5995 2977,(03) 5995 2957,-38.10894,145.28248,Collect & Return,Mon: 09:00-17:30; Tue: 09:00-17:30; Wed: 09:00-17:30; Thu: 09:00-21:00; Fri: 09:00-21:00; Sat: 09:00-17:00; Sun: 10:00-17:00
OPSM Croydon,2999,OPSM Croydon_2999,VIC,Croydon,3136,100 Main St,,,"100 Main St, Croydon, VIC, 3136",(03) 9725 7633,(03) 9723 7341,-37.79629,145.28133,Collect & Return,Mon: 09:00-17:30; Tue: 09:00-17:30; Wed: 09:00-17:30; Thu: 09:00-17:30; Fri: 09:00-17:30; Sat: 09:00-13:00; Sun: closed
OPSM Dandenong,1486,OPSM Dandenong_1486,VIC,Dandenong,3175,Dandenong Square,,,"Dandenong Square, Dandenong, VIC, 3175",(03) 9792 1383,(03) 9794 7802,-37.98766,145.21746,"Audiology, Dry Eye, Collect & Return",Mon: 09:00-17:30; Tue: 09:00-17:30; Wed: 09:00-17:30; Thu: 09:00-19:00; Fri: 09:00-19:00; Sat: 09:00-17:00; Sun: 10:00-17:00
OPSM Brimbank,1312,OPSM Brimbank_1312,VIC,Deer Park,3023,Cnr Neale Rd &amp; Station Rd,,,"Cnr Neale Rd &amp; Station Rd, Deer Park, VIC, 3023",(03) 9363 8022,(03) 9363 8094,-37.75162,144.77559,"Audiology, Dry Eye, Collect & Return",Mon: 09:00-17:30; Tue: 09:00-17:30; Wed: 09:00-17:30; Thu: 09:00-19:00; Fri: 09:00-17:30; Sat: 09:00-17:00; Sun: 10:00-17:00
OPSM Doncaster,1214,OPSM Doncaster_1214,VIC,Doncaster,3108,619 Doncaster Rd,,,"619 Doncaster Rd, Doncaster, VIC, 3108",(03) 9848 3299,(03) 9840 1456,-37.78511,145.1262,"Dry Eye, Collect & Return",Mon: 09:00-17:30; Tue: 09:00-17:30; Wed: 09:00-17:30; Thu: 09:00-21:00; Fri: 09:00-21:00; Sat: 09:00-17:30; Sun: 10:00-17:00
OPSM Elsternwick,1156,OPSM Elsternwick_1156,VIC,Elsternwick,3185,409 Glen Huntly Rd,,,"409 Glen Huntly Rd, Elsternwick, VIC, 3185",(03) 9528 6329,(03) 9532 8202,-37.88471,145.00537,Collect & Return,Mon: 09:00-17:30; Tue: 09:00-17:30; Wed: 09:00-17:30; Thu: 09:00-19:00; Fri: 09:00-17:30; Sat: 09:00-17:00; Sun: 13:00-17:00
OPSM Pacific Epping,1032,OPSM Pacific Epping_1032,VIC,Epping,3076,High St &amp; Cooper St,,,"High St &amp; Cooper St, Epping, VIC, 3076",(03) 9408 9280,(03) 9408 9285,-37.65371,145.0191,Collect & Return,Mon: 09:00-17:30; Tue: 09:00-17:30; Wed: 09:00-17:30; Thu: 09:00-21:00; Fri: 09:00-21:00; Sat: 09:00-17:00; Sun: 10:00-17:00
OPSM Forest Hill Chase,1487,OPSM Forest Hill Chase_1487,VIC,Forest Hill,3131,270 Canterbury Rd,,,"270 Canterbury Rd, Forest Hill, VIC, 3131",(03) 9894 1600,(03) 9878 2821,-37.83544,145.16488,"Dry Eye, Collect & Return",Mon: 09:00-17:30; Tue: 09:00-17:30; Wed: 09:00-17:30; Thu: 09:00-21:00; Fri: 09:00-21:00; Sat: 09:00-17:00; Sun: 10:00-17:00
OPSM Frankston,1087,OPSM Frankston_1087,VIC,Frankston,3199,2 Olsen St,,,"2 Olsen St, Frankston, VIC, 3199",(03) 9770 1101,(03) 9770 2934,-38.14193,145.12404,"Dry Eye, Collect & Return",Mon: 09:00-17:30; Tue: 09:00-17:30; Wed: 09:00-17:30; Thu: 09:00-21:00; Fri: 09:00-21:00; Sat: 09:00-17:00; Sun: 10:00-17:00
OPSM Geelong,1485,OPSM Geelong_1485,VIC,Geelong,3220,95 Malop St,,,"95 Malop St, Geelong, VIC, 3220",(03) 5222 4399,(03) 5222 3637,-38.14725,144.36199,"Dry Eye, Collect & Return",Mon: 09:00-17:30; Tue: 09:00-17:30; Wed: 09:00-17:30; Thu: 09:00-17:30; Fri: 09:00-21:00; Sat: 09:00-17:00; Sun: 10:00-17:00
OPSM Glen Waverley,1152,OPSM Glen Waverley_1152,VIC,Glen Waverley,3150,235 Springvale Rd,,,"235 Springvale Rd, Glen Waverley, VIC, 3150",(03) 9887 8699,(03) 9887 8346,-37.87631,145.16521,"Dry Eye, Collect & Return",Mon: 09:00-17:30; Tue: 09:00-17:30; Wed: 09:00-17:30; Thu: 09:00-21:00; Fri: 09:00-21:00; Sat: 09:00-17:00; Sun: 10:00-17:00
OPSM Greensborough,1157,OPSM Greensborough_1157,VIC,Greensborough,3088,25 Main St,,,"25 Main St, Greensborough, VIC, 3088",(03) 9435 6784,(03) 9432 0443,-37.70286,145.10263,"Dry Eye, Collect & Return",Mon: 09:00-17:30; Tue: 09:00-17:30; Wed: 09:00-17:30; Thu: 09:00-21:00; Fri: 09:00-21:00; Sat: 09:00-17:00; Sun: 10:00-17:00
OPSM Eye Hub,1507,OPSM Eye Hub_1507,VIC,Hawthorn,3122,174-176 Burwood Rd,,,"174-176 Burwood Rd, Hawthorn, VIC, 3122",(03) 9819 5424,(03) 9819 5481,-37.82193,145.02896,"Dry Eye, Kids Vision Centre, Collect & Return",Mon: 08:30-18:00; Tue: 08:30-18:00; Wed: 08:30-18:00; Thu: 08:30-18:30; Fri: 08:30-18:00; Sat: 09:00-17:00; Sun: 10:00-17:00
OPSM Ivanhoe,1089,OPSM Ivanhoe_1089,VIC,Ivanhoe,3079,4-12 Livingstone St,,,"4-12 Livingstone St, Ivanhoe, VIC, 3079",(03) 9499 6100,(03) 9499 3260,-37.76826,145.04172,Collect & Return,Mon: 09:00-17:30; Tue: 09:00-17:30; Wed: 09:00-17:30; Thu: 09:00-17:30; Fri: 09:00-19:00; Sat: 09:00-17:00; Sun: 10:00-17:00
OPSM Parkmore,1078,OPSM Parkmore_1078,VIC,Keysborough,3173,317 Cheltenham Rd,,,"317 Cheltenham Rd, Keysborough, VIC, 3173",(03) 9701 8425,(03) 9701 8427,-37.99223,145.1723,Collect & Return,Mon: 09:00-17:30; Tue: 09:00-17:30; Wed: 09:00-17:30; Thu: 09:00-19:30; Fri: 09:00-19:30; Sat: 09:00-17:00; Sun: 10:00-17:00
OPSM Malvern,7076,OPSM Malvern_7076,VIC,Malvern,3144,110-122 Wattletree Rd,,,"110-122 Wattletree Rd, Malvern, VIC, 3144",(03) 9509 1436,(03) 9576 0053,-37.86245,145.02843,,Mon: 09:00-17:30; Tue: 09:00-17:30; Wed: 09:00-17:30; Thu: 09:00-17:30; Fri: 09:00-17:30; Sat: 09:00-17:00; Sun: 11:00-15:00
OPSM Highpoint,1478,OPSM Highpoint_1478,VIC,Maribyrnong,3032,200 Rosamond Rd,,,"200 Rosamond Rd, Maribyrnong, VIC, 3032",(03) 9318 3444,(03) 9318 1874,-37.77333,144.88915,"Audiology, Dry Eye, Collect & Return",Mon: 08:30-17:30; Tue: 08:30-17:30; Wed: 08:30-17:30; Thu: 08:30-21:00; Fri: 08:30-21:00; Sat: 08:30-18:00; Sun: 10:00-17:00
OPSM 233 Collins St,1589,OPSM 233 Collins St_1589,VIC,Melbourne,3000,233 - 239 Collins St,,,"233 - 239 Collins St, Melbourne, VIC, 3000",(03) 9650 8822,(03) 9650 7959,-37.81137,144.96337,Collect & Return,Mon: 09:00-17:30; Tue: 09:00-17:30; Wed: 09:00-17:30; Thu: 09:00-17:30; Fri: 09:00-19:00; Sat: 09:00-17:00; Sun: 10:00-17:00
OPSM Bourke Street,1472,OPSM Bourke Street_1472,VIC,Melbourne,3000,335 Bourke St,,,"335 Bourke St, Melbourne, VIC, 3000",(03) 9670 9885,(03) 9606 0479,-37.81137,144.96337,"Dry Eye, Collect & Return",Mon: 08:30-18:00; Tue: 08:30-18:00; Wed: 08:30-18:00; Thu: 08:30-18:00; Fri: 08:30-18:00; Sat: 09:00-17:00; Sun: 10:00-17:00
OPSM Collins Place,1030,OPSM Collins Place_1030,VIC,Melbourne,3000,45 Collins St,,,"45 Collins St, Melbourne, VIC, 3000",(03) 9650 3599,(03) 9654 7657,-37.81416,144.97268,Collect & Return,Mon: 09:00-17:30; Tue: 09:00-17:30; Wed: 09:00-17:30; Thu: 09:00-17:30; Fri: 09:00-17:30; Sat: 09:00-17:00; Sun: closed
OPSM Melbourne Central,1091,OPSM Melbourne Central_1091,VIC,Melbourne,3000,211 La Trobe St,,,"211 La Trobe St, Melbourne, VIC, 3000",(03) 9650 2365,(03) 9650 7982,-37.81137,144.96337,Collect & Return,Mon: 10:00-18:30; Tue: 10:00-18:30; Wed: 10:00-18:30; Thu: 10:00-20:00; Fri: 10:00-20:00; Sat: 10:00-18:00; Sun: 10:00-18:00
OPSM MELTON,2352,OPSM MELTON_2352,VIC,Melton,3337,Cnr High &amp; Coburn Rd,,,"Cnr High &amp; Coburn Rd, Melton, VIC, 3337",(03) 9743 4768,(03) 9743 6372,-37.68577,144.56483,Collect & Return,Mon: 09:00-17:30; Tue: 09:00-17:30; Wed: 09:00-17:30; Thu: 09:00-19:00; Fri: 09:00-19:00; Sat: 09:00-17:00; Sun: 10:00-17:00
OPSM Plenty Valley,1506,OPSM Plenty Valley_1506,VIC,Mill Park,3082,415 Mcdonalds Rd,,,"415 Mcdonalds Rd, Mill Park, VIC, 3082",(03) 9436 7688,(03) 9437 9024,-37.65169,145.07333,Collect & Return,Mon: 09:00-17:30; Tue: 09:00-17:30; Wed: 09:00-17:30; Thu: 09:00-21:00; Fri: 09:00-21:00; Sat: 09:00-17:00; Sun: 10:00-17:00
OPSM Moonee Ponds,7081,OPSM Moonee Ponds_7081,VIC,Moonee Ponds,3039,114 Puckle St,,,"114 Puckle St, Moonee Ponds, VIC, 3039",(03) 9370 4407,(03) 9370 0740,-37.76675,144.92092,Dry Eye,Mon: 09:00-17:30; Tue: 09:00-17:30; Wed: 09:00-17:30; Thu: 09:00-17:30; Fri: 09:00-17:30; Sat: 09:00-17:00; Sun: 11:00-15:00
OPSM Mornington,1148,OPSM Mornington_1148,VIC,Mornington,3931,78 Barkly St,,,"78 Barkly St, Mornington, VIC, 3931",(03) 5975 6576,(03) 5977 0226,-38.21891,145.03952,"Dry Eye, Collect & Return",Mon: 08:30-17:30; Tue: 08:30-17:30; Wed: 08:30-17:30; Thu: 08:30-19:00; Fri: 08:30-19:00; Sat: 08:30-17:00; Sun: 10:00-17:00
OPSM Morwell,1145,OPSM Morwell_1145,VIC,Morwell,3840,Cnr Centre Valley Rd &amp; Princes Dr,,,"Cnr Centre Valley Rd &amp; Princes Dr, Morwell, VIC, 3840",(03) 5134 1284,(03) 5133 6984,-38.23713,146.42936,Collect & Return,Mon: 08:30-17:30; Tue: 08:30-17:30; Wed: 08:30-17:30; Thu: 08:30-18:00; Fri: 08:30-19:00; Sat: 09:00-17:00; Sun: 10:00-16:00
OPSM Waverley Gardens,1242,OPSM Waverley Gardens_1242,VIC,Mulgrave,3170,Police Rd &amp; Jackson Rd,,,"Police Rd &amp; Jackson Rd, Mulgrave, VIC, 3170",(03) 9547 7455,(03) 9547 7076,-37.93583,145.18944,Collect & Return,Mon: 09:00-17:30; Tue: 09:00-17:30; Wed: 09:00-17:30; Thu: 09:00-19:00; Fri: 09:00-19:00; Sat: 09:00-17:00; Sun: 10:00-17:00
OPSM Fountain Gate Level 1,1360,OPSM Fountain Gate Level 1_1360,VIC,Narre Warren,3805,Overland Dr Fountain Gate,,,"Overland Dr Fountain Gate, Narre Warren, VIC, 3805",(03) 9704 9344,(03) 9796 6101,-38.01753,145.30145,Collect & Return,Mon: 09:00-17:30; Tue: 09:00-17:30; Wed: 09:00-17:30; Thu: 09:00-21:00; Fri: 09:00-21:00; Sat: 09:00-17:00; Sun: 10:00-17:00
OPSM Northcote,1286,OPSM Northcote_1286,VIC,Northcote,3070,3 Separation St,,,"3 Separation St, Northcote, VIC, 3070",(03) 9481 4700,(03) 9481 6022,-37.76857,145.00181,Collect & Return,Mon: 09:00-17:30; Tue: 09:00-17:30; Wed: 09:00-17:30; Thu: 09:00-17:30; Fri: 09:00-17:30; Sat: 09:00-17:00; Sun: 10:00-17:00
OPSM PAKENHAM,7012,OPSM PAKENHAM_7012,VIC,Pakenham,3810,16-36 Lakeside Boulevarde,,,"16-36 Lakeside Boulevarde, Pakenham, VIC, 3810",(03) 5940 5858,(03) 5940 4310,-38.0641,145.4545,,Mon: 09:00-17:30; Tue: 09:00-17:30; Wed: 09:00-17:30; Thu: 09:00-19:30; Fri: 09:00-17:30; Sat: 09:00-15:00; Sun: closed
OPSM Northland,1419,OPSM Northland_1419,VIC,Preston,3072,2 - 50 Murray Rd,,,"2 - 50 Murray Rd, Preston, VIC, 3072",(03) 9471 0057,(03) 9471 0372,-37.73919,145.0306,"Dry Eye, Collect & Return",Mon: 09:00-17:30; Tue: 09:00-17:30; Wed: 09:00-17:30; Thu: 09:00-21:00; Fri: 09:00-21:00; Sat: 09:00-17:00; Sun: 10:00-17:00
OPSM Victoria Gardens,1341,OPSM Victoria Gardens_1341,VIC,Richmond,3121,Cnr Victoria St &amp; Burnley St,,,"Cnr Victoria St &amp; Burnley St, Richmond, VIC, 3121",(03) 9429 4716,(03) 9429 7826,-37.81248,145.01052,Collect & Return,Mon: 09:00-17:30; Tue: 09:00-17:30; Wed: 09:00-17:30; Thu: 09:00-20:00; Fri: 09:00-20:00; Sat: 09:00-17:00; Sun: 10:00-17:00
OPSM Ringwood,1149,OPSM Ringwood_1149,VIC,Ringwood,3134,171 - 175 Maroondah Hwy,,,"171 - 175 Maroondah Hwy, Ringwood, VIC, 3134",(03) 9870 7976,(03) 9879 6968,-37.81308,145.22815,"Dry Eye, Collect & Return",Mon: 09:00-17:30; Tue: 09:00-17:30; Wed: 09:00-17:30; Thu: 09:00-21:00; Fri: 09:00-21:00; Sat: 09:00-17:00; Sun: 10:00-17:00
OPSM Rosebud,2932,OPSM Rosebud_2932,VIC,Rosebud,3939,Boneo Rd &amp; Mccombe St,,,"Boneo Rd &amp; Mccombe St, Rosebud, VIC, 3939",(03) 8354 6290,(03) 8354 6291,-38.36139,144.89134,Collect & Return,Mon: 09:00-17:30; Tue: 09:00-17:30; Wed: 09:00-17:30; Thu: 09:00-19:00; Fri: 09:00-19:00; Sat: 09:00-17:00; Sun: 10:00-17:00
OPSM Shepparton,1046,OPSM Shepparton_1046,VIC,Shepparton,3630,178 Maude St,,,"178 Maude St, Shepparton, VIC, 3630",(03) 5821 3861,(03) 5821 0016,-36.37933,145.40093,Collect & Return,Mon: 08:30-17:30; Tue: 08:30-17:30; Wed: 08:30-17:30; Thu: 08:30-17:30; Fri: 08:30-17:30; Sat: 08:30-16:00; Sun: closed
OPSM South Yarra,7077,OPSM South Yarra_7077,VIC,South Yarra,3141,137 Toorak Rd,,,"137 Toorak Rd, South Yarra, VIC, 3141",(03) 9866 4604,(03) 9866 4048,-37.83885,144.99101,,Mon: 09:00-17:30; Tue: 09:00-17:30; Wed: 09:00-17:30; Thu: 08:30-17:30; Fri: 09:00-17:30; Sat: 09:00-17:00; Sun: closed
OPSM Sunbury,4710,OPSM Sunbury_4710,VIC,Sunbury,3429,2 Evans Street Sunbury Square Shopping Centre,,,"2 Evans Street Sunbury Square Shopping Centre, Sunbury, VIC, 3429",03 9744 5000,(02) 9899 2234,-37.5777,144.7297,,Mon: 09:00-17:30; Tue: 09:00-17:30; Wed: 09:00-17:30; Thu: 09:00-19:00; Fri: 09:00-17:30; Sat: 09:00-17:00; Sun: closed
OPSM Sydenham,1131,OPSM Sydenham_1131,VIC,Sydenham,3037,Cnr Kings Rd &amp; Melton Hwy,,,"Cnr Kings Rd &amp; Melton Hwy, Sydenham, VIC, 3037",(03) 9390 3400,(03) 9390 2944,-37.70003,144.77584,"Dry Eye, Collect & Return",Mon: 09:00-17:30; Tue: 09:00-17:30; Wed: 09:00-17:30; Thu: 09:00-21:00; Fri: 09:00-21:00; Sat: 09:00-17:00; Sun: 10:00-17:00
OPSM Traralgon,1302,OPSM Traralgon_1302,VIC,Traralgon,3844,146-188 Franklin St,,,"146-188 Franklin St, Traralgon, VIC, 3844",(03) 5174 0377,(03) 5174 1098,-38.19466,146.53867,Collect & Return,Mon: 08:30-17:30; Tue: 08:30-17:30; Wed: 08:30-17:30; Thu: 08:30-18:00; Fri: 08:30-19:00; Sat: 09:00-17:00; Sun: 10:00-16:00
OPSM Wangaratta,1040,OPSM Wangaratta_1040,VIC,Wangaratta,3677,34A Murphy St,,,"34A Murphy St, Wangaratta, VIC, 3677",(03) 5721 8650,(03) 5721 2178,-36.35599,146.32591,"Dry Eye, Collect & Return",Mon: 09:00-17:30; Tue: 09:00-17:30; Wed: 09:00-17:30; Thu: 09:00-17:30; Fri: 09:00-17:30; Sat: 09:00-16:00; Sun: closed
OPSM Knox City,1467,OPSM Knox City_1467,VIC,Wantirna,3152,425 Burwood Hwy,,,"425 Burwood Hwy, Wantirna, VIC, 3152",(03) 9887 2944,(03) 9887 2520,-37.86895,145.23919,"Dry Eye, Collect & Return",Mon: 09:00-17:30; Tue: 09:00-17:30; Wed: 09:00-17:30; Thu: 09:00-21:00; Fri: 09:00-21:00; Sat: 09:00-17:00; Sun: 10:00-17:00
OPSM Warrnambool,1136,OPSM Warrnambool_1136,VIC,Warrnambool,3280,155 Liebig St,,,"155 Liebig St, Warrnambool, VIC, 3280",(03) 5562 3506,(03) 5561 5293,-38.38224,142.48449,Collect & Return,Mon: 09:00-17:30; Tue: 09:00-17:30; Wed: 09:00-17:30; Thu: 09:00-17:30; Fri: 09:00-17:30; Sat: 09:00-14:00; Sun: closed
OPSM Waurn Ponds,7064,OPSM Waurn Ponds_7064,VIC,Waurn Ponds,3216,173- 199 Pioneer Rd,,,"173- 199 Pioneer Rd, Waurn Ponds, VIC, 3216",(03) 5243 9288,(03) 5243 9811,-38.1989,144.3194,,Mon: 09:00-18:00; Tue: 09:00-18:00; Wed: 09:00-18:00; Thu: 09:00-18:00; Fri: 09:00-18:00; Sat: 09:00-17:00; Sun: 09:00-17:00
OPSM Wendouree,7014,OPSM Wendouree_7014,VIC,Wendouree,3355,Gillies St,,,"Gillies St, Wendouree, VIC, 3355",(03) 5338 1831,(03) 5339 3008,-37.53425,143.82396,Dry Eye,Mon: 09:00-17:30; Tue: 09:00-17:30; Wed: 09:00-17:30; Thu: 09:00-18:00; Fri: 09:00-19:00; Sat: 09:00-17:00; Sun: 11:00-15:00
OPSM Werribee Plaza,1655,OPSM Werribee Plaza_1655,VIC,Werribee,3030,10 PACIFIC WERRIBEE CNR HEATHS RD &amp;,,,"10 PACIFIC WERRIBEE CNR HEATHS RD &amp;, Werribee, VIC, 3030",(03) 9749 5000,(03) 9749 5399,-37.87533,144.68019,"Audiology, Dry Eye, Collect & Return",Mon: 09:00-17:30; Tue: 09:00-17:30; Wed: 09:00-17:30; Thu: 09:00-19:30; Fri: 09:00-19:30; Sat: 09:00-17:00; Sun: 10:00-17:00
OPSM Whittlesea,1170,OPSM Whittlesea_1170,VIC,Whittlesea,3757,66 Church St,,,"66 Church St, Whittlesea, VIC, 3757",(03) 9716 3268,(03) 9716 3713,-37.51166,145.11831,Collect & Return,Mon: 09:00-17:30; Tue: 09:00-17:30; Wed: 09:00-17:30; Thu: 09:00-19:00; Fri: 09:00-18:00; Sat: 09:00-17:00; Sun: closed
OPSM  WODONGA,2267,OPSM  WODONGA_2267,VIC,Wodonga,3690,135 High St,,,"135 High St, Wodonga, VIC, 3690",(02) 6024 1043,(02) 6056 2871,-36.12228,146.88789,Collect & Return,Mon: 09:00-17:30; Tue: 09:00-17:30; Wed: 09:00-17:30; Thu: 09:00-17:30; Fri: 09:00-17:30; Sat: 09:00-13:00; Sun: closed
OPSM Albany,1195,OPSM Albany_1195,WA,Albany,6330,238 York St,,,"238 York St, Albany, WA, 6330",(08) 9842 3356,(08) 9842 3358,-35.02289,117.88369,Collect & Return,Mon: 08:00-17:30; Tue: 08:00-17:30; Wed: 08:00-17:30; Thu: 09:00-17:30; Fri: 08:00-17:30; Sat: 09:00-14:00; Sun: closed
OPSM Armadale,1306,OPSM Armadale_1306,WA,Armadale,6112,Jull St,,,"Jull St, Armadale, WA, 6112",(08) 9497 2233,(08) 9497 2032,-32.15302,116.01583,Collect & Return,Mon: 09:00-17:30; Tue: 09:00-17:30; Wed: 09:00-17:30; Thu: 09:00-20:00; Fri: 09:00-17:30; Sat: 09:00-17:00; Sun: 11:00-17:00
OPSM Baldivis,1515,OPSM Baldivis_1515,WA,Baldivis,6171,Cnr Safety Bay Rd &amp; Settlers Ave,,,"Cnr Safety Bay Rd &amp; Settlers Ave, Baldivis, WA, 6171",(08) 9523 2333,(08) 9523 2399,-32.33287,115.81486,"Kids Vision Centre, Collect & Return",Mon: 09:00-17:30; Tue: 09:00-17:30; Wed: 09:00-17:30; Thu: 09:00-20:00; Fri: 09:00-17:30; Sat: 09:00-17:00; Sun: 11:00-17:00
OPSM Garden City Booragoon,1442,OPSM Garden City Booragoon_1442,WA,Booragoon,6154,125 Riseley St,,,"125 Riseley St, Booragoon, WA, 6154",(08) 9364 9577,(08) 9316 2826,-32.034,115.83543,"Kids Vision Centre, Collect & Return",Mon: 08:30-17:30; Tue: 08:30-17:30; Wed: 08:30-17:30; Thu: 08:30-21:00; Fri: 08:30-17:30; Sat: 09:00-17:00; Sun: 11:00-17:00
OPSM Broome,1027,OPSM Broome_1027,WA,Broome,6725,106 Frederick St,,,"106 Frederick St, Broome, WA, 6725",(08) 9192 3444,(08) 9192 3449,-17.95251,122.22873,Collect & Return,Mon: 08:00-17:00; Tue: 08:00-17:00; Wed: 08:00-17:00; Thu: 08:00-17:00; Fri: 08:00-17:00; Sat: 09:00-13:00; Sun: closed
OPSM Bull Creek,1516,OPSM Bull Creek_1516,WA,Bull Creek,6149,44 Benningfield Rd,,,"44 Benningfield Rd, Bull Creek, WA, 6149",(08) 9310 5775,(08) 9310 7507,-32.06404,115.85692,Collect & Return,Mon: 09:00-17:30; Tue: 09:00-17:30; Wed: 09:00-17:30; Thu: 09:00-19:00; Fri: 09:00-17:30; Sat: 09:00-17:00; Sun: closed
OPSM Bunbury Centrepoint,1382,OPSM Bunbury Centrepoint_1382,WA,Bunbury,6230,Cnr Blair St,,,"Cnr Blair St, Bunbury, WA, 6230",(08) 9792 5055,(08) 9792 5044,-33.32597,115.64027,Collect & Return,Mon: 09:00-17:30; Tue: 09:00-17:30; Wed: 09:00-17:30; Thu: 09:00-19:00; Fri: 09:00-17:30; Sat: 09:00-17:00; Sun: 10:00-15:00
OPSM Bunbury Forum,1283,OPSM Bunbury Forum_1283,WA,Bunbury,6230,Sandridge Rd &amp; Pennant Rd,,,"Sandridge Rd &amp; Pennant Rd, Bunbury, WA, 6230",(08) 9721 6809,(08) 9791 2140,-33.33696,115.66005,Collect & Return,Mon: 09:00-17:30; Tue: 09:00-17:30; Wed: 09:00-17:30; Thu: 09:00-19:00; Fri: 09:00-17:30; Sat: 09:00-17:00; Sun: closed
OPSM Busselton,1197,OPSM Busselton_1197,WA,Busselton,6280,64 Prince St,,,"64 Prince St, Busselton, WA, 6280",(08) 9754 4413,(08) 9754 4416,-33.6508,115.34636,Collect & Return,Mon: 08:30-17:00; Tue: 08:30-17:00; Wed: 08:30-17:00; Thu: 08:30-17:00; Fri: 08:30-17:00; Sat: 09:00-14:00; Sun: closed
OPSM Busselton Central,4610,OPSM Busselton Central_4610,WA,Busselton,6280,Prince St,,,"Prince St, Busselton, WA, 6280",(08) 6149 5427,(08) 6149 5428,-33.65118,115.3429,Audiology,Mon: 09:00-17:30; Tue: 09:00-17:30; Wed: 09:00-17:30; Thu: 09:00-17:30; Fri: 09:00-17:30; Sat: 09:00-17:00; Sun: closed
OPSM Livingston,1395,OPSM Livingston_1395,WA,Canning Vale,6155,Cnr Ranford Rd &amp; Nicholson Rd,,,"Cnr Ranford Rd &amp; Nicholson Rd, Canning Vale, WA, 6155",(08) 9456 1100,(08) 9456 1164,-32.08547,115.91733,"Kids Vision Centre, Collect & Return",Mon: 09:00-17:30; Tue: 09:00-17:30; Wed: 09:00-17:30; Thu: 09:00-21:00; Fri: 09:00-17:30; Sat: 09:00-17:00; Sun: 11:00-17:00
OPSM Carousel,1366,OPSM Carousel_1366,WA,Cannington,6107,1382 Albany Hwy,,,"1382 Albany Hwy, Cannington, WA, 6107",(08) 9356 2707,(08) 9356 2709,-32.02018,115.93871,"Kids Vision Centre, Collect & Return",Mon: 09:00-17:30; Tue: 09:00-17:30; Wed: 09:00-17:30; Thu: 09:00-21:00; Fri: 09:00-17:30; Sat: 09:00-17:00; Sun: 11:00-17:00
OPSM CLAREMONT,1418,OPSM CLAREMONT_1418,WA,Claremont,6010,9 Bayview Terrace,,,"9 Bayview Terrace, Claremont, WA, 6010",(08) 9383 3943,,-31.98223,115.77959,"Kids Vision Centre, Collect & Return",Mon: 09:00-17:30; Tue: 09:00-17:30; Wed: 09:00-17:30; Thu: 09:00-21:00; Fri: 09:00-17:30; Sat: 09:00-17:00; Sun: 11:00-17:00
OPSM Ocean Keys,1059,OPSM Ocean Keys_1059,WA,Clarkson,6030,36 Ocean Keys Blvd,,,"36 Ocean Keys Blvd, Clarkson, WA, 6030",(08) 9407 9166,(08) 9407 9498,-31.69123,115.71794,Collect & Return,Mon: 09:00-17:30; Tue: 09:00-17:30; Wed: 09:00-17:30; Thu: 09:00-21:00; Fri: 09:00-17:30; Sat: 09:00-17:00; Sun: 11:00-17:00
OPSM Belmont Forum,7047,OPSM Belmont Forum_7047,WA,Cloverdale,6105,227 Belmont Ave,,,"227 Belmont Ave, Cloverdale, WA, 6105",(08) 9277 6023,(08) 9478 3950,-31.96409,115.93592,,Mon: 09:00-17:30; Tue: 09:00-17:30; Wed: 09:00-17:30; Thu: 09:00-18:00; Fri: 09:00-17:30; Sat: 09:00-17:00; Sun: closed
OPSM Collie,1561,OPSM Collie_1561,WA,Collie,6225,56-58 Forrest St,,,"56-58 Forrest St, Collie, WA, 6225",(08) 9734 3800,(08) 9734 4659,-33.35865,116.15416,Collect & Return,Mon: 09:00-17:00; Tue: 09:00-17:30; Wed: 09:00-17:30; Thu: 09:00-17:30; Fri: 09:00-17:00; Sat: closed; Sun: closed
OPSM Cottesloe,2985,OPSM Cottesloe_2985,WA,Cottesloe,6011,Napoleon St,,,"Napoleon St, Cottesloe, WA, 6011",(08) 6488 0691,(08) 6488 0692,-31.99783,115.76128,Collect & Return,Mon: 08:30-17:00; Tue: 08:30-17:00; Wed: 08:30-17:00; Thu: 08:30-17:00; Fri: 08:30-17:00; Sat: 08:30-13:00; Sun: closed
OPSM Dianella,1571,OPSM Dianella_1571,WA,Dianella,6059,Cnr Alexander Dr &amp; Grand Promenade,,,"Cnr Alexander Dr &amp; Grand Promenade, Dianella, WA, 6059",(08) 9276 4871,(08) 9275 2155,-31.89566,115.87183,Collect & Return,Mon: 08:30-17:00; Tue: 08:30-17:00; Wed: 08:30-17:00; Thu: 08:30-19:00; Fri: 08:30-17:00; Sat: 09:00-17:00; Sun: closed
OPSM Ellenbrook,1557,OPSM Ellenbrook_1557,WA,Ellenbrook,6069,Cnr Main St &amp; The Promenade,,,"Cnr Main St &amp; The Promenade, Ellenbrook, WA, 6069",(08) 9296 9400,(08) 9296 9411,-31.78222,115.97026,Collect & Return,Mon: 09:00-17:30; Tue: 09:00-17:30; Wed: 09:00-17:30; Thu: 09:00-20:00; Fri: 09:00-17:30; Sat: 09:00-17:00; Sun: 11:00-17:00
OPSM Esperance,1567,OPSM Esperance_1567,WA,Esperance,6450,1 Forrest Rd,,,"1 Forrest Rd, Esperance, WA, 6450",(08) 9071 4586,(08) 9071 5363,-33.85814,121.89086,Collect & Return,Mon: 08:30-17:00; Tue: 08:30-17:00; Wed: 08:30-17:00; Thu: 08:30-17:00; Fri: 08:30-17:00; Sat: 09:00-13:00; Sun: closed
OPSM Floreat,1112,OPSM Floreat_1112,WA,Floreat,6014,1 Howtree Pl,,,"1 Howtree Pl, Floreat, WA, 6014",(08) 9287 1839,(08) 9284 0140,-31.93754,115.79281,"Kids Vision Centre, Collect & Return",Mon: 09:00-17:30; Tue: 09:00-17:30; Wed: 09:00-17:30; Thu: 09:00-20:00; Fri: 09:00-17:30; Sat: 09:00-17:00; Sun: 11:00-17:00
OPSM Fremantle,1083,OPSM Fremantle_1083,WA,Fremantle,6160,89 Market St,,,"89 Market St, Fremantle, WA, 6160",(08) 9335 3066,(08) 9430 4636,-32.05547,115.74673,Collect & Return,Mon: 08:30-17:30; Tue: 08:30-17:30; Wed: 08:30-17:30; Thu: 08:30-19:00; Fri: 08:30-17:30; Sat: 08:30-16:00; Sun: 11:00-17:00
OPSM Geraldton,1354,OPSM Geraldton_1354,WA,Geraldton,6530,110 Chapman Rd,,,"110 Chapman Rd, Geraldton, WA, 6530",(08) 9964 4711,(08) 9964 4686,-28.76711,114.61651,Collect & Return,Mon: 08:30-17:00; Tue: 08:30-17:00; Wed: 08:30-17:00; Thu: 08:30-18:00; Fri: 08:30-17:00; Sat: closed; Sun: closed
OPSM Whitford City,1447,OPSM Whitford City_1447,WA,Hillarys,6025,Whitfords Ave &amp; Marmion Ave,,,"Whitfords Ave &amp; Marmion Ave, Hillarys, WA, 6025",(08) 9307 7960,(08) 9307 7962,-31.79707,115.74863,Collect & Return,Mon: 08:30-17:30; Tue: 08:30-17:30; Wed: 08:30-17:30; Thu: 08:30-21:00; Fri: 08:30-17:30; Sat: 08:30-17:00; Sun: 11:00-17:00
OPSM Innaloo,1361,OPSM Innaloo_1361,WA,Innaloo,6018,Ellen Sterling Boulevard,,,"Ellen Sterling Boulevard, Innaloo, WA, 6018",(08) 9244 4300,(08) 9244 4301,-31.9013,115.79995,Collect & Return,Mon: 09:00-17:30; Tue: 09:00-17:30; Wed: 09:00-17:30; Thu: 09:00-21:00; Fri: 09:00-17:30; Sat: 09:00-17:00; Sun: 11:00-17:00
OPSM Joondalup,1404,OPSM Joondalup_1404,WA,Joondalup,6027,420 Joondalup Dr,,,"420 Joondalup Dr, Joondalup, WA, 6027",(08) 9300 0377,(08) 9300 0370,-31.7441,115.76621,Collect & Return,Mon: 08:30-17:30; Tue: 08:30-17:30; Wed: 08:30-17:30; Thu: 08:30-21:00; Fri: 08:30-17:30; Sat: 09:00-17:00; Sun: 11:00-17:00
OPSM KALAMUNDA,7011,OPSM KALAMUNDA_7011,WA,Kalamunda,6076,39 Railway Rd,,,"39 Railway Rd, Kalamunda, WA, 6076",(08) 9257 2911,(08) 9257 2922,-31.969,116.063,,Mon: 09:00-17:00; Tue: 09:00-17:00; Wed: 09:00-17:00; Thu: 09:00-18:00; Fri: 09:00-17:00; Sat: 09:00-14:00; Sun: closed
OPSM Kalgoorlie,1007,OPSM Kalgoorlie_1007,WA,Kalgoorlie,6430,296 Hannan St,,,"296 Hannan St, Kalgoorlie, WA, 6430",(08) 9091 4442,(08) 9091 4491,-30.74833,121.47098,Collect & Return,Mon: 08:30-17:00; Tue: 08:30-17:00; Wed: 08:30-17:00; Thu: 08:30-17:00; Fri: 08:30-17:00; Sat: 09:00-14:00; Sun: closed
OPSM Karratha,1233,OPSM Karratha_1233,WA,Karratha,6714,12-42 Welcome Rd,,,"12-42 Welcome Rd, Karratha, WA, 6714",(08) 9143 1208,(08) 9143 1217,-20.73557,116.84575,Collect & Return,Mon: 09:00-17:30; Tue: 09:00-17:30; Wed: 09:00-17:30; Thu: 09:00-19:00; Fri: 09:00-17:30; Sat: closed; Sun: closed
OPSM Karrinyup,1370,OPSM Karrinyup_1370,WA,Karrinyup,6018,200 Karrinyup Rd,,,"200 Karrinyup Rd, Karrinyup, WA, 6018",(08) 9446 5994,(08) 9446 5300,-31.87684,115.77838,Collect & Return,Mon: 09:00-17:30; Tue: 09:00-17:30; Wed: 09:00-17:30; Thu: 09:00-21:00; Fri: 09:00-17:30; Sat: 09:00-17:00; Sun: 11:00-17:00
OPSM Kwinana,4636,OPSM Kwinana_4636,WA,Kwinana,6167,4 Chisham Ave,,,"4 Chisham Ave, Kwinana, WA, 6167",(08) 9419 1056,(08) 9419 3869,-32.24485,115.81466,"Dry Eye, Kids Vision Centre",Mon: 09:00-17:30; Tue: 09:00-17:30; Wed: 09:00-17:30; Thu: 09:00-19:00; Fri: 09:00-17:30; Sat: 09:00-17:00; Sun: 11:00-17:00
OPSM Maddington,1427,OPSM Maddington_1427,WA,Maddington,6109,143 Attfield St,,,"143 Attfield St, Maddington, WA, 6109",(08) 9459 9599,(08) 9493 1599,-32.0531,115.9774,Collect & Return,Mon: 09:00-17:30; Tue: 09:00-17:30; Wed: 09:00-17:30; Thu: 09:00-19:00; Fri: 09:00-17:30; Sat: 09:00-17:00; Sun: 11:00-17:00
OPSM Halls Head,1517,OPSM Halls Head_1517,WA,Mandurah,6210,14 Guava Way,,,"14 Guava Way, Mandurah, WA, 6210",(08) 9581 2777,(08) 9581 4777,-32.54888,115.70342,Collect & Return,Mon: 09:00-17:30; Tue: 09:00-17:30; Wed: 09:00-17:30; Thu: 09:00-20:00; Fri: 09:00-17:30; Sat: 09:00-17:00; Sun: 10:00-16:00
OPSM Mandurah Forum,1405,OPSM Mandurah Forum_1405,WA,Mandurah,6210,330 Pinjarra Rd,,,"330 Pinjarra Rd, Mandurah, WA, 6210",(08) 6488 0660,(08) 6488 0661,-32.53551,115.74374,Collect & Return,Mon: 08:30-17:30; Tue: 08:30-17:30; Wed: 08:30-17:30; Thu: 08:30-20:00; Fri: 08:30-17:30; Sat: 09:00-17:00; Sun: 10:00-16:00
OPSM Margaret River,1115,OPSM Margaret River_1115,WA,Margaret River,6285,145 Bussell Hwy,,,"145 Bussell Hwy, Margaret River, WA, 6285",(08) 9757 3370,(08) 9757 9466,-33.95295,115.07377,"Kids Vision Centre, Collect & Return",Mon: 08:30-17:00; Tue: 08:30-17:00; Wed: 08:30-17:00; Thu: 08:30-17:00; Fri: 08:30-17:00; Sat: 08:30-12:30; Sun: closed
OPSM Midland Gate,1281,OPSM Midland Gate_1281,WA,Midland,6056,274 Great Eastern Hwy,,,"274 Great Eastern Hwy, Midland, WA, 6056",(08) 9274 3565,(08) 9274 4114,-31.88979,116.01051,"Dry Eye, Collect & Return",Mon: 08:30-17:30; Tue: 08:30-17:30; Wed: 08:30-17:30; Thu: 08:30-21:00; Fri: 08:30-17:30; Sat: 08:30-17:00; Sun: 11:00-17:00
OPSM Mirrabooka,2280,OPSM Mirrabooka_2280,WA,Mirrabooka,6061,43 Yirrigan Dr,,,"43 Yirrigan Dr, Mirrabooka, WA, 6061",(08) 9344 4344,(08) 9344 4355,-31.87051,115.86233,Collect & Return,Mon: 09:00-17:30; Tue: 09:00-17:30; Wed: 09:00-17:30; Thu: 09:00-21:00; Fri: 09:00-17:30; Sat: 09:00-17:00; Sun: closed
OPSM Morley Galleria,1198,OPSM Morley Galleria_1198,WA,Morley,6062,Cnr Collier Rd &amp; Walter Rd W,,,"Cnr Collier Rd &amp; Walter Rd W, Morley, WA, 6062",(08) 9276 5856,(08) 9276 4040,-31.89777,115.89937,Collect & Return,Mon: 09:00-17:30; Tue: 09:00-17:30; Wed: 09:00-17:30; Thu: 09:00-21:00; Fri: 09:00-17:30; Sat: 09:00-17:00; Sun: 11:00-17:00
OPSM Mt Hawthorn,1425,OPSM Mt Hawthorn_1425,WA,Mount Hawthorn,6016,180 Scarborough Beach Rd,,,"180 Scarborough Beach Rd, Mount Hawthorn, WA, 6016",(08) 9443 5266,(08) 9443 5277,-31.92046,115.83725,Collect & Return,Mon: 09:00-17:30; Tue: 09:00-17:30; Wed: 09:00-17:30; Thu: 09:00-18:00; Fri: 09:00-17:30; Sat: 09:00-17:00; Sun: closed
OPSM Northam,1365,OPSM Northam_1365,WA,Northam,6401,171 Fitzgerald St,,,"171 Fitzgerald St, Northam, WA, 6401",(08) 9622 3363,(08) 9622 5051,-31.65412,116.6724,Collect & Return,Mon: 09:00-17:00; Tue: 09:00-17:00; Wed: 09:00-17:00; Thu: 09:00-17:00; Fri: 09:00-17:00; Sat: closed; Sun: closed
OPSM Perth Hay St,1082,OPSM Perth Hay St_1082,WA,Perth,6000,726 Hay St,,,"726 Hay St, Perth, WA, 6000",(08) 9321 5333,(08) 9321 6565,-31.95336,115.85743,Collect & Return,Mon: 08:30-17:30; Tue: 08:30-17:30; Wed: 08:30-17:30; Thu: 08:30-17:30; Fri: 08:30-17:30; Sat: 09:00-16:00; Sun: 11:00-16:00
OPSM Riverton,1369,OPSM Riverton_1369,WA,Riverton,6148,High Rd &amp; Willeri Rd,,,"High Rd &amp; Willeri Rd, Riverton, WA, 6148",(08) 9354 1733,(08) 9354 1515,-32.03971,115.90569,Collect & Return,Mon: 09:00-17:30; Tue: 09:00-17:30; Wed: 09:00-17:30; Thu: 09:00-19:00; Fri: 09:00-17:30; Sat: 09:00-17:00; Sun: 11:00-17:00
OPSM Rockingham,1285,OPSM Rockingham_1285,WA,Rockingham,6168,1 Council Ave,,,"1 Council Ave, Rockingham, WA, 6168",(08) 9527 1444,(08) 9592 4020,-32.28955,115.74829,Collect & Return,Mon: 09:00-17:30; Tue: 09:00-17:30; Wed: 09:00-17:30; Thu: 09:00-21:00; Fri: 09:00-17:30; Sat: 09:00-17:00; Sun: 11:00-17:00
OPSM Secret Harbour,2933,OPSM Secret Harbour_2933,WA,Secret Harbour,6173,Secret Harbour Blvd,,,"Secret Harbour Blvd, Secret Harbour, WA, 6173",(08) 6149 5423,(08) 6149 5425,-32.40769,115.75829,"Kids Vision Centre, Collect & Return",Mon: 09:00-17:30; Tue: 09:00-17:30; Wed: 09:00-17:30; Thu: 09:00-20:00; Fri: 09:00-17:30; Sat: 09:00-17:00; Sun: 11:00-17:00
OPSM South Hedland,1042,OPSM South Hedland_1042,WA,South Hedland,6722,9/31 Throssel Rd,,,"9/31 Throssel Rd, South Hedland, WA, 6722",(08) 9140 2323,(08) 9140 2324,-20.41027,118.59987,Collect & Return,Mon: 08:30-17:00; Tue: 08:30-17:00; Wed: 08:30-17:00; Thu: 08:30-17:00; Fri: 08:30-17:00; Sat: closed; Sun: closed
OPSM South Perth,2354,OPSM South Perth_2354,WA,South Perth,6151,90 Angelo St,,,"90 Angelo St, South Perth, WA, 6151",(08) 9367 2789,(08) 9367 3429,-31.98085,115.86383,Collect & Return,Mon: 09:00-17:30; Tue: 09:00-17:30; Wed: 09:00-17:30; Thu: 09:00-17:30; Fri: 09:00-17:30; Sat: 09:00-17:00; Sun: closed
OPSM Phoenix,1426,OPSM Phoenix_1426,WA,Spearwood,6163,254 Rockingham Rd,,,"254 Rockingham Rd, Spearwood, WA, 6163",(08) 9418 5000,(08) 9434 2741,-32.09791,115.78462,Collect & Return,Mon: 09:00-17:30; Tue: 09:00-17:30; Wed: 09:00-17:30; Thu: 09:00-19:00; Fri: 09:00-17:30; Sat: 09:00-17:00; Sun: closed
OPSM Subiaco,1288,OPSM Subiaco_1288,WA,Subiaco,6008,30 Rokeby Rd,,,"30 Rokeby Rd, Subiaco, WA, 6008",(08) 9388 1706,(08) 9388 8001,-31.94653,115.82417,Collect & Return,Mon: 08:30-17:00; Tue: 08:30-17:00; Wed: 08:30-17:00; Thu: 08:30-18:00; Fri: 08:30-17:00; Sat: 08:30-14:30; Sun: closed
OPSM Gateways,1424,OPSM Gateways_1424,WA,Success,6164,816 Beeliar Dr,,,"816 Beeliar Dr, Success, WA, 6164",(08) 9498 5855,(08) 9498 5866,-32.13112,115.85798,"Kids Vision Centre, Collect & Return",Mon: 09:00-17:30; Tue: 09:00-17:30; Wed: 09:00-17:30; Thu: 09:00-21:00; Fri: 09:00-17:30; Sat: 09:00-17:00; Sun: 11:00-17:00
OPSM Wanneroo,2935,OPSM Wanneroo_2935,WA,Wanneroo,6065,950 Wanneroo Rd,,,"950 Wanneroo Rd, Wanneroo, WA, 6065",08 6206 0597,08 8305 1019,-31.75272,115.80512,Collect & Return,Mon: 09:00-17:30; Tue: 09:00-17:30; Wed: 09:00-17:30; Thu: 09:00-20:00; Fri: 09:00-17:30; Sat: 09:00-17:00; Sun: 11:00-17:00
OPSM Warnbro,1249,OPSM Warnbro_1249,WA,Warnbro,6169,206 Warnbro Sound Ave,,,"206 Warnbro Sound Ave, Warnbro, WA, 6169",(08) 9593 0000,(08) 9593 6751,-32.34614,115.76261,Collect & Return,Mon: 09:00-17:30; Tue: 09:00-17:30; Wed: 09:00-17:30; Thu: 09:00-18:30; Fri: 09:00-17:30; Sat: 09:00-17:00; Sun: 11:00-17:00
OPSM Warwick,1077,OPSM Warwick_1077,WA,Warwick,6024,Cnr Beach Rd &amp; Ernidale Rd,,,"Cnr Beach Rd &amp; Ernidale Rd, Warwick, WA, 6024",(08) 9246 5588,(08) 9246 5623,-31.844,115.81088,Collect & Return,Mon: 09:00-17:30; Tue: 09:00-17:30; Wed: 09:00-17:30; Thu: 09:00-19:00; Fri: 09:00-17:30; Sat: 09:00-17:00; Sun: closed
